Unnamed: 0,group_id,unique_id,sdf_file,pdb_file,graph_id,preds_0,preds_1,preds_2,preds_3,preds_4,preds_5,preds_6,preds_7,preds_8,preds_9,preds
0,bayer_macrocycles/wagner_brd4,bayer_macrocycles/wagner_brd4/61a,../large_fep_dataset/data/fep_benchmark_processed/bayer_macrocycles_wagner_brd4_61a.sdf,../large_fep_dataset/data/fep_benchmark_processed/bayer_macrocycles_wagner_brd4_protein.pdb,0,6.956157,7.456004,6.727322,7.0381465,7.612944,7.50559,6.9270606,7.2143517,7.2120175,6.541638,7.119123
1,bayer_macrocycles/wagner_brd4,bayer_macrocycles/wagner_brd4/25e,../large_fep_dataset/data/fep_benchmark_processed/bayer_macrocycles_wagner_brd4_25e.sdf,../large_fep_dataset/data/fep_benchmark_processed/bayer_macrocycles_wagner_brd4_protein.pdb,1,6.7915015,7.081447,6.455868,7.0640864,7.3705964,7.030917,6.395622,6.9571776,7.1694016,6.398456,6.871507
2,bayer_macrocycles/wagner_brd4,bayer_macrocycles/wagner_brd4/11,../large_fep_dataset/data/fep_benchmark_processed/bayer_macrocycles_wagner_brd4_11.sdf,../large_fep_dataset/data/fep_benchmark_processed/bayer_macrocycles_wagner_brd4_protein.pdb,2,5.1756725,5.4681244,5.224796,5.974143,5.7623167,4.4815164,5.0717564,4.7793684,5.9279456,5.283458,5.31491
3,bayer_macrocycles/ftase_extraligs_custcore_stereo,"bayer_macrocycles/ftase_extraligs_custcore_stereo/lig 2, deprot","../large_fep_dataset/data/fep_benchmark_processed/bayer_macrocycles_ftase_extraligs_custcore_stereo_lig_2,_deprot.sdf",../large_fep_dataset/data/fep_benchmark_processed/bayer_macrocycles_ftase_extraligs_custcore_stereo_protein.pdb,3,8.771458,8.692552,8.248866,9.419918,8.490166,8.108731,8.408438,8.9694195,8.943281,8.704271,8.675711
4,bayer_macrocycles/ftase_extraligs_custcore_stereo,"bayer_macrocycles/ftase_extraligs_custcore_stereo/lig 66, deprot","../large_fep_dataset/data/fep_benchmark_processed/bayer_macrocycles_ftase_extraligs_custcore_stereo_lig_66,_deprot.sdf",../large_fep_dataset/data/fep_benchmark_processed/bayer_macrocycles_ftase_extraligs_custcore_stereo_protein.pdb,4,7.038491,6.7390246,7.1327505,8.48098,6.994125,6.9763227,7.26266,7.247342,7.669665,7.388369,7.2929726
5,bayer_macrocycles/ftase_extraligs_custcore_stereo,"bayer_macrocycles/ftase_extraligs_custcore_stereo/lig 68, deprot","../large_fep_dataset/data/fep_benchmark_processed/bayer_macrocycles_ftase_extraligs_custcore_stereo_lig_68,_deprot.sdf",../large_fep_dataset/data/fep_benchmark_processed/bayer_macrocycles_ftase_extraligs_custcore_stereo_protein.pdb,5,7.1723905,7.109228,7.5580153,8.423644,7.5902925,7.22205,7.569129,7.3748364,7.865375,7.597868,7.5482836
6,bayer_macrocycles/ftase_extraligs_custcore_stereo,bayer_macrocycles/ftase_extraligs_custcore_stereo/lig 51 stereo,../large_fep_dataset/data/fep_benchmark_processed/bayer_macrocycles_ftase_extraligs_custcore_stereo_lig_51_stereo.sdf,../large_fep_dataset/data/fep_benchmark_processed/bayer_macrocycles_ftase_extraligs_custcore_stereo_protein.pdb,6,7.5974355,7.31037,7.6251707,8.327292,7.601563,7.50251,7.8918014,7.9749455,7.8373713,7.631527,7.7299986
7,bayer_macrocycles/ftase_extraligs_custcore_stereo,bayer_macrocycles/ftase_extraligs_custcore_stereo/lig 49 stereo,../large_fep_dataset/data/fep_benchmark_processed/bayer_macrocycles_ftase_extraligs_custcore_stereo_lig_49_stereo.sdf,../large_fep_dataset/data/fep_benchmark_processed/bayer_macrocycles_ftase_extraligs_custcore_stereo_protein.pdb,7,7.6651564,6.983525,7.469866,8.353463,7.2064633,7.095172,7.5843873,7.7484484,7.660246,7.4206705,7.51874
8,jacs_set/ptp1b,jacs_set/ptp1b/23477,../large_fep_dataset/data/fep_benchmark_processed/jacs_set_ptp1b_23477.sdf,../large_fep_dataset/data/fep_benchmark_processed/jacs_set_ptp1b_protein.pdb,8,6.720908,7.072755,6.339994,6.4763937,7.0346136,7.2749696,6.6989913,7.3557434,7.2211065,6.418842,6.861432
9,jacs_set/ptp1b,jacs_set/ptp1b/23484,../large_fep_dataset/data/fep_benchmark_processed/jacs_set_ptp1b_23484.sdf,../large_fep_dataset/data/fep_benchmark_processed/jacs_set_ptp1b_protein.pdb,9,6.5127597,6.819318,6.011531,6.7443376,6.3648047,6.8180447,6.485718,6.758513,6.792312,6.3042946,6.5611634
10,jacs_set/ptp1b,jacs_set/ptp1b/23467,../large_fep_dataset/data/fep_benchmark_processed/jacs_set_ptp1b_23467.sdf,../large_fep_dataset/data/fep_benchmark_processed/jacs_set_ptp1b_protein.pdb,10,5.663722,5.515376,5.480228,5.3337474,5.78879,6.0519285,5.955498,5.39265,6.1054993,5.5051208,5.679256
11,jacs_set/ptp1b,jacs_set/ptp1b/20667,../large_fep_dataset/data/fep_benchmark_processed/jacs_set_ptp1b_20667.sdf,../large_fep_dataset/data/fep_benchmark_processed/jacs_set_ptp1b_protein.pdb,11,6.932462,7.608314,6.8236384,7.005197,7.4234385,7.4711065,7.1273904,7.5023384,7.457977,6.842462,7.219432
12,jacs_set/ptp1b,jacs_set/ptp1b/23469,../large_fep_dataset/data/fep_benchmark_processed/jacs_set_ptp1b_23469.sdf,../large_fep_dataset/data/fep_benchmark_processed/jacs_set_ptp1b_protein.pdb,12,6.333364,6.1111813,5.935311,5.7965302,6.5408373,5.9872775,6.017587,6.0948486,6.085872,5.611488,6.0514297
13,jacs_set/ptp1b,jacs_set/ptp1b/23483,../large_fep_dataset/data/fep_benchmark_processed/jacs_set_ptp1b_23483.sdf,../large_fep_dataset/data/fep_benchmark_processed/jacs_set_ptp1b_protein.pdb,13,7.1633787,7.2004814,6.7666297,6.816824,7.2209454,7.2262816,6.8710313,7.423001,7.77561,6.7137165,7.1177893
14,jacs_set/ptp1b,jacs_set/ptp1b/23480,../large_fep_dataset/data/fep_benchmark_processed/jacs_set_ptp1b_23480.sdf,../large_fep_dataset/data/fep_benchmark_processed/jacs_set_ptp1b_protein.pdb,14,6.9865217,7.5670576,6.6185803,6.9591846,7.23633,7.1544795,6.857538,7.371792,7.457501,6.6418953,7.085088
15,jacs_set/ptp1b,jacs_set/ptp1b/23474,../large_fep_dataset/data/fep_benchmark_processed/jacs_set_ptp1b_23474.sdf,../large_fep_dataset/data/fep_benchmark_processed/jacs_set_ptp1b_protein.pdb,15,7.0126247,7.2400765,6.52995,7.1994467,7.1601114,7.7761483,6.6342497,6.9256897,7.210233,6.5649214,7.025345
16,jacs_set/ptp1b,jacs_set/ptp1b/23473,../large_fep_dataset/data/fep_benchmark_processed/jacs_set_ptp1b_23473.sdf,../large_fep_dataset/data/fep_benchmark_processed/jacs_set_ptp1b_protein.pdb,16,5.9476204,5.9314194,5.7525268,5.7746315,5.747306,5.698422,6.0010595,5.5978413,6.042489,5.487451,5.7980766
17,jacs_set/ptp1b,jacs_set/ptp1b/23471,../large_fep_dataset/data/fep_benchmark_processed/jacs_set_ptp1b_23471.sdf,../large_fep_dataset/data/fep_benchmark_processed/jacs_set_ptp1b_protein.pdb,17,5.9241567,5.763026,5.548093,5.475251,5.8929863,5.9160295,5.8303633,6.0041165,6.1518545,5.3804946,5.788637
18,jacs_set/ptp1b,jacs_set/ptp1b/20669,../large_fep_dataset/data/fep_benchmark_processed/jacs_set_ptp1b_20669.sdf,../large_fep_dataset/data/fep_benchmark_processed/jacs_set_ptp1b_protein.pdb,18,6.40047,5.923573,5.864587,5.943127,5.803013,6.302293,5.876401,6.306534,6.2472053,5.571308,6.0238504
19,jacs_set/ptp1b,jacs_set/ptp1b/23476,../large_fep_dataset/data/fep_benchmark_processed/jacs_set_ptp1b_23476.sdf,../large_fep_dataset/data/fep_benchmark_processed/jacs_set_ptp1b_protein.pdb,19,7.0906396,7.2779894,6.4083257,7.352971,6.892962,7.6089525,6.5352974,7.196972,7.2189355,6.8284464,7.041149
20,jacs_set/ptp1b,jacs_set/ptp1b/23466,../large_fep_dataset/data/fep_benchmark_processed/jacs_set_ptp1b_23466.sdf,../large_fep_dataset/data/fep_benchmark_processed/jacs_set_ptp1b_protein.pdb,20,5.495149,5.5877156,5.578768,5.2548113,5.7201686,5.922519,5.523408,6.123909,5.8945813,5.2881527,5.6389184
21,jacs_set/ptp1b,jacs_set/ptp1b/23472,../large_fep_dataset/data/fep_benchmark_processed/jacs_set_ptp1b_23472.sdf,../large_fep_dataset/data/fep_benchmark_processed/jacs_set_ptp1b_protein.pdb,21,5.830801,6.047578,6.1942754,5.712959,6.1775365,6.152954,6.250814,6.2517643,6.557109,5.677384,6.0853176
22,jacs_set/ptp1b,jacs_set/ptp1b/23482,../large_fep_dataset/data/fep_benchmark_processed/jacs_set_ptp1b_23482.sdf,../large_fep_dataset/data/fep_benchmark_processed/jacs_set_ptp1b_protein.pdb,22,6.7214937,6.9769597,6.0927725,6.620279,7.1665874,6.627945,6.8588686,7.623798,7.493356,6.52984,6.87119
23,jacs_set/ptp1b,jacs_set/ptp1b/23486,../large_fep_dataset/data/fep_benchmark_processed/jacs_set_ptp1b_23486.sdf,../large_fep_dataset/data/fep_benchmark_processed/jacs_set_ptp1b_protein.pdb,23,6.5563383,7.385368,6.2985163,6.8389907,6.7190475,7.1565585,6.779929,7.3155537,6.9998374,6.7484546,6.87986
24,jacs_set/ptp1b,jacs_set/ptp1b/23470,../large_fep_dataset/data/fep_benchmark_processed/jacs_set_ptp1b_23470.sdf,../large_fep_dataset/data/fep_benchmark_processed/jacs_set_ptp1b_protein.pdb,24,6.1265564,6.3891907,5.5614214,6.381503,5.728667,6.10371,6.107946,6.5410132,6.6901536,6.060854,6.1691008
25,jacs_set/ptp1b,jacs_set/ptp1b/23468,../large_fep_dataset/data/fep_benchmark_processed/jacs_set_ptp1b_23468.sdf,../large_fep_dataset/data/fep_benchmark_processed/jacs_set_ptp1b_protein.pdb,25,6.20786,5.878505,5.706661,5.523097,5.9598804,6.1651206,5.8477044,6.158821,6.682268,5.6277013,5.9757624
26,jacs_set/ptp1b,jacs_set/ptp1b/23485,../large_fep_dataset/data/fep_benchmark_processed/jacs_set_ptp1b_23485.sdf,../large_fep_dataset/data/fep_benchmark_processed/jacs_set_ptp1b_protein.pdb,26,6.617226,7.227312,6.1836796,7.071575,6.788721,7.0959954,7.012292,6.9301043,7.1658196,6.6837673,6.877649
27,jacs_set/ptp1b,jacs_set/ptp1b/23330,../large_fep_dataset/data/fep_benchmark_processed/jacs_set_ptp1b_23330.sdf,../large_fep_dataset/data/fep_benchmark_processed/jacs_set_ptp1b_protein.pdb,27,7.376528,7.5689034,6.5413475,6.946344,6.5929832,7.4061403,6.872964,7.12495,7.0800047,6.211274,6.972144
28,jacs_set/ptp1b,jacs_set/ptp1b/20670,../large_fep_dataset/data/fep_benchmark_processed/jacs_set_ptp1b_20670.sdf,../large_fep_dataset/data/fep_benchmark_processed/jacs_set_ptp1b_protein.pdb,28,7.0613503,7.24665,6.5139103,7.3255873,6.950127,7.6833277,6.6141877,7.3261056,7.372036,6.851263,7.094455
29,jacs_set/ptp1b,jacs_set/ptp1b/23479,../large_fep_dataset/data/fep_benchmark_processed/jacs_set_ptp1b_23479.sdf,../large_fep_dataset/data/fep_benchmark_processed/jacs_set_ptp1b_protein.pdb,29,6.6884623,6.7182336,6.340098,6.6363196,6.7020044,6.4568605,6.9169097,7.1235876,7.1202703,6.3679056,6.7070646
30,jacs_set/ptp1b,jacs_set/ptp1b/23475,../large_fep_dataset/data/fep_benchmark_processed/jacs_set_ptp1b_23475.sdf,../large_fep_dataset/data/fep_benchmark_processed/jacs_set_ptp1b_protein.pdb,30,6.7767196,7.137299,6.450981,7.2387576,6.9295187,7.5056353,6.7262726,7.3157496,7.3125725,6.5993605,6.9992867
31,jacs_set/mcl1_extra_flips,jacs_set/mcl1_extra_flips/23,../large_fep_dataset/data/fep_benchmark_processed/jacs_set_mcl1_extra_flips_23.sdf,../large_fep_dataset/data/fep_benchmark_processed/jacs_set_mcl1_extra_flips_protein.pdb,31,6.0956883,6.0123367,5.479626,5.732357,5.911366,5.4548883,5.697562,5.4410686,6.366505,5.0202417,5.7211637
32,jacs_set/mcl1_extra_flips,jacs_set/mcl1_extra_flips/26,../large_fep_dataset/data/fep_benchmark_processed/jacs_set_mcl1_extra_flips_26.sdf,../large_fep_dataset/data/fep_benchmark_processed/jacs_set_mcl1_extra_flips_protein.pdb,32,5.9561834,5.81966,5.03749,5.9934926,6.1502886,4.8483486,6.2321043,5.391183,6.1099715,5.0436163,5.658234
33,jacs_set/mcl1_extra_flips,jacs_set/mcl1_extra_flips/27,../large_fep_dataset/data/fep_benchmark_processed/jacs_set_mcl1_extra_flips_27.sdf,../large_fep_dataset/data/fep_benchmark_processed/jacs_set_mcl1_extra_flips_protein.pdb,33,5.95522,5.929844,5.1285214,5.391568,5.9604425,4.8291287,5.4380975,4.9074383,5.768293,5.274975,5.4583526
34,jacs_set/mcl1_extra_flips,jacs_set/mcl1_extra_flips/28,../large_fep_dataset/data/fep_benchmark_processed/jacs_set_mcl1_extra_flips_28.sdf,../large_fep_dataset/data/fep_benchmark_processed/jacs_set_mcl1_extra_flips_protein.pdb,34,6.03008,5.804072,5.402174,5.683464,6.1015205,4.7360682,5.832547,4.9098225,6.050621,5.2275634,5.577793
35,jacs_set/mcl1_extra_flips,jacs_set/mcl1_extra_flips/29,../large_fep_dataset/data/fep_benchmark_processed/jacs_set_mcl1_extra_flips_29.sdf,../large_fep_dataset/data/fep_benchmark_processed/jacs_set_mcl1_extra_flips_protein.pdb,35,5.4233794,6.1141224,5.795959,4.8998775,5.201082,4.9714255,5.4708467,5.0184603,5.9049983,5.2990603,5.409921
36,jacs_set/mcl1_extra_flips,jacs_set/mcl1_extra_flips/30 flip,../large_fep_dataset/data/fep_benchmark_processed/jacs_set_mcl1_extra_flips_30_flip.sdf,../large_fep_dataset/data/fep_benchmark_processed/jacs_set_mcl1_extra_flips_protein.pdb,36,6.1483083,5.7999635,5.3920045,5.549633,6.0971365,4.75927,5.569569,5.4512362,6.1532273,5.3120613,5.623241
37,jacs_set/mcl1_extra_flips,jacs_set/mcl1_extra_flips/31,../large_fep_dataset/data/fep_benchmark_processed/jacs_set_mcl1_extra_flips_31.sdf,../large_fep_dataset/data/fep_benchmark_processed/jacs_set_mcl1_extra_flips_protein.pdb,37,5.1105967,5.8801756,5.7130632,5.165746,4.9434614,4.679524,5.214836,4.8901076,5.689088,5.511359,5.2797956
38,jacs_set/mcl1_extra_flips,jacs_set/mcl1_extra_flips/32,../large_fep_dataset/data/fep_benchmark_processed/jacs_set_mcl1_extra_flips_32.sdf,../large_fep_dataset/data/fep_benchmark_processed/jacs_set_mcl1_extra_flips_protein.pdb,38,5.96965,5.942843,5.630225,5.5927076,5.9667068,4.8915215,5.52114,5.327241,6.249152,5.306845,5.6398034
39,jacs_set/mcl1_extra_flips,jacs_set/mcl1_extra_flips/33,../large_fep_dataset/data/fep_benchmark_processed/jacs_set_mcl1_extra_flips_33.sdf,../large_fep_dataset/data/fep_benchmark_processed/jacs_set_mcl1_extra_flips_protein.pdb,39,5.744664,6.4392896,5.295661,5.6267834,5.7890115,5.1651964,5.3915095,5.1085186,6.1582103,5.3796773,5.609852
40,jacs_set/mcl1_extra_flips,jacs_set/mcl1_extra_flips/34,../large_fep_dataset/data/fep_benchmark_processed/jacs_set_mcl1_extra_flips_34.sdf,../large_fep_dataset/data/fep_benchmark_processed/jacs_set_mcl1_extra_flips_protein.pdb,40,5.48285,5.696914,5.842127,5.058983,4.946858,5.1121664,5.2322264,4.723191,5.797808,5.311911,5.3205037
41,jacs_set/mcl1_extra_flips,jacs_set/mcl1_extra_flips/35,../large_fep_dataset/data/fep_benchmark_processed/jacs_set_mcl1_extra_flips_35.sdf,../large_fep_dataset/data/fep_benchmark_processed/jacs_set_mcl1_extra_flips_protein.pdb,41,5.8887653,6.429178,5.812665,5.895822,6.0223265,5.396387,5.856046,5.474538,7.0169034,5.5565844,5.9349213
42,jacs_set/mcl1_extra_flips,jacs_set/mcl1_extra_flips/36,../large_fep_dataset/data/fep_benchmark_processed/jacs_set_mcl1_extra_flips_36.sdf,../large_fep_dataset/data/fep_benchmark_processed/jacs_set_mcl1_extra_flips_protein.pdb,42,6.5552754,6.753373,6.007091,6.3928423,5.8537617,6.2588153,6.1170053,5.579542,7.3666253,5.674719,6.255905
43,jacs_set/mcl1_extra_flips,jacs_set/mcl1_extra_flips/37,../large_fep_dataset/data/fep_benchmark_processed/jacs_set_mcl1_extra_flips_37.sdf,../large_fep_dataset/data/fep_benchmark_processed/jacs_set_mcl1_extra_flips_protein.pdb,43,5.965091,6.6384234,5.704155,6.512797,6.525518,5.185307,6.3568416,5.5882287,6.777407,5.6609554,6.0914726
44,jacs_set/mcl1_extra_flips,jacs_set/mcl1_extra_flips/38 flip,../large_fep_dataset/data/fep_benchmark_processed/jacs_set_mcl1_extra_flips_38_flip.sdf,../large_fep_dataset/data/fep_benchmark_processed/jacs_set_mcl1_extra_flips_protein.pdb,44,6.576716,6.546754,5.5920696,6.330699,6.569359,5.609166,6.0287795,5.544494,6.1231503,5.5710726,6.049226
45,jacs_set/mcl1_extra_flips,jacs_set/mcl1_extra_flips/39,../large_fep_dataset/data/fep_benchmark_processed/jacs_set_mcl1_extra_flips_39.sdf,../large_fep_dataset/data/fep_benchmark_processed/jacs_set_mcl1_extra_flips_protein.pdb,45,6.6058235,6.450635,5.619075,6.352182,6.2381988,5.361839,6.195243,5.2983985,6.3313427,5.506582,5.9959316
46,jacs_set/mcl1_extra_flips,jacs_set/mcl1_extra_flips/40 flip,../large_fep_dataset/data/fep_benchmark_processed/jacs_set_mcl1_extra_flips_40_flip.sdf,../large_fep_dataset/data/fep_benchmark_processed/jacs_set_mcl1_extra_flips_protein.pdb,46,6.5170608,6.442985,5.743778,6.1452794,6.1092424,5.4913173,6.095347,5.390041,6.4987006,5.838363,6.027211
47,jacs_set/mcl1_extra_flips,jacs_set/mcl1_extra_flips/41 flip,../large_fep_dataset/data/fep_benchmark_processed/jacs_set_mcl1_extra_flips_41_flip.sdf,../large_fep_dataset/data/fep_benchmark_processed/jacs_set_mcl1_extra_flips_protein.pdb,47,6.9570646,7.0874066,6.280076,6.794119,6.5511494,5.5696263,6.4742227,5.670131,6.3218546,5.846105,6.3551755
48,jacs_set/mcl1_extra_flips,jacs_set/mcl1_extra_flips/42,../large_fep_dataset/data/fep_benchmark_processed/jacs_set_mcl1_extra_flips_42.sdf,../large_fep_dataset/data/fep_benchmark_processed/jacs_set_mcl1_extra_flips_protein.pdb,48,6.06554,6.2088475,5.2898793,6.086677,6.7412405,5.068874,6.1135783,5.0735707,5.89193,5.209025,5.7749166
49,jacs_set/mcl1_extra_flips,jacs_set/mcl1_extra_flips/43 flip,../large_fep_dataset/data/fep_benchmark_processed/jacs_set_mcl1_extra_flips_43_flip.sdf,../large_fep_dataset/data/fep_benchmark_processed/jacs_set_mcl1_extra_flips_protein.pdb,49,6.6156297,6.3439107,5.9887004,6.273604,6.266703,5.389749,6.2909408,5.287802,6.2785306,5.659667,6.0395236
50,jacs_set/mcl1_extra_flips,jacs_set/mcl1_extra_flips/44,../large_fep_dataset/data/fep_benchmark_processed/jacs_set_mcl1_extra_flips_44.sdf,../large_fep_dataset/data/fep_benchmark_processed/jacs_set_mcl1_extra_flips_protein.pdb,50,5.9060755,6.5057316,5.506831,6.408632,6.496772,5.806859,6.257817,5.4433527,6.3235216,5.682932,6.0338526
51,jacs_set/mcl1_extra_flips,jacs_set/mcl1_extra_flips/45,../large_fep_dataset/data/fep_benchmark_processed/jacs_set_mcl1_extra_flips_45.sdf,../large_fep_dataset/data/fep_benchmark_processed/jacs_set_mcl1_extra_flips_protein.pdb,51,6.112557,6.343536,6.7723584,6.322617,6.3220005,6.0710278,6.3914332,5.9751215,6.566526,5.8722,6.2749376
52,jacs_set/mcl1_extra_flips,jacs_set/mcl1_extra_flips/46 flip,../large_fep_dataset/data/fep_benchmark_processed/jacs_set_mcl1_extra_flips_46_flip.sdf,../large_fep_dataset/data/fep_benchmark_processed/jacs_set_mcl1_extra_flips_protein.pdb,52,6.355295,6.238281,6.3095746,5.826503,6.4798865,5.565029,5.948901,5.51591,6.728212,5.7474523,6.071504
53,jacs_set/mcl1_extra_flips,jacs_set/mcl1_extra_flips/47 flip,../large_fep_dataset/data/fep_benchmark_processed/jacs_set_mcl1_extra_flips_47_flip.sdf,../large_fep_dataset/data/fep_benchmark_processed/jacs_set_mcl1_extra_flips_protein.pdb,53,6.306849,6.627486,5.8492146,6.1431084,6.0910063,5.413183,6.587114,4.960175,6.4058323,6.0019045,6.0385866
54,jacs_set/mcl1_extra_flips,jacs_set/mcl1_extra_flips/48 flip,../large_fep_dataset/data/fep_benchmark_processed/jacs_set_mcl1_extra_flips_48_flip.sdf,../large_fep_dataset/data/fep_benchmark_processed/jacs_set_mcl1_extra_flips_protein.pdb,54,5.5713134,5.826896,5.445315,5.4009156,5.191534,4.4647098,5.4539485,4.558946,5.976317,5.1679807,5.3057876
55,jacs_set/mcl1_extra_flips,jacs_set/mcl1_extra_flips/49,../large_fep_dataset/data/fep_benchmark_processed/jacs_set_mcl1_extra_flips_49.sdf,../large_fep_dataset/data/fep_benchmark_processed/jacs_set_mcl1_extra_flips_protein.pdb,55,6.1728806,6.535334,6.1231017,6.5217066,6.781999,6.2697606,6.102669,5.909483,6.6256475,6.1622124,6.3204794
56,jacs_set/mcl1_extra_flips,jacs_set/mcl1_extra_flips/50,../large_fep_dataset/data/fep_benchmark_processed/jacs_set_mcl1_extra_flips_50.sdf,../large_fep_dataset/data/fep_benchmark_processed/jacs_set_mcl1_extra_flips_protein.pdb,56,6.4546375,6.6898823,6.039814,6.9517436,7.1115146,6.4147353,6.6737456,6.055129,6.9434977,6.3279414,6.5662637
57,jacs_set/mcl1_extra_flips,jacs_set/mcl1_extra_flips/51,../large_fep_dataset/data/fep_benchmark_processed/jacs_set_mcl1_extra_flips_51.sdf,../large_fep_dataset/data/fep_benchmark_processed/jacs_set_mcl1_extra_flips_protein.pdb,57,6.108096,6.741241,5.589666,6.821515,6.7267146,6.0934644,6.438693,5.8366995,6.568362,5.828558,6.2753015
58,jacs_set/mcl1_extra_flips,jacs_set/mcl1_extra_flips/52,../large_fep_dataset/data/fep_benchmark_processed/jacs_set_mcl1_extra_flips_52.sdf,../large_fep_dataset/data/fep_benchmark_processed/jacs_set_mcl1_extra_flips_protein.pdb,58,6.0530148,6.412669,5.7721434,5.5450754,5.967415,6.248904,5.906026,5.75684,6.5855727,5.83657,6.008423
59,jacs_set/mcl1_extra_flips,jacs_set/mcl1_extra_flips/53,../large_fep_dataset/data/fep_benchmark_processed/jacs_set_mcl1_extra_flips_53.sdf,../large_fep_dataset/data/fep_benchmark_processed/jacs_set_mcl1_extra_flips_protein.pdb,59,6.540648,6.537868,5.7264547,6.4232693,6.2867384,6.220993,6.5979476,5.8713555,6.557143,6.203664,6.296608
60,jacs_set/mcl1_extra_flips,jacs_set/mcl1_extra_flips/54,../large_fep_dataset/data/fep_benchmark_processed/jacs_set_mcl1_extra_flips_54.sdf,../large_fep_dataset/data/fep_benchmark_processed/jacs_set_mcl1_extra_flips_protein.pdb,60,6.2170825,6.5291657,5.6870456,6.4670024,6.5936265,6.0423946,6.162962,5.804078,6.456565,5.590916,6.1550837
61,jacs_set/mcl1_extra_flips,jacs_set/mcl1_extra_flips/56,../large_fep_dataset/data/fep_benchmark_processed/jacs_set_mcl1_extra_flips_56.sdf,../large_fep_dataset/data/fep_benchmark_processed/jacs_set_mcl1_extra_flips_protein.pdb,61,6.4403973,6.619064,5.7042885,6.4337106,6.9794044,5.4986567,6.604254,6.2948456,6.885682,6.4688807,6.3929186
62,jacs_set/mcl1_extra_flips,jacs_set/mcl1_extra_flips/57,../large_fep_dataset/data/fep_benchmark_processed/jacs_set_mcl1_extra_flips_57.sdf,../large_fep_dataset/data/fep_benchmark_processed/jacs_set_mcl1_extra_flips_protein.pdb,62,6.1734643,6.127464,5.4413805,6.272252,7.0598254,5.6251736,6.1995564,5.9651074,6.590048,6.2604403,6.171471
63,jacs_set/mcl1_extra_flips,jacs_set/mcl1_extra_flips/58,../large_fep_dataset/data/fep_benchmark_processed/jacs_set_mcl1_extra_flips_58.sdf,../large_fep_dataset/data/fep_benchmark_processed/jacs_set_mcl1_extra_flips_protein.pdb,63,6.985374,6.5099125,5.995875,6.555219,6.4610023,6.6044865,7.0827312,6.2572856,6.6832547,6.9058337,6.604098
64,jacs_set/mcl1_extra_flips,jacs_set/mcl1_extra_flips/60,../large_fep_dataset/data/fep_benchmark_processed/jacs_set_mcl1_extra_flips_60.sdf,../large_fep_dataset/data/fep_benchmark_processed/jacs_set_mcl1_extra_flips_protein.pdb,64,6.686151,6.703458,5.7340846,6.1139116,6.488675,5.4261055,6.134184,5.9863715,7.1760464,5.8205614,6.2269545
65,jacs_set/mcl1_extra_flips,jacs_set/mcl1_extra_flips/61,../large_fep_dataset/data/fep_benchmark_processed/jacs_set_mcl1_extra_flips_61.sdf,../large_fep_dataset/data/fep_benchmark_processed/jacs_set_mcl1_extra_flips_protein.pdb,65,6.801401,7.068077,6.0233707,6.459189,6.581627,6.394726,6.2451434,5.976887,7.2640514,6.299493,6.511396
66,jacs_set/mcl1_extra_flips,jacs_set/mcl1_extra_flips/62,../large_fep_dataset/data/fep_benchmark_processed/jacs_set_mcl1_extra_flips_62.sdf,../large_fep_dataset/data/fep_benchmark_processed/jacs_set_mcl1_extra_flips_protein.pdb,66,6.623672,6.79515,5.6389,6.278619,5.9713144,6.1474466,6.15003,5.6289544,7.073187,5.4874663,6.179473
67,jacs_set/mcl1_extra_flips,jacs_set/mcl1_extra_flips/63,../large_fep_dataset/data/fep_benchmark_processed/jacs_set_mcl1_extra_flips_63.sdf,../large_fep_dataset/data/fep_benchmark_processed/jacs_set_mcl1_extra_flips_protein.pdb,67,7.061471,6.9574976,6.0503197,6.2323136,6.2312794,6.2694345,6.3241005,6.219947,6.9146314,6.6059194,6.486692
68,jacs_set/mcl1_extra_flips,jacs_set/mcl1_extra_flips/64,../large_fep_dataset/data/fep_benchmark_processed/jacs_set_mcl1_extra_flips_64.sdf,../large_fep_dataset/data/fep_benchmark_processed/jacs_set_mcl1_extra_flips_protein.pdb,68,6.7515855,6.554697,5.912777,6.186827,6.1249003,6.340246,6.132358,5.9768686,6.780306,5.9194536,6.268002
69,jacs_set/mcl1_extra_flips,jacs_set/mcl1_extra_flips/65,../large_fep_dataset/data/fep_benchmark_processed/jacs_set_mcl1_extra_flips_65.sdf,../large_fep_dataset/data/fep_benchmark_processed/jacs_set_mcl1_extra_flips_protein.pdb,69,6.8616633,6.86562,6.143422,6.260131,6.701523,6.0577707,6.311867,6.135154,7.0954304,6.230966,6.4663544
70,jacs_set/mcl1_extra_flips,jacs_set/mcl1_extra_flips/66,../large_fep_dataset/data/fep_benchmark_processed/jacs_set_mcl1_extra_flips_66.sdf,../large_fep_dataset/data/fep_benchmark_processed/jacs_set_mcl1_extra_flips_protein.pdb,70,6.614679,6.363289,5.905532,5.8498716,6.219216,5.956818,5.961235,5.9812193,6.670045,5.391242,6.091315
71,jacs_set/mcl1_extra_flips,jacs_set/mcl1_extra_flips/67,../large_fep_dataset/data/fep_benchmark_processed/jacs_set_mcl1_extra_flips_67.sdf,../large_fep_dataset/data/fep_benchmark_processed/jacs_set_mcl1_extra_flips_protein.pdb,71,6.2053504,6.656921,5.9055285,6.265981,6.391079,5.0176153,6.4813523,5.809486,6.965217,6.0317802,6.1730313
72,jacs_set/mcl1_extra_flips,jacs_set/mcl1_extra_flips/68,../large_fep_dataset/data/fep_benchmark_processed/jacs_set_mcl1_extra_flips_68.sdf,../large_fep_dataset/data/fep_benchmark_processed/jacs_set_mcl1_extra_flips_protein.pdb,72,6.340362,6.3503385,5.777634,6.4800553,6.217979,5.7324157,6.4864693,6.038236,6.284852,5.6552353,6.1363573
73,jacs_set/cdk2,jacs_set/cdk2/17,../large_fep_dataset/data/fep_benchmark_processed/jacs_set_cdk2_17.sdf,../large_fep_dataset/data/fep_benchmark_processed/jacs_set_cdk2_protein.pdb,73,5.66563,6.1654344,5.9320254,5.9477205,5.8926864,5.8040247,5.679234,5.9360275,6.1744714,5.920273,5.911753
74,jacs_set/cdk2,jacs_set/cdk2/28,../large_fep_dataset/data/fep_benchmark_processed/jacs_set_cdk2_28.sdf,../large_fep_dataset/data/fep_benchmark_processed/jacs_set_cdk2_protein.pdb,74,6.4714475,7.059078,6.5409584,7.108955,6.8574095,6.2982593,6.765636,6.6025047,7.121527,6.926478,6.7752256
75,jacs_set/cdk2,jacs_set/cdk2/22,../large_fep_dataset/data/fep_benchmark_processed/jacs_set_cdk2_22.sdf,../large_fep_dataset/data/fep_benchmark_processed/jacs_set_cdk2_protein.pdb,75,6.2628274,6.594366,6.118558,6.371444,6.20656,5.9826655,6.5913677,6.26836,6.7081356,6.3558,6.346008
76,jacs_set/cdk2,jacs_set/cdk2/30,../large_fep_dataset/data/fep_benchmark_processed/jacs_set_cdk2_30.sdf,../large_fep_dataset/data/fep_benchmark_processed/jacs_set_cdk2_protein.pdb,76,7.0325913,7.042158,6.7951837,6.923179,6.9862185,6.8566937,6.7861195,5.9835763,7.0454063,7.243293,6.869442
77,jacs_set/cdk2,jacs_set/cdk2/1h1r,../large_fep_dataset/data/fep_benchmark_processed/jacs_set_cdk2_1h1r.sdf,../large_fep_dataset/data/fep_benchmark_processed/jacs_set_cdk2_protein.pdb,77,5.8106384,6.1920342,5.83534,5.864782,5.741241,5.807438,6.14521,5.9968452,6.554166,5.966996,5.991469
78,jacs_set/cdk2,jacs_set/cdk2/1h1s,../large_fep_dataset/data/fep_benchmark_processed/jacs_set_cdk2_1h1s.sdf,../large_fep_dataset/data/fep_benchmark_processed/jacs_set_cdk2_protein.pdb,78,6.7811327,6.9892163,6.8240504,7.1712956,7.12654,6.344892,7.396015,6.4313455,7.1028113,7.118832,6.928613
79,jacs_set/cdk2,jacs_set/cdk2/21,../large_fep_dataset/data/fep_benchmark_processed/jacs_set_cdk2_21.sdf,../large_fep_dataset/data/fep_benchmark_processed/jacs_set_cdk2_protein.pdb,79,5.7691765,6.1509624,6.189444,6.036563,6.4914865,5.7391834,6.335846,5.8483615,6.480309,5.928451,6.096978
80,jacs_set/cdk2,jacs_set/cdk2/1oiy,../large_fep_dataset/data/fep_benchmark_processed/jacs_set_cdk2_1oiy.sdf,../large_fep_dataset/data/fep_benchmark_processed/jacs_set_cdk2_protein.pdb,80,6.1035266,6.914405,6.2577834,6.7481003,6.6063113,6.306016,6.4128036,6.43231,6.800938,6.6819067,6.52641
81,jacs_set/cdk2,jacs_set/cdk2/1oiu,../large_fep_dataset/data/fep_benchmark_processed/jacs_set_cdk2_1oiu.sdf,../large_fep_dataset/data/fep_benchmark_processed/jacs_set_cdk2_protein.pdb,81,6.7327094,7.4420624,6.6870747,7.0255947,6.8401523,7.089159,7.0575924,6.993075,7.45749,6.849267,7.017418
82,jacs_set/cdk2,jacs_set/cdk2/31,../large_fep_dataset/data/fep_benchmark_processed/jacs_set_cdk2_31.sdf,../large_fep_dataset/data/fep_benchmark_processed/jacs_set_cdk2_protein.pdb,82,6.525765,6.8359795,6.1420674,6.7736244,6.3514576,6.723305,6.739461,6.004763,6.7127657,6.774483,6.5583673
83,jacs_set/cdk2,jacs_set/cdk2/29,../large_fep_dataset/data/fep_benchmark_processed/jacs_set_cdk2_29.sdf,../large_fep_dataset/data/fep_benchmark_processed/jacs_set_cdk2_protein.pdb,83,6.471083,6.47449,6.391779,7.2670317,6.91127,6.5817623,6.8752117,6.652047,7.3296633,7.0207973,6.7975135
84,jacs_set/cdk2,jacs_set/cdk2/26,../large_fep_dataset/data/fep_benchmark_processed/jacs_set_cdk2_26.sdf,../large_fep_dataset/data/fep_benchmark_processed/jacs_set_cdk2_protein.pdb,84,6.033614,6.8646936,6.575802,6.1850824,6.9181776,5.869533,6.5733886,5.9503074,6.7109265,6.5645,6.4246025
85,jacs_set/cdk2,jacs_set/cdk2/1oi9,../large_fep_dataset/data/fep_benchmark_processed/jacs_set_cdk2_1oi9.sdf,../large_fep_dataset/data/fep_benchmark_processed/jacs_set_cdk2_protein.pdb,85,5.615808,6.2216053,6.302271,5.997843,6.3309317,5.7108727,6.183335,5.7293477,6.058631,6.2495604,6.040021
86,jacs_set/cdk2,jacs_set/cdk2/20,../large_fep_dataset/data/fep_benchmark_processed/jacs_set_cdk2_20.sdf,../large_fep_dataset/data/fep_benchmark_processed/jacs_set_cdk2_protein.pdb,86,5.7333307,6.2534113,5.873411,6.3231826,6.479711,6.2883434,6.162245,5.7335887,6.649488,6.307106,6.1803823
87,jacs_set/cdk2,jacs_set/cdk2/32,../large_fep_dataset/data/fep_benchmark_processed/jacs_set_cdk2_32.sdf,../large_fep_dataset/data/fep_benchmark_processed/jacs_set_cdk2_protein.pdb,87,6.359474,7.0247703,6.516482,7.182887,7.2825265,6.5936766,6.825321,6.9391227,7.57038,7.1947575,6.9489403
88,jacs_set/cdk2,jacs_set/cdk2/1h1q,../large_fep_dataset/data/fep_benchmark_processed/jacs_set_cdk2_1h1q.sdf,../large_fep_dataset/data/fep_benchmark_processed/jacs_set_cdk2_protein.pdb,88,5.539363,6.3507953,6.2624173,6.1524816,6.27378,5.7142706,5.9461694,6.2150464,6.638904,6.384832,6.1478057
89,jacs_set/jnk1_manual_flips,jacs_set/jnk1_manual_flips/18626-1,../large_fep_dataset/data/fep_benchmark_processed/jacs_set_jnk1_manual_flips_18626-1.sdf,../large_fep_dataset/data/fep_benchmark_processed/jacs_set_jnk1_manual_flips_protein.pdb,89,7.4319916,6.429592,7.453148,7.111381,7.3175464,7.6347084,7.5939717,7.1785173,8.077003,7.236671,7.346453
90,jacs_set/jnk1_manual_flips,jacs_set/jnk1_manual_flips/18628-1_flip,../large_fep_dataset/data/fep_benchmark_processed/jacs_set_jnk1_manual_flips_18628-1_flip.sdf,../large_fep_dataset/data/fep_benchmark_processed/jacs_set_jnk1_manual_flips_protein.pdb,90,7.3312035,6.7693467,7.224428,7.1606894,6.7509885,7.4919896,7.383878,7.3674974,7.668038,7.049196,7.219725
91,jacs_set/jnk1_manual_flips,jacs_set/jnk1_manual_flips/18629-1,../large_fep_dataset/data/fep_benchmark_processed/jacs_set_jnk1_manual_flips_18629-1.sdf,../large_fep_dataset/data/fep_benchmark_processed/jacs_set_jnk1_manual_flips_protein.pdb,91,7.6094317,7.0532312,7.429956,7.5846252,7.27973,7.708192,7.5838904,7.0938253,7.60389,7.259718,7.420649
92,jacs_set/jnk1_manual_flips,jacs_set/jnk1_manual_flips/18636-1,../large_fep_dataset/data/fep_benchmark_processed/jacs_set_jnk1_manual_flips_18636-1.sdf,../large_fep_dataset/data/fep_benchmark_processed/jacs_set_jnk1_manual_flips_protein.pdb,92,6.870683,7.0412154,7.503713,7.3314896,7.33313,7.6110344,7.4954343,7.576802,7.70001,7.0364385,7.3499947
93,jacs_set/jnk1_manual_flips,jacs_set/jnk1_manual_flips/17124-1,../large_fep_dataset/data/fep_benchmark_processed/jacs_set_jnk1_manual_flips_17124-1.sdf,../large_fep_dataset/data/fep_benchmark_processed/jacs_set_jnk1_manual_flips_protein.pdb,93,7.145686,7.527441,7.1869416,7.41943,7.751695,7.744776,7.47256,7.5787234,7.972906,7.0097055,7.4809866
94,jacs_set/jnk1_manual_flips,jacs_set/jnk1_manual_flips/18627-1,../large_fep_dataset/data/fep_benchmark_processed/jacs_set_jnk1_manual_flips_18627-1.sdf,../large_fep_dataset/data/fep_benchmark_processed/jacs_set_jnk1_manual_flips_protein.pdb,94,7.2914762,6.3496146,7.4049916,7.0295353,7.340314,7.727944,7.5473323,7.2349954,8.152102,6.9412675,7.3019576
95,jacs_set/jnk1_manual_flips,jacs_set/jnk1_manual_flips/18638-1,../large_fep_dataset/data/fep_benchmark_processed/jacs_set_jnk1_manual_flips_18638-1.sdf,../large_fep_dataset/data/fep_benchmark_processed/jacs_set_jnk1_manual_flips_protein.pdb,95,7.243068,7.059099,7.3650794,7.397697,7.578252,7.62383,7.3328648,7.8040247,7.7629714,7.4057646,7.457265
96,jacs_set/jnk1_manual_flips,jacs_set/jnk1_manual_flips/18659-1,../large_fep_dataset/data/fep_benchmark_processed/jacs_set_jnk1_manual_flips_18659-1.sdf,../large_fep_dataset/data/fep_benchmark_processed/jacs_set_jnk1_manual_flips_protein.pdb,96,7.0521884,7.265561,6.830942,6.951859,6.8063817,7.4652,7.383053,7.032842,7.756936,6.787113,7.133208
97,jacs_set/jnk1_manual_flips,jacs_set/jnk1_manual_flips/18639-1,../large_fep_dataset/data/fep_benchmark_processed/jacs_set_jnk1_manual_flips_18639-1.sdf,../large_fep_dataset/data/fep_benchmark_processed/jacs_set_jnk1_manual_flips_protein.pdb,97,7.216577,7.362311,7.328154,7.168618,7.6693435,7.3496466,7.3558884,7.5658584,8.109682,6.993062,7.411914
98,jacs_set/jnk1_manual_flips,jacs_set/jnk1_manual_flips/18634-1,../large_fep_dataset/data/fep_benchmark_processed/jacs_set_jnk1_manual_flips_18634-1.sdf,../large_fep_dataset/data/fep_benchmark_processed/jacs_set_jnk1_manual_flips_protein.pdb,98,7.0624423,7.026522,7.123762,7.2109227,7.073491,7.292721,7.5587025,7.3012238,7.515287,6.786572,7.195165
99,jacs_set/jnk1_manual_flips,jacs_set/jnk1_manual_flips/18630-1,../large_fep_dataset/data/fep_benchmark_processed/jacs_set_jnk1_manual_flips_18630-1.sdf,../large_fep_dataset/data/fep_benchmark_processed/jacs_set_jnk1_manual_flips_protein.pdb,99,7.082464,6.571762,7.1762686,7.3033986,7.003037,7.499717,7.401678,6.8767257,7.5336137,7.029166,7.147783
100,jacs_set/jnk1_manual_flips,jacs_set/jnk1_manual_flips/18637-1,../large_fep_dataset/data/fep_benchmark_processed/jacs_set_jnk1_manual_flips_18637-1.sdf,../large_fep_dataset/data/fep_benchmark_processed/jacs_set_jnk1_manual_flips_protein.pdb,100,7.398866,7.162589,6.9754624,6.70304,7.213747,7.196931,7.4483232,7.1145287,7.673331,6.931188,7.181801
101,jacs_set/jnk1_manual_flips,jacs_set/jnk1_manual_flips/18658-1,../large_fep_dataset/data/fep_benchmark_processed/jacs_set_jnk1_manual_flips_18658-1.sdf,../large_fep_dataset/data/fep_benchmark_processed/jacs_set_jnk1_manual_flips_protein.pdb,101,6.9185586,7.067995,6.5073357,7.116201,6.8120136,7.238407,7.532913,7.11789,7.626183,6.6443796,7.058188
102,jacs_set/jnk1_manual_flips,jacs_set/jnk1_manual_flips/18632-1,../large_fep_dataset/data/fep_benchmark_processed/jacs_set_jnk1_manual_flips_18632-1.sdf,../large_fep_dataset/data/fep_benchmark_processed/jacs_set_jnk1_manual_flips_protein.pdb,102,7.258336,6.898081,7.357698,7.2003765,7.2889686,7.468448,7.6020083,7.1776996,7.478002,6.8231454,7.2552767
103,jacs_set/jnk1_manual_flips,jacs_set/jnk1_manual_flips/18633-1,../large_fep_dataset/data/fep_benchmark_processed/jacs_set_jnk1_manual_flips_18633-1.sdf,../large_fep_dataset/data/fep_benchmark_processed/jacs_set_jnk1_manual_flips_protein.pdb,103,7.086091,6.748385,6.941689,6.9204164,7.060417,7.2134132,7.471443,7.1129766,7.541784,6.6924233,7.078903
104,jacs_set/jnk1_manual_flips,jacs_set/jnk1_manual_flips/18635-1,../large_fep_dataset/data/fep_benchmark_processed/jacs_set_jnk1_manual_flips_18635-1.sdf,../large_fep_dataset/data/fep_benchmark_processed/jacs_set_jnk1_manual_flips_protein.pdb,104,7.824576,7.17321,7.623226,7.8161745,7.1585603,7.7277102,7.6722407,7.1730237,7.582803,6.9987254,7.475025
105,jacs_set/jnk1_manual_flips,jacs_set/jnk1_manual_flips/18631-1,../large_fep_dataset/data/fep_benchmark_processed/jacs_set_jnk1_manual_flips_18631-1.sdf,../large_fep_dataset/data/fep_benchmark_processed/jacs_set_jnk1_manual_flips_protein.pdb,105,7.00427,6.9012427,7.162161,7.252692,7.4011955,7.4696755,7.794617,7.3527927,7.486117,7.026009,7.285077
106,jacs_set/jnk1_manual_flips,jacs_set/jnk1_manual_flips/18660-1,../large_fep_dataset/data/fep_benchmark_processed/jacs_set_jnk1_manual_flips_18660-1.sdf,../large_fep_dataset/data/fep_benchmark_processed/jacs_set_jnk1_manual_flips_protein.pdb,106,7.424067,6.7203827,6.984788,7.1757417,6.5593476,7.2962346,6.8823915,7.0754585,7.496735,7.4386,7.105375
107,jacs_set/jnk1_manual_flips,jacs_set/jnk1_manual_flips/18625-1,../large_fep_dataset/data/fep_benchmark_processed/jacs_set_jnk1_manual_flips_18625-1.sdf,../large_fep_dataset/data/fep_benchmark_processed/jacs_set_jnk1_manual_flips_protein.pdb,107,7.111864,6.5940595,7.52243,7.1266727,7.4272456,7.4550676,7.7358794,7.1966724,7.7064786,7.2025876,7.3078966
108,jacs_set/jnk1_manual_flips,jacs_set/jnk1_manual_flips/18624-1,../large_fep_dataset/data/fep_benchmark_processed/jacs_set_jnk1_manual_flips_18624-1.sdf,../large_fep_dataset/data/fep_benchmark_processed/jacs_set_jnk1_manual_flips_protein.pdb,108,6.657197,6.3527713,7.0905166,7.031859,6.797147,7.2102623,7.531755,6.82087,7.2546296,6.94388,6.9690886
109,jacs_set/jnk1_manual_flips,jacs_set/jnk1_manual_flips/18652-1,../large_fep_dataset/data/fep_benchmark_processed/jacs_set_jnk1_manual_flips_18652-1.sdf,../large_fep_dataset/data/fep_benchmark_processed/jacs_set_jnk1_manual_flips_protein.pdb,109,7.4597626,7.5055656,7.1882987,7.485519,7.3819165,7.654005,7.3894434,7.346695,7.848455,7.3429146,7.4602585
110,jacs_set/thrombin_core,jacs_set/thrombin_core/6a,../large_fep_dataset/data/fep_benchmark_processed/jacs_set_thrombin_core_6a.sdf,../large_fep_dataset/data/fep_benchmark_processed/jacs_set_thrombin_core_protein.pdb,110,5.950999,6.575526,5.8157554,6.5442753,5.942594,6.000035,5.7722397,6.9742723,6.9730015,6.263328,6.281203
111,jacs_set/thrombin_core,jacs_set/thrombin_core/3a,../large_fep_dataset/data/fep_benchmark_processed/jacs_set_thrombin_core_3a.sdf,../large_fep_dataset/data/fep_benchmark_processed/jacs_set_thrombin_core_protein.pdb,111,6.9552937,6.707412,5.7690787,6.245356,6.2781878,6.330648,5.016558,6.8537846,6.7121067,6.341465,6.3209887
112,jacs_set/thrombin_core,jacs_set/thrombin_core/1d,../large_fep_dataset/data/fep_benchmark_processed/jacs_set_thrombin_core_1d.sdf,../large_fep_dataset/data/fep_benchmark_processed/jacs_set_thrombin_core_protein.pdb,112,6.691343,6.604,6.0309496,6.7181144,6.9040923,6.7857203,6.03584,6.5656533,6.84463,6.7666335,6.5946984
113,jacs_set/thrombin_core,jacs_set/thrombin_core/6e,../large_fep_dataset/data/fep_benchmark_processed/jacs_set_thrombin_core_6e.sdf,../large_fep_dataset/data/fep_benchmark_processed/jacs_set_thrombin_core_protein.pdb,113,5.9854546,6.517148,6.0934863,6.7281013,6.135756,6.0097675,6.575426,6.56962,6.6393743,6.263726,6.351785
114,jacs_set/thrombin_core,jacs_set/thrombin_core/6b,../large_fep_dataset/data/fep_benchmark_processed/jacs_set_thrombin_core_6b.sdf,../large_fep_dataset/data/fep_benchmark_processed/jacs_set_thrombin_core_protein.pdb,114,5.709782,6.185418,5.6934524,6.0834384,5.669589,5.959416,5.643827,6.765373,6.4159822,6.173264,6.029954
115,jacs_set/thrombin_core,jacs_set/thrombin_core/1b,../large_fep_dataset/data/fep_benchmark_processed/jacs_set_thrombin_core_1b.sdf,../large_fep_dataset/data/fep_benchmark_processed/jacs_set_thrombin_core_protein.pdb,115,5.613253,5.898201,5.4196854,5.7987895,5.516649,5.804432,5.2885203,6.242142,6.0532618,5.734385,5.736932
116,jacs_set/thrombin_core,jacs_set/thrombin_core/1a,../large_fep_dataset/data/fep_benchmark_processed/jacs_set_thrombin_core_1a.sdf,../large_fep_dataset/data/fep_benchmark_processed/jacs_set_thrombin_core_protein.pdb,116,6.1943817,6.6543875,5.41161,6.597699,5.640074,5.960614,5.3419456,6.0896325,6.4629583,6.0037613,6.0357065
117,jacs_set/thrombin_core,jacs_set/thrombin_core/5,../large_fep_dataset/data/fep_benchmark_processed/jacs_set_thrombin_core_5.sdf,../large_fep_dataset/data/fep_benchmark_processed/jacs_set_thrombin_core_protein.pdb,117,6.52258,5.830609,5.2808456,5.7661777,5.8614798,5.7613945,4.747964,6.35439,6.031194,5.599732,5.775636
118,jacs_set/thrombin_core,jacs_set/thrombin_core/3b,../large_fep_dataset/data/fep_benchmark_processed/jacs_set_thrombin_core_3b.sdf,../large_fep_dataset/data/fep_benchmark_processed/jacs_set_thrombin_core_protein.pdb,118,7.0776696,5.794631,5.8462996,6.5622697,6.756942,6.157543,5.407983,7.0295033,6.4395003,6.070693,6.3143034
119,jacs_set/thrombin_core,jacs_set/thrombin_core/7a,../large_fep_dataset/data/fep_benchmark_processed/jacs_set_thrombin_core_7a.sdf,../large_fep_dataset/data/fep_benchmark_processed/jacs_set_thrombin_core_protein.pdb,119,6.798315,6.4882145,6.0793657,6.448405,6.126548,6.479667,5.814646,7.4350405,6.9616914,6.0147715,6.464667
120,jacs_set/thrombin_core,jacs_set/thrombin_core/1c,../large_fep_dataset/data/fep_benchmark_processed/jacs_set_thrombin_core_1c.sdf,../large_fep_dataset/data/fep_benchmark_processed/jacs_set_thrombin_core_protein.pdb,120,6.1473465,6.4858675,5.292516,6.608013,6.02317,5.9836082,5.3765144,6.270724,6.7104297,5.8255906,6.072378
121,jacs_set/tyk2,jacs_set/tyk2/jmc_23,../large_fep_dataset/data/fep_benchmark_processed/jacs_set_tyk2_jmc_23.sdf,../large_fep_dataset/data/fep_benchmark_processed/jacs_set_tyk2_protein.pdb,121,8.271888,7.825153,7.4021306,7.5348673,8.349771,7.9293547,8.086193,7.295238,8.282638,8.356476,7.933371
122,jacs_set/tyk2,jacs_set/tyk2/ejm_47,../large_fep_dataset/data/fep_benchmark_processed/jacs_set_tyk2_ejm_47.sdf,../large_fep_dataset/data/fep_benchmark_processed/jacs_set_tyk2_protein.pdb,122,8.153553,7.9751897,7.351855,7.5800667,7.9121046,7.3237157,7.9792895,7.87178,7.8729386,7.623887,7.7644377
123,jacs_set/tyk2,jacs_set/tyk2/ejm_49,../large_fep_dataset/data/fep_benchmark_processed/jacs_set_tyk2_ejm_49.sdf,../large_fep_dataset/data/fep_benchmark_processed/jacs_set_tyk2_protein.pdb,123,7.1104336,6.792989,6.70095,6.989841,6.744267,7.029244,8.043251,6.807101,7.1856866,6.770784,7.017455
124,jacs_set/tyk2,jacs_set/tyk2/ejm_31,../large_fep_dataset/data/fep_benchmark_processed/jacs_set_tyk2_ejm_31.sdf,../large_fep_dataset/data/fep_benchmark_processed/jacs_set_tyk2_protein.pdb,124,7.0854344,7.1158886,6.1713095,6.227318,6.9668894,6.86814,7.9347754,7.1519637,6.9118853,6.2620473,6.869565
125,jacs_set/tyk2,jacs_set/tyk2/ejm_45,../large_fep_dataset/data/fep_benchmark_processed/jacs_set_tyk2_ejm_45.sdf,../large_fep_dataset/data/fep_benchmark_processed/jacs_set_tyk2_protein.pdb,125,8.287805,7.822608,7.326737,7.52708,8.052697,7.2114053,8.45663,7.7822547,8.103925,7.8713145,7.844246
126,jacs_set/tyk2,jacs_set/tyk2/ejm_44,../large_fep_dataset/data/fep_benchmark_processed/jacs_set_tyk2_ejm_44.sdf,../large_fep_dataset/data/fep_benchmark_processed/jacs_set_tyk2_protein.pdb,126,7.66022,7.700866,7.3073983,6.976789,7.7142353,7.6346006,7.8060493,6.985559,7.504245,7.3296604,7.461962
127,jacs_set/tyk2,jacs_set/tyk2/ejm_43,../large_fep_dataset/data/fep_benchmark_processed/jacs_set_tyk2_ejm_43.sdf,../large_fep_dataset/data/fep_benchmark_processed/jacs_set_tyk2_protein.pdb,127,7.8498397,7.48507,7.2151833,6.543271,7.2625136,7.8120685,7.97372,7.0312276,7.5301185,7.2780733,7.3981085
128,jacs_set/tyk2,jacs_set/tyk2/ejm_50,../large_fep_dataset/data/fep_benchmark_processed/jacs_set_tyk2_ejm_50.sdf,../large_fep_dataset/data/fep_benchmark_processed/jacs_set_tyk2_protein.pdb,128,7.2855487,7.0285773,6.558142,6.287721,6.1620684,7.27343,7.568175,6.607233,7.1062713,6.7153497,6.8592515
129,jacs_set/tyk2,jacs_set/tyk2/ejm_42,../large_fep_dataset/data/fep_benchmark_processed/jacs_set_tyk2_ejm_42.sdf,../large_fep_dataset/data/fep_benchmark_processed/jacs_set_tyk2_protein.pdb,129,7.138869,6.6851735,6.3625593,6.318415,6.8218217,7.2109966,7.606123,7.015549,7.501903,6.9293466,6.959076
130,jacs_set/tyk2,jacs_set/tyk2/ejm_55,../large_fep_dataset/data/fep_benchmark_processed/jacs_set_tyk2_ejm_55.sdf,../large_fep_dataset/data/fep_benchmark_processed/jacs_set_tyk2_protein.pdb,130,7.7692733,7.0033345,6.783117,6.792727,6.6689715,7.4223022,7.155947,7.0210323,7.119707,6.5725718,7.030898
131,jacs_set/tyk2,jacs_set/tyk2/ejm_48,../large_fep_dataset/data/fep_benchmark_processed/jacs_set_tyk2_ejm_48.sdf,../large_fep_dataset/data/fep_benchmark_processed/jacs_set_tyk2_protein.pdb,131,7.775919,7.7667193,7.1688337,7.4090643,7.8040204,7.508808,7.8964033,7.8612046,8.046226,7.3473444,7.658454
132,jacs_set/tyk2,jacs_set/tyk2/ejm_54,../large_fep_dataset/data/fep_benchmark_processed/jacs_set_tyk2_ejm_54.sdf,../large_fep_dataset/data/fep_benchmark_processed/jacs_set_tyk2_protein.pdb,132,7.5226116,7.596757,6.6605587,6.7387724,7.1180515,7.1622453,7.5126743,7.194106,7.556731,7.085237,7.214774
133,jacs_set/tyk2,jacs_set/tyk2/jmc_28,../large_fep_dataset/data/fep_benchmark_processed/jacs_set_tyk2_jmc_28.sdf,../large_fep_dataset/data/fep_benchmark_processed/jacs_set_tyk2_protein.pdb,133,8.283063,7.842381,7.765104,7.523087,8.222463,7.704895,8.454043,7.6540003,7.901671,8.0096245,7.9360337
134,jacs_set/tyk2,jacs_set/tyk2/jmc_27,../large_fep_dataset/data/fep_benchmark_processed/jacs_set_tyk2_jmc_27.sdf,../large_fep_dataset/data/fep_benchmark_processed/jacs_set_tyk2_protein.pdb,134,7.850159,7.7835765,6.9979696,7.071376,8.273979,7.3814006,7.9865847,6.9286146,7.701906,8.2562065,7.623178
135,jacs_set/tyk2,jacs_set/tyk2/jmc_30,../large_fep_dataset/data/fep_benchmark_processed/jacs_set_tyk2_jmc_30.sdf,../large_fep_dataset/data/fep_benchmark_processed/jacs_set_tyk2_protein.pdb,135,8.366608,8.0420885,7.331316,8.029071,8.084655,7.7934995,8.178129,7.8838344,8.482595,8.146229,8.033803
136,jacs_set/tyk2,jacs_set/tyk2/ejm_46,../large_fep_dataset/data/fep_benchmark_processed/jacs_set_tyk2_ejm_46.sdf,../large_fep_dataset/data/fep_benchmark_processed/jacs_set_tyk2_protein.pdb,136,8.57228,8.065169,7.4734063,7.448043,8.07148,7.343381,8.467275,7.934994,7.898727,8.130046,7.9404793
137,jacs_set/p38,jacs_set/p38/2j,../large_fep_dataset/data/fep_benchmark_processed/jacs_set_p38_2j.sdf,../large_fep_dataset/data/fep_benchmark_processed/jacs_set_p38_protein.pdb,137,7.5937967,7.6921654,7.3421564,8.129356,7.6392417,7.876873,7.232133,7.6041446,7.8404665,7.257288,7.620762
138,jacs_set/p38,jacs_set/p38/2gg,../large_fep_dataset/data/fep_benchmark_processed/jacs_set_p38_2gg.sdf,../large_fep_dataset/data/fep_benchmark_processed/jacs_set_p38_protein.pdb,138,7.2668357,6.646256,6.406042,6.757662,7.265105,6.517703,7.030386,7.3956423,6.393633,6.83031,6.8509574
139,jacs_set/p38,jacs_set/p38/2q,../large_fep_dataset/data/fep_benchmark_processed/jacs_set_p38_2q.sdf,../large_fep_dataset/data/fep_benchmark_processed/jacs_set_p38_protein.pdb,139,7.75927,7.4554954,6.8271513,6.922591,7.5513096,7.0996118,7.5247884,7.324806,6.9257655,7.844077,7.3234863
140,jacs_set/p38,jacs_set/p38/2t,../large_fep_dataset/data/fep_benchmark_processed/jacs_set_p38_2t.sdf,../large_fep_dataset/data/fep_benchmark_processed/jacs_set_p38_protein.pdb,140,8.26741,7.9257975,7.760429,7.7762666,8.052929,7.07776,7.8692565,7.855727,7.7312307,7.8402715,7.815707
141,jacs_set/p38,jacs_set/p38/2g,../large_fep_dataset/data/fep_benchmark_processed/jacs_set_p38_2g.sdf,../large_fep_dataset/data/fep_benchmark_processed/jacs_set_p38_protein.pdb,141,7.666363,7.601731,7.6516128,7.7509155,7.795326,7.6656814,7.1532817,7.410515,7.9798083,7.111225,7.578645
142,jacs_set/p38,jacs_set/p38/2l,../large_fep_dataset/data/fep_benchmark_processed/jacs_set_p38_2l.sdf,../large_fep_dataset/data/fep_benchmark_processed/jacs_set_p38_protein.pdb,142,8.105029,7.85815,7.6646414,7.9101596,7.917878,7.7714424,8.257697,7.666192,8.058167,7.7213974,7.8930755
143,jacs_set/p38,jacs_set/p38/2ee,../large_fep_dataset/data/fep_benchmark_processed/jacs_set_p38_2ee.sdf,../large_fep_dataset/data/fep_benchmark_processed/jacs_set_p38_protein.pdb,143,7.684496,7.2648215,7.6183457,7.4138417,7.532179,7.7446175,7.532096,7.605806,7.2419977,7.3667846,7.5004983
144,jacs_set/p38,jacs_set/p38/2aa,../large_fep_dataset/data/fep_benchmark_processed/jacs_set_p38_2aa.sdf,../large_fep_dataset/data/fep_benchmark_processed/jacs_set_p38_protein.pdb,144,7.6732373,7.0956736,6.663159,7.54556,6.960174,7.5680585,7.133835,7.4403114,7.492869,6.853347,7.2426224
145,jacs_set/p38,jacs_set/p38/2o,../large_fep_dataset/data/fep_benchmark_processed/jacs_set_p38_2o.sdf,../large_fep_dataset/data/fep_benchmark_processed/jacs_set_p38_protein.pdb,145,8.354404,7.8972187,7.6952662,7.315462,7.9896727,7.4292603,8.0927515,7.9139056,7.6291146,7.887138,7.8204193
146,jacs_set/p38,jacs_set/p38/3flw,../large_fep_dataset/data/fep_benchmark_processed/jacs_set_p38_3flw.sdf,../large_fep_dataset/data/fep_benchmark_processed/jacs_set_p38_protein.pdb,146,7.9543643,7.0818367,7.2510643,7.803235,6.973025,6.9015627,7.3353496,7.206986,7.131581,6.9577875,7.2596793
147,jacs_set/p38,jacs_set/p38/2u,../large_fep_dataset/data/fep_benchmark_processed/jacs_set_p38_2u.sdf,../large_fep_dataset/data/fep_benchmark_processed/jacs_set_p38_protein.pdb,147,8.695181,8.057144,7.6390376,7.5757036,7.8957825,7.464508,8.2983465,7.931126,7.737669,8.2396345,7.9534135
148,jacs_set/p38,jacs_set/p38/2p,../large_fep_dataset/data/fep_benchmark_processed/jacs_set_p38_2p.sdf,../large_fep_dataset/data/fep_benchmark_processed/jacs_set_p38_protein.pdb,148,8.364576,7.9254456,7.529691,7.466468,8.047959,7.2937036,8.013628,7.803824,7.7516074,7.750433,7.794734
149,jacs_set/p38,jacs_set/p38/2h,../large_fep_dataset/data/fep_benchmark_processed/jacs_set_p38_2h.sdf,../large_fep_dataset/data/fep_benchmark_processed/jacs_set_p38_protein.pdb,149,7.702442,7.8196635,7.483444,7.57327,7.8270493,7.687775,6.7906284,7.4857802,7.7387304,7.571461,7.5680246
150,jacs_set/p38,jacs_set/p38/3fmk,../large_fep_dataset/data/fep_benchmark_processed/jacs_set_p38_3fmk.sdf,../large_fep_dataset/data/fep_benchmark_processed/jacs_set_p38_protein.pdb,150,8.066777,7.1778336,6.6192193,8.076573,7.084434,6.72061,7.4490995,6.999646,7.8512163,6.56535,7.2610765
151,jacs_set/p38,jacs_set/p38/2i,../large_fep_dataset/data/fep_benchmark_processed/jacs_set_p38_2i.sdf,../large_fep_dataset/data/fep_benchmark_processed/jacs_set_p38_protein.pdb,151,7.4852924,7.59381,7.5819807,7.5847106,7.6630363,7.7777967,6.744231,7.3387747,7.8238463,7.187095,7.478058
152,jacs_set/p38,jacs_set/p38/2f,../large_fep_dataset/data/fep_benchmark_processed/jacs_set_p38_2f.sdf,../large_fep_dataset/data/fep_benchmark_processed/jacs_set_p38_protein.pdb,152,7.75389,7.515387,7.6106844,7.386305,7.5418773,7.457893,6.954861,7.2432485,7.8078876,7.1885037,7.446054
153,jacs_set/p38,jacs_set/p38/2x,../large_fep_dataset/data/fep_benchmark_processed/jacs_set_p38_2x.sdf,../large_fep_dataset/data/fep_benchmark_processed/jacs_set_p38_protein.pdb,153,7.440764,7.5087976,7.4665785,7.6972117,7.401834,7.565493,7.188336,7.804044,8.033592,7.25846,7.5365114
154,jacs_set/p38,jacs_set/p38/2ff,../large_fep_dataset/data/fep_benchmark_processed/jacs_set_p38_2ff.sdf,../large_fep_dataset/data/fep_benchmark_processed/jacs_set_p38_protein.pdb,154,7.996967,7.524556,7.495433,8.087702,7.761575,7.6112375,7.704852,7.6201596,8.003818,7.4708204,7.7277117
155,jacs_set/p38,jacs_set/p38/2k,../large_fep_dataset/data/fep_benchmark_processed/jacs_set_p38_2k.sdf,../large_fep_dataset/data/fep_benchmark_processed/jacs_set_p38_protein.pdb,155,7.8874907,7.835127,7.377452,7.5874953,7.773808,7.761072,7.374791,7.287849,7.8781414,7.71315,7.647638
156,jacs_set/p38,jacs_set/p38/2n,../large_fep_dataset/data/fep_benchmark_processed/jacs_set_p38_2n.sdf,../large_fep_dataset/data/fep_benchmark_processed/jacs_set_p38_protein.pdb,156,8.140176,8.022794,8.002227,7.586918,8.563662,8.269402,8.164867,7.581839,7.9336557,7.838075,8.010361
157,jacs_set/p38,jacs_set/p38/3flq,../large_fep_dataset/data/fep_benchmark_processed/jacs_set_p38_3flq.sdf,../large_fep_dataset/data/fep_benchmark_processed/jacs_set_p38_protein.pdb,157,8.314661,7.4749722,7.2739954,7.766295,7.5495005,6.782161,7.3761578,8.155809,7.3896976,6.7761035,7.4859343
158,jacs_set/p38,jacs_set/p38/3fln,../large_fep_dataset/data/fep_benchmark_processed/jacs_set_p38_3fln.sdf,../large_fep_dataset/data/fep_benchmark_processed/jacs_set_p38_protein.pdb,158,8.008079,7.7384877,7.5232024,7.9335375,7.7192364,7.520472,7.508595,7.640674,7.960968,7.272001,7.6825256
159,jacs_set/p38,jacs_set/p38/2e,../large_fep_dataset/data/fep_benchmark_processed/jacs_set_p38_2e.sdf,../large_fep_dataset/data/fep_benchmark_processed/jacs_set_p38_protein.pdb,159,7.637814,7.2008348,7.0965476,7.6599255,7.2534423,7.2805095,7.1498137,7.2896852,7.745987,6.6978164,7.3012376
160,jacs_set/p38,jacs_set/p38/3fmh,../large_fep_dataset/data/fep_benchmark_processed/jacs_set_p38_3fmh.sdf,../large_fep_dataset/data/fep_benchmark_processed/jacs_set_p38_protein.pdb,160,8.060983,7.16881,6.6019387,8.081269,7.28161,6.7055225,7.450638,7.223724,7.794036,6.6102686,7.2978797
161,jacs_set/p38,jacs_set/p38/2c,../large_fep_dataset/data/fep_benchmark_processed/jacs_set_p38_2c.sdf,../large_fep_dataset/data/fep_benchmark_processed/jacs_set_p38_protein.pdb,161,7.6159797,7.6386027,7.6414366,7.2775187,7.8574853,7.6994147,7.288467,7.1186695,7.4550595,7.5056486,7.509828
162,jacs_set/p38,jacs_set/p38/2y,../large_fep_dataset/data/fep_benchmark_processed/jacs_set_p38_2y.sdf,../large_fep_dataset/data/fep_benchmark_processed/jacs_set_p38_protein.pdb,162,8.128387,7.479408,7.206995,7.56126,7.0832253,7.375249,7.222098,7.35342,7.457743,7.025662,7.3893447
163,jacs_set/p38,jacs_set/p38/2s,../large_fep_dataset/data/fep_benchmark_processed/jacs_set_p38_2s.sdf,../large_fep_dataset/data/fep_benchmark_processed/jacs_set_p38_protein.pdb,163,8.291273,8.553359,7.627785,7.7179656,8.378333,8.107434,8.213659,7.7975874,8.270105,7.9980087,8.095551
164,jacs_set/p38,jacs_set/p38/2m,../large_fep_dataset/data/fep_benchmark_processed/jacs_set_p38_2m.sdf,../large_fep_dataset/data/fep_benchmark_processed/jacs_set_p38_protein.pdb,164,8.127372,8.270602,7.6616426,7.889539,8.2336445,7.7307563,8.123092,8.112485,8.10153,8.206495,8.045716
165,jacs_set/p38,jacs_set/p38/2bb,../large_fep_dataset/data/fep_benchmark_processed/jacs_set_p38_2bb.sdf,../large_fep_dataset/data/fep_benchmark_processed/jacs_set_p38_protein.pdb,165,7.8679605,6.8552876,7.075667,7.4101844,7.679748,6.7666674,7.1215744,7.921262,7.2528963,6.470049,7.2421293
166,jacs_set/p38,jacs_set/p38/2v,../large_fep_dataset/data/fep_benchmark_processed/jacs_set_p38_2v.sdf,../large_fep_dataset/data/fep_benchmark_processed/jacs_set_p38_protein.pdb,166,7.678717,6.7901363,7.1705046,7.7308536,6.598137,7.2370114,6.9314446,7.134686,7.9063716,6.414669,7.159253
167,jacs_set/p38,jacs_set/p38/2r,../large_fep_dataset/data/fep_benchmark_processed/jacs_set_p38_2r.sdf,../large_fep_dataset/data/fep_benchmark_processed/jacs_set_p38_protein.pdb,167,8.614517,8.783403,7.7600455,8.081744,8.518119,8.213659,8.090946,7.7371387,8.365212,8.036463,8.220125
168,jacs_set/p38,jacs_set/p38/3flz,../large_fep_dataset/data/fep_benchmark_processed/jacs_set_p38_3flz.sdf,../large_fep_dataset/data/fep_benchmark_processed/jacs_set_p38_protein.pdb,168,8.080592,7.732004,7.4025493,7.7523627,7.602111,7.126582,6.830349,7.4181366,7.6958995,7.083206,7.472379
169,jacs_set/p38,jacs_set/p38/2z,../large_fep_dataset/data/fep_benchmark_processed/jacs_set_p38_2z.sdf,../large_fep_dataset/data/fep_benchmark_processed/jacs_set_p38_protein.pdb,169,8.250582,7.8146963,7.594781,7.7663736,6.973258,7.362594,8.073595,7.659567,7.3041286,7.6647215,7.6464295
170,jacs_set/p38,jacs_set/p38/3fly,../large_fep_dataset/data/fep_benchmark_processed/jacs_set_p38_3fly.sdf,../large_fep_dataset/data/fep_benchmark_processed/jacs_set_p38_protein.pdb,170,8.077186,7.234144,7.1661787,7.607042,7.2042184,7.457563,7.651942,7.1023645,7.7487497,6.63811,7.3887496
171,jacs_set/bace,jacs_set/bace/CAT-13n,../large_fep_dataset/data/fep_benchmark_processed/jacs_set_bace_CAT-13n.sdf,../large_fep_dataset/data/fep_benchmark_processed/jacs_set_bace_protein.pdb,171,6.6358924,7.273835,6.8105993,7.304292,7.0584707,6.6892138,6.4481573,6.4763336,7.3890643,6.930977,6.901683
172,jacs_set/bace,jacs_set/bace/CAT-13e,../large_fep_dataset/data/fep_benchmark_processed/jacs_set_bace_CAT-13e.sdf,../large_fep_dataset/data/fep_benchmark_processed/jacs_set_bace_protein.pdb,172,6.013294,6.637822,6.817683,7.194233,6.8128767,6.698409,5.6890917,6.042866,7.3142424,6.526853,6.5747375
173,jacs_set/bace,jacs_set/bace/CAT-4a,../large_fep_dataset/data/fep_benchmark_processed/jacs_set_bace_CAT-4a.sdf,../large_fep_dataset/data/fep_benchmark_processed/jacs_set_bace_protein.pdb,173,5.5143857,5.7431884,6.0336175,6.098234,5.9249883,5.4920826,5.5696874,5.3321834,5.8622603,5.687759,5.7258387
174,jacs_set/bace,jacs_set/bace/CAT-4m,../large_fep_dataset/data/fep_benchmark_processed/jacs_set_bace_CAT-4m.sdf,../large_fep_dataset/data/fep_benchmark_processed/jacs_set_bace_protein.pdb,174,6.048332,6.702831,6.4770646,6.5041194,6.3594885,5.952675,5.5345917,5.938339,6.803562,6.339857,6.2660856
175,jacs_set/bace,jacs_set/bace/CAT-17b,../large_fep_dataset/data/fep_benchmark_processed/jacs_set_bace_CAT-17b.sdf,../large_fep_dataset/data/fep_benchmark_processed/jacs_set_bace_protein.pdb,175,5.33129,6.3543024,6.3056526,6.2111053,6.2664447,5.9051476,6.234364,5.7556434,6.648973,5.5918274,6.060475
176,jacs_set/bace,jacs_set/bace/CAT-13j,../large_fep_dataset/data/fep_benchmark_processed/jacs_set_bace_CAT-13j.sdf,../large_fep_dataset/data/fep_benchmark_processed/jacs_set_bace_protein.pdb,176,6.2098107,6.9130764,6.45597,6.9803004,6.524302,6.361485,5.939147,5.9494963,6.9416194,6.481999,6.475721
177,jacs_set/bace,jacs_set/bace/CAT-13d,../large_fep_dataset/data/fep_benchmark_processed/jacs_set_bace_CAT-13d.sdf,../large_fep_dataset/data/fep_benchmark_processed/jacs_set_bace_protein.pdb,177,5.949071,6.7620068,6.3152113,6.936577,6.5497174,6.4792113,5.736977,5.5760465,7.121316,6.329094,6.3755226
178,jacs_set/bace,jacs_set/bace/CAT-13b,../large_fep_dataset/data/fep_benchmark_processed/jacs_set_bace_CAT-13b.sdf,../large_fep_dataset/data/fep_benchmark_processed/jacs_set_bace_protein.pdb,178,6.0943904,6.7970157,6.239172,7.095463,6.7433767,6.218192,5.6460457,5.8003287,7.311683,6.1712694,6.4116936
179,jacs_set/bace,jacs_set/bace/CAT-13a,../large_fep_dataset/data/fep_benchmark_processed/jacs_set_bace_CAT-13a.sdf,../large_fep_dataset/data/fep_benchmark_processed/jacs_set_bace_protein.pdb,179,5.771638,6.58558,6.332784,6.9048915,6.415922,5.9711356,5.584604,5.5954905,6.9431543,6.2970023,6.24022
180,jacs_set/bace,jacs_set/bace/CAT-13h,../large_fep_dataset/data/fep_benchmark_processed/jacs_set_bace_CAT-13h.sdf,../large_fep_dataset/data/fep_benchmark_processed/jacs_set_bace_protein.pdb,180,6.168209,6.652874,6.7126517,7.057922,6.872499,6.6136994,6.295297,5.928139,7.496195,6.924003,6.6721487
181,jacs_set/bace,jacs_set/bace/CAT-13o,../large_fep_dataset/data/fep_benchmark_processed/jacs_set_bace_CAT-13o.sdf,../large_fep_dataset/data/fep_benchmark_processed/jacs_set_bace_protein.pdb,181,6.4386234,7.405425,6.8090568,7.359823,7.6117506,6.8779516,7.0125165,6.724792,7.460522,6.931001,7.063146
182,jacs_set/bace,jacs_set/bace/CAT-13g,../large_fep_dataset/data/fep_benchmark_processed/jacs_set_bace_CAT-13g.sdf,../large_fep_dataset/data/fep_benchmark_processed/jacs_set_bace_protein.pdb,182,6.0247755,6.786284,6.828331,7.642053,6.9138174,6.697607,5.4321203,5.8042116,7.399835,6.431813,6.5960846
183,jacs_set/bace,jacs_set/bace/CAT-4k,../large_fep_dataset/data/fep_benchmark_processed/jacs_set_bace_CAT-4k.sdf,../large_fep_dataset/data/fep_benchmark_processed/jacs_set_bace_protein.pdb,183,5.795436,6.4442925,6.3092756,6.567677,6.257853,5.833866,5.6035523,5.7224116,6.7242336,6.356843,6.161544
184,jacs_set/bace,jacs_set/bace/CAT-17g,../large_fep_dataset/data/fep_benchmark_processed/jacs_set_bace_CAT-17g.sdf,../large_fep_dataset/data/fep_benchmark_processed/jacs_set_bace_protein.pdb,184,6.115415,7.01014,6.386521,6.961043,6.7502155,6.5686936,6.3840775,5.746235,7.3384166,6.360587,6.5621347
185,jacs_set/bace,jacs_set/bace/CAT-4l,../large_fep_dataset/data/fep_benchmark_processed/jacs_set_bace_CAT-4l.sdf,../large_fep_dataset/data/fep_benchmark_processed/jacs_set_bace_protein.pdb,185,6.0596685,6.616462,6.090771,6.6000204,6.241845,5.960928,5.704312,5.509573,6.8328137,6.2948446,6.1911235
186,jacs_set/bace,jacs_set/bace/CAT-4j,../large_fep_dataset/data/fep_benchmark_processed/jacs_set_bace_CAT-4j.sdf,../large_fep_dataset/data/fep_benchmark_processed/jacs_set_bace_protein.pdb,186,5.6418667,6.316504,6.1205864,6.2204385,5.926997,5.787557,5.401258,5.6165524,6.567435,6.2890196,5.988821
187,jacs_set/bace,jacs_set/bace/CAT-4n,../large_fep_dataset/data/fep_benchmark_processed/jacs_set_bace_CAT-4n.sdf,../large_fep_dataset/data/fep_benchmark_processed/jacs_set_bace_protein.pdb,187,6.9313293,6.9879484,6.6397767,7.329956,6.9345455,5.975663,6.0701685,6.9418945,7.649623,7.2925167,6.875342
188,jacs_set/bace,jacs_set/bace/CAT-13i,../large_fep_dataset/data/fep_benchmark_processed/jacs_set_bace_CAT-13i.sdf,../large_fep_dataset/data/fep_benchmark_processed/jacs_set_bace_protein.pdb,188,6.250377,6.8306766,6.5448337,7.4481153,6.741076,6.651624,5.5300164,6.1737537,7.4193687,6.5807877,6.6170626
189,jacs_set/bace,jacs_set/bace/CAT-17f,../large_fep_dataset/data/fep_benchmark_processed/jacs_set_bace_CAT-17f.sdf,../large_fep_dataset/data/fep_benchmark_processed/jacs_set_bace_protein.pdb,189,6.9116535,7.037286,6.7259336,7.51592,7.1087823,6.2131543,6.6156707,6.976996,7.32965,7.252935,6.968798
190,jacs_set/bace,jacs_set/bace/CAT-4p,../large_fep_dataset/data/fep_benchmark_processed/jacs_set_bace_CAT-4p.sdf,../large_fep_dataset/data/fep_benchmark_processed/jacs_set_bace_protein.pdb,190,6.3620224,7.0135913,6.6573524,6.7585764,6.620941,6.238296,6.023189,6.0624256,7.073484,6.4364266,6.5246305
191,jacs_set/bace,jacs_set/bace/CAT-13c,../large_fep_dataset/data/fep_benchmark_processed/jacs_set_bace_CAT-13c.sdf,../large_fep_dataset/data/fep_benchmark_processed/jacs_set_bace_protein.pdb,191,6.018908,6.9228578,6.6650863,7.2778015,6.8813214,6.2176886,5.535064,5.9652963,7.1484785,5.99626,6.462877
192,jacs_set/bace,jacs_set/bace/CAT-24,../large_fep_dataset/data/fep_benchmark_processed/jacs_set_bace_CAT-24.sdf,../large_fep_dataset/data/fep_benchmark_processed/jacs_set_bace_protein.pdb,192,7.2755365,7.666304,7.680996,7.670567,7.742,7.0116906,7.2049465,7.177728,8.140207,7.8395963,7.5409575
193,jacs_set/bace,jacs_set/bace/CAT-4i,../large_fep_dataset/data/fep_benchmark_processed/jacs_set_bace_CAT-4i.sdf,../large_fep_dataset/data/fep_benchmark_processed/jacs_set_bace_protein.pdb,193,5.7988124,6.53658,5.7588263,6.2532744,5.8769617,5.8820214,5.493111,5.4180794,6.5702653,6.1172886,5.9705224
194,jacs_set/bace,jacs_set/bace/CAT-4c,../large_fep_dataset/data/fep_benchmark_processed/jacs_set_bace_CAT-4c.sdf,../large_fep_dataset/data/fep_benchmark_processed/jacs_set_bace_protein.pdb,194,5.4168005,6.0102205,5.8263245,6.6142874,6.1222906,5.528287,5.9516783,5.8520684,6.102163,5.327951,5.875207
195,jacs_set/bace,jacs_set/bace/CAT-17i,../large_fep_dataset/data/fep_benchmark_processed/jacs_set_bace_CAT-17i.sdf,../large_fep_dataset/data/fep_benchmark_processed/jacs_set_bace_protein.pdb,195,6.156832,6.6450844,6.4090557,6.1243787,6.2432494,6.3884325,5.7339306,5.950245,7.048507,5.9147973,6.2614517
196,jacs_set/bace,jacs_set/bace/CAT-13k,../large_fep_dataset/data/fep_benchmark_processed/jacs_set_bace_CAT-13k.sdf,../large_fep_dataset/data/fep_benchmark_processed/jacs_set_bace_protein.pdb,196,6.1856437,6.9665804,6.8204794,6.8096123,6.3631477,6.314628,6.2217317,6.2346144,7.3736787,6.599804,6.588992
197,jacs_set/bace,jacs_set/bace/CAT-17a,../large_fep_dataset/data/fep_benchmark_processed/jacs_set_bace_CAT-17a.sdf,../large_fep_dataset/data/fep_benchmark_processed/jacs_set_bace_protein.pdb,197,5.473118,6.41798,5.5168085,6.5425825,6.389289,6.145025,6.0895815,5.4625115,6.959237,6.3003373,6.1296473
198,jacs_set/bace,jacs_set/bace/CAT-17c,../large_fep_dataset/data/fep_benchmark_processed/jacs_set_bace_CAT-17c.sdf,../large_fep_dataset/data/fep_benchmark_processed/jacs_set_bace_protein.pdb,198,6.488819,6.716914,6.3672247,7.136097,6.892777,6.022402,6.290383,6.686696,6.963418,6.5916357,6.6156363
199,jacs_set/bace,jacs_set/bace/CAT-4o,../large_fep_dataset/data/fep_benchmark_processed/jacs_set_bace_CAT-4o.sdf,../large_fep_dataset/data/fep_benchmark_processed/jacs_set_bace_protein.pdb,199,6.142401,6.9597244,6.6840625,6.8709526,6.69294,6.23492,5.900181,5.9741373,7.6079645,6.5413203,6.5608606
200,jacs_set/bace,jacs_set/bace/CAT-17d,../large_fep_dataset/data/fep_benchmark_processed/jacs_set_bace_CAT-17d.sdf,../large_fep_dataset/data/fep_benchmark_processed/jacs_set_bace_protein.pdb,200,5.5924077,6.4806733,5.856954,6.273661,6.335902,6.27066,5.7498016,5.318207,6.7137284,5.883549,6.0475545
201,jacs_set/bace,jacs_set/bace/CAT-4b,../large_fep_dataset/data/fep_benchmark_processed/jacs_set_bace_CAT-4b.sdf,../large_fep_dataset/data/fep_benchmark_processed/jacs_set_bace_protein.pdb,201,5.5812297,6.2837615,6.60044,6.5660634,6.3375115,5.563036,5.7868404,5.849751,6.4031334,5.5155478,6.0487313
202,jacs_set/bace,jacs_set/bace/CAT-13f,../large_fep_dataset/data/fep_benchmark_processed/jacs_set_bace_CAT-13f.sdf,../large_fep_dataset/data/fep_benchmark_processed/jacs_set_bace_protein.pdb,202,6.0591435,6.6563687,6.9193006,7.203722,6.8482695,6.875266,5.544049,6.01398,7.2176104,6.437778,6.577549
203,jacs_set/bace,jacs_set/bace/CAT-4d,../large_fep_dataset/data/fep_benchmark_processed/jacs_set_bace_CAT-4d.sdf,../large_fep_dataset/data/fep_benchmark_processed/jacs_set_bace_protein.pdb,203,5.5646844,6.427845,6.700184,6.578135,6.58149,5.937005,5.98488,5.8641205,6.9241886,6.4587793,6.3021307
204,jacs_set/bace,jacs_set/bace/CAT-13m,../large_fep_dataset/data/fep_benchmark_processed/jacs_set_bace_CAT-13m.sdf,../large_fep_dataset/data/fep_benchmark_processed/jacs_set_bace_protein.pdb,204,6.4840083,7.2536874,6.891895,7.233553,7.0821934,6.894197,6.41222,6.5781913,7.2858415,6.8505697,6.8966355
205,jacs_set/bace,jacs_set/bace/CAT-17h,../large_fep_dataset/data/fep_benchmark_processed/jacs_set_bace_CAT-17h.sdf,../large_fep_dataset/data/fep_benchmark_processed/jacs_set_bace_protein.pdb,205,6.1044917,6.8407907,6.1381927,6.8985763,6.8909173,6.465252,6.256831,5.64278,7.0560513,6.172379,6.446626
206,jacs_set/bace,jacs_set/bace/CAT-17e,../large_fep_dataset/data/fep_benchmark_processed/jacs_set_bace_CAT-17e.sdf,../large_fep_dataset/data/fep_benchmark_processed/jacs_set_bace_protein.pdb,206,5.8964863,6.846389,6.473946,6.501566,6.8154645,6.701514,6.8286314,6.1379294,7.094313,6.0666704,6.5362916
207,charge_annhil/jnk1,charge_annhil/jnk1/6a,../large_fep_dataset/data/fep_benchmark_processed/charge_annhil_jnk1_6a.sdf,../large_fep_dataset/data/fep_benchmark_processed/charge_annhil_jnk1_protein.pdb,207,6.451882,5.2479186,5.5132217,4.9996915,6.17735,6.01316,6.589846,5.682628,6.2226267,6.671409,5.9569736
208,charge_annhil/jnk1,charge_annhil/jnk1/19a_neu,../large_fep_dataset/data/fep_benchmark_processed/charge_annhil_jnk1_19a_neu.sdf,../large_fep_dataset/data/fep_benchmark_processed/charge_annhil_jnk1_protein.pdb,208,6.5083213,5.277851,6.0705276,5.066865,6.089519,6.150662,6.659644,5.659975,6.534007,6.3017373,6.0319114
209,charge_annhil/jnk1,charge_annhil/jnk1/19b_neu,../large_fep_dataset/data/fep_benchmark_processed/charge_annhil_jnk1_19b_neu.sdf,../large_fep_dataset/data/fep_benchmark_processed/charge_annhil_jnk1_protein.pdb,209,5.761783,4.965019,5.446648,4.78295,5.8547916,5.454291,6.2373376,5.209962,5.475516,6.048069,5.523637
210,charge_annhil/jnk1,charge_annhil/jnk1/19b_charg,../large_fep_dataset/data/fep_benchmark_processed/charge_annhil_jnk1_19b_charg.sdf,../large_fep_dataset/data/fep_benchmark_processed/charge_annhil_jnk1_protein.pdb,210,5.7375507,5.07943,5.229891,5.1400585,5.930194,5.2202196,6.0546975,4.808594,5.2127666,5.9786077,5.4392004
211,charge_annhil/jnk1,charge_annhil/jnk1/19a_charg,../large_fep_dataset/data/fep_benchmark_processed/charge_annhil_jnk1_19a_charg.sdf,../large_fep_dataset/data/fep_benchmark_processed/charge_annhil_jnk1_protein.pdb,211,6.232403,5.695085,6.1698375,4.9746637,6.057396,6.4730835,6.3652,5.464788,6.70457,6.0276423,6.016467
212,charge_annhil/egfr,charge_annhil/egfr/21,../large_fep_dataset/data/fep_benchmark_processed/charge_annhil_egfr_21.sdf,../large_fep_dataset/data/fep_benchmark_processed/charge_annhil_egfr_protein.pdb,212,8.668096,8.185225,8.38927,8.042599,8.445096,8.310728,8.515343,8.181535,8.175506,8.379667,8.329307
213,charge_annhil/egfr,charge_annhil/egfr/27neu,../large_fep_dataset/data/fep_benchmark_processed/charge_annhil_egfr_27neu.sdf,../large_fep_dataset/data/fep_benchmark_processed/charge_annhil_egfr_protein.pdb,213,8.185539,8.149055,8.59906,8.08246,8.000297,8.27924,8.630481,8.101585,8.56159,8.2681055,8.285742
214,charge_annhil/egfr,charge_annhil/egfr/27chargR,../large_fep_dataset/data/fep_benchmark_processed/charge_annhil_egfr_27chargR.sdf,../large_fep_dataset/data/fep_benchmark_processed/charge_annhil_egfr_protein.pdb,214,7.7587647,7.9081078,8.589276,8.262403,8.143099,8.217397,8.062581,7.907291,8.32606,8.31156,8.148653
215,charge_annhil/egfr,charge_annhil/egfr/27chargS,../large_fep_dataset/data/fep_benchmark_processed/charge_annhil_egfr_27chargS.sdf,../large_fep_dataset/data/fep_benchmark_processed/charge_annhil_egfr_protein.pdb,215,7.7722554,7.9140244,8.592123,8.293894,8.23638,8.215686,8.068658,7.9426513,8.350714,8.255797,8.164219
216,charge_annhil/egfr,charge_annhil/egfr/28neu,../large_fep_dataset/data/fep_benchmark_processed/charge_annhil_egfr_28neu.sdf,../large_fep_dataset/data/fep_benchmark_processed/charge_annhil_egfr_protein.pdb,216,8.0714,7.514714,8.070997,7.876426,7.9122953,8.0424385,8.261538,8.2557955,7.937105,7.792548,7.973526
217,charge_annhil/egfr,charge_annhil/egfr/28charg,../large_fep_dataset/data/fep_benchmark_processed/charge_annhil_egfr_28charg.sdf,../large_fep_dataset/data/fep_benchmark_processed/charge_annhil_egfr_protein.pdb,217,7.914103,7.823095,8.046601,7.975399,8.17037,8.190802,8.078253,8.04463,7.8658547,7.9349494,8.004406
218,charge_annhil/egfr,charge_annhil/egfr/29neu,../large_fep_dataset/data/fep_benchmark_processed/charge_annhil_egfr_29neu.sdf,../large_fep_dataset/data/fep_benchmark_processed/charge_annhil_egfr_protein.pdb,218,8.189902,8.117826,8.235514,7.6573043,8.29267,8.21246,8.379242,8.212568,8.187927,8.279899,8.176531
219,charge_annhil/egfr,charge_annhil/egfr/29charg,../large_fep_dataset/data/fep_benchmark_processed/charge_annhil_egfr_29charg.sdf,../large_fep_dataset/data/fep_benchmark_processed/charge_annhil_egfr_protein.pdb,219,7.8433495,7.521162,8.024269,8.024302,8.288357,7.9807324,8.245927,8.020172,8.098794,8.270125,8.031719
220,charge_annhil/egfr,charge_annhil/egfr/30neu,../large_fep_dataset/data/fep_benchmark_processed/charge_annhil_egfr_30neu.sdf,../large_fep_dataset/data/fep_benchmark_processed/charge_annhil_egfr_protein.pdb,220,8.183702,8.09935,8.487732,8.006894,8.065169,8.1720705,8.470351,8.082713,8.227467,8.174281,8.196974
221,charge_annhil/egfr,charge_annhil/egfr/30charg,../large_fep_dataset/data/fep_benchmark_processed/charge_annhil_egfr_30charg.sdf,../large_fep_dataset/data/fep_benchmark_processed/charge_annhil_egfr_protein.pdb,221,8.022277,7.949465,8.830561,8.117914,8.264391,8.192601,8.314199,7.9923325,8.033422,8.335109,8.205227
222,charge_annhil/ptp1b,charge_annhil/ptp1b/26charg,../large_fep_dataset/data/fep_benchmark_processed/charge_annhil_ptp1b_26charg.sdf,../large_fep_dataset/data/fep_benchmark_processed/charge_annhil_ptp1b_protein.pdb,222,6.866608,7.293943,6.767764,7.2723184,6.6757593,6.7030263,6.543927,6.7143,6.981366,6.871228,6.869024
223,charge_annhil/ptp1b,charge_annhil/ptp1b/26neu,../large_fep_dataset/data/fep_benchmark_processed/charge_annhil_ptp1b_26neu.sdf,../large_fep_dataset/data/fep_benchmark_processed/charge_annhil_ptp1b_protein.pdb,223,6.821551,7.3457117,6.7946134,7.011167,7.1742983,6.8002768,6.561846,6.8654222,7.1753426,6.9419146,6.949215
224,charge_annhil/ptp1b,charge_annhil/ptp1b/27,../large_fep_dataset/data/fep_benchmark_processed/charge_annhil_ptp1b_27.sdf,../large_fep_dataset/data/fep_benchmark_processed/charge_annhil_ptp1b_protein.pdb,224,6.888605,7.1580076,6.595922,6.3984904,7.0114384,6.271921,6.685338,6.7106767,7.233141,6.700365,6.765391
225,charge_annhil/ptp1b,charge_annhil/ptp1b/32,../large_fep_dataset/data/fep_benchmark_processed/charge_annhil_ptp1b_32.sdf,../large_fep_dataset/data/fep_benchmark_processed/charge_annhil_ptp1b_protein.pdb,225,6.9941435,8.054563,7.365446,7.059362,7.2793384,7.3412256,7.1933227,7.3222365,7.536128,7.2852902,7.3431053
226,charge_annhil/irak4_s2,charge_annhil/irak4_s2/17charg,../large_fep_dataset/data/fep_benchmark_processed/charge_annhil_irak4_s2_17charg.sdf,../large_fep_dataset/data/fep_benchmark_processed/charge_annhil_irak4_s2_protein.pdb,226,7.082971,6.8828583,7.4654427,7.397556,7.5036273,7.2891498,7.683809,6.7627864,7.4625926,7.241859,7.277265
227,charge_annhil/irak4_s2,charge_annhil/irak4_s2/17neu,../large_fep_dataset/data/fep_benchmark_processed/charge_annhil_irak4_s2_17neu.sdf,../large_fep_dataset/data/fep_benchmark_processed/charge_annhil_irak4_s2_protein.pdb,227,7.2687507,7.298079,7.232531,7.4381995,7.5180836,7.3298736,7.722792,6.8988223,7.5830626,7.3256574,7.361586
228,charge_annhil/irak4_s2,charge_annhil/irak4_s2/5neu,../large_fep_dataset/data/fep_benchmark_processed/charge_annhil_irak4_s2_5neu.sdf,../large_fep_dataset/data/fep_benchmark_processed/charge_annhil_irak4_s2_protein.pdb,228,7.2821207,7.548659,6.6271873,7.29097,6.762921,6.953937,7.6708636,6.953394,7.285847,7.2528677,7.1628776
229,charge_annhil/irak4_s2,charge_annhil/irak4_s2/18,../large_fep_dataset/data/fep_benchmark_processed/charge_annhil_irak4_s2_18.sdf,../large_fep_dataset/data/fep_benchmark_processed/charge_annhil_irak4_s2_protein.pdb,229,7.1329794,7.4860883,6.9004717,7.554311,7.5708585,7.342531,7.5238585,6.968209,7.925239,7.1450715,7.3549614
230,charge_annhil/irak4_s2,charge_annhil/irak4_s2/6,../large_fep_dataset/data/fep_benchmark_processed/charge_annhil_irak4_s2_6.sdf,../large_fep_dataset/data/fep_benchmark_processed/charge_annhil_irak4_s2_protein.pdb,230,7.1546426,7.227612,6.525096,6.772541,6.8397427,6.7914643,7.0011344,6.884444,7.1835437,7.0391564,6.941938
231,charge_annhil/irak4_s2,charge_annhil/irak4_s2/5charg,../large_fep_dataset/data/fep_benchmark_processed/charge_annhil_irak4_s2_5charg.sdf,../large_fep_dataset/data/fep_benchmark_processed/charge_annhil_irak4_s2_protein.pdb,231,7.4336963,7.520871,6.519867,7.2159333,6.623265,6.888225,7.5431514,7.0259304,7.1759033,7.1272836,7.107413
232,charge_annhil/irak4_s2,charge_annhil/irak4_s2/14,../large_fep_dataset/data/fep_benchmark_processed/charge_annhil_irak4_s2_14.sdf,../large_fep_dataset/data/fep_benchmark_processed/charge_annhil_irak4_s2_protein.pdb,232,7.224092,7.3615046,7.6970663,7.5518885,7.7302055,7.4552526,7.855563,6.9864464,7.9377446,7.070945,7.487071
233,charge_annhil/dlk,charge_annhil/dlk/9,../large_fep_dataset/data/fep_benchmark_processed/charge_annhil_dlk_9.sdf,../large_fep_dataset/data/fep_benchmark_processed/charge_annhil_dlk_protein.pdb,233,8.015974,8.055175,7.1458817,8.118837,7.027078,6.398323,7.430329,7.959506,7.6649175,6.3001027,7.4116125
234,charge_annhil/dlk,charge_annhil/dlk/17charg,../large_fep_dataset/data/fep_benchmark_processed/charge_annhil_dlk_17charg.sdf,../large_fep_dataset/data/fep_benchmark_processed/charge_annhil_dlk_protein.pdb,234,8.299761,8.300388,7.8607993,7.682543,7.456672,7.4260836,7.9999332,8.087973,7.505969,7.256098,7.787622
235,charge_annhil/dlk,charge_annhil/dlk/17neu,../large_fep_dataset/data/fep_benchmark_processed/charge_annhil_dlk_17neu.sdf,../large_fep_dataset/data/fep_benchmark_processed/charge_annhil_dlk_protein.pdb,235,8.163871,8.352084,7.6140842,7.7851076,7.4610386,7.3612213,7.9417157,8.263385,7.396585,7.4154773,7.7754564
236,charge_annhil/dlk,charge_annhil/dlk/4charg,../large_fep_dataset/data/fep_benchmark_processed/charge_annhil_dlk_4charg.sdf,../large_fep_dataset/data/fep_benchmark_processed/charge_annhil_dlk_protein.pdb,236,7.616008,7.274582,6.9368787,7.3609805,6.161584,5.7978735,7.683351,7.7632837,7.218864,6.566229,7.037963
237,charge_annhil/dlk,charge_annhil/dlk/4neu,../large_fep_dataset/data/fep_benchmark_processed/charge_annhil_dlk_4neu.sdf,../large_fep_dataset/data/fep_benchmark_processed/charge_annhil_dlk_protein.pdb,237,7.7813773,7.5277905,7.1165066,7.470463,6.276992,5.962604,7.458648,7.6790705,7.1744995,6.504742,7.0952697
238,charge_annhil/dlk,charge_annhil/dlk/18,../large_fep_dataset/data/fep_benchmark_processed/charge_annhil_dlk_18.sdf,../large_fep_dataset/data/fep_benchmark_processed/charge_annhil_dlk_protein.pdb,238,7.5841765,8.200203,7.36689,7.6188617,7.179392,6.8242564,7.8526883,7.88134,6.9468584,6.893331,7.4348
239,charge_annhil/dlk,charge_annhil/dlk/8,../large_fep_dataset/data/fep_benchmark_processed/charge_annhil_dlk_8.sdf,../large_fep_dataset/data/fep_benchmark_processed/charge_annhil_dlk_protein.pdb,239,7.9697804,7.8745193,7.4679146,7.4657984,6.680944,6.820656,8.00065,8.1958475,7.1552606,6.7492933,7.4380655
240,charge_annhil/irak4_s3,charge_annhil/irak4_s3/28neu,../large_fep_dataset/data/fep_benchmark_processed/charge_annhil_irak4_s3_28neu.sdf,../large_fep_dataset/data/fep_benchmark_processed/charge_annhil_irak4_s3_protein.pdb,240,6.8420873,6.897084,7.0969524,7.8748326,7.237034,7.3769183,7.9907613,7.07436,7.981046,7.4884014,7.385948
241,charge_annhil/irak4_s3,charge_annhil/irak4_s3/19charg,../large_fep_dataset/data/fep_benchmark_processed/charge_annhil_irak4_s3_19charg.sdf,../large_fep_dataset/data/fep_benchmark_processed/charge_annhil_irak4_s3_protein.pdb,241,6.852677,6.8439493,7.2311797,7.7403145,7.045167,7.4129167,8.123683,7.117961,8.021495,7.509827,7.389917
242,charge_annhil/irak4_s3,charge_annhil/irak4_s3/29,../large_fep_dataset/data/fep_benchmark_processed/charge_annhil_irak4_s3_29.sdf,../large_fep_dataset/data/fep_benchmark_processed/charge_annhil_irak4_s3_protein.pdb,242,6.8782187,7.786289,7.5443907,8.13104,7.071436,7.700236,8.249275,7.4860764,7.995934,7.427147,7.627005
243,charge_annhil/irak4_s3,charge_annhil/irak4_s3/19neu,../large_fep_dataset/data/fep_benchmark_processed/charge_annhil_irak4_s3_19neu.sdf,../large_fep_dataset/data/fep_benchmark_processed/charge_annhil_irak4_s3_protein.pdb,243,6.8565617,7.0545855,7.167012,7.8438296,7.3236775,7.424039,8.043753,7.249079,8.062144,7.380272,7.4404955
244,charge_annhil/irak4_s3,charge_annhil/irak4_s3/28charg,../large_fep_dataset/data/fep_benchmark_processed/charge_annhil_irak4_s3_28charg.sdf,../large_fep_dataset/data/fep_benchmark_processed/charge_annhil_irak4_s3_protein.pdb,244,6.848886,6.681863,7.1396437,7.8110347,7.0148273,7.3088965,8.106208,6.937116,7.9872565,7.5868454,7.3422575
245,charge_annhil/irak4_s3,charge_annhil/irak4_s3/27,../large_fep_dataset/data/fep_benchmark_processed/charge_annhil_irak4_s3_27.sdf,../large_fep_dataset/data/fep_benchmark_processed/charge_annhil_irak4_s3_protein.pdb,245,6.981125,7.701528,7.3728805,7.990288,7.4354177,7.2701273,7.542178,7.398491,7.6970577,7.1522326,7.454132
246,charge_annhil/ephx2,charge_annhil/ephx2/47charg,../large_fep_dataset/data/fep_benchmark_processed/charge_annhil_ephx2_47charg.sdf,../large_fep_dataset/data/fep_benchmark_processed/charge_annhil_ephx2_protein.pdb,246,7.2469563,7.1594543,6.9972267,7.0879297,6.9123197,7.529627,7.361948,6.8774056,8.116382,7.0948014,7.2384048
247,charge_annhil/ephx2,charge_annhil/ephx2/19charg,../large_fep_dataset/data/fep_benchmark_processed/charge_annhil_ephx2_19charg.sdf,../large_fep_dataset/data/fep_benchmark_processed/charge_annhil_ephx2_protein.pdb,247,6.2647133,6.45525,5.798929,5.271937,6.107462,6.17326,6.441576,5.8727727,6.338949,6.2724,6.0997252
248,charge_annhil/ephx2,charge_annhil/ephx2/19neu,../large_fep_dataset/data/fep_benchmark_processed/charge_annhil_ephx2_19neu.sdf,../large_fep_dataset/data/fep_benchmark_processed/charge_annhil_ephx2_protein.pdb,248,6.195321,6.3797603,5.959861,5.776495,5.9805984,5.8153577,6.607134,5.816104,6.2200255,6.3197613,6.107042
249,charge_annhil/ephx2,charge_annhil/ephx2/20,../large_fep_dataset/data/fep_benchmark_processed/charge_annhil_ephx2_20.sdf,../large_fep_dataset/data/fep_benchmark_processed/charge_annhil_ephx2_protein.pdb,249,6.225825,6.2584953,5.973421,5.9263887,6.31934,6.0704365,5.893095,5.672907,6.154396,6.580281,6.107458
250,charge_annhil/ephx2,charge_annhil/ephx2/47neu,../large_fep_dataset/data/fep_benchmark_processed/charge_annhil_ephx2_47neu.sdf,../large_fep_dataset/data/fep_benchmark_processed/charge_annhil_ephx2_protein.pdb,250,7.417741,7.1367106,7.000632,7.244574,6.83008,7.3586555,7.3024826,6.9367146,7.7901716,7.065536,7.2083297
251,charge_annhil/ephx2,charge_annhil/ephx2/33,../large_fep_dataset/data/fep_benchmark_processed/charge_annhil_ephx2_33.sdf,../large_fep_dataset/data/fep_benchmark_processed/charge_annhil_ephx2_protein.pdb,251,7.569492,7.837069,7.4507556,7.6519647,6.978463,8.125827,6.8676915,7.261492,7.836869,7.747604,7.5327225
252,charge_annhil/jak1,charge_annhil/jak1/17,../large_fep_dataset/data/fep_benchmark_processed/charge_annhil_jak1_17.sdf,../large_fep_dataset/data/fep_benchmark_processed/charge_annhil_jak1_protein.pdb,252,6.9902706,8.082639,7.1317163,7.5179925,7.6950693,6.978169,7.1338534,7.0397725,7.7360396,6.632152,7.293767
253,charge_annhil/jak1,charge_annhil/jak1/18charg,../large_fep_dataset/data/fep_benchmark_processed/charge_annhil_jak1_18charg.sdf,../large_fep_dataset/data/fep_benchmark_processed/charge_annhil_jak1_protein.pdb,253,7.5157423,8.238148,8.027121,7.7495522,8.098752,7.164673,8.034273,7.904643,7.8436036,7.8806314,7.8457136
254,charge_annhil/jak1,charge_annhil/jak1/18neu,../large_fep_dataset/data/fep_benchmark_processed/charge_annhil_jak1_18neu.sdf,../large_fep_dataset/data/fep_benchmark_processed/charge_annhil_jak1_protein.pdb,254,7.5639586,8.549261,8.187443,7.8096066,8.043207,7.115659,8.436748,8.300936,7.918138,7.859602,7.9784555
255,charge_annhil/jak1,charge_annhil/jak1/jmc_25,../large_fep_dataset/data/fep_benchmark_processed/charge_annhil_jak1_jmc_25.sdf,../large_fep_dataset/data/fep_benchmark_processed/charge_annhil_jak1_protein.pdb,255,8.442696,8.294421,7.6368794,8.111992,8.622348,7.9418273,8.58735,7.874313,8.025388,7.5485215,8.108574
256,charge_annhil/jak1,charge_annhil/jak1/jmc_34,../large_fep_dataset/data/fep_benchmark_processed/charge_annhil_jak1_jmc_34.sdf,../large_fep_dataset/data/fep_benchmark_processed/charge_annhil_jak1_protein.pdb,256,8.91236,8.921504,8.446281,8.048917,8.601352,7.961081,8.941829,8.577506,8.640773,7.9513016,8.500291
257,charge_annhil/jak1,charge_annhil/jak1/16charg,../large_fep_dataset/data/fep_benchmark_processed/charge_annhil_jak1_16charg.sdf,../large_fep_dataset/data/fep_benchmark_processed/charge_annhil_jak1_protein.pdb,257,6.9856873,7.189759,6.8957834,7.5230694,7.564853,6.8517656,6.7445264,7.0849285,7.421216,6.2986193,7.056021
258,charge_annhil/jak1,charge_annhil/jak1/16neu,../large_fep_dataset/data/fep_benchmark_processed/charge_annhil_jak1_16neu.sdf,../large_fep_dataset/data/fep_benchmark_processed/charge_annhil_jak1_protein.pdb,258,6.8879027,7.3792896,7.065689,7.536284,7.5178394,6.7203693,7.006257,7.0481386,7.468188,6.3756294,7.1005583
259,charge_annhil/jak1,charge_annhil/jak1/jmc_22,../large_fep_dataset/data/fep_benchmark_processed/charge_annhil_jak1_jmc_22.sdf,../large_fep_dataset/data/fep_benchmark_processed/charge_annhil_jak1_protein.pdb,259,8.554735,8.380148,7.6486287,8.141616,8.894748,7.794661,8.66665,7.7337265,8.659838,7.655408,8.213016
260,charge_annhil/tyk2,charge_annhil/tyk2/ejm_47,../large_fep_dataset/data/fep_benchmark_processed/charge_annhil_tyk2_ejm_47.sdf,../large_fep_dataset/data/fep_benchmark_processed/charge_annhil_tyk2_protein.pdb,260,8.31282,7.819744,6.678284,7.6207304,8.011378,7.3132195,7.7498446,7.553858,7.949815,7.5893188,7.6599016
261,charge_annhil/tyk2,charge_annhil/tyk2/jmc_32charg,../large_fep_dataset/data/fep_benchmark_processed/charge_annhil_tyk2_jmc_32charg.sdf,../large_fep_dataset/data/fep_benchmark_processed/charge_annhil_tyk2_protein.pdb,261,7.2353487,7.550436,7.433494,6.922127,8.091685,6.8486257,7.722267,7.323887,7.4251328,7.849101,7.44021
262,charge_annhil/tyk2,charge_annhil/tyk2/jmc_31,../large_fep_dataset/data/fep_benchmark_processed/charge_annhil_tyk2_jmc_31.sdf,../large_fep_dataset/data/fep_benchmark_processed/charge_annhil_tyk2_protein.pdb,262,7.470331,7.75751,7.206516,7.4007096,7.71513,7.332491,7.822678,7.4302974,7.643751,7.775549,7.555496
263,charge_annhil/tyk2,charge_annhil/tyk2/jmc_32neu,../large_fep_dataset/data/fep_benchmark_processed/charge_annhil_tyk2_jmc_32neu.sdf,../large_fep_dataset/data/fep_benchmark_processed/charge_annhil_tyk2_protein.pdb,263,7.505997,7.582344,6.856445,7.172786,7.5341053,6.99398,7.868313,7.331784,7.9068494,7.7409167,7.4493523
264,charge_annhil/tyk2,charge_annhil/tyk2/ejm_52neu,../large_fep_dataset/data/fep_benchmark_processed/charge_annhil_tyk2_ejm_52neu.sdf,../large_fep_dataset/data/fep_benchmark_processed/charge_annhil_tyk2_protein.pdb,264,7.8293066,7.447837,6.69463,7.4192543,7.616459,7.2792325,7.2691975,6.9404597,8.046609,7.5523334,7.4095316
265,charge_annhil/tyk2,charge_annhil/tyk2/ejm_52charg,../large_fep_dataset/data/fep_benchmark_processed/charge_annhil_tyk2_ejm_52charg.sdf,../large_fep_dataset/data/fep_benchmark_processed/charge_annhil_tyk2_protein.pdb,265,8.042989,7.6025524,6.655295,7.1439385,7.7632504,7.3640685,7.2982297,6.97315,7.687576,7.3881965,7.3919244
266,charge_annhil/tyk2,charge_annhil/tyk2/ejm_46,../large_fep_dataset/data/fep_benchmark_processed/charge_annhil_tyk2_ejm_46.sdf,../large_fep_dataset/data/fep_benchmark_processed/charge_annhil_tyk2_protein.pdb,266,8.324106,7.880492,7.261953,7.482619,7.936643,7.054682,8.106699,7.7106247,7.9259686,7.7748966,7.7458677
267,charge_annhil/itk,charge_annhil/itk/17,../large_fep_dataset/data/fep_benchmark_processed/charge_annhil_itk_17.sdf,../large_fep_dataset/data/fep_benchmark_processed/charge_annhil_itk_protein.pdb,267,7.671898,7.9023347,7.969236,7.6099095,7.325091,6.5974016,7.7954435,7.550305,7.3871455,7.6836762,7.549244
268,charge_annhil/itk,charge_annhil/itk/1neu,../large_fep_dataset/data/fep_benchmark_processed/charge_annhil_itk_1neu.sdf,../large_fep_dataset/data/fep_benchmark_processed/charge_annhil_itk_protein.pdb,268,8.238939,7.7527275,7.9969306,8.681574,7.6368227,8.08505,8.231942,8.397001,7.9228325,7.9855194,8.092934
269,charge_annhil/itk,charge_annhil/itk/1charg,../large_fep_dataset/data/fep_benchmark_processed/charge_annhil_itk_1charg.sdf,../large_fep_dataset/data/fep_benchmark_processed/charge_annhil_itk_protein.pdb,269,7.342678,7.94334,8.091944,8.861468,7.887006,7.8322606,8.5535555,8.325576,7.935798,8.010447,8.078406
270,charge_annhil/itk,charge_annhil/itk/18,../large_fep_dataset/data/fep_benchmark_processed/charge_annhil_itk_18.sdf,../large_fep_dataset/data/fep_benchmark_processed/charge_annhil_itk_protein.pdb,270,7.392636,7.814203,7.8607945,7.5883355,7.097872,6.544598,7.716501,7.520338,6.9462805,7.564357,7.4045916
271,charge_annhil/itk,charge_annhil/itk/19,../large_fep_dataset/data/fep_benchmark_processed/charge_annhil_itk_19.sdf,../large_fep_dataset/data/fep_benchmark_processed/charge_annhil_itk_protein.pdb,271,6.6041675,7.025719,6.4336433,7.2589583,6.6538534,6.288876,6.933183,6.9607716,6.5763407,7.093321,6.7828836
272,charge_annhil/thrombin_whole_map,charge_annhil/thrombin_whole_map/11,../large_fep_dataset/data/fep_benchmark_processed/charge_annhil_thrombin_whole_map_11.sdf,../large_fep_dataset/data/fep_benchmark_processed/charge_annhil_thrombin_whole_map_protein.pdb,272,5.0587077,5.0318537,5.2070932,5.445277,5.452711,5.3730817,4.4627557,5.656649,5.496678,5.233219,5.2418027
273,charge_annhil/thrombin_whole_map,charge_annhil/thrombin_whole_map/1,../large_fep_dataset/data/fep_benchmark_processed/charge_annhil_thrombin_whole_map_1.sdf,../large_fep_dataset/data/fep_benchmark_processed/charge_annhil_thrombin_whole_map_protein.pdb,273,6.6929035,6.1190834,5.552188,6.0623727,5.786983,5.5261297,4.9330773,6.3424296,5.995362,5.745116,5.8755646
274,charge_annhil/thrombin_whole_map,charge_annhil/thrombin_whole_map/3,../large_fep_dataset/data/fep_benchmark_processed/charge_annhil_thrombin_whole_map_3.sdf,../large_fep_dataset/data/fep_benchmark_processed/charge_annhil_thrombin_whole_map_protein.pdb,274,5.882415,4.8775554,4.848222,4.921887,4.919569,5.102776,4.4488444,5.416737,5.0280952,4.836147,5.0282245
275,charge_annhil/thrombin_whole_map,charge_annhil/thrombin_whole_map/jmb2009-4,../large_fep_dataset/data/fep_benchmark_processed/charge_annhil_thrombin_whole_map_jmb2009-4.sdf,../large_fep_dataset/data/fep_benchmark_processed/charge_annhil_thrombin_whole_map_protein.pdb,275,8.047631,8.344119,8.394046,7.9838667,8.170371,8.488823,8.042742,8.589595,8.692136,8.32111,8.307445
276,charge_annhil/thrombin_whole_map,charge_annhil/thrombin_whole_map/10,../large_fep_dataset/data/fep_benchmark_processed/charge_annhil_thrombin_whole_map_10.sdf,../large_fep_dataset/data/fep_benchmark_processed/charge_annhil_thrombin_whole_map_protein.pdb,276,5.8214774,5.753017,5.5728135,6.4474463,5.397333,5.411786,4.9403553,6.306347,6.0626,5.7308354,5.744401
277,charge_annhil/thrombin_whole_map,charge_annhil/thrombin_whole_map/2,../large_fep_dataset/data/fep_benchmark_processed/charge_annhil_thrombin_whole_map_2.sdf,../large_fep_dataset/data/fep_benchmark_processed/charge_annhil_thrombin_whole_map_protein.pdb,277,5.5730724,5.0232363,5.188927,5.0711865,4.911025,5.1847267,4.453177,5.4161882,5.026271,4.79103,5.0638843
278,charge_annhil/cdk2,charge_annhil/cdk2/39neu,../large_fep_dataset/data/fep_benchmark_processed/charge_annhil_cdk2_39neu.sdf,../large_fep_dataset/data/fep_benchmark_processed/charge_annhil_cdk2_protein.pdb,278,6.0801873,6.0677595,5.6035113,6.0068426,6.058265,5.442914,5.994008,5.6245127,6.1529098,5.876567,5.8907475
279,charge_annhil/cdk2,charge_annhil/cdk2/39charg,../large_fep_dataset/data/fep_benchmark_processed/charge_annhil_cdk2_39charg.sdf,../large_fep_dataset/data/fep_benchmark_processed/charge_annhil_cdk2_protein.pdb,279,5.604606,5.9083085,5.603808,5.4474845,5.905745,5.2560544,5.914382,5.848151,6.002381,5.9122744,5.7403193
280,charge_annhil/cdk2,charge_annhil/cdk2/34,../large_fep_dataset/data/fep_benchmark_processed/charge_annhil_cdk2_34.sdf,../large_fep_dataset/data/fep_benchmark_processed/charge_annhil_cdk2_protein.pdb,280,5.9057064,6.03766,5.520396,6.329068,5.6906233,5.539672,6.005894,5.825635,6.418252,6.087059,5.9359965
281,charge_annhil/cdk2,charge_annhil/cdk2/25,../large_fep_dataset/data/fep_benchmark_processed/charge_annhil_cdk2_25.sdf,../large_fep_dataset/data/fep_benchmark_processed/charge_annhil_cdk2_protein.pdb,281,5.5695753,6.36194,6.0049214,6.0806074,6.3015656,5.7709975,6.203156,5.836329,6.069751,6.5324407,6.0731287
282,fragments/hsp90_frag_2rings,fragments/hsp90_frag_2rings/18,../large_fep_dataset/data/fep_benchmark_processed/fragments_hsp90_frag_2rings_18.sdf,../large_fep_dataset/data/fep_benchmark_processed/fragments_hsp90_frag_2rings_protein.pdb,282,6.6181316,7.630727,6.4949274,6.5765514,7.3164334,6.7468157,6.7917023,6.4973063,7.214938,7.2305684,6.9118104
283,fragments/hsp90_frag_2rings,fragments/hsp90_frag_2rings/17,../large_fep_dataset/data/fep_benchmark_processed/fragments_hsp90_frag_2rings_17.sdf,../large_fep_dataset/data/fep_benchmark_processed/fragments_hsp90_frag_2rings_protein.pdb,283,6.9282603,7.344407,6.980097,7.051267,7.1367893,6.945767,7.1927867,6.3755827,7.3009467,7.8546505,7.111055
284,fragments/hsp90_frag_2rings,fragments/hsp90_frag_2rings/19,../large_fep_dataset/data/fep_benchmark_processed/fragments_hsp90_frag_2rings_19.sdf,../large_fep_dataset/data/fep_benchmark_processed/fragments_hsp90_frag_2rings_protein.pdb,284,7.0703964,7.9725647,7.1366277,7.077223,7.368893,7.2346535,7.392007,6.861647,7.56177,7.961303,7.3637085
285,fragments/hsp90_frag_2rings,fragments/hsp90_frag_2rings/15,../large_fep_dataset/data/fep_benchmark_processed/fragments_hsp90_frag_2rings_15.sdf,../large_fep_dataset/data/fep_benchmark_processed/fragments_hsp90_frag_2rings_protein.pdb,285,6.366485,7.1487556,6.0458283,6.6267247,6.805133,6.4171715,6.568378,6.4090743,6.641722,6.8927503,6.5922027
286,fragments/hsp90_frag_2rings,fragments/hsp90_frag_2rings/14,../large_fep_dataset/data/fep_benchmark_processed/fragments_hsp90_frag_2rings_14.sdf,../large_fep_dataset/data/fep_benchmark_processed/fragments_hsp90_frag_2rings_protein.pdb,286,6.346568,6.862344,6.0145254,6.6863146,6.738988,6.048125,6.4000845,5.795016,6.4750137,6.685516,6.4052496
287,fragments/hsp90_frag_2rings,fragments/hsp90_frag_2rings/16,../large_fep_dataset/data/fep_benchmark_processed/fragments_hsp90_frag_2rings_16.sdf,../large_fep_dataset/data/fep_benchmark_processed/fragments_hsp90_frag_2rings_protein.pdb,287,6.991618,7.5034156,7.1907287,7.2354608,7.0658283,7.107101,7.40791,6.8109603,7.525642,7.8987164,7.273738
288,fragments/frag_liga_auto,fragments/frag_liga_auto/12,../large_fep_dataset/data/fep_benchmark_processed/fragments_frag_liga_auto_12.sdf,../large_fep_dataset/data/fep_benchmark_processed/fragments_frag_liga_auto_protein.pdb,288,7.5049844,7.4607525,6.5213065,6.878306,6.6231165,7.2239947,7.1207995,7.141035,7.5176315,7.536936,7.1528864
289,fragments/frag_liga_auto,fragments/frag_liga_auto/9,../large_fep_dataset/data/fep_benchmark_processed/fragments_frag_liga_auto_9.sdf,../large_fep_dataset/data/fep_benchmark_processed/fragments_frag_liga_auto_protein.pdb,289,6.3985605,6.0200634,5.2758436,6.4045177,6.2979894,6.091701,5.204406,6.257076,6.044024,5.73291,5.972709
290,fragments/frag_liga_auto,fragments/frag_liga_auto/5,../large_fep_dataset/data/fep_benchmark_processed/fragments_frag_liga_auto_5.sdf,../large_fep_dataset/data/fep_benchmark_processed/fragments_frag_liga_auto_protein.pdb,290,5.3744006,4.6428905,4.584667,4.7028947,4.5721374,4.59585,4.446477,4.752502,5.587561,4.729043,4.7988424
291,fragments/frag_liga_auto,fragments/frag_liga_auto/6,../large_fep_dataset/data/fep_benchmark_processed/fragments_frag_liga_auto_6.sdf,../large_fep_dataset/data/fep_benchmark_processed/fragments_frag_liga_auto_protein.pdb,291,5.9921265,5.56019,5.185546,5.7994514,6.134119,5.9904456,5.319113,5.325878,6.294085,5.393172,5.6994123
292,fragments/frag_liga_auto,fragments/frag_liga_auto/11,../large_fep_dataset/data/fep_benchmark_processed/fragments_frag_liga_auto_11.sdf,../large_fep_dataset/data/fep_benchmark_processed/fragments_frag_liga_auto_protein.pdb,292,6.9994845,6.168459,6.4655566,6.987477,5.8742003,7.29775,5.722126,5.6307344,7.2434855,6.7657847,6.5155053
293,fragments/frag_liga_auto,fragments/frag_liga_auto/10,../large_fep_dataset/data/fep_benchmark_processed/fragments_frag_liga_auto_10.sdf,../large_fep_dataset/data/fep_benchmark_processed/fragments_frag_liga_auto_protein.pdb,293,5.4801683,5.291449,5.279994,6.222126,6.163153,5.8747363,5.0295353,5.2130227,6.046291,5.731384,5.6331863
294,fragments/frag_liga_auto,fragments/frag_liga_auto/8,../large_fep_dataset/data/fep_benchmark_processed/fragments_frag_liga_auto_8.sdf,../large_fep_dataset/data/fep_benchmark_processed/fragments_frag_liga_auto_protein.pdb,294,6.705247,7.4752917,6.7121663,7.0901213,6.6973357,6.971435,5.778076,6.5002646,7.0882955,6.1787844,6.7197013
295,fragments/frag_liga_auto,fragments/frag_liga_auto/3,../large_fep_dataset/data/fep_benchmark_processed/fragments_frag_liga_auto_3.sdf,../large_fep_dataset/data/fep_benchmark_processed/fragments_frag_liga_auto_protein.pdb,295,4.8305283,4.5725965,4.267444,4.981252,5.2238054,5.1900096,5.18281,4.458855,4.5257435,4.828966,4.8062005
296,fragments/frag_liga_auto,fragments/frag_liga_auto/7,../large_fep_dataset/data/fep_benchmark_processed/fragments_frag_liga_auto_7.sdf,../large_fep_dataset/data/fep_benchmark_processed/fragments_frag_liga_auto_protein.pdb,296,5.38086,5.737416,4.536964,5.0851884,5.0233245,4.9075623,4.51572,5.1270976,5.466841,5.1046057,5.088558
297,fragments/frag_liga_auto,fragments/frag_liga_auto/13,../large_fep_dataset/data/fep_benchmark_processed/fragments_frag_liga_auto_13.sdf,../large_fep_dataset/data/fep_benchmark_processed/fragments_frag_liga_auto_protein.pdb,297,7.27006,7.5991387,6.692786,6.259224,6.4810205,7.1393037,7.1994815,6.9649463,7.2885876,7.509024,7.040358
298,fragments/frag_liga_auto,fragments/frag_liga_auto/4,../large_fep_dataset/data/fep_benchmark_processed/fragments_frag_liga_auto_4.sdf,../large_fep_dataset/data/fep_benchmark_processed/fragments_frag_liga_auto_protein.pdb,298,5.260571,5.1736493,4.9493623,5.2523074,5.4591365,5.2756534,4.9962854,4.474397,4.7891474,5.3985534,5.102906
299,fragments/hsp90_frag_single_ring,fragments/hsp90_frag_single_ring/10,../large_fep_dataset/data/fep_benchmark_processed/fragments_hsp90_frag_single_ring_10.sdf,../large_fep_dataset/data/fep_benchmark_processed/fragments_hsp90_frag_single_ring_protein.pdb,299,5.9200015,6.176085,5.2953467,6.171387,5.935443,5.246302,5.5628777,5.6188645,6.139519,6.148238,5.821407
300,fragments/hsp90_frag_single_ring,fragments/hsp90_frag_single_ring/3,../large_fep_dataset/data/fep_benchmark_processed/fragments_hsp90_frag_single_ring_3.sdf,../large_fep_dataset/data/fep_benchmark_processed/fragments_hsp90_frag_single_ring_protein.pdb,300,5.686457,5.7129493,5.2797227,6.1596932,5.7781715,5.517904,5.2908225,5.4523396,6.0998063,5.3647084,5.6342573
301,fragments/hsp90_frag_single_ring,fragments/hsp90_frag_single_ring/9,../large_fep_dataset/data/fep_benchmark_processed/fragments_hsp90_frag_single_ring_9.sdf,../large_fep_dataset/data/fep_benchmark_processed/fragments_hsp90_frag_single_ring_protein.pdb,301,5.6875257,5.6894894,4.383317,6.024233,5.018399,5.615957,4.977193,4.96982,5.96131,5.3006587,5.36279
302,fragments/hsp90_frag_single_ring,fragments/hsp90_frag_single_ring/8,../large_fep_dataset/data/fep_benchmark_processed/fragments_hsp90_frag_single_ring_8.sdf,../large_fep_dataset/data/fep_benchmark_processed/fragments_hsp90_frag_single_ring_protein.pdb,302,5.1766376,5.3496146,4.71789,5.933603,6.029107,4.923023,5.4058423,4.998093,5.938887,4.952382,5.342508
303,fragments/hsp90_frag_single_ring,fragments/hsp90_frag_single_ring/11,../large_fep_dataset/data/fep_benchmark_processed/fragments_hsp90_frag_single_ring_11.sdf,../large_fep_dataset/data/fep_benchmark_processed/fragments_hsp90_frag_single_ring_protein.pdb,303,5.714679,5.7310214,4.979057,5.770106,5.3004913,5.1729426,5.5504317,4.939895,6.033045,5.7826247,5.497429
304,fragments/hsp90_frag_single_ring,fragments/hsp90_frag_single_ring/12,../large_fep_dataset/data/fep_benchmark_processed/fragments_hsp90_frag_single_ring_12.sdf,../large_fep_dataset/data/fep_benchmark_processed/fragments_hsp90_frag_single_ring_protein.pdb,304,6.311341,6.7200084,5.58291,6.1625495,6.1467795,5.459619,5.8834968,5.202046,6.065658,6.0889044,5.9623313
305,fragments/hsp90_frag_single_ring,fragments/hsp90_frag_single_ring/2,../large_fep_dataset/data/fep_benchmark_processed/fragments_hsp90_frag_single_ring_2.sdf,../large_fep_dataset/data/fep_benchmark_processed/fragments_hsp90_frag_single_ring_protein.pdb,305,5.3725314,5.415854,4.4605565,6.104414,5.1057014,5.6040707,4.701124,4.7139177,5.9317126,4.5758166,5.19857
306,fragments/jak2_set1,fragments/jak2_set1/2_3E63,../large_fep_dataset/data/fep_benchmark_processed/fragments_jak2_set1_2_3E63.sdf,../large_fep_dataset/data/fep_benchmark_processed/fragments_jak2_set1_protein.pdb,306,5.822339,5.889894,5.6786337,6.025652,5.9240136,5.69878,6.2944107,5.8109164,5.8946695,5.749774,5.878908
307,fragments/jak2_set1,fragments/jak2_set1/9,../large_fep_dataset/data/fep_benchmark_processed/fragments_jak2_set1_9.sdf,../large_fep_dataset/data/fep_benchmark_processed/fragments_jak2_set1_protein.pdb,307,6.3512273,6.548002,6.4168673,6.2981806,6.6029053,6.2646604,7.0062184,7.054619,7.415824,6.16376,6.612226
308,fragments/jak2_set1,fragments/jak2_set1/8,../large_fep_dataset/data/fep_benchmark_processed/fragments_jak2_set1_8.sdf,../large_fep_dataset/data/fep_benchmark_processed/fragments_jak2_set1_protein.pdb,308,6.2008595,6.365976,6.2875934,6.374466,6.4911876,6.326121,6.784882,6.8004913,7.0301623,5.7751884,6.4436927
309,fragments/jak2_set1,fragments/jak2_set1/5,../large_fep_dataset/data/fep_benchmark_processed/fragments_jak2_set1_5.sdf,../large_fep_dataset/data/fep_benchmark_processed/fragments_jak2_set1_protein.pdb,309,5.7863603,6.3255835,5.9848094,6.4481597,6.460492,6.4490514,6.612679,6.221095,6.661208,6.5972795,6.354672
310,fragments/jak2_set1,fragments/jak2_set1/10,../large_fep_dataset/data/fep_benchmark_processed/fragments_jak2_set1_10.sdf,../large_fep_dataset/data/fep_benchmark_processed/fragments_jak2_set1_protein.pdb,310,6.5525584,6.741593,6.6355286,7.0832405,7.0036893,6.3657436,7.1815276,7.3073354,7.642165,7.0018187,6.95152
311,fragments/jak2_set1,fragments/jak2_set1/4a,../large_fep_dataset/data/fep_benchmark_processed/fragments_jak2_set1_4a.sdf,../large_fep_dataset/data/fep_benchmark_processed/fragments_jak2_set1_protein.pdb,311,4.996488,5.5773134,5.375761,5.2195697,5.2404075,5.211941,5.6871867,5.7695203,6.135986,5.23258,5.4446754
312,fragments/jak2_set1,fragments/jak2_set1/4b,../large_fep_dataset/data/fep_benchmark_processed/fragments_jak2_set1_4b.sdf,../large_fep_dataset/data/fep_benchmark_processed/fragments_jak2_set1_protein.pdb,312,5.2026424,5.5566707,5.654821,5.595508,5.3908935,5.341409,5.943833,5.907662,6.290642,5.252605,5.613669
313,fragments/jak2_set1,fragments/jak2_set1/6,../large_fep_dataset/data/fep_benchmark_processed/fragments_jak2_set1_6.sdf,../large_fep_dataset/data/fep_benchmark_processed/fragments_jak2_set1_protein.pdb,313,5.4165587,5.8875484,5.2200065,5.6647086,5.361361,5.683453,6.651576,5.6466565,5.947139,5.9002104,5.737922
314,fragments/jak2_set1,fragments/jak2_set1/3,../large_fep_dataset/data/fep_benchmark_processed/fragments_jak2_set1_3.sdf,../large_fep_dataset/data/fep_benchmark_processed/fragments_jak2_set1_protein.pdb,314,5.896775,5.210991,5.36067,5.3406386,5.501615,5.224964,5.541774,5.5413103,5.388246,5.282763,5.4289746
315,fragments/jak2_set1,fragments/jak2_set1/1_3E62,../large_fep_dataset/data/fep_benchmark_processed/fragments_jak2_set1_1_3E62.sdf,../large_fep_dataset/data/fep_benchmark_processed/fragments_jak2_set1_protein.pdb,315,4.7543797,4.3458385,4.5613523,4.4726124,4.309274,4.492011,4.9582243,4.690354,4.405848,4.49846,4.5488353
316,fragments/jak2_set1,fragments/jak2_set1/7,../large_fep_dataset/data/fep_benchmark_processed/fragments_jak2_set1_7.sdf,../large_fep_dataset/data/fep_benchmark_processed/fragments_jak2_set1_protein.pdb,316,6.486379,6.5891685,6.12752,6.129884,6.1837854,6.171627,6.667552,6.3534393,6.529175,6.087302,6.3325834
317,fragments/frag_mup1,fragments/frag_mup1/IBT,../large_fep_dataset/data/fep_benchmark_processed/fragments_frag_mup1_IBT.sdf,../large_fep_dataset/data/fep_benchmark_processed/fragments_frag_mup1_protein.pdb,317,4.7370768,4.602711,4.6304593,4.164642,3.8380775,4.1656733,5.004809,4.6405716,4.6624174,4.65142,4.5097857
318,fragments/frag_mup1,fragments/frag_mup1/MT,../large_fep_dataset/data/fep_benchmark_processed/fragments_frag_mup1_MT.sdf,../large_fep_dataset/data/fep_benchmark_processed/fragments_frag_mup1_protein.pdb,318,3.2039416,3.3392782,3.9838722,3.8821924,4.125237,3.2741714,2.7132971,3.3958685,3.8376691,3.2779324,3.503346
319,fragments/frag_mup1,fragments/frag_mup1/PT,../large_fep_dataset/data/fep_benchmark_processed/fragments_frag_mup1_PT.sdf,../large_fep_dataset/data/fep_benchmark_processed/fragments_frag_mup1_protein.pdb,319,4.33888,4.375215,4.670556,3.9221601,3.7215922,4.392428,4.372481,4.1204967,4.0287266,4.4674397,4.2409973
320,fragments/frag_mup1,fragments/frag_mup1/SBT_R,../large_fep_dataset/data/fep_benchmark_processed/fragments_frag_mup1_SBT_R.sdf,../large_fep_dataset/data/fep_benchmark_processed/fragments_frag_mup1_protein.pdb,320,4.3480105,3.7163203,4.6172915,4.7280617,3.715933,4.331494,4.946314,4.3091393,4.3199263,4.256326,4.3288813
321,fragments/frag_mup1,fragments/frag_mup1/SBT_S,../large_fep_dataset/data/fep_benchmark_processed/fragments_frag_mup1_SBT_S.sdf,../large_fep_dataset/data/fep_benchmark_processed/fragments_frag_mup1_protein.pdb,321,4.419773,3.977284,4.681193,4.656758,3.7280679,4.345767,4.950866,4.3448367,4.607456,4.6810474,4.4393053
322,fragments/frag_mup1,fragments/frag_mup1/IPT,../large_fep_dataset/data/fep_benchmark_processed/fragments_frag_mup1_IPT.sdf,../large_fep_dataset/data/fep_benchmark_processed/fragments_frag_mup1_protein.pdb,322,4.273902,3.0490115,4.2966375,3.9215653,3.754822,3.6854289,4.122308,3.9612644,4.2790995,3.8177133,3.9161754
323,fragments/frag_mup1,fragments/frag_mup1/ET,../large_fep_dataset/data/fep_benchmark_processed/fragments_frag_mup1_ET.sdf,../large_fep_dataset/data/fep_benchmark_processed/fragments_frag_mup1_protein.pdb,323,3.6552668,3.9032836,4.4042726,3.809899,3.4388149,3.5304496,3.377616,3.5551658,4.001401,3.5693934,3.7245564
324,fragments/frag_p38,fragments/frag_p38/4,../large_fep_dataset/data/fep_benchmark_processed/fragments_frag_p38_4.sdf,../large_fep_dataset/data/fep_benchmark_processed/fragments_frag_p38_protein.pdb,324,4.229596,3.9569442,4.010059,4.528077,4.6149564,4.082327,3.794442,4.077426,4.800192,5.084189,4.3178205
325,fragments/frag_p38,fragments/frag_p38/1_1W7H,../large_fep_dataset/data/fep_benchmark_processed/fragments_frag_p38_1_1W7H.sdf,../large_fep_dataset/data/fep_benchmark_processed/fragments_frag_p38_protein.pdb,325,3.4754968,3.731201,3.2542727,4.0399723,4.0065546,3.6012495,3.2326677,3.1792338,4.2652273,3.7083464,3.6494222
326,fragments/frag_p38,fragments/frag_p38/6,../large_fep_dataset/data/fep_benchmark_processed/fragments_frag_p38_6.sdf,../large_fep_dataset/data/fep_benchmark_processed/fragments_frag_p38_protein.pdb,326,4.189186,3.8010516,4.749631,4.87657,4.6711326,4.2713284,5.034798,4.21459,4.7188106,4.4766026,4.50037
327,fragments/frag_p38,fragments/frag_p38/5_1WBW,../large_fep_dataset/data/fep_benchmark_processed/fragments_frag_p38_5_1WBW.sdf,../large_fep_dataset/data/fep_benchmark_processed/fragments_frag_p38_protein.pdb,327,3.950603,4.983099,4.2257404,4.979934,4.926991,4.1412983,4.677025,4.064723,5.2835736,4.899184,4.6132174
328,fragments/frag_p38,fragments/frag_p38/7,../large_fep_dataset/data/fep_benchmark_processed/fragments_frag_p38_7.sdf,../large_fep_dataset/data/fep_benchmark_processed/fragments_frag_p38_protein.pdb,328,5.5190153,5.7597775,5.7282295,5.909977,5.547855,5.2634315,5.7335486,5.1805167,5.2233243,5.042726,5.49084
329,fragments/frag_p38,fragments/frag_p38/3,../large_fep_dataset/data/fep_benchmark_processed/fragments_frag_p38_3.sdf,../large_fep_dataset/data/fep_benchmark_processed/fragments_frag_p38_protein.pdb,329,3.0349526,3.1457279,2.7665033,3.3165617,3.0517604,2.9470103,2.8899941,2.447467,3.37398,2.9515884,2.9925544
330,fragments/t4lysozyme_uvt,fragments/t4lysozyme_uvt/meta methyl ethyl benzene,../large_fep_dataset/data/fep_benchmark_processed/fragments_t4lysozyme_uvt_meta_methyl_ethyl_benzene.sdf,../large_fep_dataset/data/fep_benchmark_processed/fragments_t4lysozyme_uvt_protein.pdb,330,4.0020037,4.1856227,3.9024343,4.0301332,4.0669355,3.6733854,3.827111,4.4087367,4.4642634,4.011454,4.057208
331,fragments/t4lysozyme_uvt,fragments/t4lysozyme_uvt/methyl benzene,../large_fep_dataset/data/fep_benchmark_processed/fragments_t4lysozyme_uvt_methyl_benzene.sdf,../large_fep_dataset/data/fep_benchmark_processed/fragments_t4lysozyme_uvt_protein.pdb,331,3.9831166,3.6123836,3.817304,5.201211,4.523519,3.7431164,3.5250297,3.4240096,4.855208,4.0621023,4.0747004
332,fragments/t4lysozyme_uvt,fragments/t4lysozyme_uvt/ethyl benzene,../large_fep_dataset/data/fep_benchmark_processed/fragments_t4lysozyme_uvt_ethyl_benzene.sdf,../large_fep_dataset/data/fep_benchmark_processed/fragments_t4lysozyme_uvt_protein.pdb,332,3.5831409,3.818415,3.5219243,4.1993127,3.9208493,3.4489565,3.5876744,3.9021986,4.1340146,3.9974911,3.811398
333,fragments/t4lysozyme_uvt,fragments/t4lysozyme_uvt/ortho methyl ethyl benzene,../large_fep_dataset/data/fep_benchmark_processed/fragments_t4lysozyme_uvt_ortho_methyl_ethyl_benzene.sdf,../large_fep_dataset/data/fep_benchmark_processed/fragments_t4lysozyme_uvt_protein.pdb,333,3.8321261,3.8639498,4.035855,4.0394077,4.076251,3.935571,4.2434673,4.177164,4.3941846,4.027931,4.0625906
334,fragments/t4lysozyme_uvt,fragments/t4lysozyme_uvt/m-xylene,../large_fep_dataset/data/fep_benchmark_processed/fragments_t4lysozyme_uvt_m-xylene.sdf,../large_fep_dataset/data/fep_benchmark_processed/fragments_t4lysozyme_uvt_protein.pdb,334,4.348009,3.5146823,3.9453156,4.524272,4.5362034,3.8108058,3.8073528,4.7133884,4.916187,3.542325,4.165854
335,fragments/t4lysozyme_uvt,fragments/t4lysozyme_uvt/p-xylene,../large_fep_dataset/data/fep_benchmark_processed/fragments_t4lysozyme_uvt_p-xylene.sdf,../large_fep_dataset/data/fep_benchmark_processed/fragments_t4lysozyme_uvt_protein.pdb,335,3.7497637,3.449249,3.604171,4.591971,4.412583,3.6984162,3.9585533,4.3628845,4.5544024,3.889546,4.027154
336,fragments/t4lysozyme_uvt,fragments/t4lysozyme_uvt/o-xylene,../large_fep_dataset/data/fep_benchmark_processed/fragments_t4lysozyme_uvt_o-xylene.sdf,../large_fep_dataset/data/fep_benchmark_processed/fragments_t4lysozyme_uvt_protein.pdb,336,4.1426997,3.451863,4.3405013,5.0626383,4.551612,3.8878844,4.041215,4.345721,5.012696,3.8429036,4.267974
337,fragments/t4lysozyme_uvt,fragments/t4lysozyme_uvt/butyl benzene,../large_fep_dataset/data/fep_benchmark_processed/fragments_t4lysozyme_uvt_butyl_benzene.sdf,../large_fep_dataset/data/fep_benchmark_processed/fragments_t4lysozyme_uvt_protein.pdb,337,4.990048,4.249332,3.850383,4.383486,4.300198,4.230484,4.4314933,4.0759525,4.343373,5.396979,4.425173
338,fragments/t4lysozyme_uvt,fragments/t4lysozyme_uvt/propyl benzene,../large_fep_dataset/data/fep_benchmark_processed/fragments_t4lysozyme_uvt_propyl_benzene.sdf,../large_fep_dataset/data/fep_benchmark_processed/fragments_t4lysozyme_uvt_protein.pdb,338,4.577601,3.8802502,3.7944698,3.7750783,4.0865703,3.8032446,4.012624,3.733261,4.085097,4.614819,4.0363016
339,fragments/t4lysozyme_uvt,fragments/t4lysozyme_uvt/para methyl ethyl benzene,../large_fep_dataset/data/fep_benchmark_processed/fragments_t4lysozyme_uvt_para_methyl_ethyl_benzene.sdf,../large_fep_dataset/data/fep_benchmark_processed/fragments_t4lysozyme_uvt_protein.pdb,339,3.5016906,4.0020175,3.62303,3.931475,4.0511837,3.7227683,4.481849,4.388902,4.4437666,3.911679,4.005836
340,fragments/t4lysozyme_uvt,fragments/t4lysozyme_uvt/benzene,../large_fep_dataset/data/fep_benchmark_processed/fragments_t4lysozyme_uvt_benzene.sdf,../large_fep_dataset/data/fep_benchmark_processed/fragments_t4lysozyme_uvt_protein.pdb,340,3.5741115,3.9752016,4.0645113,5.4802876,4.4162145,3.5848405,3.23033,3.2542782,5.465963,4.329895,4.137563
341,fragments/t4lysozyme_uvt,fragments/t4lysozyme_uvt/isobutyl benzene,../large_fep_dataset/data/fep_benchmark_processed/fragments_t4lysozyme_uvt_isobutyl_benzene.sdf,../large_fep_dataset/data/fep_benchmark_processed/fragments_t4lysozyme_uvt_protein.pdb,341,4.027817,4.529224,3.9130375,4.2564244,3.81143,3.7516713,4.2943954,4.3907433,4.525247,3.5272324,4.102722
342,fragments/frag_mcl1_noweak,fragments/frag_mcl1_noweak/2,../large_fep_dataset/data/fep_benchmark_processed/fragments_frag_mcl1_noweak_2.sdf,../large_fep_dataset/data/fep_benchmark_processed/fragments_frag_mcl1_noweak_protein.pdb,342,4.335399,4.24942,3.9819858,4.792721,4.551684,4.704811,4.5050535,4.685793,4.4167914,4.122802,4.434646
343,fragments/frag_mcl1_noweak,fragments/frag_mcl1_noweak/3,../large_fep_dataset/data/fep_benchmark_processed/fragments_frag_mcl1_noweak_3.sdf,../large_fep_dataset/data/fep_benchmark_processed/fragments_frag_mcl1_noweak_protein.pdb,343,4.738048,4.974211,4.7112355,5.173505,4.716743,4.9879036,4.910239,5.1033196,4.789864,4.136275,4.824135
344,fragments/frag_mcl1_noweak,fragments/frag_mcl1_noweak/4,../large_fep_dataset/data/fep_benchmark_processed/fragments_frag_mcl1_noweak_4.sdf,../large_fep_dataset/data/fep_benchmark_processed/fragments_frag_mcl1_noweak_protein.pdb,344,4.552087,5.2744026,4.73142,5.2093105,4.7880836,5.456773,4.5688715,5.472251,5.052238,4.5706897,4.9676127
345,fragments/frag_mcl1_noweak,fragments/frag_mcl1_noweak/5,../large_fep_dataset/data/fep_benchmark_processed/fragments_frag_mcl1_noweak_5.sdf,../large_fep_dataset/data/fep_benchmark_processed/fragments_frag_mcl1_noweak_protein.pdb,345,5.091673,5.108861,4.509188,5.463796,4.677424,5.129094,5.1811347,5.1303,5.1651936,4.531064,4.9987726
346,fragments/frag_mcl1_noweak,fragments/frag_mcl1_noweak/7,../large_fep_dataset/data/fep_benchmark_processed/fragments_frag_mcl1_noweak_7.sdf,../large_fep_dataset/data/fep_benchmark_processed/fragments_frag_mcl1_noweak_protein.pdb,346,5.0635405,4.5536594,4.802997,4.47083,4.8225236,4.5351896,4.4171305,4.9891334,4.4834037,4.8304048,4.696881
347,fragments/frag_mcl1_noweak,fragments/frag_mcl1_noweak/8,../large_fep_dataset/data/fep_benchmark_processed/fragments_frag_mcl1_noweak_8.sdf,../large_fep_dataset/data/fep_benchmark_processed/fragments_frag_mcl1_noweak_protein.pdb,347,5.2119794,4.4572525,4.7979918,4.876263,5.4477706,4.619077,4.5645638,4.9342327,5.143965,4.8517585,4.890486
348,fragments/frag_mcl1_noweak,fragments/frag_mcl1_noweak/9,../large_fep_dataset/data/fep_benchmark_processed/fragments_frag_mcl1_noweak_9.sdf,../large_fep_dataset/data/fep_benchmark_processed/fragments_frag_mcl1_noweak_protein.pdb,348,4.234347,4.2555594,3.5552905,4.693279,4.4097037,3.2262247,4.239369,4.4003057,4.1523705,4.158588,4.132504
349,fragments/frag_mcl1_noweak,fragments/frag_mcl1_noweak/10,../large_fep_dataset/data/fep_benchmark_processed/fragments_frag_mcl1_noweak_10.sdf,../large_fep_dataset/data/fep_benchmark_processed/fragments_frag_mcl1_noweak_protein.pdb,349,4.5453906,4.991056,4.278606,5.331442,4.6824903,3.7647884,4.8484125,4.6712155,4.9219313,4.4790154,4.651435
350,fragments/frag_mcl1_noweak,fragments/frag_mcl1_noweak/11,../large_fep_dataset/data/fep_benchmark_processed/fragments_frag_mcl1_noweak_11.sdf,../large_fep_dataset/data/fep_benchmark_processed/fragments_frag_mcl1_noweak_protein.pdb,350,5.134818,5.354689,5.7467175,5.2452025,5.822221,5.69168,5.977022,5.5167127,5.663683,5.2709603,5.542371
351,fragments/frag_mcl1_noweak,fragments/frag_mcl1_noweak/14,../large_fep_dataset/data/fep_benchmark_processed/fragments_frag_mcl1_noweak_14.sdf,../large_fep_dataset/data/fep_benchmark_processed/fragments_frag_mcl1_noweak_protein.pdb,351,4.6957045,3.891304,4.6956153,4.698843,5.3983564,4.7120814,4.8684993,5.2384157,5.4759374,4.447511,4.8122263
352,fragments/frag_mcl1_noweak,fragments/frag_mcl1_noweak/15,../large_fep_dataset/data/fep_benchmark_processed/fragments_frag_mcl1_noweak_15.sdf,../large_fep_dataset/data/fep_benchmark_processed/fragments_frag_mcl1_noweak_protein.pdb,352,5.4898067,5.682086,5.1294594,6.179454,6.0264897,4.996959,5.648438,4.8030615,5.4505296,5.1973734,5.460366
353,fragments/frag_mcl1_noweak,fragments/frag_mcl1_noweak/13 flipped,../large_fep_dataset/data/fep_benchmark_processed/fragments_frag_mcl1_noweak_13_flipped.sdf,../large_fep_dataset/data/fep_benchmark_processed/fragments_frag_mcl1_noweak_protein.pdb,353,4.3958187,3.442429,4.372797,4.615455,4.9281836,3.7316225,4.6655235,4.8056436,5.2874846,4.9294934,4.517445
354,fragments/jak2_set2_extra,fragments/jak2_set2_extra/13_3E64,../large_fep_dataset/data/fep_benchmark_processed/fragments_jak2_set2_extra_13_3E64.sdf,../large_fep_dataset/data/fep_benchmark_processed/fragments_jak2_set2_extra_protein.pdb,354,7.317472,7.5363708,6.84817,6.9581785,7.275626,7.017732,7.3337913,7.134111,7.4157076,7.6123385,7.2449493
355,fragments/jak2_set2_extra,fragments/jak2_set2_extra/21,../large_fep_dataset/data/fep_benchmark_processed/fragments_jak2_set2_extra_21.sdf,../large_fep_dataset/data/fep_benchmark_processed/fragments_jak2_set2_extra_protein.pdb,355,7.4996734,7.6896534,7.43271,7.7138686,7.7873406,7.206953,7.2742696,7.3326573,7.644542,7.606621,7.5188284
356,fragments/jak2_set2_extra,fragments/jak2_set2_extra/20,../large_fep_dataset/data/fep_benchmark_processed/fragments_jak2_set2_extra_20.sdf,../large_fep_dataset/data/fep_benchmark_processed/fragments_jak2_set2_extra_protein.pdb,356,7.3132834,7.8753514,7.2617083,7.6023045,7.519133,7.5524783,7.6612864,7.7313156,7.7860155,7.983029,7.628591
357,fragments/jak2_set2_extra,fragments/jak2_set2_extra/18,../large_fep_dataset/data/fep_benchmark_processed/fragments_jak2_set2_extra_18.sdf,../large_fep_dataset/data/fep_benchmark_processed/fragments_jak2_set2_extra_protein.pdb,357,6.5632157,7.056875,6.329173,6.529259,7.151985,6.410201,7.0453773,6.8071156,6.80336,6.493634,6.71902
358,fragments/jak2_set2_extra,fragments/jak2_set2_extra/14,../large_fep_dataset/data/fep_benchmark_processed/fragments_jak2_set2_extra_14.sdf,../large_fep_dataset/data/fep_benchmark_processed/fragments_jak2_set2_extra_protein.pdb,358,7.155211,7.661949,6.602581,6.6911383,7.3860164,6.966533,7.3202944,7.099806,7.491104,7.635257,7.200989
359,fragments/jak2_set2_extra,fragments/jak2_set2_extra/12,../large_fep_dataset/data/fep_benchmark_processed/fragments_jak2_set2_extra_12.sdf,../large_fep_dataset/data/fep_benchmark_processed/fragments_jak2_set2_extra_protein.pdb,359,7.1750407,7.3907514,6.7886615,7.406309,7.146437,7.192087,7.3810215,7.107146,7.435242,7.708025,7.2730722
360,fragments/jak2_set2_extra,fragments/jak2_set2_extra/15,../large_fep_dataset/data/fep_benchmark_processed/fragments_jak2_set2_extra_15.sdf,../large_fep_dataset/data/fep_benchmark_processed/fragments_jak2_set2_extra_protein.pdb,360,6.963524,7.276634,6.882491,6.704404,7.082928,6.9941382,7.1303515,7.096908,7.1071362,7.6057234,7.084424
361,fragments/jak2_set2_extra,fragments/jak2_set2_extra/22 flip,../large_fep_dataset/data/fep_benchmark_processed/fragments_jak2_set2_extra_22_flip.sdf,../large_fep_dataset/data/fep_benchmark_processed/fragments_jak2_set2_extra_protein.pdb,361,7.399049,7.591807,7.6415596,7.770558,7.5664635,7.727621,7.7769694,7.4951944,7.59508,8.220168,7.678447
362,macrocycles/3RKZ_lig62to70_alpha05,macrocycles/3RKZ_lig62to70_alpha05/lignad_63,../large_fep_dataset/data/fep_benchmark_processed/macrocycles_3RKZ_lig62to70_alpha05_lignad_63.sdf,../large_fep_dataset/data/fep_benchmark_processed/macrocycles_3RKZ_lig62to70_alpha05_protein.pdb,362,6.8710566,6.9083295,6.3749337,7.102168,7.0270205,6.634286,7.2057834,6.365409,7.2385473,7.072503,6.880004
363,macrocycles/3RKZ_lig62to70_alpha05,macrocycles/3RKZ_lig62to70_alpha05/ligand_69,../large_fep_dataset/data/fep_benchmark_processed/macrocycles_3RKZ_lig62to70_alpha05_ligand_69.sdf,../large_fep_dataset/data/fep_benchmark_processed/macrocycles_3RKZ_lig62to70_alpha05_protein.pdb,363,7.0041313,7.6612206,6.5601068,6.546067,7.3960333,6.817394,7.173422,7.3657737,7.105441,7.224713,7.085431
364,macrocycles/3RKZ_lig62to70_alpha05,macrocycles/3RKZ_lig62to70_alpha05/ligand_62,../large_fep_dataset/data/fep_benchmark_processed/macrocycles_3RKZ_lig62to70_alpha05_ligand_62.sdf,../large_fep_dataset/data/fep_benchmark_processed/macrocycles_3RKZ_lig62to70_alpha05_protein.pdb,364,6.601392,7.2454576,6.299113,6.500013,6.6806,6.428201,6.892363,6.74274,7.385103,6.6606565,6.7435646
365,macrocycles/3RKZ_lig62to70_alpha05,macrocycles/3RKZ_lig62to70_alpha05/lignad_65,../large_fep_dataset/data/fep_benchmark_processed/macrocycles_3RKZ_lig62to70_alpha05_lignad_65.sdf,../large_fep_dataset/data/fep_benchmark_processed/macrocycles_3RKZ_lig62to70_alpha05_protein.pdb,365,6.4992175,6.9068832,6.3055553,6.674869,6.7118077,6.5595217,7.194316,6.392282,6.9973164,6.932787,6.7174554
366,macrocycles/3RKZ_lig62to70_alpha05,macrocycles/3RKZ_lig62to70_alpha05/lignad_68,../large_fep_dataset/data/fep_benchmark_processed/macrocycles_3RKZ_lig62to70_alpha05_lignad_68.sdf,../large_fep_dataset/data/fep_benchmark_processed/macrocycles_3RKZ_lig62to70_alpha05_protein.pdb,366,6.996163,7.4802446,6.364014,7.0654945,7.036431,6.827208,7.292664,6.6193957,7.526851,7.5496745,7.0758142
367,macrocycles/3RKZ_lig62to70_alpha05,macrocycles/3RKZ_lig62to70_alpha05/ligand_64,../large_fep_dataset/data/fep_benchmark_processed/macrocycles_3RKZ_lig62to70_alpha05_ligand_64.sdf,../large_fep_dataset/data/fep_benchmark_processed/macrocycles_3RKZ_lig62to70_alpha05_protein.pdb,367,6.8038335,7.464715,6.230131,6.675965,7.3086996,6.4684258,6.990954,6.9168444,7.272142,7.03944,6.917115
368,macrocycles/3RKZ_lig62to70_alpha05,macrocycles/3RKZ_lig62to70_alpha05/ligand_70,../large_fep_dataset/data/fep_benchmark_processed/macrocycles_3RKZ_lig62to70_alpha05_ligand_70.sdf,../large_fep_dataset/data/fep_benchmark_processed/macrocycles_3RKZ_lig62to70_alpha05_protein.pdb,368,7.1976395,7.4414353,7.0696464,6.611857,7.7641354,7.571346,7.0750885,7.5762434,7.5412607,7.0888615,7.2937517
369,macrocycles/MHT1_lig3_alpha05,macrocycles/MHT1_lig3_alpha05/5AN26_ligand,../large_fep_dataset/data/fep_benchmark_processed/macrocycles_MHT1_lig3_alpha05_5AN26_ligand.sdf,../large_fep_dataset/data/fep_benchmark_processed/macrocycles_MHT1_lig3_alpha05_protein.pdb,369,5.1684256,6.755972,6.3713417,6.5088496,6.170585,6.6623006,6.0306506,6.0462184,6.3525553,6.5287447,6.2595644
370,macrocycles/MHT1_lig3_alpha05,macrocycles/MHT1_lig3_alpha05/5ANT_A_ligand,../large_fep_dataset/data/fep_benchmark_processed/macrocycles_MHT1_lig3_alpha05_5ANT_A_ligand.sdf,../large_fep_dataset/data/fep_benchmark_processed/macrocycles_MHT1_lig3_alpha05_protein.pdb,370,6.386503,7.098002,6.906475,6.872187,6.305261,7.3669686,6.9255066,6.7862067,7.0678573,6.832215,6.854718
371,macrocycles/MHT1_lig3_alpha05,macrocycles/MHT1_lig3_alpha05/5ANU_ligand,../large_fep_dataset/data/fep_benchmark_processed/macrocycles_MHT1_lig3_alpha05_5ANU_ligand.sdf,../large_fep_dataset/data/fep_benchmark_processed/macrocycles_MHT1_lig3_alpha05_protein.pdb,371,7.1783338,7.6077538,6.613197,7.2272468,6.696669,7.668989,7.3580036,7.0336266,8.230801,7.069082,7.26837
372,macrocycles/2B8V_lig24and25_alpha05,macrocycles/2B8V_lig24and25_alpha05/ligand25_S,../large_fep_dataset/data/fep_benchmark_processed/macrocycles_2B8V_lig24and25_alpha05_ligand25_S.sdf,../large_fep_dataset/data/fep_benchmark_processed/macrocycles_2B8V_lig24and25_alpha05_protein.pdb,372,5.7868543,6.130163,5.8625927,6.41877,6.907589,6.480863,6.6843605,6.5340085,6.435378,6.2609816,6.350156
373,macrocycles/2B8V_lig24and25_alpha05,macrocycles/2B8V_lig24and25_alpha05/ligand24_S,../large_fep_dataset/data/fep_benchmark_processed/macrocycles_2B8V_lig24and25_alpha05_ligand24_S.sdf,../large_fep_dataset/data/fep_benchmark_processed/macrocycles_2B8V_lig24and25_alpha05_protein.pdb,373,6.181492,6.7486687,6.322977,6.4210205,6.922886,6.5680103,6.6670394,7.2148533,6.747271,6.4951625,6.6289377
374,macrocycles/ck2_custcore_hotlys,macrocycles/ck2_custcore_hotlys/ligand_15,../large_fep_dataset/data/fep_benchmark_processed/macrocycles_ck2_custcore_hotlys_ligand_15.sdf,../large_fep_dataset/data/fep_benchmark_processed/macrocycles_ck2_custcore_hotlys_protein.pdb,374,8.09959,8.067882,7.9840903,7.8196335,8.337078,7.8704443,8.260955,8.158389,8.203889,7.739444,8.054139
375,macrocycles/ck2_custcore_hotlys,macrocycles/ck2_custcore_hotlys/ligand_14,../large_fep_dataset/data/fep_benchmark_processed/macrocycles_ck2_custcore_hotlys_ligand_14.sdf,../large_fep_dataset/data/fep_benchmark_processed/macrocycles_ck2_custcore_hotlys_protein.pdb,375,9.820728,9.19993,9.318633,9.072565,9.508142,9.710179,8.52539,9.18234,9.130301,9.432847,9.290106
376,macrocycles/2E9P_lig4to7_alpha05,macrocycles/2E9P_lig4to7_alpha05/ligand_5,../large_fep_dataset/data/fep_benchmark_processed/macrocycles_2E9P_lig4to7_alpha05_ligand_5.sdf,../large_fep_dataset/data/fep_benchmark_processed/macrocycles_2E9P_lig4to7_alpha05_protein.pdb,376,7.5851855,7.705241,7.565825,7.2961173,7.567208,7.3636446,6.6884003,6.742756,7.964652,7.3761425,7.385517
377,macrocycles/2E9P_lig4to7_alpha05,macrocycles/2E9P_lig4to7_alpha05/ligand_7,../large_fep_dataset/data/fep_benchmark_processed/macrocycles_2E9P_lig4to7_alpha05_ligand_7.sdf,../large_fep_dataset/data/fep_benchmark_processed/macrocycles_2E9P_lig4to7_alpha05_protein.pdb,377,7.707581,7.918121,8.204418,7.136984,7.863502,8.12607,7.400937,7.5167685,8.309485,7.530041,7.7713904
378,macrocycles/2E9P_lig4to7_alpha05,macrocycles/2E9P_lig4to7_alpha05/ligand_4,../large_fep_dataset/data/fep_benchmark_processed/macrocycles_2E9P_lig4to7_alpha05_ligand_4.sdf,../large_fep_dataset/data/fep_benchmark_processed/macrocycles_2E9P_lig4to7_alpha05_protein.pdb,378,6.8665476,7.5296516,6.8084755,6.439904,6.8553495,7.310941,6.661258,6.094771,7.4429035,6.909823,6.8919625
379,macrocycles/2E9P_lig4to7_alpha05,macrocycles/2E9P_lig4to7_alpha05/ligand_6,../large_fep_dataset/data/fep_benchmark_processed/macrocycles_2E9P_lig4to7_alpha05_ligand_6.sdf,../large_fep_dataset/data/fep_benchmark_processed/macrocycles_2E9P_lig4to7_alpha05_protein.pdb,379,7.540435,7.6736507,7.804137,7.2792683,7.529699,7.714218,6.852775,7.3202143,8.145424,7.447625,7.530744
380,macrocycles/2Q15_lig17to21_alpha05,macrocycles/2Q15_lig17to21_alpha05/ligand_20_S,../large_fep_dataset/data/fep_benchmark_processed/macrocycles_2Q15_lig17to21_alpha05_ligand_20_S.sdf,../large_fep_dataset/data/fep_benchmark_processed/macrocycles_2Q15_lig17to21_alpha05_protein.pdb,380,8.133374,7.6953063,6.9500985,7.786727,7.8838034,7.582088,7.2002077,7.1844444,7.413072,7.029904,7.4859033
381,macrocycles/2Q15_lig17to21_alpha05,macrocycles/2Q15_lig17to21_alpha05/ligand_21,../large_fep_dataset/data/fep_benchmark_processed/macrocycles_2Q15_lig17to21_alpha05_ligand_21.sdf,../large_fep_dataset/data/fep_benchmark_processed/macrocycles_2Q15_lig17to21_alpha05_protein.pdb,381,8.020671,7.835506,6.8923526,7.380066,8.106597,7.1931653,7.0680375,7.528721,7.458622,7.162468,7.46462
382,macrocycles/2Q15_lig17to21_alpha05,macrocycles/2Q15_lig17to21_alpha05/ligand_18,../large_fep_dataset/data/fep_benchmark_processed/macrocycles_2Q15_lig17to21_alpha05_ligand_18.sdf,../large_fep_dataset/data/fep_benchmark_processed/macrocycles_2Q15_lig17to21_alpha05_protein.pdb,382,7.381744,7.68868,7.432749,7.8080735,7.7210646,7.9218197,7.7531343,8.091785,7.6557994,7.103216,7.6558065
383,macrocycles/2Q15_lig17to21_alpha05,macrocycles/2Q15_lig17to21_alpha05/ligand_17_enu,../large_fep_dataset/data/fep_benchmark_processed/macrocycles_2Q15_lig17to21_alpha05_ligand_17_enu.sdf,../large_fep_dataset/data/fep_benchmark_processed/macrocycles_2Q15_lig17to21_alpha05_protein.pdb,383,7.3471107,7.6415358,6.958413,7.4542427,7.4763117,7.4073014,7.1325154,7.3634505,7.45454,7.346875,7.3582296
384,macrocycles/2Q15_lig17to21_alpha05,macrocycles/2Q15_lig17to21_alpha05/ligand_19,../large_fep_dataset/data/fep_benchmark_processed/macrocycles_2Q15_lig17to21_alpha05_ligand_19.sdf,../large_fep_dataset/data/fep_benchmark_processed/macrocycles_2Q15_lig17to21_alpha05_protein.pdb,384,8.057579,7.81177,6.8527317,7.7283216,8.0242405,7.5390973,7.1119657,7.2599263,7.4020205,7.159525,7.4947176
385,macrocycles/hsp90_3hvd_custcore,macrocycles/hsp90_3hvd_custcore/lig_3B27,../large_fep_dataset/data/fep_benchmark_processed/macrocycles_hsp90_3hvd_custcore_lig_3B27.sdf,../large_fep_dataset/data/fep_benchmark_processed/macrocycles_hsp90_3hvd_custcore_protein.pdb,385,5.2527375,4.8846397,4.2770786,5.3353415,5.397924,5.6540794,4.430479,5.157486,5.2164564,4.7328343,5.033906
386,macrocycles/hsp90_3hvd_custcore,macrocycles/hsp90_3hvd_custcore/18 minimized,../large_fep_dataset/data/fep_benchmark_processed/macrocycles_hsp90_3hvd_custcore_18_minimized.sdf,../large_fep_dataset/data/fep_benchmark_processed/macrocycles_hsp90_3hvd_custcore_protein.pdb,386,6.4007106,7.431683,6.926297,7.414635,7.396475,6.7210655,7.1070385,6.8087606,7.117407,6.8452134,7.0169287
387,macrocycles/hsp90_3hvd_custcore,"macrocycles/hsp90_3hvd_custcore/8, 3VHA","../large_fep_dataset/data/fep_benchmark_processed/macrocycles_hsp90_3hvd_custcore_8,_3VHA.sdf",../large_fep_dataset/data/fep_benchmark_processed/macrocycles_hsp90_3hvd_custcore_protein.pdb,387,6.5919266,6.708987,6.0117383,5.971645,6.697584,6.4118495,5.9278026,6.146571,6.760528,5.9081273,6.313676
388,macrocycles/hsp90_3hvd_custcore,macrocycles/hsp90_3hvd_custcore/13,../large_fep_dataset/data/fep_benchmark_processed/macrocycles_hsp90_3hvd_custcore_13.sdf,../large_fep_dataset/data/fep_benchmark_processed/macrocycles_hsp90_3hvd_custcore_protein.pdb,388,7.02558,7.447975,6.777839,6.7787514,6.865188,6.915862,7.0601444,6.615128,7.326676,6.941295,6.9754434
389,macrocycles/hsp90_3hvd_custcore,macrocycles/hsp90_3hvd_custcore/9,../large_fep_dataset/data/fep_benchmark_processed/macrocycles_hsp90_3hvd_custcore_9.sdf,../large_fep_dataset/data/fep_benchmark_processed/macrocycles_hsp90_3hvd_custcore_protein.pdb,389,6.6634846,6.5190372,6.000279,6.0568347,6.5175333,6.387211,6.1903334,6.2261286,6.8128695,5.9091315,6.3282843
390,macrocycles/hsp90_3hvd_custcore,"macrocycles/hsp90_3hvd_custcore/16, 3VHD","../large_fep_dataset/data/fep_benchmark_processed/macrocycles_hsp90_3hvd_custcore_16,_3VHD.sdf",../large_fep_dataset/data/fep_benchmark_processed/macrocycles_hsp90_3hvd_custcore_protein.pdb,390,6.273293,7.566123,7.0446835,7.3253064,7.4075727,6.9538193,7.0817647,6.69466,7.2952704,7.1516485,7.0794134
391,macrocycles/hsp90_3hvd_custcore,"macrocycles/hsp90_3hvd_custcore/11, 3VHC","../large_fep_dataset/data/fep_benchmark_processed/macrocycles_hsp90_3hvd_custcore_11,_3VHC.sdf",../large_fep_dataset/data/fep_benchmark_processed/macrocycles_hsp90_3hvd_custcore_protein.pdb,391,7.0970883,7.262594,6.9182143,6.715037,7.130743,6.9190288,6.7411423,6.6287727,7.2324257,7.2534804,6.989853
392,macrocycles/hsp90_3hvd_custcore,macrocycles/hsp90_3hvd_custcore/12,../large_fep_dataset/data/fep_benchmark_processed/macrocycles_hsp90_3hvd_custcore_12.sdf,../large_fep_dataset/data/fep_benchmark_processed/macrocycles_hsp90_3hvd_custcore_protein.pdb,392,7.015393,7.547594,6.872741,6.965317,6.8735766,6.955609,7.012155,6.5538874,7.287071,7.054018,7.013736
393,macrocycles/hsp90_3hvd_custcore,macrocycles/hsp90_3hvd_custcore/7,../large_fep_dataset/data/fep_benchmark_processed/macrocycles_hsp90_3hvd_custcore_7.sdf,../large_fep_dataset/data/fep_benchmark_processed/macrocycles_hsp90_3hvd_custcore_protein.pdb,393,6.5409746,6.625144,5.908007,6.0972595,6.758955,6.318263,5.913619,6.118252,6.664639,6.054063,6.2999177
394,macrocycles/hsp90_3hvd_custcore,"macrocycles/hsp90_3hvd_custcore/17, top conformer","../large_fep_dataset/data/fep_benchmark_processed/macrocycles_hsp90_3hvd_custcore_17,_top_conformer.sdf",../large_fep_dataset/data/fep_benchmark_processed/macrocycles_hsp90_3hvd_custcore_protein.pdb,394,6.340565,7.6217237,7.0448112,7.489371,7.435681,6.979,7.0857124,6.5933423,7.178419,6.7986994,7.056732
395,scaffold_hopping/Fxa_2ei8,scaffold_hopping/Fxa_2ei8/Edoxaban,../large_fep_dataset/data/fep_benchmark_processed/scaffold_hopping_Fxa_2ei8_Edoxaban.sdf,../large_fep_dataset/data/fep_benchmark_processed/scaffold_hopping_Fxa_2ei8_protein.pdb,395,7.63634,7.895915,7.755473,8.063125,7.816518,8.047287,8.398812,8.138544,8.405384,7.897496,8.005489
396,scaffold_hopping/Fxa_2ei8,scaffold_hopping/Fxa_2ei8/4d,../large_fep_dataset/data/fep_benchmark_processed/scaffold_hopping_Fxa_2ei8_4d.sdf,../large_fep_dataset/data/fep_benchmark_processed/scaffold_hopping_Fxa_2ei8_protein.pdb,396,8.773841,8.8151655,8.191763,8.085052,8.38423,8.280516,8.320065,8.727758,8.326079,7.906321,8.381079
397,scaffold_hopping/Fxa_2ei8,scaffold_hopping/Fxa_2ei8/4c,../large_fep_dataset/data/fep_benchmark_processed/scaffold_hopping_Fxa_2ei8_4c.sdf,../large_fep_dataset/data/fep_benchmark_processed/scaffold_hopping_Fxa_2ei8_protein.pdb,397,8.270629,8.566392,8.032978,7.9817743,8.326221,8.188861,8.17499,8.691857,8.426667,8.044871,8.270524
398,scaffold_hopping/TPSB2_3v7t,scaffold_hopping/TPSB2_3v7t/1,../large_fep_dataset/data/fep_benchmark_processed/scaffold_hopping_TPSB2_3v7t_1.sdf,../large_fep_dataset/data/fep_benchmark_processed/scaffold_hopping_TPSB2_3v7t_protein.pdb,398,6.875555,7.0611424,6.7120504,6.3669147,7.3271246,7.235768,6.9450526,7.2434382,7.0750957,6.821598,6.9663744
399,scaffold_hopping/TPSB2_3v7t,scaffold_hopping/TPSB2_3v7t/2,../large_fep_dataset/data/fep_benchmark_processed/scaffold_hopping_TPSB2_3v7t_2.sdf,../large_fep_dataset/data/fep_benchmark_processed/scaffold_hopping_TPSB2_3v7t_protein.pdb,399,7.396497,7.403391,7.2011514,6.5462556,7.708287,7.617967,7.3816404,7.513785,7.0678253,7.0392375,7.287604
400,scaffold_hopping/Bace1_4zsp,scaffold_hopping/Bace1_4zsp/31,../large_fep_dataset/data/fep_benchmark_processed/scaffold_hopping_Bace1_4zsp_31.sdf,../large_fep_dataset/data/fep_benchmark_processed/scaffold_hopping_Bace1_4zsp_protein.pdb,400,6.3774247,5.5754824,5.6171217,5.479901,5.944307,5.963919,5.7048254,5.693551,6.516936,6.144082,5.9017553
401,scaffold_hopping/Bace1_4zsp,scaffold_hopping/Bace1_4zsp/7,../large_fep_dataset/data/fep_benchmark_processed/scaffold_hopping_Bace1_4zsp_7.sdf,../large_fep_dataset/data/fep_benchmark_processed/scaffold_hopping_Bace1_4zsp_protein.pdb,401,5.861996,5.418808,5.0982385,5.920507,5.5734463,5.50235,5.4867105,5.3573694,5.569863,5.5456986,5.5334983
402,scaffold_hopping/Bace1_4zsp,scaffold_hopping/Bace1_4zsp/6,../large_fep_dataset/data/fep_benchmark_processed/scaffold_hopping_Bace1_4zsp_6.sdf,../large_fep_dataset/data/fep_benchmark_processed/scaffold_hopping_Bace1_4zsp_protein.pdb,402,6.2455573,5.609787,5.840081,6.019675,6.08938,5.7147384,5.459455,5.9764233,5.810868,5.9890995,5.875506
403,scaffold_hopping/EZH2_5ij7_corehop,scaffold_hopping/EZH2_5ij7_corehop/22,../large_fep_dataset/data/fep_benchmark_processed/scaffold_hopping_EZH2_5ij7_corehop_22.sdf,../large_fep_dataset/data/fep_benchmark_processed/scaffold_hopping_EZH2_5ij7_corehop_protein.pdb,403,6.8232536,7.163463,6.3858023,6.256697,6.407405,6.604124,6.4059815,6.335659,6.3390617,6.4224563,6.5143905
404,scaffold_hopping/EZH2_5ij7_corehop,scaffold_hopping/EZH2_5ij7_corehop/31,../large_fep_dataset/data/fep_benchmark_processed/scaffold_hopping_EZH2_5ij7_corehop_31.sdf,../large_fep_dataset/data/fep_benchmark_processed/scaffold_hopping_EZH2_5ij7_corehop_protein.pdb,404,7.2552867,6.150983,6.370539,5.862251,6.7213106,6.5242934,6.3138676,6.5486407,6.264739,6.986447,6.499836
405,scaffold_hopping/EZH2_5ij7_corehop,scaffold_hopping/EZH2_5ij7_corehop/29,../large_fep_dataset/data/fep_benchmark_processed/scaffold_hopping_EZH2_5ij7_corehop_29.sdf,../large_fep_dataset/data/fep_benchmark_processed/scaffold_hopping_EZH2_5ij7_corehop_protein.pdb,405,7.295975,6.7023525,6.2364235,5.9412994,6.882707,6.569496,6.232062,6.2762694,6.3045816,7.2273054,6.5668473
406,scaffold_hopping/EZH2_5ij7_corehop,scaffold_hopping/EZH2_5ij7_corehop/27,../large_fep_dataset/data/fep_benchmark_processed/scaffold_hopping_EZH2_5ij7_corehop_27.sdf,../large_fep_dataset/data/fep_benchmark_processed/scaffold_hopping_EZH2_5ij7_corehop_protein.pdb,406,6.7436657,7.278436,6.6711845,6.155404,6.473781,6.605427,6.5726457,6.875399,6.221553,6.7812786,6.6378775
407,scaffold_hopping/CHK1_3u9n_corehop,scaffold_hopping/CHK1_3u9n_corehop/17,../large_fep_dataset/data/fep_benchmark_processed/scaffold_hopping_CHK1_3u9n_corehop_17.sdf,../large_fep_dataset/data/fep_benchmark_processed/scaffold_hopping_CHK1_3u9n_corehop_protein.pdb,407,7.757804,8.251329,7.2086444,7.3293214,7.850077,7.271554,7.033726,8.315608,7.405341,7.5669885,7.5990386
408,scaffold_hopping/CHK1_3u9n_corehop,scaffold_hopping/CHK1_3u9n_corehop/1,../large_fep_dataset/data/fep_benchmark_processed/scaffold_hopping_CHK1_3u9n_corehop_1.sdf,../large_fep_dataset/data/fep_benchmark_processed/scaffold_hopping_CHK1_3u9n_corehop_protein.pdb,408,7.7911205,8.306503,7.5737596,7.9044933,8.2156725,7.686946,7.5886593,8.065021,7.670897,7.462118,7.826519
409,scaffold_hopping/CHK1_3u9n_corehop,scaffold_hopping/CHK1_3u9n_corehop/21,../large_fep_dataset/data/fep_benchmark_processed/scaffold_hopping_CHK1_3u9n_corehop_21.sdf,../large_fep_dataset/data/fep_benchmark_processed/scaffold_hopping_CHK1_3u9n_corehop_protein.pdb,409,7.769366,7.9991546,7.590365,7.852034,7.986405,7.860123,7.60641,8.063557,7.6274457,7.3506927,7.770555
410,scaffold_hopping/CHK1_3u9n_corehop,scaffold_hopping/CHK1_3u9n_corehop/20,../large_fep_dataset/data/fep_benchmark_processed/scaffold_hopping_CHK1_3u9n_corehop_20.sdf,../large_fep_dataset/data/fep_benchmark_processed/scaffold_hopping_CHK1_3u9n_corehop_protein.pdb,410,7.8487015,7.8268433,7.113502,7.26867,8.2467375,7.230914,7.133541,7.827106,7.1367893,7.175159,7.480796
411,scaffold_hopping/CHK1_3u9n_corehop,scaffold_hopping/CHK1_3u9n_corehop/19,../large_fep_dataset/data/fep_benchmark_processed/scaffold_hopping_CHK1_3u9n_corehop_19.sdf,../large_fep_dataset/data/fep_benchmark_processed/scaffold_hopping_CHK1_3u9n_corehop_protein.pdb,411,7.9932084,8.487162,7.5729294,7.334432,7.8667636,7.616495,7.4197774,8.511906,7.7298603,7.270156,7.7802687
412,gpcrs/a2a_hip278,gpcrs/a2a_hip278/4g,../large_fep_dataset/data/fep_benchmark_processed/gpcrs_a2a_hip278_4g.sdf,../large_fep_dataset/data/fep_benchmark_processed/gpcrs_a2a_hip278_protein.pdb,412,5.15605,5.43518,5.8401823,5.5625215,6.0714107,4.9727893,5.59827,5.5424085,6.181168,5.859056,5.6219034
413,gpcrs/a2a_hip278,gpcrs/a2a_hip278/4h,../large_fep_dataset/data/fep_benchmark_processed/gpcrs_a2a_hip278_4h.sdf,../large_fep_dataset/data/fep_benchmark_processed/gpcrs_a2a_hip278_protein.pdb,413,6.0507493,6.331003,6.292719,6.657,6.4864445,5.7681255,6.1941233,5.848964,6.1705165,6.7126,6.2512245
414,gpcrs/a2a_hip278,gpcrs/a2a_hip278/4jS,../large_fep_dataset/data/fep_benchmark_processed/gpcrs_a2a_hip278_4jS.sdf,../large_fep_dataset/data/fep_benchmark_processed/gpcrs_a2a_hip278_protein.pdb,414,5.879005,6.184386,6.266713,7.0778103,6.4623094,5.658275,5.7957244,6.062207,6.234553,6.682431,6.2303414
415,gpcrs/a2a_hip278,gpcrs/a2a_hip278/4kU,../large_fep_dataset/data/fep_benchmark_processed/gpcrs_a2a_hip278_4kU.sdf,../large_fep_dataset/data/fep_benchmark_processed/gpcrs_a2a_hip278_protein.pdb,415,6.5081215,7.0372057,6.652664,7.599674,6.8433733,6.3694425,6.290267,6.4565268,8.002428,7.669886,6.942959
416,gpcrs/a2a_hip278,gpcrs/a2a_hip278/4lD,../large_fep_dataset/data/fep_benchmark_processed/gpcrs_a2a_hip278_4lD.sdf,../large_fep_dataset/data/fep_benchmark_processed/gpcrs_a2a_hip278_protein.pdb,416,6.7931137,6.864121,7.304146,7.4942007,6.9232693,6.505584,6.851481,6.933439,7.442621,7.788919,7.0900893
417,gpcrs/a2a_hip278,gpcrs/a2a_hip278/4i,../large_fep_dataset/data/fep_benchmark_processed/gpcrs_a2a_hip278_4i.sdf,../large_fep_dataset/data/fep_benchmark_processed/gpcrs_a2a_hip278_protein.pdb,417,6.268249,6.831605,6.5377464,7.5303936,6.9970827,6.369464,6.6751943,6.47722,6.414531,6.7123423,6.6813827
418,gpcrs/a2a_hip278,gpcrs/a2a_hip278/4a,../large_fep_dataset/data/fep_benchmark_processed/gpcrs_a2a_hip278_4a.sdf,../large_fep_dataset/data/fep_benchmark_processed/gpcrs_a2a_hip278_protein.pdb,418,4.7299895,4.7574005,4.8882804,5.4269576,5.0445843,4.6730475,4.7948313,4.9953427,5.6070385,5.615771,5.0533247
419,gpcrs/a2a_hip278,gpcrs/a2a_hip278/4b D,../large_fep_dataset/data/fep_benchmark_processed/gpcrs_a2a_hip278_4b_D.sdf,../large_fep_dataset/data/fep_benchmark_processed/gpcrs_a2a_hip278_protein.pdb,419,5.7366805,5.4293466,6.4089527,6.2156963,5.9803596,5.665686,5.726352,5.9088387,6.7339625,6.1679363,5.9973817
420,gpcrs/a2a_hip278,gpcrs/a2a_hip278/4c,../large_fep_dataset/data/fep_benchmark_processed/gpcrs_a2a_hip278_4c.sdf,../large_fep_dataset/data/fep_benchmark_processed/gpcrs_a2a_hip278_protein.pdb,420,5.842781,5.7371125,6.4893613,6.6416726,6.405734,5.9462376,6.1103096,6.353005,6.8817253,6.3430967,6.2751036
421,gpcrs/a2a_hip278,gpcrs/a2a_hip278/4d,../large_fep_dataset/data/fep_benchmark_processed/gpcrs_a2a_hip278_4d.sdf,../large_fep_dataset/data/fep_benchmark_processed/gpcrs_a2a_hip278_protein.pdb,421,5.4181185,5.822511,5.8692446,5.9847503,5.9491863,5.862294,5.682707,5.7970147,6.5536795,6.2164583,5.915597
422,gpcrs/a2a_hip278,gpcrs/a2a_hip278/4o,../large_fep_dataset/data/fep_benchmark_processed/gpcrs_a2a_hip278_4o.sdf,../large_fep_dataset/data/fep_benchmark_processed/gpcrs_a2a_hip278_protein.pdb,422,5.9328656,5.939863,5.8992696,6.077075,6.3376074,5.518231,5.998972,6.22902,6.0400853,6.0779533,6.0050936
423,gpcrs/a2a_hip278,gpcrs/a2a_hip278/4f,../large_fep_dataset/data/fep_benchmark_processed/gpcrs_a2a_hip278_4f.sdf,../large_fep_dataset/data/fep_benchmark_processed/gpcrs_a2a_hip278_protein.pdb,423,5.9549775,6.467285,6.649933,6.304193,6.643974,6.32608,5.896399,6.7526946,6.7443285,6.2937574,6.4033623
424,gpcrs/a2a_hip278,gpcrs/a2a_hip278/4e D,../large_fep_dataset/data/fep_benchmark_processed/gpcrs_a2a_hip278_4e_D.sdf,../large_fep_dataset/data/fep_benchmark_processed/gpcrs_a2a_hip278_protein.pdb,424,6.67858,6.4288316,6.7205424,6.7530985,7.08699,6.2836037,6.0817904,6.5271325,7.1754584,6.434105,6.6170135
425,gpcrs/a2a_hip278,gpcrs/a2a_hip278/4m D,../large_fep_dataset/data/fep_benchmark_processed/gpcrs_a2a_hip278_4m_D.sdf,../large_fep_dataset/data/fep_benchmark_processed/gpcrs_a2a_hip278_protein.pdb,425,5.652168,6.250419,6.4227676,6.56549,6.931719,6.1787057,5.8493724,5.9833217,6.86327,6.399437,6.309667
426,gpcrs/a2a_hip278,gpcrs/a2a_hip278/4q,../large_fep_dataset/data/fep_benchmark_processed/gpcrs_a2a_hip278_4q.sdf,../large_fep_dataset/data/fep_benchmark_processed/gpcrs_a2a_hip278_protein.pdb,426,5.152782,5.6133637,5.7096114,5.7132497,5.8341208,4.7035146,5.397881,5.341232,6.029611,6.001795,5.549716
427,gpcrs/a2a_hip278,gpcrs/a2a_hip278/4n,../large_fep_dataset/data/fep_benchmark_processed/gpcrs_a2a_hip278_4n.sdf,../large_fep_dataset/data/fep_benchmark_processed/gpcrs_a2a_hip278_protein.pdb,427,5.4304934,6.0584087,6.0992594,6.8046446,6.016974,5.836165,5.862914,5.9196725,6.7408576,6.3168325,6.1086226
428,gpcrs/a2a_hip278,gpcrs/a2a_hip278/4r U,../large_fep_dataset/data/fep_benchmark_processed/gpcrs_a2a_hip278_4r_U.sdf,../large_fep_dataset/data/fep_benchmark_processed/gpcrs_a2a_hip278_protein.pdb,428,6.370779,7.308739,7.167401,7.46445,7.120675,6.7124095,6.774076,6.4382615,7.2145767,7.494078,7.0065446
429,gpcrs/a2a_hip278,gpcrs/a2a_hip278/4o deprotonated,../large_fep_dataset/data/fep_benchmark_processed/gpcrs_a2a_hip278_4o_deprotonated.sdf,../large_fep_dataset/data/fep_benchmark_processed/gpcrs_a2a_hip278_protein.pdb,429,5.620033,5.832229,5.3809757,5.582617,6.177789,5.283681,5.603688,5.872185,5.9255037,5.9891415,5.7267838
430,gpcrs/a2a_hip278,gpcrs/a2a_hip278/4eD deprotonated,../large_fep_dataset/data/fep_benchmark_processed/gpcrs_a2a_hip278_4eD_deprotonated.sdf,../large_fep_dataset/data/fep_benchmark_processed/gpcrs_a2a_hip278_protein.pdb,430,6.1315722,5.887496,6.168378,6.2277656,6.4538484,6.1774836,5.7067013,6.409779,6.6371713,6.18079,6.198098
431,gpcrs/a2a_hip278,gpcrs/a2a_hip278/4f deprotonated,../large_fep_dataset/data/fep_benchmark_processed/gpcrs_a2a_hip278_4f_deprotonated.sdf,../large_fep_dataset/data/fep_benchmark_processed/gpcrs_a2a_hip278_protein.pdb,431,5.73508,5.7982483,6.2878947,6.127549,6.2253013,5.708721,5.4602284,6.101597,6.4120235,6.03626,5.98929
432,gpcrs/ox2_hip_custcore,gpcrs/ox2_hip_custcore/set 1: 1,../large_fep_dataset/data/fep_benchmark_processed/gpcrs_ox2_hip_custcore_set_1:_1.sdf,../large_fep_dataset/data/fep_benchmark_processed/gpcrs_ox2_hip_custcore_protein.pdb,432,7.3506413,7.380199,7.6040764,7.685554,6.88891,7.1265097,7.3111215,7.158562,8.028774,7.4612594,7.3995605
433,gpcrs/ox2_hip_custcore,gpcrs/ox2_hip_custcore/set 1: 2,../large_fep_dataset/data/fep_benchmark_processed/gpcrs_ox2_hip_custcore_set_1:_2.sdf,../large_fep_dataset/data/fep_benchmark_processed/gpcrs_ox2_hip_custcore_protein.pdb,433,7.257579,6.848624,6.894164,7.1537,7.103205,7.3404827,7.0503387,7.424731,7.191094,7.189457,7.1453385
434,gpcrs/ox2_hip_custcore,gpcrs/ox2_hip_custcore/set 1: 3,../large_fep_dataset/data/fep_benchmark_processed/gpcrs_ox2_hip_custcore_set_1:_3.sdf,../large_fep_dataset/data/fep_benchmark_processed/gpcrs_ox2_hip_custcore_protein.pdb,434,6.8426433,7.388465,7.033881,7.311755,7.451005,7.413535,7.4852457,6.5288587,7.5171943,7.3518186,7.23244
435,gpcrs/ox2_hip_custcore,gpcrs/ox2_hip_custcore/set 1: 4,../large_fep_dataset/data/fep_benchmark_processed/gpcrs_ox2_hip_custcore_set_1:_4.sdf,../large_fep_dataset/data/fep_benchmark_processed/gpcrs_ox2_hip_custcore_protein.pdb,435,7.4465046,7.446903,7.284873,7.916713,7.929267,7.266336,7.406977,7.2364016,8.153053,7.7327037,7.581973
436,gpcrs/ox2_hip_custcore,gpcrs/ox2_hip_custcore/set 1: 5,../large_fep_dataset/data/fep_benchmark_processed/gpcrs_ox2_hip_custcore_set_1:_5.sdf,../large_fep_dataset/data/fep_benchmark_processed/gpcrs_ox2_hip_custcore_protein.pdb,436,7.594745,7.085118,7.213459,7.3700466,8.066628,7.0658994,7.696487,7.8368506,8.202252,7.1769147,7.5308404
437,gpcrs/ox2_hip_custcore,gpcrs/ox2_hip_custcore/set 1: 6,../large_fep_dataset/data/fep_benchmark_processed/gpcrs_ox2_hip_custcore_set_1:_6.sdf,../large_fep_dataset/data/fep_benchmark_processed/gpcrs_ox2_hip_custcore_protein.pdb,437,7.4217944,6.9445896,7.236786,7.4287415,7.5841975,7.452173,7.326816,7.4844403,7.685951,7.3940606,7.395955
438,gpcrs/ox2_hip_custcore,gpcrs/ox2_hip_custcore/set 1: 7,../large_fep_dataset/data/fep_benchmark_processed/gpcrs_ox2_hip_custcore_set_1:_7.sdf,../large_fep_dataset/data/fep_benchmark_processed/gpcrs_ox2_hip_custcore_protein.pdb,438,7.7203565,7.4475055,7.3846016,7.6560884,7.956408,7.1761937,7.7163963,7.802652,8.273059,7.6080456,7.6741304
439,gpcrs/ox2_hip_custcore,gpcrs/ox2_hip_custcore/set 1: 8,../large_fep_dataset/data/fep_benchmark_processed/gpcrs_ox2_hip_custcore_set_1:_8.sdf,../large_fep_dataset/data/fep_benchmark_processed/gpcrs_ox2_hip_custcore_protein.pdb,439,7.415823,7.3327756,7.8572683,7.9254403,7.2416105,7.4667974,7.6184516,7.9520483,8.088686,7.565445,7.646434
440,gpcrs/ox2_hip_custcore,gpcrs/ox2_hip_custcore/set 1: 9,../large_fep_dataset/data/fep_benchmark_processed/gpcrs_ox2_hip_custcore_set_1:_9.sdf,../large_fep_dataset/data/fep_benchmark_processed/gpcrs_ox2_hip_custcore_protein.pdb,440,7.7126756,6.8306384,6.841324,7.0260024,7.008493,6.9763403,7.1897197,7.292663,7.835857,6.5525756,7.126629
441,gpcrs/ox2_hip_custcore,gpcrs/ox2_hip_custcore/set 1: 10,../large_fep_dataset/data/fep_benchmark_processed/gpcrs_ox2_hip_custcore_set_1:_10.sdf,../large_fep_dataset/data/fep_benchmark_processed/gpcrs_ox2_hip_custcore_protein.pdb,441,7.153159,6.9858246,7.2700157,7.3803053,6.902794,7.127174,7.22262,7.307162,7.6234818,7.488593,7.246113
442,gpcrs/ox2_hip_custcore,gpcrs/ox2_hip_custcore/set 1: 11,../large_fep_dataset/data/fep_benchmark_processed/gpcrs_ox2_hip_custcore_set_1:_11.sdf,../large_fep_dataset/data/fep_benchmark_processed/gpcrs_ox2_hip_custcore_protein.pdb,442,6.9673142,7.448415,7.403956,7.6681094,7.8403654,7.265025,7.7993593,7.379935,8.129425,7.7012367,7.560313
443,gpcrs/ox2_hip_custcore,gpcrs/ox2_hip_custcore/set 1: 12,../large_fep_dataset/data/fep_benchmark_processed/gpcrs_ox2_hip_custcore_set_1:_12.sdf,../large_fep_dataset/data/fep_benchmark_processed/gpcrs_ox2_hip_custcore_protein.pdb,443,7.1713977,6.726941,7.1550546,7.1378374,7.6992855,7.0080543,7.3897467,7.1323347,7.9336295,6.9109955,7.226528
444,gpcrs/ox2_hip_custcore,gpcrs/ox2_hip_custcore/set 1: 13,../large_fep_dataset/data/fep_benchmark_processed/gpcrs_ox2_hip_custcore_set_1:_13.sdf,../large_fep_dataset/data/fep_benchmark_processed/gpcrs_ox2_hip_custcore_protein.pdb,444,7.830478,7.1923876,7.3211613,8.091718,7.199369,7.2713494,7.819337,7.56316,7.5018773,7.396984,7.518782
445,gpcrs/ox2_hip_custcore,gpcrs/ox2_hip_custcore/set 1: 14,../large_fep_dataset/data/fep_benchmark_processed/gpcrs_ox2_hip_custcore_set_1:_14.sdf,../large_fep_dataset/data/fep_benchmark_processed/gpcrs_ox2_hip_custcore_protein.pdb,445,6.9046006,7.213366,7.4164414,7.5569854,6.8653326,7.1459913,7.4370914,6.973867,7.568458,7.310949,7.2393084
446,gpcrs/ox2_hip_custcore,gpcrs/ox2_hip_custcore/set 1: 15,../large_fep_dataset/data/fep_benchmark_processed/gpcrs_ox2_hip_custcore_set_1:_15.sdf,../large_fep_dataset/data/fep_benchmark_processed/gpcrs_ox2_hip_custcore_protein.pdb,446,7.1416903,7.8557367,6.5872684,7.84594,7.409604,7.8645988,7.705451,6.9358726,7.298518,7.460747,7.4105425
447,gpcrs/ox2_hip_custcore,gpcrs/ox2_hip_custcore/set 1: 16,../large_fep_dataset/data/fep_benchmark_processed/gpcrs_ox2_hip_custcore_set_1:_16.sdf,../large_fep_dataset/data/fep_benchmark_processed/gpcrs_ox2_hip_custcore_protein.pdb,447,6.8425527,6.918343,7.2432113,7.7110357,7.5689063,7.033184,7.3487473,7.459213,7.9574356,7.2992263,7.3381853
448,gpcrs/ox2_hip_custcore,gpcrs/ox2_hip_custcore/set 1: 17,../large_fep_dataset/data/fep_benchmark_processed/gpcrs_ox2_hip_custcore_set_1:_17.sdf,../large_fep_dataset/data/fep_benchmark_processed/gpcrs_ox2_hip_custcore_protein.pdb,448,6.9059772,6.680248,7.186367,7.4709544,7.6279483,6.779114,7.1533175,6.7555814,7.7054377,7.1869264,7.1451874
449,gpcrs/ox2_hip_custcore,gpcrs/ox2_hip_custcore/set 1: 18,../large_fep_dataset/data/fep_benchmark_processed/gpcrs_ox2_hip_custcore_set_1:_18.sdf,../large_fep_dataset/data/fep_benchmark_processed/gpcrs_ox2_hip_custcore_protein.pdb,449,7.4684925,7.1463203,7.332027,7.5072594,7.424494,7.3808823,7.460265,7.310212,7.6009603,7.332596,7.396351
450,gpcrs/ox2_hip_custcore,gpcrs/ox2_hip_custcore/set 1: 19,../large_fep_dataset/data/fep_benchmark_processed/gpcrs_ox2_hip_custcore_set_1:_19.sdf,../large_fep_dataset/data/fep_benchmark_processed/gpcrs_ox2_hip_custcore_protein.pdb,450,7.3602724,7.0442367,7.4743853,7.818951,7.5335383,7.2852755,7.525129,7.597392,7.4521203,7.447769,7.453907
451,gpcrs/ox2_hip_custcore,gpcrs/ox2_hip_custcore/set 1: 20,../large_fep_dataset/data/fep_benchmark_processed/gpcrs_ox2_hip_custcore_set_1:_20.sdf,../large_fep_dataset/data/fep_benchmark_processed/gpcrs_ox2_hip_custcore_protein.pdb,451,7.1868114,6.817777,7.2094965,7.6061926,7.1356325,7.0191784,7.433353,6.846358,7.919444,6.7302833,7.1904535
452,gpcrs/ox2_hip_custcore,gpcrs/ox2_hip_custcore/set 1: 21,../large_fep_dataset/data/fep_benchmark_processed/gpcrs_ox2_hip_custcore_set_1:_21.sdf,../large_fep_dataset/data/fep_benchmark_processed/gpcrs_ox2_hip_custcore_protein.pdb,452,7.0489154,6.3761024,6.793718,6.81522,7.309159,6.8002396,6.7353406,6.3124194,7.284689,6.2288275,6.7704635
453,gpcrs/ox2_hip_custcore,gpcrs/ox2_hip_custcore/set 1: 22,../large_fep_dataset/data/fep_benchmark_processed/gpcrs_ox2_hip_custcore_set_1:_22.sdf,../large_fep_dataset/data/fep_benchmark_processed/gpcrs_ox2_hip_custcore_protein.pdb,453,6.5974565,6.700823,7.0089626,7.1527963,7.0261827,6.1575227,7.1294484,6.8050213,8.140605,6.64178,6.9360604
454,gpcrs/ox2_hip_custcore,gpcrs/ox2_hip_custcore/set 1: 23,../large_fep_dataset/data/fep_benchmark_processed/gpcrs_ox2_hip_custcore_set_1:_23.sdf,../large_fep_dataset/data/fep_benchmark_processed/gpcrs_ox2_hip_custcore_protein.pdb,454,7.126756,7.370354,6.8680816,7.195092,6.821852,6.990898,7.3246436,6.1217146,7.2855544,6.9028063,7.0007753
455,gpcrs/ox2_hip_custcore,gpcrs/ox2_hip_custcore/set 1: 24,../large_fep_dataset/data/fep_benchmark_processed/gpcrs_ox2_hip_custcore_set_1:_24.sdf,../large_fep_dataset/data/fep_benchmark_processed/gpcrs_ox2_hip_custcore_protein.pdb,455,7.2820196,7.00826,7.4010544,7.6565647,7.563553,7.1152525,7.445079,6.8177915,7.49549,6.965251,7.275031
456,gpcrs/ox2_hip_custcore,gpcrs/ox2_hip_custcore/set 1: 25,../large_fep_dataset/data/fep_benchmark_processed/gpcrs_ox2_hip_custcore_set_1:_25.sdf,../large_fep_dataset/data/fep_benchmark_processed/gpcrs_ox2_hip_custcore_protein.pdb,456,7.359486,7.269901,7.32096,8.003373,7.821895,7.3041277,7.666527,7.645784,7.728379,7.6447616,7.576519
457,gpcrs/ox2_hip_custcore,gpcrs/ox2_hip_custcore/set 1: 26,../large_fep_dataset/data/fep_benchmark_processed/gpcrs_ox2_hip_custcore_set_1:_26.sdf,../large_fep_dataset/data/fep_benchmark_processed/gpcrs_ox2_hip_custcore_protein.pdb,457,7.304971,6.973323,7.254917,7.723466,7.093347,7.1298943,7.5829406,6.69366,8.07284,6.995495,7.2824845
458,gpcrs/ox2_hip_custcore,gpcrs/ox2_hip_custcore/set 1: 27,../large_fep_dataset/data/fep_benchmark_processed/gpcrs_ox2_hip_custcore_set_1:_27.sdf,../large_fep_dataset/data/fep_benchmark_processed/gpcrs_ox2_hip_custcore_protein.pdb,458,6.5981956,6.6696796,6.9860826,7.344925,6.870758,6.852114,7.18397,6.7047176,7.5788565,6.820907,6.9610214
459,gpcrs/ox2_hip_custcore,gpcrs/ox2_hip_custcore/set 2: 1,../large_fep_dataset/data/fep_benchmark_processed/gpcrs_ox2_hip_custcore_set_2:_1.sdf,../large_fep_dataset/data/fep_benchmark_processed/gpcrs_ox2_hip_custcore_protein.pdb,459,6.302475,6.883521,7.100923,7.33079,7.5322814,6.9397054,6.9872165,6.878537,7.6755943,6.872829,7.050387
460,gpcrs/ox2_hip_custcore,gpcrs/ox2_hip_custcore/set 2: 2,../large_fep_dataset/data/fep_benchmark_processed/gpcrs_ox2_hip_custcore_set_2:_2.sdf,../large_fep_dataset/data/fep_benchmark_processed/gpcrs_ox2_hip_custcore_protein.pdb,460,6.0165243,7.1025295,6.0778227,7.118069,6.3269835,6.5784945,6.524875,6.0678587,7.0414953,6.493711,6.534837
461,gpcrs/ox2_hip_custcore,gpcrs/ox2_hip_custcore/set 2: 3,../large_fep_dataset/data/fep_benchmark_processed/gpcrs_ox2_hip_custcore_set_2:_3.sdf,../large_fep_dataset/data/fep_benchmark_processed/gpcrs_ox2_hip_custcore_protein.pdb,461,6.4742665,6.9796047,7.3687515,7.6837015,6.4808517,6.8640227,6.6073413,6.6084805,7.289243,6.658862,6.901512
462,gpcrs/ox2_hip_custcore,gpcrs/ox2_hip_custcore/set 2: 4,../large_fep_dataset/data/fep_benchmark_processed/gpcrs_ox2_hip_custcore_set_2:_4.sdf,../large_fep_dataset/data/fep_benchmark_processed/gpcrs_ox2_hip_custcore_protein.pdb,462,6.692173,7.3667245,7.1036754,7.304626,7.872646,7.064404,7.1275687,7.5205317,7.7429214,6.838078,7.2633348
463,gpcrs/ox2_hip_custcore,gpcrs/ox2_hip_custcore/set 2: 5 adjust,../large_fep_dataset/data/fep_benchmark_processed/gpcrs_ox2_hip_custcore_set_2:_5_adjust.sdf,../large_fep_dataset/data/fep_benchmark_processed/gpcrs_ox2_hip_custcore_protein.pdb,463,6.4640293,7.125245,7.1790614,6.591856,7.703821,7.396057,7.0215755,7.2246356,7.2011647,7.0272903,7.093474
464,gpcrs/ox2_hip_custcore,gpcrs/ox2_hip_custcore/set 2: 6,../large_fep_dataset/data/fep_benchmark_processed/gpcrs_ox2_hip_custcore_set_2:_6.sdf,../large_fep_dataset/data/fep_benchmark_processed/gpcrs_ox2_hip_custcore_protein.pdb,464,7.0509706,7.922052,7.513658,7.4085484,7.702127,6.924054,7.267905,7.7538643,8.713932,7.063382,7.5320497
465,gpcrs/ox2_hip_custcore,gpcrs/ox2_hip_custcore/set 2: 7,../large_fep_dataset/data/fep_benchmark_processed/gpcrs_ox2_hip_custcore_set_2:_7.sdf,../large_fep_dataset/data/fep_benchmark_processed/gpcrs_ox2_hip_custcore_protein.pdb,465,6.138776,7.3149023,7.0785065,7.441541,7.3331256,6.643066,6.986555,6.987712,7.1208744,6.7708964,6.9815955
466,gpcrs/ox2_hip_custcore,gpcrs/ox2_hip_custcore/set 2: 8,../large_fep_dataset/data/fep_benchmark_processed/gpcrs_ox2_hip_custcore_set_2:_8.sdf,../large_fep_dataset/data/fep_benchmark_processed/gpcrs_ox2_hip_custcore_protein.pdb,466,6.755193,6.804657,7.00625,7.381746,7.014619,6.8909802,7.320651,6.7959833,7.427407,6.6857123,7.00832
467,gpcrs/ox2_hip_custcore,gpcrs/ox2_hip_custcore/set 2: 9,../large_fep_dataset/data/fep_benchmark_processed/gpcrs_ox2_hip_custcore_set_2:_9.sdf,../large_fep_dataset/data/fep_benchmark_processed/gpcrs_ox2_hip_custcore_protein.pdb,467,6.583036,7.2726774,7.0968957,7.1252513,7.864048,7.461008,7.169292,7.3193703,7.2795124,7.1989717,7.237006
468,gpcrs/ox2_hip_custcore,gpcrs/ox2_hip_custcore/set 2: 10,../large_fep_dataset/data/fep_benchmark_processed/gpcrs_ox2_hip_custcore_set_2:_10.sdf,../large_fep_dataset/data/fep_benchmark_processed/gpcrs_ox2_hip_custcore_protein.pdb,468,6.6264267,7.276901,7.1841373,7.1147275,8.073244,7.396937,7.5139003,7.2095094,6.865399,7.1185446,7.237973
469,gpcrs/ox2_hip_custcore,gpcrs/ox2_hip_custcore/set 2: 11,../large_fep_dataset/data/fep_benchmark_processed/gpcrs_ox2_hip_custcore_set_2:_11.sdf,../large_fep_dataset/data/fep_benchmark_processed/gpcrs_ox2_hip_custcore_protein.pdb,469,6.890472,6.6029334,6.979462,7.4069185,6.966028,6.9522023,6.561089,6.5778146,7.0846233,6.77978,6.880132
470,gpcrs/ox2_hip_custcore,gpcrs/ox2_hip_custcore/set 2: 12,../large_fep_dataset/data/fep_benchmark_processed/gpcrs_ox2_hip_custcore_set_2:_12.sdf,../large_fep_dataset/data/fep_benchmark_processed/gpcrs_ox2_hip_custcore_protein.pdb,470,7.0193515,6.8727784,7.639235,7.4110975,7.6120863,7.042492,6.867442,7.1413746,7.62797,7.1963444,7.2430167
471,gpcrs/ox2_hip_custcore,gpcrs/ox2_hip_custcore/set 2: 13,../large_fep_dataset/data/fep_benchmark_processed/gpcrs_ox2_hip_custcore_set_2:_13.sdf,../large_fep_dataset/data/fep_benchmark_processed/gpcrs_ox2_hip_custcore_protein.pdb,471,6.2760363,6.8488584,6.8626003,7.153575,6.4272833,6.5888433,6.7471633,6.0669584,6.965,6.426215,6.6362534
472,gpcrs/ox2_hip_custcore,gpcrs/ox2_hip_custcore/set 2: 14,../large_fep_dataset/data/fep_benchmark_processed/gpcrs_ox2_hip_custcore_set_2:_14.sdf,../large_fep_dataset/data/fep_benchmark_processed/gpcrs_ox2_hip_custcore_protein.pdb,472,6.565681,7.439667,7.2525105,7.712076,7.7090015,6.9598165,6.8013396,7.1718535,7.4146976,6.6405706,7.1667213
473,gpcrs/ox2_hip_custcore,gpcrs/ox2_hip_custcore/set 2: 15,../large_fep_dataset/data/fep_benchmark_processed/gpcrs_ox2_hip_custcore_set_2:_15.sdf,../large_fep_dataset/data/fep_benchmark_processed/gpcrs_ox2_hip_custcore_protein.pdb,473,6.602064,6.9900413,6.554291,6.2877913,7.2032475,7.301178,7.07626,7.165555,7.068649,6.728647,6.8977723
474,gpcrs/ox2_hip_custcore,gpcrs/ox2_hip_custcore/set 2: 16,../large_fep_dataset/data/fep_benchmark_processed/gpcrs_ox2_hip_custcore_set_2:_16.sdf,../large_fep_dataset/data/fep_benchmark_processed/gpcrs_ox2_hip_custcore_protein.pdb,474,6.461382,7.4796195,7.266721,7.1593843,7.238907,7.116639,7.1947317,7.0008793,7.580402,7.342902,7.184156
475,gpcrs/ox2_hip_custcore,gpcrs/ox2_hip_custcore/set 2: 17,../large_fep_dataset/data/fep_benchmark_processed/gpcrs_ox2_hip_custcore_set_2:_17.sdf,../large_fep_dataset/data/fep_benchmark_processed/gpcrs_ox2_hip_custcore_protein.pdb,475,6.514408,7.0298576,6.9831133,7.2569313,7.4738703,7.152605,8.000341,7.4657683,6.582994,7.2436204,7.1703506
476,gpcrs/ox2_hip_custcore,gpcrs/ox2_hip_custcore/set 2: 18,../large_fep_dataset/data/fep_benchmark_processed/gpcrs_ox2_hip_custcore_set_2:_18.sdf,../large_fep_dataset/data/fep_benchmark_processed/gpcrs_ox2_hip_custcore_protein.pdb,476,6.809188,7.0410547,7.4830427,7.4298835,7.6733932,7.1750846,6.8941474,7.2880864,8.204168,6.7189555,7.2717004
477,gpcrs/ox2_hip_custcore,gpcrs/ox2_hip_custcore/set 2: 19,../large_fep_dataset/data/fep_benchmark_processed/gpcrs_ox2_hip_custcore_set_2:_19.sdf,../large_fep_dataset/data/fep_benchmark_processed/gpcrs_ox2_hip_custcore_protein.pdb,477,6.186451,6.6369762,6.869676,7.2766,6.518156,6.8064003,6.482333,6.230634,7.067375,6.6183877,6.669299
478,gpcrs/ox2_hip_custcore,gpcrs/ox2_hip_custcore/set 2: 20,../large_fep_dataset/data/fep_benchmark_processed/gpcrs_ox2_hip_custcore_set_2:_20.sdf,../large_fep_dataset/data/fep_benchmark_processed/gpcrs_ox2_hip_custcore_protein.pdb,478,6.7371335,6.4736266,7.3161597,7.657443,6.345476,7.012938,6.9793005,6.464835,7.0964227,6.6285653,6.8711905
479,gpcrs/ox2_hip_custcore,gpcrs/ox2_hip_custcore/set 2: 21,../large_fep_dataset/data/fep_benchmark_processed/gpcrs_ox2_hip_custcore_set_2:_21.sdf,../large_fep_dataset/data/fep_benchmark_processed/gpcrs_ox2_hip_custcore_protein.pdb,479,6.6663585,7.359644,7.149542,7.5522556,7.6160054,7.0596128,7.01769,7.465686,7.6000667,6.8779535,7.2364817
480,gpcrs/ox2_hip_custcore,gpcrs/ox2_hip_custcore/set 2: 22,../large_fep_dataset/data/fep_benchmark_processed/gpcrs_ox2_hip_custcore_set_2:_22.sdf,../large_fep_dataset/data/fep_benchmark_processed/gpcrs_ox2_hip_custcore_protein.pdb,480,6.7365265,7.060786,6.5295544,7.2157254,6.645891,6.9306965,6.51765,6.4174767,7.1858435,6.5378013,6.7777953
481,gpcrs/ox2_hip_custcore,gpcrs/ox2_hip_custcore/set 2: 23,../large_fep_dataset/data/fep_benchmark_processed/gpcrs_ox2_hip_custcore_set_2:_23.sdf,../large_fep_dataset/data/fep_benchmark_processed/gpcrs_ox2_hip_custcore_protein.pdb,481,6.277729,7.1073275,7.133524,7.435102,7.055625,6.866504,6.741552,6.817884,7.613935,6.876731,6.992591
482,gpcrs/ox2_hip_custcore,gpcrs/ox2_hip_custcore/set 2: 24,../large_fep_dataset/data/fep_benchmark_processed/gpcrs_ox2_hip_custcore_set_2:_24.sdf,../large_fep_dataset/data/fep_benchmark_processed/gpcrs_ox2_hip_custcore_protein.pdb,482,7.5180564,7.5307503,7.314958,7.909531,7.9717793,7.6243415,7.248034,7.7019644,7.8236284,7.137109,7.5780153
483,gpcrs/p2y1_meta_sub,gpcrs/p2y1_meta_sub/16,../large_fep_dataset/data/fep_benchmark_processed/gpcrs_p2y1_meta_sub_16.sdf,../large_fep_dataset/data/fep_benchmark_processed/gpcrs_p2y1_meta_sub_protein.pdb,483,6.2528877,6.749497,5.7022004,6.1782293,5.8099575,6.085624,5.6168385,6.2486978,6.8552513,6.2162457,6.171543
484,gpcrs/p2y1_meta_sub,gpcrs/p2y1_meta_sub/11a,../large_fep_dataset/data/fep_benchmark_processed/gpcrs_p2y1_meta_sub_11a.sdf,../large_fep_dataset/data/fep_benchmark_processed/gpcrs_p2y1_meta_sub_protein.pdb,484,4.8013325,5.707315,4.579993,4.3025603,4.684471,4.958717,4.2178793,4.682462,5.755425,4.7865834,4.847674
485,gpcrs/p2y1_meta_sub,gpcrs/p2y1_meta_sub/6e,../large_fep_dataset/data/fep_benchmark_processed/gpcrs_p2y1_meta_sub_6e.sdf,../large_fep_dataset/data/fep_benchmark_processed/gpcrs_p2y1_meta_sub_protein.pdb,485,4.8974533,5.0639787,4.157022,4.7491336,4.770526,4.8198857,4.296442,5.107166,5.570533,4.539668,4.797181
486,gpcrs/p2y1_meta_sub,gpcrs/p2y1_meta_sub/11c,../large_fep_dataset/data/fep_benchmark_processed/gpcrs_p2y1_meta_sub_11c.sdf,../large_fep_dataset/data/fep_benchmark_processed/gpcrs_p2y1_meta_sub_protein.pdb,486,5.8168197,6.1289597,5.1797075,5.481603,6.198565,5.883398,5.152175,5.708143,6.8689528,6.0502768,5.846861
487,gpcrs/p2y1_meta_sub,gpcrs/p2y1_meta_sub/6b,../large_fep_dataset/data/fep_benchmark_processed/gpcrs_p2y1_meta_sub_6b.sdf,../large_fep_dataset/data/fep_benchmark_processed/gpcrs_p2y1_meta_sub_protein.pdb,487,4.6504917,5.254427,4.515348,4.653573,4.8453755,5.1160917,4.7078385,4.829462,5.416693,4.8823113,4.8871617
488,gpcrs/p2y1_meta_sub,gpcrs/p2y1_meta_sub/1,../large_fep_dataset/data/fep_benchmark_processed/gpcrs_p2y1_meta_sub_1.sdf,../large_fep_dataset/data/fep_benchmark_processed/gpcrs_p2y1_meta_sub_protein.pdb,488,4.5922303,5.4038396,4.532147,4.901624,4.8355913,5.0794716,4.7063007,4.929179,5.8517356,4.938325,4.9770446
489,gpcrs/p2y1_meta_sub,gpcrs/p2y1_meta_sub/6a,../large_fep_dataset/data/fep_benchmark_processed/gpcrs_p2y1_meta_sub_6a.sdf,../large_fep_dataset/data/fep_benchmark_processed/gpcrs_p2y1_meta_sub_protein.pdb,489,4.7404723,5.4933863,4.34901,4.748797,4.859848,5.194752,4.4445825,4.809167,5.2356644,5.023126,4.88988
490,gpcrs/p2y1_meta_sub,gpcrs/p2y1_meta_sub/6f,../large_fep_dataset/data/fep_benchmark_processed/gpcrs_p2y1_meta_sub_6f.sdf,../large_fep_dataset/data/fep_benchmark_processed/gpcrs_p2y1_meta_sub_protein.pdb,490,4.2050757,5.263792,4.11172,4.6040964,4.705226,5.0269113,4.433979,4.799178,5.5973973,4.6490455,4.739642
491,gpcrs/p2y1_meta_sub,gpcrs/p2y1_meta_sub/6h,../large_fep_dataset/data/fep_benchmark_processed/gpcrs_p2y1_meta_sub_6h.sdf,../large_fep_dataset/data/fep_benchmark_processed/gpcrs_p2y1_meta_sub_protein.pdb,491,4.776595,5.4540253,4.1474257,4.861431,4.8085413,5.41748,4.7400074,5.05812,5.3634696,4.7118,4.9338894
492,gpcrs/p2y1_meta_sub,gpcrs/p2y1_meta_sub/6d,../large_fep_dataset/data/fep_benchmark_processed/gpcrs_p2y1_meta_sub_6d.sdf,../large_fep_dataset/data/fep_benchmark_processed/gpcrs_p2y1_meta_sub_protein.pdb,492,4.509564,5.2828164,4.1928225,4.572715,4.721794,5.0530243,4.4466124,4.683805,5.4023542,4.7613683,4.7626877
493,gpcrs/p2y1_meta_sub,gpcrs/p2y1_meta_sub/6i,../large_fep_dataset/data/fep_benchmark_processed/gpcrs_p2y1_meta_sub_6i.sdf,../large_fep_dataset/data/fep_benchmark_processed/gpcrs_p2y1_meta_sub_protein.pdb,493,5.859525,6.3480697,5.4329977,6.3898005,5.6949244,6.143469,5.361531,6.5860415,6.956929,6.3194337,6.1092725
494,gpcrs/p2y1_meta_sub,gpcrs/p2y1_meta_sub/6g,../large_fep_dataset/data/fep_benchmark_processed/gpcrs_p2y1_meta_sub_6g.sdf,../large_fep_dataset/data/fep_benchmark_processed/gpcrs_p2y1_meta_sub_protein.pdb,494,4.9685264,5.5528116,4.172131,4.94325,4.909352,5.0745316,4.5198574,5.419199,5.829808,4.6964645,5.0085926
495,gpcrs/p2y1_meta_sub,gpcrs/p2y1_meta_sub/6n,../large_fep_dataset/data/fep_benchmark_processed/gpcrs_p2y1_meta_sub_6n.sdf,../large_fep_dataset/data/fep_benchmark_processed/gpcrs_p2y1_meta_sub_protein.pdb,495,5.786808,6.4600873,5.2751746,6.2537766,5.579034,5.675519,5.014037,6.126927,6.554119,5.370222,5.8095703
496,gpcrs/p2y1_meta_sub,gpcrs/p2y1_meta_sub/6m,../large_fep_dataset/data/fep_benchmark_processed/gpcrs_p2y1_meta_sub_6m.sdf,../large_fep_dataset/data/fep_benchmark_processed/gpcrs_p2y1_meta_sub_protein.pdb,496,4.9392095,5.3724895,4.39001,5.0147095,5.2225447,5.4298716,4.762657,5.716206,5.939737,5.1095033,5.189694
497,gpcrs/p2y1_meta_sub,gpcrs/p2y1_meta_sub/6p,../large_fep_dataset/data/fep_benchmark_processed/gpcrs_p2y1_meta_sub_6p.sdf,../large_fep_dataset/data/fep_benchmark_processed/gpcrs_p2y1_meta_sub_protein.pdb,497,5.3753924,5.708455,4.37668,5.3412495,5.0717945,5.3103867,4.9852448,5.655236,6.126577,5.2591505,5.321017
498,gpcrs/p2y1_meta_sub,gpcrs/p2y1_meta_sub/6k,../large_fep_dataset/data/fep_benchmark_processed/gpcrs_p2y1_meta_sub_6k.sdf,../large_fep_dataset/data/fep_benchmark_processed/gpcrs_p2y1_meta_sub_protein.pdb,498,5.079181,6.141217,4.4645076,5.5636187,5.0394297,5.567588,5.005615,5.374901,5.894554,5.7010612,5.3831673
499,gpcrs/p2y1_meta_sub,gpcrs/p2y1_meta_sub/6o,../large_fep_dataset/data/fep_benchmark_processed/gpcrs_p2y1_meta_sub_6o.sdf,../large_fep_dataset/data/fep_benchmark_processed/gpcrs_p2y1_meta_sub_protein.pdb,499,5.2788243,6.2651877,4.6026435,4.959568,5.089673,5.7691607,5.046731,5.8642077,6.5831876,5.4002275,5.485941
500,gpcrs/p2y1_meta_sub,gpcrs/p2y1_meta_sub/6q,../large_fep_dataset/data/fep_benchmark_processed/gpcrs_p2y1_meta_sub_6q.sdf,../large_fep_dataset/data/fep_benchmark_processed/gpcrs_p2y1_meta_sub_protein.pdb,500,5.5134077,5.5177174,4.332614,5.433476,5.24526,5.3578405,4.655849,5.5056663,6.062197,4.9620876,5.258611
501,gpcrs/p2y1_meta_sub,gpcrs/p2y1_meta_sub/6l,../large_fep_dataset/data/fep_benchmark_processed/gpcrs_p2y1_meta_sub_6l.sdf,../large_fep_dataset/data/fep_benchmark_processed/gpcrs_p2y1_meta_sub_protein.pdb,501,4.756232,5.1840863,4.223245,5.0102386,4.710878,5.108621,4.5991025,4.973298,5.7631006,4.786597,4.91154
502,gpcrs/p2y1_meta_sub,gpcrs/p2y1_meta_sub/6j,../large_fep_dataset/data/fep_benchmark_processed/gpcrs_p2y1_meta_sub_6j.sdf,../large_fep_dataset/data/fep_benchmark_processed/gpcrs_p2y1_meta_sub_protein.pdb,502,5.1519055,5.5173435,4.940351,5.2081776,4.908975,5.258803,5.0696516,5.4429245,5.588722,5.513637,5.260049
503,gpcrs/p2y1_ortho_sub,gpcrs/p2y1_ortho_sub/16,../large_fep_dataset/data/fep_benchmark_processed/gpcrs_p2y1_ortho_sub_16.sdf,../large_fep_dataset/data/fep_benchmark_processed/gpcrs_p2y1_ortho_sub_protein.pdb,503,6.1811166,6.5699925,5.6592803,6.7704244,5.943172,6.1765256,5.637903,6.476178,7.09419,6.1318226,6.26406
504,gpcrs/p2y1_ortho_sub,gpcrs/p2y1_ortho_sub/11b,../large_fep_dataset/data/fep_benchmark_processed/gpcrs_p2y1_ortho_sub_11b.sdf,../large_fep_dataset/data/fep_benchmark_processed/gpcrs_p2y1_ortho_sub_protein.pdb,504,6.1504264,6.667502,5.5918565,5.866873,6.332873,6.2610917,5.5051713,6.3009315,6.889727,6.218621,6.1785073
505,gpcrs/p2y1_ortho_sub,gpcrs/p2y1_ortho_sub/17,../large_fep_dataset/data/fep_benchmark_processed/gpcrs_p2y1_ortho_sub_17.sdf,../large_fep_dataset/data/fep_benchmark_processed/gpcrs_p2y1_ortho_sub_protein.pdb,505,6.7590437,6.2335734,5.5405993,5.902339,6.2668557,5.9472175,5.1285057,5.9681096,6.542678,5.59675,5.988567
506,gpcrs/p2y1_ortho_sub,gpcrs/p2y1_ortho_sub/14,../large_fep_dataset/data/fep_benchmark_processed/gpcrs_p2y1_ortho_sub_14.sdf,../large_fep_dataset/data/fep_benchmark_processed/gpcrs_p2y1_ortho_sub_protein.pdb,506,6.40566,5.9397364,5.107427,6.3847065,5.748824,5.84568,5.0899587,5.917113,6.6568246,5.358214,5.8454146
507,gpcrs/p2y1_ortho_sub,gpcrs/p2y1_ortho_sub/11e,../large_fep_dataset/data/fep_benchmark_processed/gpcrs_p2y1_ortho_sub_11e.sdf,../large_fep_dataset/data/fep_benchmark_processed/gpcrs_p2y1_ortho_sub_protein.pdb,507,6.481595,7.0597234,5.245917,5.016353,5.568108,5.900011,5.3661776,5.4698534,6.6610765,5.513722,5.8282533
508,gpcrs/p2y1_ortho_sub,gpcrs/p2y1_ortho_sub/11d,../large_fep_dataset/data/fep_benchmark_processed/gpcrs_p2y1_ortho_sub_11d.sdf,../large_fep_dataset/data/fep_benchmark_processed/gpcrs_p2y1_ortho_sub_protein.pdb,508,6.0476565,7.386642,5.280418,5.2353997,6.2938857,6.303535,5.576717,5.8674145,6.8137436,6.1842914,6.0989704
509,gpcrs/p2y1_ortho_sub,gpcrs/p2y1_ortho_sub/11f,../large_fep_dataset/data/fep_benchmark_processed/gpcrs_p2y1_ortho_sub_11f.sdf,../large_fep_dataset/data/fep_benchmark_processed/gpcrs_p2y1_ortho_sub_protein.pdb,509,5.1105294,5.630609,4.432206,5.1102185,4.8822556,5.283485,5.353233,4.958636,6.1115403,4.9915257,5.1864243
510,gpcrs/p2y1_ortho_sub,gpcrs/p2y1_ortho_sub/18,../large_fep_dataset/data/fep_benchmark_processed/gpcrs_p2y1_ortho_sub_18.sdf,../large_fep_dataset/data/fep_benchmark_processed/gpcrs_p2y1_ortho_sub_protein.pdb,510,6.7061677,6.9843087,5.8810835,6.090296,6.297709,6.0448213,5.296148,5.90385,6.528968,5.514221,6.1247573
511,gpcrs/p2y1_ortho_sub,gpcrs/p2y1_ortho_sub/12,../large_fep_dataset/data/fep_benchmark_processed/gpcrs_p2y1_ortho_sub_12.sdf,../large_fep_dataset/data/fep_benchmark_processed/gpcrs_p2y1_ortho_sub_protein.pdb,511,6.486805,6.1596212,5.3944473,6.1820474,5.864712,5.9089775,5.095117,6.0366735,6.648907,5.337401,5.9114714
512,gpcrs/p2y1_ortho_sub,gpcrs/p2y1_ortho_sub/11a,../large_fep_dataset/data/fep_benchmark_processed/gpcrs_p2y1_ortho_sub_11a.sdf,../large_fep_dataset/data/fep_benchmark_processed/gpcrs_p2y1_ortho_sub_protein.pdb,512,5.101179,5.983636,4.5460715,4.6298175,4.800582,5.1277204,5.0747156,4.566663,5.9603553,4.453076,5.024381
513,gpcrs/p2y1_ortho_sub,gpcrs/p2y1_ortho_sub/19,../large_fep_dataset/data/fep_benchmark_processed/gpcrs_p2y1_ortho_sub_19.sdf,../large_fep_dataset/data/fep_benchmark_processed/gpcrs_p2y1_ortho_sub_protein.pdb,513,5.583741,6.9082203,5.559736,6.104677,5.610013,5.971663,5.567147,6.1475067,6.9432855,5.947693,6.0343685
514,gpcrs/p2y1_ortho_sub,gpcrs/p2y1_ortho_sub/13,../large_fep_dataset/data/fep_benchmark_processed/gpcrs_p2y1_ortho_sub_13.sdf,../large_fep_dataset/data/fep_benchmark_processed/gpcrs_p2y1_ortho_sub_protein.pdb,514,6.2634487,6.197147,5.090302,5.9312334,5.873144,5.631528,4.872207,5.763139,6.4123015,5.331706,5.7366157
515,janssen_bace/bace_keranen_p2,janssen_bace/bace_keranen_p2/29,../large_fep_dataset/data/fep_benchmark_processed/janssen_bace_bace_keranen_p2_29.sdf,../large_fep_dataset/data/fep_benchmark_processed/janssen_bace_bace_keranen_p2_protein.pdb,515,6.7018228,7.253376,6.3058925,7.4388757,6.8523006,6.5699496,6.578174,6.777968,7.6401606,7.171752,6.9290276
516,janssen_bace/bace_keranen_p2,janssen_bace/bace_keranen_p2/30,../large_fep_dataset/data/fep_benchmark_processed/janssen_bace_bace_keranen_p2_30.sdf,../large_fep_dataset/data/fep_benchmark_processed/janssen_bace_bace_keranen_p2_protein.pdb,516,6.615087,7.306179,6.486334,7.166895,7.201503,6.8694177,6.6187906,6.677508,7.337904,6.280177,6.855979
517,janssen_bace/bace_keranen_p2,janssen_bace/bace_keranen_p2/31,../large_fep_dataset/data/fep_benchmark_processed/janssen_bace_bace_keranen_p2_31.sdf,../large_fep_dataset/data/fep_benchmark_processed/janssen_bace_bace_keranen_p2_protein.pdb,517,6.878564,7.2290883,6.796688,6.9467034,7.3849373,6.9349275,6.950989,6.8976874,7.829131,6.7677402,7.0616455
518,janssen_bace/bace_keranen_p2,janssen_bace/bace_keranen_p2/32,../large_fep_dataset/data/fep_benchmark_processed/janssen_bace_bace_keranen_p2_32.sdf,../large_fep_dataset/data/fep_benchmark_processed/janssen_bace_bace_keranen_p2_protein.pdb,518,7.0710955,7.281389,7.230093,6.9930997,7.23997,6.922023,7.3654094,6.6628685,8.044021,6.854377,7.1664343
519,janssen_bace/bace_keranen_p2,janssen_bace/bace_keranen_p2/33,../large_fep_dataset/data/fep_benchmark_processed/janssen_bace_bace_keranen_p2_33.sdf,../large_fep_dataset/data/fep_benchmark_processed/janssen_bace_bace_keranen_p2_protein.pdb,519,6.7125015,7.5250764,6.840421,7.5846567,7.4883976,7.1446285,7.2275143,6.9804597,7.662673,6.8715024,7.203784
520,janssen_bace/bace_keranen_p2,janssen_bace/bace_keranen_p2/34,../large_fep_dataset/data/fep_benchmark_processed/janssen_bace_bace_keranen_p2_34.sdf,../large_fep_dataset/data/fep_benchmark_processed/janssen_bace_bace_keranen_p2_protein.pdb,520,6.8625393,7.4885874,6.842332,7.3917212,7.3286796,6.8281274,6.781162,6.8365393,7.3715363,6.6125364,7.0343766
521,janssen_bace/bace_keranen_p2,janssen_bace/bace_keranen_p2/35,../large_fep_dataset/data/fep_benchmark_processed/janssen_bace_bace_keranen_p2_35.sdf,../large_fep_dataset/data/fep_benchmark_processed/janssen_bace_bace_keranen_p2_protein.pdb,521,7.1226625,7.3143253,6.6728444,7.295486,7.541607,6.7822423,7.0394278,6.701761,7.2599864,6.8398046,7.0570145
522,janssen_bace/bace_keranen_p2,janssen_bace/bace_keranen_p2/36 out,../large_fep_dataset/data/fep_benchmark_processed/janssen_bace_bace_keranen_p2_36_out.sdf,../large_fep_dataset/data/fep_benchmark_processed/janssen_bace_bace_keranen_p2_protein.pdb,522,6.7273207,7.639346,6.9123,7.3081207,6.9224296,6.940205,6.6880007,7.0887103,7.303705,7.2793045,7.080944
523,janssen_bace/bace_keranen_p2,janssen_bace/bace_keranen_p2/37 out,../large_fep_dataset/data/fep_benchmark_processed/janssen_bace_bace_keranen_p2_37_out.sdf,../large_fep_dataset/data/fep_benchmark_processed/janssen_bace_bace_keranen_p2_protein.pdb,523,6.4808955,7.383636,6.585929,7.3339663,6.759461,6.5485516,6.5157185,7.1521873,7.216926,6.9829383,6.8960204
524,janssen_bace/bace_keranen_p2,janssen_bace/bace_keranen_p2/39 out,../large_fep_dataset/data/fep_benchmark_processed/janssen_bace_bace_keranen_p2_39_out.sdf,../large_fep_dataset/data/fep_benchmark_processed/janssen_bace_bace_keranen_p2_protein.pdb,524,6.8349233,7.083235,6.0447197,7.5609,7.089029,6.247082,6.5816894,7.109174,7.61942,7.2391787,6.9409347
525,janssen_bace/bace_keranen_p2,janssen_bace/bace_keranen_p2/38 out,../large_fep_dataset/data/fep_benchmark_processed/janssen_bace_bace_keranen_p2_38_out.sdf,../large_fep_dataset/data/fep_benchmark_processed/janssen_bace_bace_keranen_p2_protein.pdb,525,6.5175614,7.5277276,6.625551,7.573836,7.0809426,7.0991,6.941319,7.08583,7.4642386,7.278629,7.1194735
526,janssen_bace/bace_keranen_p2,janssen_bace/bace_keranen_p2/28 out,../large_fep_dataset/data/fep_benchmark_processed/janssen_bace_bace_keranen_p2_28_out.sdf,../large_fep_dataset/data/fep_benchmark_processed/janssen_bace_bace_keranen_p2_protein.pdb,526,6.6969495,7.138773,6.8653464,7.40965,7.0569987,6.9528294,6.676082,7.1017504,7.532435,7.215338,7.064615
527,janssen_bace/bace_ciordia_retro,janssen_bace/bace_ciordia_retro/1a,../large_fep_dataset/data/fep_benchmark_processed/janssen_bace_bace_ciordia_retro_1a.sdf,../large_fep_dataset/data/fep_benchmark_processed/janssen_bace_bace_ciordia_retro_protein.pdb,527,4.2600417,5.0147924,4.0846977,4.625628,4.679792,4.6295033,4.2749186,4.45776,4.743005,4.411556,4.5181694
528,janssen_bace/bace_ciordia_retro,janssen_bace/bace_ciordia_retro/11,../large_fep_dataset/data/fep_benchmark_processed/janssen_bace_bace_ciordia_retro_11.sdf,../large_fep_dataset/data/fep_benchmark_processed/janssen_bace_bace_ciordia_retro_protein.pdb,528,6.15934,6.6073256,6.2314973,6.299573,6.480428,6.5035663,6.6921988,5.7676535,6.478894,6.4331183,6.3653593
529,janssen_bace/bace_ciordia_retro,janssen_bace/bace_ciordia_retro/12,../large_fep_dataset/data/fep_benchmark_processed/janssen_bace_bace_ciordia_retro_12.sdf,../large_fep_dataset/data/fep_benchmark_processed/janssen_bace_bace_ciordia_retro_protein.pdb,529,6.4774733,7.376706,6.592617,7.3130603,7.2443924,7.228143,7.0587077,6.4792156,7.5075197,6.931115,7.0208955
530,janssen_bace/bace_ciordia_retro,janssen_bace/bace_ciordia_retro/13,../large_fep_dataset/data/fep_benchmark_processed/janssen_bace_bace_ciordia_retro_13.sdf,../large_fep_dataset/data/fep_benchmark_processed/janssen_bace_bace_ciordia_retro_protein.pdb,530,6.627843,6.9653916,6.710861,7.1192756,7.118368,6.7435937,6.9614663,6.8178744,7.397506,7.101086,6.956327
531,janssen_bace/bace_ciordia_retro,janssen_bace/bace_ciordia_retro/14,../large_fep_dataset/data/fep_benchmark_processed/janssen_bace_bace_ciordia_retro_14.sdf,../large_fep_dataset/data/fep_benchmark_processed/janssen_bace_bace_ciordia_retro_protein.pdb,531,5.7948365,6.8587675,6.457046,6.967474,6.910489,6.9111013,6.7947645,6.3598022,7.115819,6.604752,6.6774855
532,janssen_bace/bace_ciordia_retro,janssen_bace/bace_ciordia_retro/15,../large_fep_dataset/data/fep_benchmark_processed/janssen_bace_bace_ciordia_retro_15.sdf,../large_fep_dataset/data/fep_benchmark_processed/janssen_bace_bace_ciordia_retro_protein.pdb,532,6.0144486,6.95938,6.1692505,6.262573,6.557649,7.016174,6.8512125,6.5634255,6.780165,6.565991,6.574027
533,janssen_bace/bace_ciordia_retro,janssen_bace/bace_ciordia_retro/16,../large_fep_dataset/data/fep_benchmark_processed/janssen_bace_bace_ciordia_retro_16.sdf,../large_fep_dataset/data/fep_benchmark_processed/janssen_bace_bace_ciordia_retro_protein.pdb,533,5.628774,6.8666487,6.659778,6.585265,7.446805,6.8024235,7.0815907,6.341541,7.294742,7.304872,6.801244
534,janssen_bace/bace_ciordia_retro,janssen_bace/bace_ciordia_retro/17,../large_fep_dataset/data/fep_benchmark_processed/janssen_bace_bace_ciordia_retro_17.sdf,../large_fep_dataset/data/fep_benchmark_processed/janssen_bace_bace_ciordia_retro_protein.pdb,534,6.3111234,7.103213,5.9143643,7.141932,6.920479,7.0976524,6.788903,6.2657547,7.4186873,6.5949593,6.755707
535,janssen_bace/bace_ciordia_retro,janssen_bace/bace_ciordia_retro/18,../large_fep_dataset/data/fep_benchmark_processed/janssen_bace_bace_ciordia_retro_18.sdf,../large_fep_dataset/data/fep_benchmark_processed/janssen_bace_bace_ciordia_retro_protein.pdb,535,5.9419365,7.202205,6.3644285,7.033635,7.120081,6.965413,7.111056,6.526052,7.4641094,6.903661,6.8632574
536,janssen_bace/bace_ciordia_retro,janssen_bace/bace_ciordia_retro/19,../large_fep_dataset/data/fep_benchmark_processed/janssen_bace_bace_ciordia_retro_19.sdf,../large_fep_dataset/data/fep_benchmark_processed/janssen_bace_bace_ciordia_retro_protein.pdb,536,6.173736,7.1689677,6.4658527,7.067684,7.1496344,6.9667296,7.08211,6.6416664,7.784324,7.2209444,6.972165
537,janssen_bace/bace_ciordia_retro,janssen_bace/bace_ciordia_retro/20,../large_fep_dataset/data/fep_benchmark_processed/janssen_bace_bace_ciordia_retro_20.sdf,../large_fep_dataset/data/fep_benchmark_processed/janssen_bace_bace_ciordia_retro_protein.pdb,537,6.2932,7.8082895,6.358761,7.0575657,6.996747,7.028925,6.879228,6.2333717,7.5446835,6.7274194,6.8928185
538,janssen_bace/bace_ciordia_retro,janssen_bace/bace_ciordia_retro/21,../large_fep_dataset/data/fep_benchmark_processed/janssen_bace_bace_ciordia_retro_21.sdf,../large_fep_dataset/data/fep_benchmark_processed/janssen_bace_bace_ciordia_retro_protein.pdb,538,6.443597,7.425355,6.561792,6.9540415,7.192136,7.3318496,7.1293693,6.616521,7.8255024,6.8016105,7.028177
539,janssen_bace/bace_ciordia_retro,janssen_bace/bace_ciordia_retro/22,../large_fep_dataset/data/fep_benchmark_processed/janssen_bace_bace_ciordia_retro_22.sdf,../large_fep_dataset/data/fep_benchmark_processed/janssen_bace_bace_ciordia_retro_protein.pdb,539,6.035544,7.279329,6.7406473,6.243051,6.8701596,6.96773,6.6113787,6.659172,6.775202,6.379828,6.656204
540,janssen_bace/bace_ciordia_retro,janssen_bace/bace_ciordia_retro/23,../large_fep_dataset/data/fep_benchmark_processed/janssen_bace_bace_ciordia_retro_23.sdf,../large_fep_dataset/data/fep_benchmark_processed/janssen_bace_bace_ciordia_retro_protein.pdb,540,6.0466433,7.031345,6.745692,6.5198836,6.660766,6.8990064,6.693599,6.5787134,7.196937,6.4290843,6.6801667
541,janssen_bace/bace_ciordia_retro,janssen_bace/bace_ciordia_retro/24,../large_fep_dataset/data/fep_benchmark_processed/janssen_bace_bace_ciordia_retro_24.sdf,../large_fep_dataset/data/fep_benchmark_processed/janssen_bace_bace_ciordia_retro_protein.pdb,541,6.276215,7.4369645,6.742848,7.333314,6.7242603,6.8153453,7.1448193,5.955592,7.2189775,7.2720194,6.8920364
542,janssen_bace/bace_ciordia_retro,janssen_bace/bace_ciordia_retro/25,../large_fep_dataset/data/fep_benchmark_processed/janssen_bace_bace_ciordia_retro_25.sdf,../large_fep_dataset/data/fep_benchmark_processed/janssen_bace_bace_ciordia_retro_protein.pdb,542,6.1622825,7.198705,6.446392,6.9419985,6.931922,6.734155,7.115291,6.179692,7.1488028,6.4363675,6.729561
543,janssen_bace/bace_ciordia_retro,janssen_bace/bace_ciordia_retro/26,../large_fep_dataset/data/fep_benchmark_processed/janssen_bace_bace_ciordia_retro_26.sdf,../large_fep_dataset/data/fep_benchmark_processed/janssen_bace_bace_ciordia_retro_protein.pdb,543,7.125867,7.087875,7.0665593,7.501133,6.8956065,7.4990187,7.010833,6.5733657,7.4759684,6.836338,7.107257
544,janssen_bace/bace_ciordia_retro,janssen_bace/bace_ciordia_retro/27,../large_fep_dataset/data/fep_benchmark_processed/janssen_bace_bace_ciordia_retro_27.sdf,../large_fep_dataset/data/fep_benchmark_processed/janssen_bace_bace_ciordia_retro_protein.pdb,544,6.0768504,7.606455,6.4947996,6.9214964,6.689779,6.8305473,6.922226,6.230815,6.991672,6.7890882,6.7553725
545,janssen_bace/bace_ciordia_retro,janssen_bace/bace_ciordia_retro/28,../large_fep_dataset/data/fep_benchmark_processed/janssen_bace_bace_ciordia_retro_28.sdf,../large_fep_dataset/data/fep_benchmark_processed/janssen_bace_bace_ciordia_retro_protein.pdb,545,6.2736907,6.5046525,6.6359296,6.53429,7.012993,7.044924,6.7205157,5.9581394,7.0455413,6.757394,6.6488066
546,janssen_bace/bace_ciordia_retro,janssen_bace/bace_ciordia_retro/29,../large_fep_dataset/data/fep_benchmark_processed/janssen_bace_bace_ciordia_retro_29.sdf,../large_fep_dataset/data/fep_benchmark_processed/janssen_bace_bace_ciordia_retro_protein.pdb,546,4.882937,5.7258205,5.5571957,5.5005302,5.4469886,6.0068817,5.496433,5.6036425,6.6858435,5.7937956,5.6700068
547,janssen_bace/bace_ciordia_retro,janssen_bace/bace_ciordia_retro/30,../large_fep_dataset/data/fep_benchmark_processed/janssen_bace_bace_ciordia_retro_30.sdf,../large_fep_dataset/data/fep_benchmark_processed/janssen_bace_bace_ciordia_retro_protein.pdb,547,6.268247,6.149195,6.1557093,6.1542354,6.5948577,6.429733,6.1791425,5.8365054,7.282365,6.0018735,6.3051863
548,janssen_bace/bace_ciordia_retro,janssen_bace/bace_ciordia_retro/31,../large_fep_dataset/data/fep_benchmark_processed/janssen_bace_bace_ciordia_retro_31.sdf,../large_fep_dataset/data/fep_benchmark_processed/janssen_bace_bace_ciordia_retro_protein.pdb,548,6.17086,7.2666388,6.2390804,6.647758,6.8484206,7.0301685,7.0230813,6.3233924,7.5159,6.907259,6.7972555
549,janssen_bace/bace_ciordia_retro,janssen_bace/bace_ciordia_retro/32,../large_fep_dataset/data/fep_benchmark_processed/janssen_bace_bace_ciordia_retro_32.sdf,../large_fep_dataset/data/fep_benchmark_processed/janssen_bace_bace_ciordia_retro_protein.pdb,549,6.2068214,7.353632,6.29975,6.7507806,6.6845236,6.919384,6.932765,6.1342564,6.936555,6.7584105,6.6976876
550,janssen_bace/bace_ciordia_retro,janssen_bace/bace_ciordia_retro/33,../large_fep_dataset/data/fep_benchmark_processed/janssen_bace_bace_ciordia_retro_33.sdf,../large_fep_dataset/data/fep_benchmark_processed/janssen_bace_bace_ciordia_retro_protein.pdb,550,6.2310724,7.19275,6.166892,6.7611423,7.132786,7.0108547,7.1713357,6.3674626,7.62403,7.121691,6.878002
551,janssen_bace/bace_ciordia_retro,janssen_bace/bace_ciordia_retro/34,../large_fep_dataset/data/fep_benchmark_processed/janssen_bace_bace_ciordia_retro_34.sdf,../large_fep_dataset/data/fep_benchmark_processed/janssen_bace_bace_ciordia_retro_protein.pdb,551,6.455551,7.4997787,6.2604456,7.2910123,7.438481,7.2557793,7.343438,6.543282,7.8481784,6.7858253,7.072177
552,janssen_bace/bace_ciordia_retro,janssen_bace/bace_ciordia_retro/35,../large_fep_dataset/data/fep_benchmark_processed/janssen_bace_bace_ciordia_retro_35.sdf,../large_fep_dataset/data/fep_benchmark_processed/janssen_bace_bace_ciordia_retro_protein.pdb,552,6.6448283,7.684583,6.867067,7.648596,7.226542,7.276687,7.390735,6.485266,7.801896,7.679945,7.2706156
553,janssen_bace/bace_ciordia_retro,janssen_bace/bace_ciordia_retro/36,../large_fep_dataset/data/fep_benchmark_processed/janssen_bace_bace_ciordia_retro_36.sdf,../large_fep_dataset/data/fep_benchmark_processed/janssen_bace_bace_ciordia_retro_protein.pdb,553,7.88657,8.155677,7.0005774,7.807155,8.28238,7.7720046,8.22341,7.6244373,8.297821,8.099138,7.914917
554,janssen_bace/bace_ciordia_retro,janssen_bace/bace_ciordia_retro/37,../large_fep_dataset/data/fep_benchmark_processed/janssen_bace_bace_ciordia_retro_37.sdf,../large_fep_dataset/data/fep_benchmark_processed/janssen_bace_bace_ciordia_retro_protein.pdb,554,6.3899403,7.6831694,6.2614064,6.81127,7.214192,7.0740075,7.10607,6.273544,7.531166,7.0462317,6.9391
555,janssen_bace/bace_ciordia_retro,janssen_bace/bace_ciordia_retro/38,../large_fep_dataset/data/fep_benchmark_processed/janssen_bace_bace_ciordia_retro_38.sdf,../large_fep_dataset/data/fep_benchmark_processed/janssen_bace_bace_ciordia_retro_protein.pdb,555,6.1465526,7.7913947,6.497256,7.1656494,7.2600927,7.189832,7.155608,6.595096,7.4624476,7.2001595,7.0464087
556,janssen_bace/bace_ciordia_retro,janssen_bace/bace_ciordia_retro/39,../large_fep_dataset/data/fep_benchmark_processed/janssen_bace_bace_ciordia_retro_39.sdf,../large_fep_dataset/data/fep_benchmark_processed/janssen_bace_bace_ciordia_retro_protein.pdb,556,6.1420736,7.141325,6.2856255,6.892478,6.6689844,7.0187836,7.0635505,6.475017,7.611171,6.8047633,6.8103766
557,janssen_bace/bace_ciordia_retro,janssen_bace/bace_ciordia_retro/40,../large_fep_dataset/data/fep_benchmark_processed/janssen_bace_bace_ciordia_retro_40.sdf,../large_fep_dataset/data/fep_benchmark_processed/janssen_bace_bace_ciordia_retro_protein.pdb,557,6.3074694,6.8513193,6.038385,6.798852,7.173013,7.036835,7.39046,6.3110156,7.465371,6.5772176,6.7949934
558,janssen_bace/bace_ciordia_retro,janssen_bace/bace_ciordia_retro/41,../large_fep_dataset/data/fep_benchmark_processed/janssen_bace_bace_ciordia_retro_41.sdf,../large_fep_dataset/data/fep_benchmark_processed/janssen_bace_bace_ciordia_retro_protein.pdb,558,6.506794,6.8191338,6.102744,5.6271434,6.9921055,6.619075,6.6542,6.5212674,7.006698,6.4114733,6.5260634
559,janssen_bace/bace_ciordia_retro,janssen_bace/bace_ciordia_retro/30_protonated,../large_fep_dataset/data/fep_benchmark_processed/janssen_bace_bace_ciordia_retro_30_protonated.sdf,../large_fep_dataset/data/fep_benchmark_processed/janssen_bace_bace_ciordia_retro_protein.pdb,559,6.5405436,6.7002687,6.665819,6.655323,6.740352,6.416628,6.260032,6.1885657,7.2869534,6.533415,6.59879
560,janssen_bace/bace_p3_arg368_in,janssen_bace/bace_p3_arg368_in/8a,../large_fep_dataset/data/fep_benchmark_processed/janssen_bace_bace_p3_arg368_in_8a.sdf,../large_fep_dataset/data/fep_benchmark_processed/janssen_bace_bace_p3_arg368_in_protein.pdb,560,7.254271,7.5541396,6.9271426,7.197278,7.614915,6.7964244,6.8979406,6.3713083,7.1832623,7.552473,7.1349154
561,janssen_bace/bace_p3_arg368_in,janssen_bace/bace_p3_arg368_in/8b,../large_fep_dataset/data/fep_benchmark_processed/janssen_bace_bace_p3_arg368_in_8b.sdf,../large_fep_dataset/data/fep_benchmark_processed/janssen_bace_bace_p3_arg368_in_protein.pdb,561,7.142581,7.7089057,6.764019,7.728848,7.9128866,7.4306793,7.1976814,6.8920016,7.5805855,7.8282466,7.418643
562,janssen_bace/bace_p3_arg368_in,janssen_bace/bace_p3_arg368_in/8c,../large_fep_dataset/data/fep_benchmark_processed/janssen_bace_bace_p3_arg368_in_8c.sdf,../large_fep_dataset/data/fep_benchmark_processed/janssen_bace_bace_p3_arg368_in_protein.pdb,562,6.978566,7.430191,6.9235053,7.42882,7.4551797,6.957693,7.272637,7.257561,7.644491,7.868988,7.3217635
563,janssen_bace/bace_p3_arg368_in,janssen_bace/bace_p3_arg368_in/8d,../large_fep_dataset/data/fep_benchmark_processed/janssen_bace_bace_p3_arg368_in_8d.sdf,../large_fep_dataset/data/fep_benchmark_processed/janssen_bace_bace_p3_arg368_in_protein.pdb,563,7.203471,7.8185625,7.040665,8.154778,8.383439,7.334474,7.876506,7.3405585,7.660729,8.191294,7.700447
564,janssen_bace/bace_p3_arg368_in,janssen_bace/bace_p3_arg368_in/8e,../large_fep_dataset/data/fep_benchmark_processed/janssen_bace_bace_p3_arg368_in_8e.sdf,../large_fep_dataset/data/fep_benchmark_processed/janssen_bace_bace_p3_arg368_in_protein.pdb,564,7.234558,7.8041115,7.6087837,8.035395,7.299234,7.5316725,7.7939963,7.701932,7.2700515,7.533313,7.581304
565,janssen_bace/bace_p3_arg368_in,janssen_bace/bace_p3_arg368_in/8f,../large_fep_dataset/data/fep_benchmark_processed/janssen_bace_bace_p3_arg368_in_8f.sdf,../large_fep_dataset/data/fep_benchmark_processed/janssen_bace_bace_p3_arg368_in_protein.pdb,565,7.542702,8.711412,7.2681913,7.7566133,8.2927065,7.3940644,7.8785977,7.197231,8.22728,7.890423,7.8159227
566,janssen_bace/bace_p3_arg368_in,janssen_bace/bace_p3_arg368_in/8g,../large_fep_dataset/data/fep_benchmark_processed/janssen_bace_bace_p3_arg368_in_8g.sdf,../large_fep_dataset/data/fep_benchmark_processed/janssen_bace_bace_p3_arg368_in_protein.pdb,566,7.686562,7.7459865,7.2548723,7.9493723,7.0578117,7.7935424,7.732482,7.239676,7.6339035,7.7561913,7.58504
567,janssen_bace/bace_p3_arg368_in,janssen_bace/bace_p3_arg368_in/17a,../large_fep_dataset/data/fep_benchmark_processed/janssen_bace_bace_p3_arg368_in_17a.sdf,../large_fep_dataset/data/fep_benchmark_processed/janssen_bace_bace_p3_arg368_in_protein.pdb,567,7.6626678,7.656801,7.600639,7.651553,8.027955,7.5311046,7.106222,7.4518514,7.4390574,7.8653626,7.599322
568,janssen_bace/bace_p3_arg368_in,janssen_bace/bace_p3_arg368_in/17b,../large_fep_dataset/data/fep_benchmark_processed/janssen_bace_bace_p3_arg368_in_17b.sdf,../large_fep_dataset/data/fep_benchmark_processed/janssen_bace_bace_p3_arg368_in_protein.pdb,568,7.53057,7.7131495,7.2894397,8.036656,8.191353,7.8555474,7.3611226,7.110504,7.781648,7.913093,7.678309
569,janssen_bace/bace_p3_arg368_in,janssen_bace/bace_p3_arg368_in/17c,../large_fep_dataset/data/fep_benchmark_processed/janssen_bace_bace_p3_arg368_in_17c.sdf,../large_fep_dataset/data/fep_benchmark_processed/janssen_bace_bace_p3_arg368_in_protein.pdb,569,7.5109735,7.5546913,7.5582275,7.65854,8.021971,7.6872115,7.4867444,7.837233,8.061954,8.132499,7.7510047
570,janssen_bace/bace_p3_arg368_in,janssen_bace/bace_p3_arg368_in/17d,../large_fep_dataset/data/fep_benchmark_processed/janssen_bace_bace_p3_arg368_in_17d.sdf,../large_fep_dataset/data/fep_benchmark_processed/janssen_bace_bace_p3_arg368_in_protein.pdb,570,7.5591035,7.674551,7.4291096,8.182886,8.638582,7.559352,7.967455,8.019291,8.332675,8.330822,7.9693832
571,janssen_bace/bace_p3_arg368_in,janssen_bace/bace_p3_arg368_in/17e,../large_fep_dataset/data/fep_benchmark_processed/janssen_bace_bace_p3_arg368_in_17e.sdf,../large_fep_dataset/data/fep_benchmark_processed/janssen_bace_bace_p3_arg368_in_protein.pdb,571,7.4039197,7.9776363,7.4567437,7.7623687,7.7452645,7.667657,7.8995757,7.596848,7.5826116,7.599674,7.669229
572,janssen_bace/bace_p3_arg368_in,janssen_bace/bace_p3_arg368_in/17f,../large_fep_dataset/data/fep_benchmark_processed/janssen_bace_bace_p3_arg368_in_17f.sdf,../large_fep_dataset/data/fep_benchmark_processed/janssen_bace_bace_p3_arg368_in_protein.pdb,572,7.7084355,8.59671,7.4373,7.7041025,8.472915,7.5730243,8.075052,7.972835,8.523324,7.9497004,8.001341
573,janssen_bace/bace_p3_arg368_in,janssen_bace/bace_p3_arg368_in/17g,../large_fep_dataset/data/fep_benchmark_processed/janssen_bace_bace_p3_arg368_in_17g.sdf,../large_fep_dataset/data/fep_benchmark_processed/janssen_bace_bace_p3_arg368_in_protein.pdb,573,7.958003,8.025471,7.6324186,8.247789,7.569421,8.065396,7.870463,8.112562,8.156264,7.8674855,7.950527
574,janssen_bace/bace_p3_arg368_in,janssen_bace/bace_p3_arg368_in/27a,../large_fep_dataset/data/fep_benchmark_processed/janssen_bace_bace_p3_arg368_in_27a.sdf,../large_fep_dataset/data/fep_benchmark_processed/janssen_bace_bace_p3_arg368_in_protein.pdb,574,7.502185,7.926532,7.5792336,7.653911,8.035478,7.2430196,7.023412,7.3921165,7.425923,8.187106,7.596891
575,janssen_bace/bace_p3_arg368_in,janssen_bace/bace_p3_arg368_in/27b,../large_fep_dataset/data/fep_benchmark_processed/janssen_bace_bace_p3_arg368_in_27b.sdf,../large_fep_dataset/data/fep_benchmark_processed/janssen_bace_bace_p3_arg368_in_protein.pdb,575,7.4869328,8.249877,7.3503585,8.003642,7.9902935,7.7053337,7.357097,7.090593,7.8962584,8.159123,7.7289505
576,janssen_bace/bace_p3_arg368_in,janssen_bace/bace_p3_arg368_in/27c,../large_fep_dataset/data/fep_benchmark_processed/janssen_bace_bace_p3_arg368_in_27c.sdf,../large_fep_dataset/data/fep_benchmark_processed/janssen_bace_bace_p3_arg368_in_protein.pdb,576,7.375844,7.58118,7.180726,7.5140705,7.907311,7.19362,7.309975,7.7607675,8.09211,8.188243,7.6103845
577,janssen_bace/bace_p3_arg368_in,janssen_bace/bace_p3_arg368_in/27d,../large_fep_dataset/data/fep_benchmark_processed/janssen_bace_bace_p3_arg368_in_27d.sdf,../large_fep_dataset/data/fep_benchmark_processed/janssen_bace_bace_p3_arg368_in_protein.pdb,577,7.469177,8.009845,7.5850058,8.110617,8.489887,7.4781494,7.9267507,8.030582,8.292823,8.6620865,8.005491
578,janssen_bace/bace_p3_arg368_in,janssen_bace/bace_p3_arg368_in/27e,../large_fep_dataset/data/fep_benchmark_processed/janssen_bace_bace_p3_arg368_in_27e.sdf,../large_fep_dataset/data/fep_benchmark_processed/janssen_bace_bace_p3_arg368_in_protein.pdb,578,7.223334,8.071085,7.391368,7.566514,7.519181,7.5027905,7.7715073,7.6364326,7.5655656,7.6756983,7.592347
579,janssen_bace/bace_p3_arg368_in,janssen_bace/bace_p3_arg368_in/27f,../large_fep_dataset/data/fep_benchmark_processed/janssen_bace_bace_p3_arg368_in_27f.sdf,../large_fep_dataset/data/fep_benchmark_processed/janssen_bace_bace_p3_arg368_in_protein.pdb,579,7.3968806,8.44594,7.758036,7.2150683,8.65984,7.582631,7.457427,7.7993445,8.35323,8.354327,7.902272
580,janssen_bace/bace_p3_arg368_in,janssen_bace/bace_p3_arg368_in/27g,../large_fep_dataset/data/fep_benchmark_processed/janssen_bace_bace_p3_arg368_in_27g.sdf,../large_fep_dataset/data/fep_benchmark_processed/janssen_bace_bace_p3_arg368_in_protein.pdb,580,7.887115,8.021189,7.8178554,8.340118,7.7026277,8.029179,7.7505164,7.8725963,8.088899,8.107657,7.9617753
581,janssen_bace/bace_ciordia_prospective,janssen_bace/bace_ciordia_prospective/spiro16,../large_fep_dataset/data/fep_benchmark_processed/janssen_bace_bace_ciordia_prospective_spiro16.sdf,../large_fep_dataset/data/fep_benchmark_processed/janssen_bace_bace_ciordia_prospective_protein.pdb,581,7.4976597,7.469848,7.0269966,7.132556,7.5899825,7.4843955,7.3090134,8.114852,7.7779593,7.716002,7.511926
582,janssen_bace/bace_ciordia_prospective,janssen_bace/bace_ciordia_prospective/spiro5,../large_fep_dataset/data/fep_benchmark_processed/janssen_bace_bace_ciordia_prospective_spiro5.sdf,../large_fep_dataset/data/fep_benchmark_processed/janssen_bace_bace_ciordia_prospective_protein.pdb,582,6.426663,6.388542,6.6008496,6.073765,7.12822,7.3609066,7.4549656,6.8396897,7.1618156,7.0976896,6.8533106
583,janssen_bace/bace_ciordia_prospective,janssen_bace/bace_ciordia_prospective/spiro2,../large_fep_dataset/data/fep_benchmark_processed/janssen_bace_bace_ciordia_prospective_spiro2.sdf,../large_fep_dataset/data/fep_benchmark_processed/janssen_bace_bace_ciordia_prospective_protein.pdb,583,6.734974,6.7099595,6.782134,6.8430123,6.9309773,7.37035,7.255181,6.8762608,7.4585814,7.354143,7.0315566
584,janssen_bace/bace_ciordia_prospective,janssen_bace/bace_ciordia_prospective/spiro10,../large_fep_dataset/data/fep_benchmark_processed/janssen_bace_bace_ciordia_prospective_spiro10.sdf,../large_fep_dataset/data/fep_benchmark_processed/janssen_bace_bace_ciordia_prospective_protein.pdb,584,7.614815,7.5832324,7.4843774,7.5185533,7.2224836,7.6081553,7.8309298,7.4393673,7.7039313,7.4861856,7.549203
585,janssen_bace/bace_ciordia_prospective,janssen_bace/bace_ciordia_prospective/spiro3,../large_fep_dataset/data/fep_benchmark_processed/janssen_bace_bace_ciordia_prospective_spiro3.sdf,../large_fep_dataset/data/fep_benchmark_processed/janssen_bace_bace_ciordia_prospective_protein.pdb,585,7.3633237,6.7104855,6.409531,6.565406,6.6582522,7.0876355,6.684233,7.233393,7.1373878,7.4218125,6.927146
586,janssen_bace/bace_ciordia_prospective,janssen_bace/bace_ciordia_prospective/spiro6,../large_fep_dataset/data/fep_benchmark_processed/janssen_bace_bace_ciordia_prospective_spiro6.sdf,../large_fep_dataset/data/fep_benchmark_processed/janssen_bace_bace_ciordia_prospective_protein.pdb,586,7.62567,7.5980554,7.63202,7.6824994,7.8029294,7.6586804,8.018279,7.5219107,8.086905,7.8011384,7.7428093
587,janssen_bace/bace_ciordia_prospective,janssen_bace/bace_ciordia_prospective/spiro4,../large_fep_dataset/data/fep_benchmark_processed/janssen_bace_bace_ciordia_prospective_spiro4.sdf,../large_fep_dataset/data/fep_benchmark_processed/janssen_bace_bace_ciordia_prospective_protein.pdb,587,6.687047,6.223786,6.2393312,6.3603783,6.4931245,6.4002686,6.746291,6.0108037,6.2267566,7.006187,6.4393973
588,janssen_bace/bace_ciordia_prospective,janssen_bace/bace_ciordia_prospective/spiro1,../large_fep_dataset/data/fep_benchmark_processed/janssen_bace_bace_ciordia_prospective_spiro1.sdf,../large_fep_dataset/data/fep_benchmark_processed/janssen_bace_bace_ciordia_prospective_protein.pdb,588,7.7163777,7.320002,7.348036,7.2193685,7.724253,7.6019626,7.5495987,7.920112,7.9093804,7.768949,7.6078043
589,janssen_bace/bace_ciordia_prospective,janssen_bace/bace_ciordia_prospective/spiro15,../large_fep_dataset/data/fep_benchmark_processed/janssen_bace_bace_ciordia_prospective_spiro15.sdf,../large_fep_dataset/data/fep_benchmark_processed/janssen_bace_bace_ciordia_prospective_protein.pdb,589,7.3788133,7.1998754,7.1597466,7.2349305,7.799582,7.421792,7.229134,8.043658,7.7230673,7.6596737,7.4850273
590,mcs_docking/renin_customcore,mcs_docking/renin_customcore/b1i5k_xray,../large_fep_dataset/data/fep_benchmark_processed/mcs_docking_renin_customcore_b1i5k_xray.sdf,../large_fep_dataset/data/fep_benchmark_processed/mcs_docking_renin_customcore_protein.pdb,590,7.7275224,7.880157,7.0399146,7.5832033,8.462052,7.0512366,7.3490367,7.3511252,7.123726,7.378708,7.494668
591,mcs_docking/renin_customcore,mcs_docking/renin_customcore/b1i5j,../large_fep_dataset/data/fep_benchmark_processed/mcs_docking_renin_customcore_b1i5j.sdf,../large_fep_dataset/data/fep_benchmark_processed/mcs_docking_renin_customcore_protein.pdb,591,7.745813,7.964477,7.143001,7.614549,8.231921,6.8436093,7.523835,6.914385,7.091755,7.496921,7.4570265
592,mcs_docking/renin_customcore,mcs_docking/renin_customcore/b1i2n,../large_fep_dataset/data/fep_benchmark_processed/mcs_docking_renin_customcore_b1i2n.sdf,../large_fep_dataset/data/fep_benchmark_processed/mcs_docking_renin_customcore_protein.pdb,592,7.4029446,7.0122395,6.69359,7.140951,7.7555666,6.4729834,6.699241,5.772109,6.4667964,6.864477,6.8280897
593,mcs_docking/renin_customcore,mcs_docking/renin_customcore/b1i5i,../large_fep_dataset/data/fep_benchmark_processed/mcs_docking_renin_customcore_b1i5i.sdf,../large_fep_dataset/data/fep_benchmark_processed/mcs_docking_renin_customcore_protein.pdb,593,7.738634,7.8326697,7.0366874,7.683043,8.106351,6.7971797,6.965008,6.5171084,7.0643334,7.647041,7.338805
594,mcs_docking/renin_customcore,mcs_docking/renin_customcore/b1i5h,../large_fep_dataset/data/fep_benchmark_processed/mcs_docking_renin_customcore_b1i5h.sdf,../large_fep_dataset/data/fep_benchmark_processed/mcs_docking_renin_customcore_protein.pdb,594,7.9907846,7.966429,7.3281,6.9512515,7.8260984,7.9959707,7.5507984,7.0171256,7.8079042,7.8143454,7.624881
595,mcs_docking/renin_customcore,mcs_docking/renin_customcore/b1i5l,../large_fep_dataset/data/fep_benchmark_processed/mcs_docking_renin_customcore_b1i5l.sdf,../large_fep_dataset/data/fep_benchmark_processed/mcs_docking_renin_customcore_protein.pdb,595,7.772478,7.514195,7.0364394,7.3934956,7.704851,6.572272,6.994235,6.097991,7.094115,7.085939,7.126601
596,mcs_docking/renin_customcore,mcs_docking/renin_customcore/b1i5n,../large_fep_dataset/data/fep_benchmark_processed/mcs_docking_renin_customcore_b1i5n.sdf,../large_fep_dataset/data/fep_benchmark_processed/mcs_docking_renin_customcore_protein.pdb,596,7.4651127,7.8406105,7.109193,6.520049,7.581511,7.489322,7.634087,7.924822,7.6487513,8.011616,7.522508
597,mcs_docking/renin_customcore,mcs_docking/renin_customcore/b1a2m,../large_fep_dataset/data/fep_benchmark_processed/mcs_docking_renin_customcore_b1a2m.sdf,../large_fep_dataset/data/fep_benchmark_processed/mcs_docking_renin_customcore_protein.pdb,597,5.7888584,6.043956,5.547739,5.794715,6.2207794,5.202246,5.18888,4.3491874,5.900971,5.7721796,5.580951
598,mcs_docking/renin_customcore,mcs_docking/renin_customcore/b1i2o,../large_fep_dataset/data/fep_benchmark_processed/mcs_docking_renin_customcore_b1i2o.sdf,../large_fep_dataset/data/fep_benchmark_processed/mcs_docking_renin_customcore_protein.pdb,598,7.3789277,7.5330744,6.4928074,7.4141326,7.4628468,6.5542016,7.753883,6.1712003,7.3552055,6.558124,7.067441
599,mcs_docking/renin_customcore,mcs_docking/renin_customcore/b1i5o,../large_fep_dataset/data/fep_benchmark_processed/mcs_docking_renin_customcore_b1i5o.sdf,../large_fep_dataset/data/fep_benchmark_processed/mcs_docking_renin_customcore_protein.pdb,599,7.630043,7.50878,7.6001725,7.3458743,7.807119,7.6672597,7.6213703,7.190664,7.094177,7.6255255,7.509098
600,mcs_docking/renin_customcore,mcs_docking/renin_customcore/b1i4i,../large_fep_dataset/data/fep_benchmark_processed/mcs_docking_renin_customcore_b1i4i.sdf,../large_fep_dataset/data/fep_benchmark_processed/mcs_docking_renin_customcore_protein.pdb,600,7.5804667,7.7490983,7.494038,7.106831,8.254901,7.2840385,7.9736376,6.6732216,7.719729,7.69003,7.5525994
601,mcs_docking/renin_customcore,mcs_docking/renin_customcore/b1i4e,../large_fep_dataset/data/fep_benchmark_processed/mcs_docking_renin_customcore_b1i4e.sdf,../large_fep_dataset/data/fep_benchmark_processed/mcs_docking_renin_customcore_protein.pdb,601,6.0953765,6.474398,6.1833134,6.59321,7.3184505,6.4137883,6.7786846,6.62371,6.5801067,6.631313,6.5692353
602,mcs_docking/renin_customcore,mcs_docking/renin_customcore/b1i4g,../large_fep_dataset/data/fep_benchmark_processed/mcs_docking_renin_customcore_b1i4g.sdf,../large_fep_dataset/data/fep_benchmark_processed/mcs_docking_renin_customcore_protein.pdb,602,6.6223435,7.0965247,6.7134814,6.99327,6.882607,6.658838,6.8734193,6.5100055,6.3793435,7.1534877,6.7883325
603,mcs_docking/renin_customcore,mcs_docking/renin_customcore/b1i1,../large_fep_dataset/data/fep_benchmark_processed/mcs_docking_renin_customcore_b1i1.sdf,../large_fep_dataset/data/fep_benchmark_processed/mcs_docking_renin_customcore_protein.pdb,603,5.8059316,5.422625,5.3605785,5.424085,5.8687196,5.3647294,5.1641703,5.075272,6.1100454,5.9699163,5.5566072
604,mcs_docking/renin_customcore,mcs_docking/renin_customcore/b1i2a,../large_fep_dataset/data/fep_benchmark_processed/mcs_docking_renin_customcore_b1i2a.sdf,../large_fep_dataset/data/fep_benchmark_processed/mcs_docking_renin_customcore_protein.pdb,604,6.6536903,6.266605,6.181795,6.1658807,6.493207,5.429088,5.9851027,5.045106,6.2324595,6.0410643,6.0494
605,mcs_docking/renin_customcore,mcs_docking/renin_customcore/b1i2e,../large_fep_dataset/data/fep_benchmark_processed/mcs_docking_renin_customcore_b1i2e.sdf,../large_fep_dataset/data/fep_benchmark_processed/mcs_docking_renin_customcore_protein.pdb,605,6.8184304,6.1025043,6.255201,6.374853,6.5665774,5.5201073,6.142967,5.6882358,6.2601204,6.305034,6.203403
606,mcs_docking/renin_customcore,mcs_docking/renin_customcore/b1i2i,../large_fep_dataset/data/fep_benchmark_processed/mcs_docking_renin_customcore_b1i2i.sdf,../large_fep_dataset/data/fep_benchmark_processed/mcs_docking_renin_customcore_protein.pdb,606,6.435722,6.4126754,5.4486346,6.0510855,6.3798122,5.5014815,5.989755,5.277635,5.894459,6.0915422,5.94828
607,mcs_docking/renin_customcore,mcs_docking/renin_customcore/b1i2j,../large_fep_dataset/data/fep_benchmark_processed/mcs_docking_renin_customcore_b1i2j.sdf,../large_fep_dataset/data/fep_benchmark_processed/mcs_docking_renin_customcore_protein.pdb,607,6.6600246,6.9555426,6.494226,6.899215,7.2270684,5.802349,6.612208,6.541463,7.111584,6.5970435,6.6900725
608,mcs_docking/renin_customcore,mcs_docking/renin_customcore/b1i5c,../large_fep_dataset/data/fep_benchmark_processed/mcs_docking_renin_customcore_b1i5c.sdf,../large_fep_dataset/data/fep_benchmark_processed/mcs_docking_renin_customcore_protein.pdb,608,6.9478955,7.77097,7.0796914,7.1420608,7.7981143,6.394978,7.0493717,7.4357605,7.563664,7.079256,7.2261763
609,mcs_docking/renin_customcore,mcs_docking/renin_customcore/b1i5b,../large_fep_dataset/data/fep_benchmark_processed/mcs_docking_renin_customcore_b1i5b.sdf,../large_fep_dataset/data/fep_benchmark_processed/mcs_docking_renin_customcore_protein.pdb,609,6.993028,8.097007,7.18912,7.622537,7.7982407,6.8497286,6.987944,7.2065554,7.7683682,7.24206,7.3754587
610,mcs_docking/renin_customcore,mcs_docking/renin_customcore/b1i2k,../large_fep_dataset/data/fep_benchmark_processed/mcs_docking_renin_customcore_b1i2k.sdf,../large_fep_dataset/data/fep_benchmark_processed/mcs_docking_renin_customcore_protein.pdb,610,6.9472084,7.0088205,6.4776063,6.6030736,7.4801664,5.7440104,6.9316998,6.4697733,7.0230765,6.813886,6.7499323
611,mcs_docking/renin_customcore,mcs_docking/renin_customcore/b1i2h,../large_fep_dataset/data/fep_benchmark_processed/mcs_docking_renin_customcore_b1i2h.sdf,../large_fep_dataset/data/fep_benchmark_processed/mcs_docking_renin_customcore_protein.pdb,611,6.37544,6.920949,6.196603,6.5291877,7.006265,5.477719,6.311866,5.562586,6.619439,6.570665,6.357072
612,mcs_docking/renin_customcore,mcs_docking/renin_customcore/b1i2g,../large_fep_dataset/data/fep_benchmark_processed/mcs_docking_renin_customcore_b1i2g.sdf,../large_fep_dataset/data/fep_benchmark_processed/mcs_docking_renin_customcore_protein.pdb,612,6.354245,6.267516,6.2353053,6.165657,6.7363086,5.3215885,6.143103,5.280847,6.250527,5.998474,6.075357
613,mcs_docking/renin_customcore,mcs_docking/renin_customcore/b1i4b,../large_fep_dataset/data/fep_benchmark_processed/mcs_docking_renin_customcore_b1i4b.sdf,../large_fep_dataset/data/fep_benchmark_processed/mcs_docking_renin_customcore_protein.pdb,613,6.784187,6.914551,6.3373933,6.4823074,7.3338084,5.859358,6.348789,5.5691795,6.728645,6.682795,6.504101
614,mcs_docking/renin_customcore,mcs_docking/renin_customcore/b1i5a,../large_fep_dataset/data/fep_benchmark_processed/mcs_docking_renin_customcore_b1i5a.sdf,../large_fep_dataset/data/fep_benchmark_processed/mcs_docking_renin_customcore_protein.pdb,614,7.342879,7.857831,7.194924,7.079118,7.5315228,7.545751,7.177238,7.118825,7.7581177,7.421391,7.4027596
615,mcs_docking/renin_customcore,mcs_docking/renin_customcore/b1i2d,../large_fep_dataset/data/fep_benchmark_processed/mcs_docking_renin_customcore_b1i2d.sdf,../large_fep_dataset/data/fep_benchmark_processed/mcs_docking_renin_customcore_protein.pdb,615,6.887003,6.548403,6.140902,6.512589,6.716989,5.8652234,6.335455,6.0962796,6.4725766,6.544891,6.4120307
616,mcs_docking/renin_customcore,mcs_docking/renin_customcore/b1i4a,../large_fep_dataset/data/fep_benchmark_processed/mcs_docking_renin_customcore_b1i4a.sdf,../large_fep_dataset/data/fep_benchmark_processed/mcs_docking_renin_customcore_protein.pdb,616,6.837471,6.0874867,6.1177745,6.327403,6.005922,5.7723455,6.092173,4.9429927,6.255748,6.1713805,6.06107
617,mcs_docking/renin_customcore,mcs_docking/renin_customcore/b1i5d,../large_fep_dataset/data/fep_benchmark_processed/mcs_docking_renin_customcore_b1i5d.sdf,../large_fep_dataset/data/fep_benchmark_processed/mcs_docking_renin_customcore_protein.pdb,617,6.8928246,8.051262,7.2426567,7.2797103,7.4951873,6.731001,7.6845,7.8027997,7.484979,7.4379673,7.410289
618,mcs_docking/renin_customcore,mcs_docking/renin_customcore/b1i2c,../large_fep_dataset/data/fep_benchmark_processed/mcs_docking_renin_customcore_b1i2c.sdf,../large_fep_dataset/data/fep_benchmark_processed/mcs_docking_renin_customcore_protein.pdb,618,6.6913466,7.131697,6.1206045,6.550098,6.6782804,6.448388,7.021327,6.076189,6.4800167,6.6005177,6.579847
619,mcs_docking/hne,mcs_docking/hne/6,../large_fep_dataset/data/fep_benchmark_processed/mcs_docking_hne_6.sdf,../large_fep_dataset/data/fep_benchmark_processed/mcs_docking_hne_protein.pdb,619,6.9921455,7.626993,7.012112,7.2134027,6.9853477,7.118628,7.504324,7.0456448,7.353849,6.6280103,7.148047
620,mcs_docking/hne,mcs_docking/hne/14,../large_fep_dataset/data/fep_benchmark_processed/mcs_docking_hne_14.sdf,../large_fep_dataset/data/fep_benchmark_processed/mcs_docking_hne_protein.pdb,620,7.3252645,7.7245536,7.8809776,7.7929735,8.199315,7.3928742,7.9166465,8.268715,7.756253,7.7336893,7.7991266
621,mcs_docking/hne,mcs_docking/hne/15,../large_fep_dataset/data/fep_benchmark_processed/mcs_docking_hne_15.sdf,../large_fep_dataset/data/fep_benchmark_processed/mcs_docking_hne_protein.pdb,621,7.2238164,7.975505,7.959691,7.9634514,8.367468,7.77476,7.6498203,8.322365,7.8358636,7.6557474,7.8728485
622,mcs_docking/hne,mcs_docking/hne/16,../large_fep_dataset/data/fep_benchmark_processed/mcs_docking_hne_16.sdf,../large_fep_dataset/data/fep_benchmark_processed/mcs_docking_hne_protein.pdb,622,7.253906,7.9043083,7.782631,7.8261137,8.22544,7.417621,7.6540565,8.409473,7.830527,7.4069333,7.7711015
623,mcs_docking/hne,mcs_docking/hne/17,../large_fep_dataset/data/fep_benchmark_processed/mcs_docking_hne_17.sdf,../large_fep_dataset/data/fep_benchmark_processed/mcs_docking_hne_protein.pdb,623,7.2778044,7.7739472,7.5917077,7.425488,8.075544,7.325932,8.065656,8.334587,7.5873785,7.7843966,7.724244
624,mcs_docking/hne,mcs_docking/hne/18,../large_fep_dataset/data/fep_benchmark_processed/mcs_docking_hne_18.sdf,../large_fep_dataset/data/fep_benchmark_processed/mcs_docking_hne_protein.pdb,624,7.5407295,7.9726057,7.9255247,7.734409,7.949269,7.5847917,7.9070506,8.347001,7.553455,7.758269,7.827311
625,mcs_docking/hne,mcs_docking/hne/19,../large_fep_dataset/data/fep_benchmark_processed/mcs_docking_hne_19.sdf,../large_fep_dataset/data/fep_benchmark_processed/mcs_docking_hne_protein.pdb,625,7.251409,8.148346,7.9940886,8.123464,8.091945,7.5442266,7.689082,8.633731,7.5938087,7.5457425,7.861585
626,mcs_docking/hne,mcs_docking/hne/20,../large_fep_dataset/data/fep_benchmark_processed/mcs_docking_hne_20.sdf,../large_fep_dataset/data/fep_benchmark_processed/mcs_docking_hne_protein.pdb,626,7.80118,8.046543,7.753378,7.949584,8.198948,7.607493,7.9913607,8.446674,7.7151203,7.9103403,7.9420624
627,mcs_docking/hne,mcs_docking/hne/21,../large_fep_dataset/data/fep_benchmark_processed/mcs_docking_hne_21.sdf,../large_fep_dataset/data/fep_benchmark_processed/mcs_docking_hne_protein.pdb,627,7.618254,8.048632,7.927303,7.9461837,8.419296,7.5838175,8.079897,8.39235,7.6014166,7.834905,7.9452057
628,mcs_docking/hne,mcs_docking/hne/22,../large_fep_dataset/data/fep_benchmark_processed/mcs_docking_hne_22.sdf,../large_fep_dataset/data/fep_benchmark_processed/mcs_docking_hne_protein.pdb,628,7.982211,7.665128,8.154755,8.094636,7.779799,7.963472,8.239383,8.244115,7.8265834,8.053691,8.000377
629,mcs_docking/hne,mcs_docking/hne/23,../large_fep_dataset/data/fep_benchmark_processed/mcs_docking_hne_23.sdf,../large_fep_dataset/data/fep_benchmark_processed/mcs_docking_hne_protein.pdb,629,7.3321934,8.346699,8.105254,8.062421,7.980706,8.197914,8.193692,8.485658,8.230468,8.082662,8.101767
630,mcs_docking/hne,mcs_docking/hne/25,../large_fep_dataset/data/fep_benchmark_processed/mcs_docking_hne_25.sdf,../large_fep_dataset/data/fep_benchmark_processed/mcs_docking_hne_protein.pdb,630,7.5879545,7.7458944,8.223283,8.248887,8.176487,8.290316,8.173587,8.50756,8.060501,8.034,8.104846
631,mcs_docking/hne,mcs_docking/hne/26,../large_fep_dataset/data/fep_benchmark_processed/mcs_docking_hne_26.sdf,../large_fep_dataset/data/fep_benchmark_processed/mcs_docking_hne_protein.pdb,631,7.570068,7.795275,8.233792,8.063248,7.7992363,7.8403993,8.157325,8.338243,7.838813,8.050663,7.9687057
632,mcs_docking/hne,mcs_docking/hne/27,../large_fep_dataset/data/fep_benchmark_processed/mcs_docking_hne_27.sdf,../large_fep_dataset/data/fep_benchmark_processed/mcs_docking_hne_protein.pdb,632,7.482885,7.8284273,8.352205,8.329423,8.136159,8.255925,7.9991446,8.729078,8.057291,8.079933,8.125047
633,mcs_docking/hne,mcs_docking/hne/28,../large_fep_dataset/data/fep_benchmark_processed/mcs_docking_hne_28.sdf,../large_fep_dataset/data/fep_benchmark_processed/mcs_docking_hne_protein.pdb,633,7.4219885,7.4036727,8.232312,7.8115873,7.5058303,7.6040363,7.939635,7.8943863,7.4945045,7.495868,7.680382
634,mcs_docking/hne,mcs_docking/hne/29,../large_fep_dataset/data/fep_benchmark_processed/mcs_docking_hne_29.sdf,../large_fep_dataset/data/fep_benchmark_processed/mcs_docking_hne_protein.pdb,634,7.2947135,7.5781016,8.384708,8.004235,7.551282,8.070318,7.835092,8.242876,7.6721787,7.6168256,7.8250327
635,mcs_docking/hne,mcs_docking/hne/30,../large_fep_dataset/data/fep_benchmark_processed/mcs_docking_hne_30.sdf,../large_fep_dataset/data/fep_benchmark_processed/mcs_docking_hne_protein.pdb,635,7.2782726,7.6246886,8.175043,7.9359746,7.477688,8.071279,7.701503,7.77771,7.9250455,7.5192137,7.748642
636,mcs_docking/hne,mcs_docking/hne/21 neutral,../large_fep_dataset/data/fep_benchmark_processed/mcs_docking_hne_21_neutral.sdf,../large_fep_dataset/data/fep_benchmark_processed/mcs_docking_hne_protein.pdb,636,7.6348534,8.230722,8.15125,8.180055,8.461684,7.538657,8.016383,8.470123,7.6782107,7.8195715,8.018151
637,mcs_docking/hne,mcs_docking/hne/19 neutral,../large_fep_dataset/data/fep_benchmark_processed/mcs_docking_hne_19_neutral.sdf,../large_fep_dataset/data/fep_benchmark_processed/mcs_docking_hne_protein.pdb,637,7.047683,8.296313,7.813529,8.010916,7.9852314,7.3684916,7.6054535,8.502658,7.533825,7.6448197,7.7808924
638,mcs_docking/hne,mcs_docking/hne/16 neutral,../large_fep_dataset/data/fep_benchmark_processed/mcs_docking_hne_16_neutral.sdf,../large_fep_dataset/data/fep_benchmark_processed/mcs_docking_hne_protein.pdb,638,7.1541114,8.046856,7.7348785,7.8275847,8.054878,7.1606936,7.67686,8.252,7.795478,7.523933,7.7227273
639,misc/hfaah,misc/hfaah/6MRG ligand,../large_fep_dataset/data/fep_benchmark_processed/misc_hfaah_6MRG_ligand.sdf,../large_fep_dataset/data/fep_benchmark_processed/misc_hfaah_protein.pdb,639,5.9329824,6.6521425,6.591874,6.69903,6.5776706,6.137868,6.182883,5.7300944,6.315005,6.3133616,6.313291
640,misc/hfaah,misc/hfaah/fig 3,../large_fep_dataset/data/fep_benchmark_processed/misc_hfaah_fig_3.sdf,../large_fep_dataset/data/fep_benchmark_processed/misc_hfaah_protein.pdb,640,6.198334,6.6139903,6.863725,6.548696,6.6107163,5.9882097,6.7843385,5.892489,6.4398947,6.3278174,6.4268217
641,misc/hfaah,misc/hfaah/2,../large_fep_dataset/data/fep_benchmark_processed/misc_hfaah_2.sdf,../large_fep_dataset/data/fep_benchmark_processed/misc_hfaah_protein.pdb,641,5.402665,5.538604,6.037705,6.360399,6.8977714,5.576584,5.585412,5.454624,5.4937267,4.8614254,5.7208915
642,misc/hfaah,misc/hfaah/4,../large_fep_dataset/data/fep_benchmark_processed/misc_hfaah_4.sdf,../large_fep_dataset/data/fep_benchmark_processed/misc_hfaah_protein.pdb,642,6.3723583,7.1980724,7.091476,7.272067,7.346925,6.278997,6.219559,6.4153376,7.299926,5.8969245,6.739164
643,misc/hfaah,misc/hfaah/6,../large_fep_dataset/data/fep_benchmark_processed/misc_hfaah_6.sdf,../large_fep_dataset/data/fep_benchmark_processed/misc_hfaah_protein.pdb,643,6.341017,6.4955935,6.34278,6.7757597,6.551617,6.28284,6.6036572,5.0558233,6.013466,5.899298,6.2361856
644,misc/hfaah,misc/hfaah/9,../large_fep_dataset/data/fep_benchmark_processed/misc_hfaah_9.sdf,../large_fep_dataset/data/fep_benchmark_processed/misc_hfaah_protein.pdb,644,5.8075943,6.857688,6.964049,6.3037376,6.53071,6.230756,7.2062755,5.5691323,6.4107213,6.315349,6.4196014
645,misc/hfaah,misc/hfaah/11,../large_fep_dataset/data/fep_benchmark_processed/misc_hfaah_11.sdf,../large_fep_dataset/data/fep_benchmark_processed/misc_hfaah_protein.pdb,645,6.11216,6.5226545,6.4404273,6.7787995,7.462294,6.651604,6.3847466,5.8969917,6.4775243,5.763308,6.449051
646,misc/hfaah,misc/hfaah/12,../large_fep_dataset/data/fep_benchmark_processed/misc_hfaah_12.sdf,../large_fep_dataset/data/fep_benchmark_processed/misc_hfaah_protein.pdb,646,6.179848,6.045852,6.2797856,6.616828,6.6080794,6.290314,6.2111607,5.7511153,6.5023065,5.925406,6.2410703
647,misc/hfaah,misc/hfaah/15,../large_fep_dataset/data/fep_benchmark_processed/misc_hfaah_15.sdf,../large_fep_dataset/data/fep_benchmark_processed/misc_hfaah_protein.pdb,647,5.598824,6.3470826,6.0403204,7.5704594,7.0204844,5.956033,6.159494,6.2163773,6.258733,5.5269623,6.269477
648,misc/hfaah,misc/hfaah/14,../large_fep_dataset/data/fep_benchmark_processed/misc_hfaah_14.sdf,../large_fep_dataset/data/fep_benchmark_processed/misc_hfaah_protein.pdb,648,5.4175663,5.97539,6.2475753,6.52089,5.9544716,5.835499,5.8160954,5.328585,6.0960307,5.380404,5.857251
649,misc/hfaah,misc/hfaah/19,../large_fep_dataset/data/fep_benchmark_processed/misc_hfaah_19.sdf,../large_fep_dataset/data/fep_benchmark_processed/misc_hfaah_protein.pdb,649,5.6533318,6.158403,6.2507696,5.9812937,6.8384266,5.5909863,5.9426613,5.5124936,5.819735,5.263998,5.90121
650,misc/hfaah,misc/hfaah/20,../large_fep_dataset/data/fep_benchmark_processed/misc_hfaah_20.sdf,../large_fep_dataset/data/fep_benchmark_processed/misc_hfaah_protein.pdb,650,5.4462194,5.6896644,6.0478134,6.402137,6.6376333,5.227038,5.38382,5.5686336,5.3220854,4.631008,5.635606
651,misc/hfaah,misc/hfaah/22,../large_fep_dataset/data/fep_benchmark_processed/misc_hfaah_22.sdf,../large_fep_dataset/data/fep_benchmark_processed/misc_hfaah_protein.pdb,651,6.2116566,6.9115453,6.7577386,6.249248,7.1875153,6.087379,6.0283337,6.3361526,6.5466013,5.8339267,6.4150095
652,misc/hfaah,misc/hfaah/23,../large_fep_dataset/data/fep_benchmark_processed/misc_hfaah_23.sdf,../large_fep_dataset/data/fep_benchmark_processed/misc_hfaah_protein.pdb,652,6.126997,6.7113967,6.957532,6.8131366,6.865845,6.6117287,7.405301,6.112687,6.5820785,6.7855124,6.6972213
653,misc/hfaah,misc/hfaah/24,../large_fep_dataset/data/fep_benchmark_processed/misc_hfaah_24.sdf,../large_fep_dataset/data/fep_benchmark_processed/misc_hfaah_protein.pdb,653,6.479037,6.5933795,6.4970326,6.8004985,6.9607067,7.261323,6.293101,6.0768123,6.3236737,6.2284565,6.551402
654,misc/hfaah,misc/hfaah/25,../large_fep_dataset/data/fep_benchmark_processed/misc_hfaah_25.sdf,../large_fep_dataset/data/fep_benchmark_processed/misc_hfaah_protein.pdb,654,5.367792,6.7999754,6.475133,6.2953467,6.2496862,6.364185,5.9493966,5.4965363,5.9109435,5.575629,6.048463
655,misc/hfaah,misc/hfaah/26,../large_fep_dataset/data/fep_benchmark_processed/misc_hfaah_26.sdf,../large_fep_dataset/data/fep_benchmark_processed/misc_hfaah_protein.pdb,655,5.7256665,7.1416574,6.4101777,6.813858,6.8727775,6.271716,6.3736844,5.9698687,5.9266396,5.8835645,6.338961
656,misc/hfaah,misc/hfaah/27,../large_fep_dataset/data/fep_benchmark_processed/misc_hfaah_27.sdf,../large_fep_dataset/data/fep_benchmark_processed/misc_hfaah_protein.pdb,656,6.4225016,6.722968,7.3708367,7.1184545,7.0137844,6.8212013,7.225653,6.4653654,6.635437,6.9794188,6.877562
657,misc/hfaah,misc/hfaah/28,../large_fep_dataset/data/fep_benchmark_processed/misc_hfaah_28.sdf,../large_fep_dataset/data/fep_benchmark_processed/misc_hfaah_protein.pdb,657,6.2290745,7.697246,6.6194873,7.80645,7.480354,7.071418,7.478193,6.7968664,7.1515827,6.7127647,7.1043444
658,misc/hfaah,misc/hfaah/29,../large_fep_dataset/data/fep_benchmark_processed/misc_hfaah_29.sdf,../large_fep_dataset/data/fep_benchmark_processed/misc_hfaah_protein.pdb,658,6.557419,6.476831,6.3909144,7.3840976,6.871554,6.5911374,7.149868,4.98493,6.0260363,6.226523,6.465931
659,misc/hfaah,misc/hfaah/30,../large_fep_dataset/data/fep_benchmark_processed/misc_hfaah_30.sdf,../large_fep_dataset/data/fep_benchmark_processed/misc_hfaah_protein.pdb,659,6.035458,5.949086,6.4333935,7.014735,7.070819,6.8175573,6.092391,5.121969,5.9038153,6.079052,6.251828
660,misc/hfaah,misc/hfaah/31,../large_fep_dataset/data/fep_benchmark_processed/misc_hfaah_31.sdf,../large_fep_dataset/data/fep_benchmark_processed/misc_hfaah_protein.pdb,660,6.0465336,6.5400834,6.5474095,7.09345,7.0865774,6.932641,6.4126415,5.0947347,6.2272806,6.183671,6.4165015
661,misc/hfaah,misc/hfaah/33 (Saha 2018),../large_fep_dataset/data/fep_benchmark_processed/misc_hfaah_33_(Saha_2018).sdf,../large_fep_dataset/data/fep_benchmark_processed/misc_hfaah_protein.pdb,661,6.0718904,6.491488,6.2707806,7.016128,6.861324,6.96454,6.794199,5.1932054,6.3655934,6.2642016,6.429335
662,misc/hfaah,misc/hfaah/39,../large_fep_dataset/data/fep_benchmark_processed/misc_hfaah_39.sdf,../large_fep_dataset/data/fep_benchmark_processed/misc_hfaah_protein.pdb,662,5.9608116,6.7624435,6.2133636,6.5969076,6.9723816,6.669942,6.9480443,5.080671,6.518718,6.2874994,6.401078
663,misc/hiv_prot_ekegren,misc/hiv_prot_ekegren/1,../large_fep_dataset/data/fep_benchmark_processed/misc_hiv_prot_ekegren_1.sdf,../large_fep_dataset/data/fep_benchmark_processed/misc_hiv_prot_ekegren_protein.pdb,663,9.269575,9.702264,8.705796,8.375016,8.835398,8.818403,8.801818,8.741231,8.648276,8.8704405,8.8768215
664,misc/hiv_prot_ekegren,misc/hiv_prot_ekegren/9,../large_fep_dataset/data/fep_benchmark_processed/misc_hiv_prot_ekegren_9.sdf,../large_fep_dataset/data/fep_benchmark_processed/misc_hiv_prot_ekegren_protein.pdb,664,9.318389,9.072918,8.591899,8.2705145,8.644197,8.761125,8.504186,8.651818,8.5757265,8.480475,8.687125
665,misc/hiv_prot_ekegren,misc/hiv_prot_ekegren/10,../large_fep_dataset/data/fep_benchmark_processed/misc_hiv_prot_ekegren_10.sdf,../large_fep_dataset/data/fep_benchmark_processed/misc_hiv_prot_ekegren_protein.pdb,665,9.55784,9.771466,9.284471,9.2123165,9.056238,9.195544,9.016028,8.958286,9.028158,8.882028,9.196238
666,misc/hiv_prot_ekegren,misc/hiv_prot_ekegren/11 (2cen),../large_fep_dataset/data/fep_benchmark_processed/misc_hiv_prot_ekegren_11_(2cen).sdf,../large_fep_dataset/data/fep_benchmark_processed/misc_hiv_prot_ekegren_protein.pdb,666,9.50761,9.871318,9.327989,9.079236,8.939932,9.081517,9.112027,8.94353,8.907494,8.739193,9.150984
667,misc/hiv_prot_ekegren,misc/hiv_prot_ekegren/12,../large_fep_dataset/data/fep_benchmark_processed/misc_hiv_prot_ekegren_12.sdf,../large_fep_dataset/data/fep_benchmark_processed/misc_hiv_prot_ekegren_protein.pdb,667,9.454192,9.8773365,9.28978,8.698671,8.904069,9.076234,9.137521,8.884273,8.873296,8.774217,9.096958
668,misc/hiv_prot_ekegren,misc/hiv_prot_ekegren/13,../large_fep_dataset/data/fep_benchmark_processed/misc_hiv_prot_ekegren_13.sdf,../large_fep_dataset/data/fep_benchmark_processed/misc_hiv_prot_ekegren_protein.pdb,668,9.130747,8.821358,8.353856,8.261345,8.677939,8.575434,8.23128,8.647283,8.498431,8.386882,8.5584545
669,misc/hiv_prot_ekegren,misc/hiv_prot_ekegren/14,../large_fep_dataset/data/fep_benchmark_processed/misc_hiv_prot_ekegren_14.sdf,../large_fep_dataset/data/fep_benchmark_processed/misc_hiv_prot_ekegren_protein.pdb,669,9.137815,8.854978,8.405442,8.415178,8.941012,8.58567,8.50767,8.574655,8.501681,8.710702,8.663481
670,misc/hiv_prot_ekegren,misc/hiv_prot_ekegren/15,../large_fep_dataset/data/fep_benchmark_processed/misc_hiv_prot_ekegren_15.sdf,../large_fep_dataset/data/fep_benchmark_processed/misc_hiv_prot_ekegren_protein.pdb,670,9.331709,9.356233,9.063462,8.975185,9.223452,8.8949585,9.028636,8.7777815,8.891637,9.136743,9.06798
671,misc/hiv_prot_ekegren,misc/hiv_prot_ekegren/16,../large_fep_dataset/data/fep_benchmark_processed/misc_hiv_prot_ekegren_16.sdf,../large_fep_dataset/data/fep_benchmark_processed/misc_hiv_prot_ekegren_protein.pdb,671,9.334051,9.441,9.035907,8.958636,9.191825,8.786264,8.998588,8.898881,9.054543,9.010987,9.071069
672,misc/hiv_prot_ekegren,misc/hiv_prot_ekegren/17,../large_fep_dataset/data/fep_benchmark_processed/misc_hiv_prot_ekegren_17.sdf,../large_fep_dataset/data/fep_benchmark_processed/misc_hiv_prot_ekegren_protein.pdb,672,9.2297125,9.004932,8.584952,8.817097,8.74209,9.258841,8.788163,8.9123,8.433827,8.80729,8.857921
673,misc/hiv_prot_ekegren,misc/hiv_prot_ekegren/18,../large_fep_dataset/data/fep_benchmark_processed/misc_hiv_prot_ekegren_18.sdf,../large_fep_dataset/data/fep_benchmark_processed/misc_hiv_prot_ekegren_protein.pdb,673,9.435435,9.889211,9.418503,9.01252,8.967428,9.029386,9.085107,8.834483,8.645144,8.622408,9.093962
674,misc/hiv_prot_ekegren,misc/hiv_prot_ekegren/19,../large_fep_dataset/data/fep_benchmark_processed/misc_hiv_prot_ekegren_19.sdf,../large_fep_dataset/data/fep_benchmark_processed/misc_hiv_prot_ekegren_protein.pdb,674,8.614564,8.344711,7.8492966,7.9606237,7.488342,8.527307,7.908755,8.397462,7.89177,7.8531423,8.083597
675,misc/hiv_prot_ekegren,misc/hiv_prot_ekegren/20,../large_fep_dataset/data/fep_benchmark_processed/misc_hiv_prot_ekegren_20.sdf,../large_fep_dataset/data/fep_benchmark_processed/misc_hiv_prot_ekegren_protein.pdb,675,8.96972,9.659948,8.544513,8.349674,8.779133,9.112084,8.702714,9.0192995,8.678434,8.78023,8.859575
676,misc/cdk8_koehler,misc/cdk8_koehler/12,../large_fep_dataset/data/fep_benchmark_processed/misc_cdk8_koehler_12.sdf,../large_fep_dataset/data/fep_benchmark_processed/misc_cdk8_koehler_protein.pdb,676,6.7172537,6.3648868,6.123673,6.3580647,6.4871006,6.179125,7.1156116,5.816745,6.7960377,6.4861817,6.444468
677,misc/cdk8_koehler,misc/cdk8_koehler/13,../large_fep_dataset/data/fep_benchmark_processed/misc_cdk8_koehler_13.sdf,../large_fep_dataset/data/fep_benchmark_processed/misc_cdk8_koehler_protein.pdb,677,6.542461,6.1755157,6.0372243,6.1495843,6.6344705,6.64303,6.6830034,5.233633,6.4411488,6.4258857,6.2965956
678,misc/cdk8_koehler,misc/cdk8_koehler/14,../large_fep_dataset/data/fep_benchmark_processed/misc_cdk8_koehler_14.sdf,../large_fep_dataset/data/fep_benchmark_processed/misc_cdk8_koehler_protein.pdb,678,7.727755,7.116239,6.4266133,7.096285,6.7215834,6.761383,7.7505107,6.299969,7.4734583,7.337745,7.071154
679,misc/cdk8_koehler,misc/cdk8_koehler/15,../large_fep_dataset/data/fep_benchmark_processed/misc_cdk8_koehler_15.sdf,../large_fep_dataset/data/fep_benchmark_processed/misc_cdk8_koehler_protein.pdb,679,7.0882015,7.0702615,6.4413633,7.105438,7.2494955,6.9591327,7.501023,6.369243,7.6106143,7.0897555,7.048453
680,misc/cdk8_koehler,misc/cdk8_koehler/16,../large_fep_dataset/data/fep_benchmark_processed/misc_cdk8_koehler_16.sdf,../large_fep_dataset/data/fep_benchmark_processed/misc_cdk8_koehler_protein.pdb,680,7.4415736,7.6526127,7.203649,6.6992345,7.0429087,7.4221835,7.7294917,6.4685035,7.0229573,7.880117,7.2563233
681,misc/cdk8_koehler,misc/cdk8_koehler/17,../large_fep_dataset/data/fep_benchmark_processed/misc_cdk8_koehler_17.sdf,../large_fep_dataset/data/fep_benchmark_processed/misc_cdk8_koehler_protein.pdb,681,7.5969253,7.684678,7.6572237,7.682735,7.1547956,7.718924,7.8330975,7.5979996,7.72362,7.8746943,7.6524696
682,misc/cdk8_koehler,misc/cdk8_koehler/19,../large_fep_dataset/data/fep_benchmark_processed/misc_cdk8_koehler_19.sdf,../large_fep_dataset/data/fep_benchmark_processed/misc_cdk8_koehler_protein.pdb,682,6.0446253,6.0468364,5.701746,6.285046,6.6940446,6.392816,6.7042894,5.570127,6.2655144,6.24552,6.195056
683,misc/cdk8_koehler,misc/cdk8_koehler/20,../large_fep_dataset/data/fep_benchmark_processed/misc_cdk8_koehler_20.sdf,../large_fep_dataset/data/fep_benchmark_processed/misc_cdk8_koehler_protein.pdb,683,6.574695,6.865229,6.793494,6.7047873,6.6845994,6.85834,7.5631313,6.308824,7.035221,6.7427244,6.813105
684,misc/cdk8_koehler,misc/cdk8_koehler/21,../large_fep_dataset/data/fep_benchmark_processed/misc_cdk8_koehler_21.sdf,../large_fep_dataset/data/fep_benchmark_processed/misc_cdk8_koehler_protein.pdb,684,6.933346,6.8579965,6.434175,6.9104924,6.7143674,7.575973,7.6163507,7.409883,7.0136886,6.885964,7.0352235
685,misc/cdk8_koehler,misc/cdk8_koehler/22,../large_fep_dataset/data/fep_benchmark_processed/misc_cdk8_koehler_22.sdf,../large_fep_dataset/data/fep_benchmark_processed/misc_cdk8_koehler_protein.pdb,685,7.817186,6.9571714,6.377919,6.7462945,6.8359194,6.9503355,7.082465,6.916973,7.192481,7.404399,7.0281143
686,misc/galectin3_extra,misc/galectin3_extra/18a,../large_fep_dataset/data/fep_benchmark_processed/misc_galectin3_extra_18a.sdf,../large_fep_dataset/data/fep_benchmark_processed/misc_galectin3_extra_protein.pdb,686,6.999476,6.877317,7.087554,6.9285746,7.0571227,6.9418716,6.688806,6.8928704,6.212466,7.7546964,6.9440756
687,misc/galectin3_extra,misc/galectin3_extra/18b,../large_fep_dataset/data/fep_benchmark_processed/misc_galectin3_extra_18b.sdf,../large_fep_dataset/data/fep_benchmark_processed/misc_galectin3_extra_protein.pdb,687,6.9291463,6.8224263,7.058656,7.024629,6.74087,7.0643244,7.225941,7.034749,6.804707,7.7941623,7.049961
688,misc/galectin3_extra,misc/galectin3_extra/18d,../large_fep_dataset/data/fep_benchmark_processed/misc_galectin3_extra_18d.sdf,../large_fep_dataset/data/fep_benchmark_processed/misc_galectin3_extra_protein.pdb,688,6.862825,6.8318753,6.69834,6.809591,7.113377,6.9978204,6.3817115,7.039355,6.467779,7.6498647,6.885254
689,misc/galectin3_extra,misc/galectin3_extra/18e,../large_fep_dataset/data/fep_benchmark_processed/misc_galectin3_extra_18e.sdf,../large_fep_dataset/data/fep_benchmark_processed/misc_galectin3_extra_protein.pdb,689,6.7510657,6.910991,6.845725,6.8348794,6.6356487,6.6120033,6.6766787,6.784615,6.248462,7.4015293,6.7701597
690,misc/galectin3_extra,misc/galectin3_extra/18f,../large_fep_dataset/data/fep_benchmark_processed/misc_galectin3_extra_18f.sdf,../large_fep_dataset/data/fep_benchmark_processed/misc_galectin3_extra_protein.pdb,690,6.9886775,6.4630404,6.1593976,6.890217,6.8318176,6.4630427,6.704665,7.026912,6.5098677,7.2658916,6.730353
691,misc/galectin3_extra,misc/galectin3_extra/18g,../large_fep_dataset/data/fep_benchmark_processed/misc_galectin3_extra_18g.sdf,../large_fep_dataset/data/fep_benchmark_processed/misc_galectin3_extra_protein.pdb,691,6.972161,6.798046,6.459059,7.133747,6.7863965,6.703042,6.8728333,6.9031596,7.347185,7.7293677,6.9705
692,misc/galectin3_extra,misc/galectin3_extra/18h,../large_fep_dataset/data/fep_benchmark_processed/misc_galectin3_extra_18h.sdf,../large_fep_dataset/data/fep_benchmark_processed/misc_galectin3_extra_protein.pdb,692,7.029146,6.685937,6.6613073,7.302789,6.8721805,6.8549156,7.1765943,6.8629713,6.6798615,7.9444633,7.0070167
693,misc/galectin3_extra,misc/galectin3_extra/18i,../large_fep_dataset/data/fep_benchmark_processed/misc_galectin3_extra_18i.sdf,../large_fep_dataset/data/fep_benchmark_processed/misc_galectin3_extra_protein.pdb,693,7.1905904,7.2853384,7.396337,7.166901,7.0857925,7.1411014,6.952239,7.4189553,7.198399,8.152044,7.298771
694,misc/galectin3_extra,misc/galectin3_extra/17m,../large_fep_dataset/data/fep_benchmark_processed/misc_galectin3_extra_17m.sdf,../large_fep_dataset/data/fep_benchmark_processed/misc_galectin3_extra_protein.pdb,694,5.1595445,5.7270904,5.400314,5.271619,5.422642,4.6632853,4.720309,5.6209555,4.8553705,5.2972064,5.213834
695,misc/galectin3_extra,misc/galectin3_extra/17q,../large_fep_dataset/data/fep_benchmark_processed/misc_galectin3_extra_17q.sdf,../large_fep_dataset/data/fep_benchmark_processed/misc_galectin3_extra_protein.pdb,695,5.97761,5.326577,5.1737223,5.4323683,5.8273635,5.2301235,5.650146,6.711862,5.0526557,5.5939894,5.597642
696,misc/galectin3_extra,misc/galectin3_extra/17r,../large_fep_dataset/data/fep_benchmark_processed/misc_galectin3_extra_17r.sdf,../large_fep_dataset/data/fep_benchmark_processed/misc_galectin3_extra_protein.pdb,696,5.6692333,5.303342,5.2151837,5.613257,5.776916,5.229643,5.820691,6.5577555,5.058038,5.484242,5.5728297
697,misc/galectin3_extra,misc/galectin3_extra/17n,../large_fep_dataset/data/fep_benchmark_processed/misc_galectin3_extra_17n.sdf,../large_fep_dataset/data/fep_benchmark_processed/misc_galectin3_extra_protein.pdb,697,6.0431585,6.024721,5.5070863,5.1067605,5.9754243,5.6264715,5.3910728,6.285363,5.1246758,5.1104474,5.619518
698,misc/galectin3_extra,misc/galectin3_extra/17p,../large_fep_dataset/data/fep_benchmark_processed/misc_galectin3_extra_17p.sdf,../large_fep_dataset/data/fep_benchmark_processed/misc_galectin3_extra_protein.pdb,698,6.228003,6.443754,5.739751,6.0264163,6.1161346,5.6264324,5.6601515,6.5665913,6.2472444,6.05189,6.070637
699,misc/galectin3_extra,misc/galectin3_extra/17o,../large_fep_dataset/data/fep_benchmark_processed/misc_galectin3_extra_17o.sdf,../large_fep_dataset/data/fep_benchmark_processed/misc_galectin3_extra_protein.pdb,699,6.2599554,6.297238,5.538117,5.6519814,5.8705835,5.2481933,5.463308,6.383024,5.7311873,5.8866625,5.833024
700,misc/galectin3_extra,misc/galectin3_extra/17f,../large_fep_dataset/data/fep_benchmark_processed/misc_galectin3_extra_17f.sdf,../large_fep_dataset/data/fep_benchmark_processed/misc_galectin3_extra_protein.pdb,700,6.3757377,6.424921,6.3245173,6.2458158,6.5409074,6.2795615,5.759643,6.816596,6.735848,6.631098,6.4134645
701,misc/galectin3_extra,misc/galectin3_extra/17e,../large_fep_dataset/data/fep_benchmark_processed/misc_galectin3_extra_17e.sdf,../large_fep_dataset/data/fep_benchmark_processed/misc_galectin3_extra_protein.pdb,701,6.5389395,6.4673758,6.7225437,6.5165987,6.8458285,6.424419,6.3337116,6.902647,6.7782254,6.92542,6.645571
702,misc/galectin3_extra,misc/galectin3_extra/17g,../large_fep_dataset/data/fep_benchmark_processed/misc_galectin3_extra_17g.sdf,../large_fep_dataset/data/fep_benchmark_processed/misc_galectin3_extra_protein.pdb,702,6.7976103,6.576387,7.0764246,6.8597484,6.9686007,6.7191553,6.545702,7.0149107,7.1470203,7.379579,6.9085135
703,misc/galectin3_extra,misc/galectin3_extra/17a,../large_fep_dataset/data/fep_benchmark_processed/misc_galectin3_extra_17a.sdf,../large_fep_dataset/data/fep_benchmark_processed/misc_galectin3_extra_protein.pdb,703,5.6995063,5.49198,4.9832287,5.1225295,5.464235,4.9880147,4.8644104,5.844791,4.994333,4.9974446,5.2450476
704,misc/galectin3_extra,misc/galectin3_extra/17j,../large_fep_dataset/data/fep_benchmark_processed/misc_galectin3_extra_17j.sdf,../large_fep_dataset/data/fep_benchmark_processed/misc_galectin3_extra_protein.pdb,704,5.8739877,5.404596,5.4325237,5.1639733,5.8311024,5.3589997,5.24588,6.031125,6.3386574,6.0832014,5.6764045
705,misc/galectin3_extra,misc/galectin3_extra/17l,../large_fep_dataset/data/fep_benchmark_processed/misc_galectin3_extra_17l.sdf,../large_fep_dataset/data/fep_benchmark_processed/misc_galectin3_extra_protein.pdb,705,5.9092126,5.602791,5.7413054,5.249369,6.257921,5.766651,5.519057,6.1673136,5.8760657,5.7891827,5.7878866
706,misc/galectin3_extra,misc/galectin3_extra/17c,../large_fep_dataset/data/fep_benchmark_processed/misc_galectin3_extra_17c.sdf,../large_fep_dataset/data/fep_benchmark_processed/misc_galectin3_extra_protein.pdb,706,6.155043,6.1203303,6.0519314,6.0257015,6.1946397,5.990051,5.693619,6.5683017,6.317539,6.3030868,6.142024
707,misc/galectin3_extra,misc/galectin3_extra/17k,../large_fep_dataset/data/fep_benchmark_processed/misc_galectin3_extra_17k.sdf,../large_fep_dataset/data/fep_benchmark_processed/misc_galectin3_extra_protein.pdb,707,6.3853154,5.7981124,5.6661296,5.558583,6.073305,6.0555463,5.4695163,6.246365,6.4924836,6.3664513,6.011181
708,misc/galectin3_extra,misc/galectin3_extra/17b,../large_fep_dataset/data/fep_benchmark_processed/misc_galectin3_extra_17b.sdf,../large_fep_dataset/data/fep_benchmark_processed/misc_galectin3_extra_protein.pdb,708,6.257161,6.4100447,6.1032095,5.385456,6.466769,6.1073823,5.569697,6.486217,6.2607174,6.5882854,6.163495
709,misc/galectin3_extra,misc/galectin3_extra/17h flip,../large_fep_dataset/data/fep_benchmark_processed/misc_galectin3_extra_17h_flip.sdf,../large_fep_dataset/data/fep_benchmark_processed/misc_galectin3_extra_protein.pdb,709,6.4867635,6.1966963,6.04485,6.094337,6.5739427,6.2251134,5.8424053,6.713533,5.4995503,6.365426,6.204262
710,misc/galectin3_extra,misc/galectin3_extra/17i,../large_fep_dataset/data/fep_benchmark_processed/misc_galectin3_extra_17i.sdf,../large_fep_dataset/data/fep_benchmark_processed/misc_galectin3_extra_protein.pdb,710,5.941722,5.489842,5.3277116,5.1552124,5.883965,5.671605,5.2364664,6.11114,6.129255,5.8521805,5.6799097
711,misc/galectin3_extra,misc/galectin3_extra/17d,../large_fep_dataset/data/fep_benchmark_processed/misc_galectin3_extra_17d.sdf,../large_fep_dataset/data/fep_benchmark_processed/misc_galectin3_extra_protein.pdb,711,6.163671,6.0133915,5.9472575,5.5289764,6.324566,5.930042,5.751187,6.5365624,6.230448,6.328669,6.075477
712,misc/btk_extra_flip,misc/btk_extra_flip/2,../large_fep_dataset/data/fep_benchmark_processed/misc_btk_extra_flip_2.sdf,../large_fep_dataset/data/fep_benchmark_processed/misc_btk_extra_flip_protein.pdb,712,5.9319,6.21136,5.0482316,5.013625,5.328812,4.9837513,5.117004,5.328869,5.4557548,5.505107,5.3924413
713,misc/btk_extra_flip,misc/btk_extra_flip/7,../large_fep_dataset/data/fep_benchmark_processed/misc_btk_extra_flip_7.sdf,../large_fep_dataset/data/fep_benchmark_processed/misc_btk_extra_flip_protein.pdb,713,7.128903,7.031989,7.3793974,6.8333426,6.810266,7.049978,6.9892898,7.434734,7.449393,6.9795403,7.108683
714,misc/btk_extra_flip,misc/btk_extra_flip/8,../large_fep_dataset/data/fep_benchmark_processed/misc_btk_extra_flip_8.sdf,../large_fep_dataset/data/fep_benchmark_processed/misc_btk_extra_flip_protein.pdb,714,7.1943445,7.25266,6.6950946,6.7383404,6.9293766,7.184757,7.0189486,7.116964,7.3463173,7.263629,7.0740423
715,misc/btk_extra_flip,misc/btk_extra_flip/9 flip,../large_fep_dataset/data/fep_benchmark_processed/misc_btk_extra_flip_9_flip.sdf,../large_fep_dataset/data/fep_benchmark_processed/misc_btk_extra_flip_protein.pdb,715,7.105278,7.37184,6.9507585,7.0772786,6.3525414,7.203582,6.821398,7.1278014,7.32378,6.9870586,7.032131
716,misc/btk_extra_flip,misc/btk_extra_flip/10,../large_fep_dataset/data/fep_benchmark_processed/misc_btk_extra_flip_10.sdf,../large_fep_dataset/data/fep_benchmark_processed/misc_btk_extra_flip_protein.pdb,716,7.716925,7.7625647,7.4252105,7.186803,7.51213,7.612522,7.16198,7.4048386,7.539943,7.352972,7.467589
717,misc/btk_extra_flip,misc/btk_extra_flip/11,../large_fep_dataset/data/fep_benchmark_processed/misc_btk_extra_flip_11.sdf,../large_fep_dataset/data/fep_benchmark_processed/misc_btk_extra_flip_protein.pdb,717,7.9874034,8.086477,7.414266,7.7183723,7.5827217,8.013564,7.300558,7.5485907,7.737003,7.6895742,7.707853
718,opls_stress/cr_bace1,opls_stress/cr_bace1/4,../large_fep_dataset/data/fep_benchmark_processed/opls_stress_cr_bace1_4.sdf,../large_fep_dataset/data/fep_benchmark_processed/opls_stress_cr_bace1_protein.pdb,718,6.6268606,7.2710814,7.0858655,7.2355857,6.771992,6.705711,6.8812394,6.778695,7.2627416,7.1368523,6.975662
719,opls_stress/cr_bace1,opls_stress/cr_bace1/1,../large_fep_dataset/data/fep_benchmark_processed/opls_stress_cr_bace1_1.sdf,../large_fep_dataset/data/fep_benchmark_processed/opls_stress_cr_bace1_protein.pdb,719,6.722161,7.400002,7.0337763,6.821903,6.5529585,6.745836,6.3434086,6.673941,7.257294,7.0871215,6.8638396
720,opls_stress/cr_bace1,opls_stress/cr_bace1/3,../large_fep_dataset/data/fep_benchmark_processed/opls_stress_cr_bace1_3.sdf,../large_fep_dataset/data/fep_benchmark_processed/opls_stress_cr_bace1_protein.pdb,720,6.965157,7.1693816,6.9277315,6.7493033,6.4577274,6.649277,6.6961737,6.419638,7.054339,7.2743745,6.8363104
721,opls_stress/cr_bace1,opls_stress/cr_bace1/7,../large_fep_dataset/data/fep_benchmark_processed/opls_stress_cr_bace1_7.sdf,../large_fep_dataset/data/fep_benchmark_processed/opls_stress_cr_bace1_protein.pdb,721,6.637257,7.217489,6.74399,6.812207,6.4668427,6.438789,6.454939,6.4705634,7.387568,7.29004,6.7919683
722,opls_stress/cr_bace1,opls_stress/cr_bace1/9R,../large_fep_dataset/data/fep_benchmark_processed/opls_stress_cr_bace1_9R.sdf,../large_fep_dataset/data/fep_benchmark_processed/opls_stress_cr_bace1_protein.pdb,722,6.8068414,7.0967054,6.688422,6.855037,6.7050633,6.509564,6.748316,6.3146095,7.012685,7.373282,6.811053
723,opls_stress/cr_bace1,opls_stress/cr_bace1/5,../large_fep_dataset/data/fep_benchmark_processed/opls_stress_cr_bace1_5.sdf,../large_fep_dataset/data/fep_benchmark_processed/opls_stress_cr_bace1_protein.pdb,723,6.5758996,7.0398054,6.669939,6.9830527,6.814971,6.726803,6.1596465,6.5179796,7.2681823,7.096141,6.7852416
724,opls_stress/cr_bace1,opls_stress/cr_bace1/10,../large_fep_dataset/data/fep_benchmark_processed/opls_stress_cr_bace1_10.sdf,../large_fep_dataset/data/fep_benchmark_processed/opls_stress_cr_bace1_protein.pdb,724,6.624816,7.0551095,6.5091534,6.576932,6.614733,6.449173,5.9754987,6.2167516,7.047551,7.3889027,6.6458616
725,opls_stress/cr_bace1,opls_stress/cr_bace1/6,../large_fep_dataset/data/fep_benchmark_processed/opls_stress_cr_bace1_6.sdf,../large_fep_dataset/data/fep_benchmark_processed/opls_stress_cr_bace1_protein.pdb,725,6.8055453,7.6801214,7.198323,7.615581,7.120208,7.1184216,7.423491,7.0167694,7.6256294,7.588433,7.319253
726,opls_stress/cr_bace1,opls_stress/cr_bace1/2,../large_fep_dataset/data/fep_benchmark_processed/opls_stress_cr_bace1_2.sdf,../large_fep_dataset/data/fep_benchmark_processed/opls_stress_cr_bace1_protein.pdb,726,6.5706162,7.142034,6.439518,6.963738,6.6202583,6.668076,6.5294466,6.7365713,6.900339,7.2527895,6.7823386
727,opls_stress/cr_bace1,opls_stress/cr_bace1/9S,../large_fep_dataset/data/fep_benchmark_processed/opls_stress_cr_bace1_9S.sdf,../large_fep_dataset/data/fep_benchmark_processed/opls_stress_cr_bace1_protein.pdb,727,6.845559,6.942627,6.6128993,6.6981797,6.4699645,6.5914445,6.767111,6.2920074,7.027399,7.5036473,6.775084
728,opls_stress/cr_bace1,opls_stress/cr_bace1/8,../large_fep_dataset/data/fep_benchmark_processed/opls_stress_cr_bace1_8.sdf,../large_fep_dataset/data/fep_benchmark_processed/opls_stress_cr_bace1_protein.pdb,728,6.4965577,6.650149,6.668191,6.4935493,6.2625194,6.4793735,6.2960725,6.69542,7.2160015,7.093979,6.6351814
729,opls_stress/hc_bace1,opls_stress/hc_bace1/22256_26_0_ligand,../large_fep_dataset/data/fep_benchmark_processed/opls_stress_hc_bace1_22256_26_0_ligand.sdf,../large_fep_dataset/data/fep_benchmark_processed/opls_stress_hc_bace1_protein.pdb,729,7.527687,8.198158,6.652568,6.7966256,6.995214,7.5348053,7.7416472,6.8574553,7.296358,7.616574,7.3217096
730,opls_stress/hc_bace1,opls_stress/hc_bace1/22250_20_0_ligand,../large_fep_dataset/data/fep_benchmark_processed/opls_stress_hc_bace1_22250_20_0_ligand.sdf,../large_fep_dataset/data/fep_benchmark_processed/opls_stress_hc_bace1_protein.pdb,730,6.9220943,7.610727,6.5221734,6.8145623,6.896742,7.1567197,7.3107824,7.178787,7.7625113,7.395636,7.157073
731,opls_stress/hc_bace1,opls_stress/hc_bace1/22251_21_0_ligand,../large_fep_dataset/data/fep_benchmark_processed/opls_stress_hc_bace1_22251_21_0_ligand.sdf,../large_fep_dataset/data/fep_benchmark_processed/opls_stress_hc_bace1_protein.pdb,731,6.943893,7.662776,6.476468,7.1320148,6.9937696,7.048967,7.242427,7.014292,7.630709,7.369564,7.151488
732,opls_stress/hc_bace1,opls_stress/hc_bace1/19677_19_0_ligand,../large_fep_dataset/data/fep_benchmark_processed/opls_stress_hc_bace1_19677_19_0_ligand.sdf,../large_fep_dataset/data/fep_benchmark_processed/opls_stress_hc_bace1_protein.pdb,732,7.163572,7.90259,6.305472,6.9738264,6.733887,7.0137506,7.2330275,6.8852544,7.2516055,7.4393783,7.0902367
733,opls_stress/hc_bace1,opls_stress/hc_bace1/22254_24_0_ligand,../large_fep_dataset/data/fep_benchmark_processed/opls_stress_hc_bace1_22254_24_0_ligand.sdf,../large_fep_dataset/data/fep_benchmark_processed/opls_stress_hc_bace1_protein.pdb,733,7.198136,8.224633,6.892525,7.156122,7.5260434,7.285275,7.6657887,7.4128447,7.940613,7.826915,7.51289
734,opls_stress/hc_bace1,opls_stress/hc_bace1/22252_22_0_ligand,../large_fep_dataset/data/fep_benchmark_processed/opls_stress_hc_bace1_22252_22_0_ligand.sdf,../large_fep_dataset/data/fep_benchmark_processed/opls_stress_hc_bace1_protein.pdb,734,7.0084023,7.741966,6.606735,6.848857,7.194807,7.160883,7.5689178,7.321502,7.7818217,7.6057434,7.283963
735,opls_stress/hc_bace1,opls_stress/hc_bace1/22253_23_0_ligand,../large_fep_dataset/data/fep_benchmark_processed/opls_stress_hc_bace1_22253_23_0_ligand.sdf,../large_fep_dataset/data/fep_benchmark_processed/opls_stress_hc_bace1_protein.pdb,735,7.1692076,7.866335,6.548661,6.6940455,6.972004,7.029794,7.3540225,7.414858,7.691033,7.6416183,7.2381577
736,opls_stress/fxa_yoshikawa_set,opls_stress/fxa_yoshikawa_set/5f,../large_fep_dataset/data/fep_benchmark_processed/opls_stress_fxa_yoshikawa_set_5f.sdf,../large_fep_dataset/data/fep_benchmark_processed/opls_stress_fxa_yoshikawa_set_protein.pdb,736,7.93885,8.519527,7.8943686,8.306725,8.4035425,7.9914594,7.9442534,8.345339,8.378471,7.6101665,8.13327
737,opls_stress/fxa_yoshikawa_set,opls_stress/fxa_yoshikawa_set/5g,../large_fep_dataset/data/fep_benchmark_processed/opls_stress_fxa_yoshikawa_set_5g.sdf,../large_fep_dataset/data/fep_benchmark_processed/opls_stress_fxa_yoshikawa_set_protein.pdb,737,8.0629835,7.9256444,7.9451456,8.157695,8.145873,8.318259,7.9929314,8.41704,8.408952,7.738191,8.111272
738,opls_stress/fxa_yoshikawa_set,opls_stress/fxa_yoshikawa_set/5e,../large_fep_dataset/data/fep_benchmark_processed/opls_stress_fxa_yoshikawa_set_5e.sdf,../large_fep_dataset/data/fep_benchmark_processed/opls_stress_fxa_yoshikawa_set_protein.pdb,738,7.8028307,8.594879,8.112609,8.363376,8.218146,8.302884,7.951638,8.336266,8.43781,7.903351,8.202379
739,opls_stress/fxa_yoshikawa_set,opls_stress/fxa_yoshikawa_set/5i,../large_fep_dataset/data/fep_benchmark_processed/opls_stress_fxa_yoshikawa_set_5i.sdf,../large_fep_dataset/data/fep_benchmark_processed/opls_stress_fxa_yoshikawa_set_protein.pdb,739,8.201644,8.489662,7.774745,7.884331,8.243873,8.149863,7.879164,8.38367,8.281101,7.7395353,8.102758
740,opls_stress/fxa_yoshikawa_set,opls_stress/fxa_yoshikawa_set/5b,../large_fep_dataset/data/fep_benchmark_processed/opls_stress_fxa_yoshikawa_set_5b.sdf,../large_fep_dataset/data/fep_benchmark_processed/opls_stress_fxa_yoshikawa_set_protein.pdb,740,7.7986937,8.277637,8.030359,8.289421,8.400778,8.266405,7.8825693,8.323894,8.346052,7.9538302,8.156963
741,opls_stress/fxa_yoshikawa_set,opls_stress/fxa_yoshikawa_set/5h,../large_fep_dataset/data/fep_benchmark_processed/opls_stress_fxa_yoshikawa_set_5h.sdf,../large_fep_dataset/data/fep_benchmark_processed/opls_stress_fxa_yoshikawa_set_protein.pdb,741,8.062949,8.348669,7.916583,7.957716,8.427344,8.171666,7.932072,8.212729,8.151034,8.0717535,8.125252
742,opls_stress/fxa_yoshikawa_set,opls_stress/fxa_yoshikawa_set/5a,../large_fep_dataset/data/fep_benchmark_processed/opls_stress_fxa_yoshikawa_set_5a.sdf,../large_fep_dataset/data/fep_benchmark_processed/opls_stress_fxa_yoshikawa_set_protein.pdb,742,8.006686,8.143798,8.057962,7.8402762,8.601557,7.8901014,7.8561497,8.235065,8.122178,7.921668,8.067544
743,opls_stress/fxa_yoshikawa_set,opls_stress/fxa_yoshikawa_set/5k,../large_fep_dataset/data/fep_benchmark_processed/opls_stress_fxa_yoshikawa_set_5k.sdf,../large_fep_dataset/data/fep_benchmark_processed/opls_stress_fxa_yoshikawa_set_protein.pdb,743,8.174537,8.372119,8.462215,7.9499817,8.580943,8.637083,7.9782033,8.476903,8.436621,8.062959,8.313157
744,opls_stress/fxa_yoshikawa_set,opls_stress/fxa_yoshikawa_set/5d,../large_fep_dataset/data/fep_benchmark_processed/opls_stress_fxa_yoshikawa_set_5d.sdf,../large_fep_dataset/data/fep_benchmark_processed/opls_stress_fxa_yoshikawa_set_protein.pdb,744,8.120686,8.292066,7.9976234,8.086376,8.283783,7.980412,7.9357724,8.347727,8.311557,7.8364897,8.119248
745,opls_stress/fxa_yoshikawa_set,opls_stress/fxa_yoshikawa_set/5c,../large_fep_dataset/data/fep_benchmark_processed/opls_stress_fxa_yoshikawa_set_5c.sdf,../large_fep_dataset/data/fep_benchmark_processed/opls_stress_fxa_yoshikawa_set_protein.pdb,745,8.028647,8.333682,8.01228,8.079278,8.173265,8.071536,7.931699,8.3655815,8.261444,7.9381375,8.119555
746,opls_stress/fxa_yoshikawa_set,opls_stress/fxa_yoshikawa_set/8e,../large_fep_dataset/data/fep_benchmark_processed/opls_stress_fxa_yoshikawa_set_8e.sdf,../large_fep_dataset/data/fep_benchmark_processed/opls_stress_fxa_yoshikawa_set_protein.pdb,746,7.8067255,8.316807,7.401148,8.169395,7.341289,7.9747734,7.6438794,8.522967,8.24393,7.465854,7.8886766
747,opls_stress/fxa_yoshikawa_set,opls_stress/fxa_yoshikawa_set/8b,../large_fep_dataset/data/fep_benchmark_processed/opls_stress_fxa_yoshikawa_set_8b.sdf,../large_fep_dataset/data/fep_benchmark_processed/opls_stress_fxa_yoshikawa_set_protein.pdb,747,8.072042,8.157432,7.6920705,8.0383415,7.766129,8.137955,7.5616126,8.747609,8.112151,7.957856,8.02432
748,opls_stress/fxa_yoshikawa_set,opls_stress/fxa_yoshikawa_set/8d,../large_fep_dataset/data/fep_benchmark_processed/opls_stress_fxa_yoshikawa_set_8d.sdf,../large_fep_dataset/data/fep_benchmark_processed/opls_stress_fxa_yoshikawa_set_protein.pdb,748,7.67555,8.260814,7.6842613,8.128307,7.3647575,7.955814,7.488175,8.546051,8.117202,7.8265586,7.9047494
749,opls_stress/fxa_yoshikawa_set,opls_stress/fxa_yoshikawa_set/8c,../large_fep_dataset/data/fep_benchmark_processed/opls_stress_fxa_yoshikawa_set_8c.sdf,../large_fep_dataset/data/fep_benchmark_processed/opls_stress_fxa_yoshikawa_set_protein.pdb,749,8.031208,8.38276,7.7194347,8.048276,7.7363577,8.075835,7.552034,8.69267,8.15244,8.007189,8.039821
750,opls_stress/fxa_yoshikawa_set,opls_stress/fxa_yoshikawa_set/8g,../large_fep_dataset/data/fep_benchmark_processed/opls_stress_fxa_yoshikawa_set_8g.sdf,../large_fep_dataset/data/fep_benchmark_processed/opls_stress_fxa_yoshikawa_set_protein.pdb,750,7.974639,8.234942,7.34263,8.199871,7.6091228,7.993484,7.5983825,8.294962,8.257276,7.366077,7.8871384
751,opls_stress/fxa_yoshikawa_set,opls_stress/fxa_yoshikawa_set/A_cor,../large_fep_dataset/data/fep_benchmark_processed/opls_stress_fxa_yoshikawa_set_A_cor.sdf,../large_fep_dataset/data/fep_benchmark_processed/opls_stress_fxa_yoshikawa_set_protein.pdb,751,8.018682,8.13323,7.386235,8.011916,7.4633694,8.103903,7.509649,8.701381,8.089123,7.416299,7.8833795
752,opls_stress/fxa_yoshikawa_set,opls_stress/fxa_yoshikawa_set/8f,../large_fep_dataset/data/fep_benchmark_processed/opls_stress_fxa_yoshikawa_set_8f.sdf,../large_fep_dataset/data/fep_benchmark_processed/opls_stress_fxa_yoshikawa_set_protein.pdb,752,8.005669,8.327872,7.380834,7.917612,7.7456155,7.765354,7.5602403,8.304596,7.904702,7.1827793,7.8095274
753,opls_stress/fxa_yoshikawa_set,opls_stress/fxa_yoshikawa_set/8a,../large_fep_dataset/data/fep_benchmark_processed/opls_stress_fxa_yoshikawa_set_8a.sdf,../large_fep_dataset/data/fep_benchmark_processed/opls_stress_fxa_yoshikawa_set_protein.pdb,753,7.929277,8.079698,7.4084625,8.191751,7.312475,7.880113,7.498472,8.437729,8.205223,7.4250364,7.8368235
754,opls_stress/fxa_yoshikawa_set,opls_stress/fxa_yoshikawa_set/8h,../large_fep_dataset/data/fep_benchmark_processed/opls_stress_fxa_yoshikawa_set_8h.sdf,../large_fep_dataset/data/fep_benchmark_processed/opls_stress_fxa_yoshikawa_set_protein.pdb,754,7.789228,8.546516,7.887552,8.169871,7.9584956,8.182612,7.6278205,8.439447,8.387529,7.6468697,8.063594
755,opls_stress/fxa_yoshikawa_set,opls_stress/fxa_yoshikawa_set/8i,../large_fep_dataset/data/fep_benchmark_processed/opls_stress_fxa_yoshikawa_set_8i.sdf,../large_fep_dataset/data/fep_benchmark_processed/opls_stress_fxa_yoshikawa_set_protein.pdb,755,8.016875,8.472284,7.9484534,8.154393,8.167141,8.243639,7.560601,8.526772,8.184175,7.7694883,8.104382
756,opls_stress/fxa_yoshikawa_set,opls_stress/fxa_yoshikawa_set/8j,../large_fep_dataset/data/fep_benchmark_processed/opls_stress_fxa_yoshikawa_set_8j.sdf,../large_fep_dataset/data/fep_benchmark_processed/opls_stress_fxa_yoshikawa_set_protein.pdb,756,7.9091,8.3035755,7.8848395,8.377352,7.573755,8.131635,7.7162995,8.692007,8.421764,7.752893,8.076323
757,opls_stress/fxa_yoshikawa_set,opls_stress/fxa_yoshikawa_set/8k,../large_fep_dataset/data/fep_benchmark_processed/opls_stress_fxa_yoshikawa_set_8k.sdf,../large_fep_dataset/data/fep_benchmark_processed/opls_stress_fxa_yoshikawa_set_protein.pdb,757,7.926942,8.398136,8.173185,8.234308,7.8709326,8.20119,7.6161084,8.460061,8.260706,7.4565897,8.059816
758,opls_stress/fxa_yoshikawa_set,opls_stress/fxa_yoshikawa_set/8l,../large_fep_dataset/data/fep_benchmark_processed/opls_stress_fxa_yoshikawa_set_8l.sdf,../large_fep_dataset/data/fep_benchmark_processed/opls_stress_fxa_yoshikawa_set_protein.pdb,758,7.986672,8.406711,7.974984,8.129998,7.8831477,8.093503,7.6274896,8.711697,8.330748,7.797093,8.094205
759,opls_stress/fxa_yoshikawa_set,opls_stress/fxa_yoshikawa_set/8m,../large_fep_dataset/data/fep_benchmark_processed/opls_stress_fxa_yoshikawa_set_8m.sdf,../large_fep_dataset/data/fep_benchmark_processed/opls_stress_fxa_yoshikawa_set_protein.pdb,759,8.1036825,7.730471,7.242648,7.6862974,7.392702,7.568825,7.6575937,8.386573,8.10192,7.4492126,7.7319922
760,opls_stress/fxa_yoshikawa_set,opls_stress/fxa_yoshikawa_set/8n,../large_fep_dataset/data/fep_benchmark_processed/opls_stress_fxa_yoshikawa_set_8n.sdf,../large_fep_dataset/data/fep_benchmark_processed/opls_stress_fxa_yoshikawa_set_protein.pdb,760,8.108688,7.778363,7.583708,8.114191,7.591132,8.025763,7.611179,8.691785,8.066697,7.748821,7.932032
761,opls_stress/fxa_yoshikawa_set,opls_stress/fxa_yoshikawa_set/8o,../large_fep_dataset/data/fep_benchmark_processed/opls_stress_fxa_yoshikawa_set_8o.sdf,../large_fep_dataset/data/fep_benchmark_processed/opls_stress_fxa_yoshikawa_set_protein.pdb,761,7.6294103,8.150799,7.6144238,8.474326,7.3898625,8.320072,7.789523,8.147995,8.103749,7.5200458,7.9140205
762,opls_stress/fxa_yoshikawa_set,opls_stress/fxa_yoshikawa_set/8p,../large_fep_dataset/data/fep_benchmark_processed/opls_stress_fxa_yoshikawa_set_8p.sdf,../large_fep_dataset/data/fep_benchmark_processed/opls_stress_fxa_yoshikawa_set_protein.pdb,762,7.932721,7.9536705,7.3768377,8.526678,7.439517,7.9811225,7.3667455,8.125109,8.01085,7.032622,7.774587
763,opls_stress/cr_bace2,opls_stress/cr_bace2/22,../large_fep_dataset/data/fep_benchmark_processed/opls_stress_cr_bace2_22.sdf,../large_fep_dataset/data/fep_benchmark_processed/opls_stress_cr_bace2_protein.pdb,763,6.18432,7.1302614,6.5051565,6.4158764,5.9652696,6.465741,6.312758,6.219805,7.1094728,6.9943132,6.5302978
764,opls_stress/cr_bace2,opls_stress/cr_bace2/16,../large_fep_dataset/data/fep_benchmark_processed/opls_stress_cr_bace2_16.sdf,../large_fep_dataset/data/fep_benchmark_processed/opls_stress_cr_bace2_protein.pdb,764,6.929595,7.172584,6.8749595,6.8031073,6.496707,6.477414,6.6421504,6.636109,7.2919946,7.18207,6.850669
765,opls_stress/cr_bace2,opls_stress/cr_bace2/11,../large_fep_dataset/data/fep_benchmark_processed/opls_stress_cr_bace2_11.sdf,../large_fep_dataset/data/fep_benchmark_processed/opls_stress_cr_bace2_protein.pdb,765,6.3083797,7.2313676,6.738663,6.7637606,6.086002,6.2920604,6.4990807,6.1263947,7.1447725,7.039743,6.6230226
766,opls_stress/cr_bace2,opls_stress/cr_bace2/21,../large_fep_dataset/data/fep_benchmark_processed/opls_stress_cr_bace2_21.sdf,../large_fep_dataset/data/fep_benchmark_processed/opls_stress_cr_bace2_protein.pdb,766,6.5040483,7.161588,6.7157674,7.002444,6.360395,6.619579,6.4277883,6.395321,7.099211,7.2861867,6.7572327
767,opls_stress/cr_bace2,opls_stress/cr_bace2/24,../large_fep_dataset/data/fep_benchmark_processed/opls_stress_cr_bace2_24.sdf,../large_fep_dataset/data/fep_benchmark_processed/opls_stress_cr_bace2_protein.pdb,767,6.4974685,7.254999,6.742238,6.914456,6.3017874,6.697151,6.469684,6.28895,7.020404,7.1856985,6.737283
768,opls_stress/cr_bace2,opls_stress/cr_bace2/12,../large_fep_dataset/data/fep_benchmark_processed/opls_stress_cr_bace2_12.sdf,../large_fep_dataset/data/fep_benchmark_processed/opls_stress_cr_bace2_protein.pdb,768,6.694437,7.190357,6.8677406,6.9289684,6.265929,6.393933,6.543668,6.4131665,7.245167,7.129397,6.767276
769,opls_stress/cr_bace2,opls_stress/cr_bace2/20,../large_fep_dataset/data/fep_benchmark_processed/opls_stress_cr_bace2_20.sdf,../large_fep_dataset/data/fep_benchmark_processed/opls_stress_cr_bace2_protein.pdb,769,6.2402797,6.901117,6.745365,6.806463,6.1674037,6.378875,6.442954,6.084036,7.021061,7.095254,6.588281
770,opls_stress/cr_bace2,opls_stress/cr_bace2/19,../large_fep_dataset/data/fep_benchmark_processed/opls_stress_cr_bace2_19.sdf,../large_fep_dataset/data/fep_benchmark_processed/opls_stress_cr_bace2_protein.pdb,770,6.3698153,7.0490065,6.6372647,6.896092,6.5225387,6.4655213,6.7280464,6.2806926,7.1478906,7.274007,6.737088
771,opls_stress/cr_bace2,opls_stress/cr_bace2/13,../large_fep_dataset/data/fep_benchmark_processed/opls_stress_cr_bace2_13.sdf,../large_fep_dataset/data/fep_benchmark_processed/opls_stress_cr_bace2_protein.pdb,771,6.431729,7.2440686,6.9151363,6.9424844,6.385236,6.3376,6.819558,6.4816847,7.2462697,7.1453886,6.7949157
772,opls_stress/cr_bace2,opls_stress/cr_bace2/23,../large_fep_dataset/data/fep_benchmark_processed/opls_stress_cr_bace2_23.sdf,../large_fep_dataset/data/fep_benchmark_processed/opls_stress_cr_bace2_protein.pdb,772,6.3561482,7.2017913,6.264597,6.968871,6.0301023,6.500204,6.2958446,6.484357,6.883303,7.1569643,6.6142187
773,opls_stress/cr_bace2,opls_stress/cr_bace2/15,../large_fep_dataset/data/fep_benchmark_processed/opls_stress_cr_bace2_15.sdf,../large_fep_dataset/data/fep_benchmark_processed/opls_stress_cr_bace2_protein.pdb,773,6.752839,7.170635,6.787423,6.92438,6.487685,6.339052,6.4651146,6.4204435,7.307032,7.144993,6.7799597
774,opls_stress/cr_bace2,opls_stress/cr_bace2/14,../large_fep_dataset/data/fep_benchmark_processed/opls_stress_cr_bace2_14.sdf,../large_fep_dataset/data/fep_benchmark_processed/opls_stress_cr_bace2_protein.pdb,774,6.4052277,7.139579,6.8780317,6.78084,6.1735153,6.644132,6.7686267,6.5460496,7.1876087,7.097563,6.762118
775,opls_stress/fxa_set3,opls_stress/fxa_set3/20814_6,../large_fep_dataset/data/fep_benchmark_processed/opls_stress_fxa_set3_20814_6.sdf,../large_fep_dataset/data/fep_benchmark_processed/opls_stress_fxa_set3_protein.pdb,775,7.967463,7.5599236,7.5823693,7.7452736,7.989644,7.6456785,7.868568,8.135726,7.6127553,8.216261,7.832367
776,opls_stress/fxa_set3,opls_stress/fxa_set3/20539_10,../large_fep_dataset/data/fep_benchmark_processed/opls_stress_fxa_set3_20539_10.sdf,../large_fep_dataset/data/fep_benchmark_processed/opls_stress_fxa_set3_protein.pdb,776,7.8305044,7.702661,7.700923,7.5531554,7.6440187,7.6318245,8.302121,8.14209,7.7778716,7.8270793,7.811225
777,opls_stress/fxa_set3,opls_stress/fxa_set3/20820_11,../large_fep_dataset/data/fep_benchmark_processed/opls_stress_fxa_set3_20820_11.sdf,../large_fep_dataset/data/fep_benchmark_processed/opls_stress_fxa_set3_protein.pdb,777,7.549688,7.5733,7.1902094,7.645303,7.986839,7.060654,8.067529,7.469565,7.404647,7.290695,7.523843
778,opls_stress/fxa_set3,opls_stress/fxa_set3/20819_8,../large_fep_dataset/data/fep_benchmark_processed/opls_stress_fxa_set3_20819_8.sdf,../large_fep_dataset/data/fep_benchmark_processed/opls_stress_fxa_set3_protein.pdb,778,7.906898,7.556385,7.494302,7.4228663,8.15356,7.859751,8.270205,8.22168,7.889809,7.883888,7.865935
779,opls_stress/fxa_set6,opls_stress/fxa_set6/21083,../large_fep_dataset/data/fep_benchmark_processed/opls_stress_fxa_set6_21083.sdf,../large_fep_dataset/data/fep_benchmark_processed/opls_stress_fxa_set6_protein.pdb,779,7.6143556,8.439564,8.133914,7.5565944,7.618951,8.461104,8.350135,7.812259,7.731071,8.072436,7.9790382
780,opls_stress/fxa_set6,opls_stress/fxa_set6/21084,../large_fep_dataset/data/fep_benchmark_processed/opls_stress_fxa_set6_21084.sdf,../large_fep_dataset/data/fep_benchmark_processed/opls_stress_fxa_set6_protein.pdb,780,7.519561,8.164254,8.301869,7.9243884,8.101301,8.64925,8.128547,7.8839517,7.967766,8.366322,8.100721
781,opls_stress/fxa_set6,opls_stress/fxa_set6/21085,../large_fep_dataset/data/fep_benchmark_processed/opls_stress_fxa_set6_21085.sdf,../large_fep_dataset/data/fep_benchmark_processed/opls_stress_fxa_set6_protein.pdb,781,7.6237817,8.161763,8.450761,7.7465177,8.317191,8.612888,8.404235,7.7306557,8.163601,8.30071,8.151211
782,opls_stress/fxa_set6,opls_stress/fxa_set6/21086,../large_fep_dataset/data/fep_benchmark_processed/opls_stress_fxa_set6_21086.sdf,../large_fep_dataset/data/fep_benchmark_processed/opls_stress_fxa_set6_protein.pdb,782,7.1834135,8.170316,8.293865,7.850836,8.232707,8.427022,7.8672247,7.8107495,8.087861,8.219483,8.014348
783,opls_stress/fxa_set6,opls_stress/fxa_set6/20524_2j95_cys,../large_fep_dataset/data/fep_benchmark_processed/opls_stress_fxa_set6_20524_2j95_cys.sdf,../large_fep_dataset/data/fep_benchmark_processed/opls_stress_fxa_set6_protein.pdb,783,7.7518783,8.161461,8.345933,7.9438586,8.414645,8.630402,8.246362,7.8921943,8.166872,8.29791,8.185152
784,opls_stress/fxa_set6,opls_stress/fxa_set6/21087,../large_fep_dataset/data/fep_benchmark_processed/opls_stress_fxa_set6_21087.sdf,../large_fep_dataset/data/fep_benchmark_processed/opls_stress_fxa_set6_protein.pdb,784,7.2754374,8.225235,8.323691,7.7689505,8.291556,8.5007305,7.9713073,7.7836766,8.022805,8.201246,8.036464
785,opls_stress/fxa_set5,opls_stress/fxa_set5/20705_cys,../large_fep_dataset/data/fep_benchmark_processed/opls_stress_fxa_set5_20705_cys.sdf,../large_fep_dataset/data/fep_benchmark_processed/opls_stress_fxa_set5_protein.pdb,785,7.8317194,8.330057,8.120618,7.923821,8.480728,8.075001,7.964582,8.340535,8.313776,7.842951,8.122378
786,opls_stress/fxa_set5,opls_stress/fxa_set5/21331,../large_fep_dataset/data/fep_benchmark_processed/opls_stress_fxa_set5_21331.sdf,../large_fep_dataset/data/fep_benchmark_processed/opls_stress_fxa_set5_protein.pdb,786,7.920611,8.307797,8.253734,7.722306,8.828002,7.862494,7.91553,8.362843,8.3098955,7.841357,8.132458
787,opls_stress/hc_bace2,opls_stress/hc_bace2/37_0_ligand,../large_fep_dataset/data/fep_benchmark_processed/opls_stress_hc_bace2_37_0_ligand.sdf,../large_fep_dataset/data/fep_benchmark_processed/opls_stress_hc_bace2_protein.pdb,787,6.9794674,7.4204173,6.4259086,6.548287,6.327622,6.9036155,7.1945195,6.6128445,7.1639028,6.42711,6.8003693
788,opls_stress/hc_bace2,opls_stress/hc_bace2/35_0_ligand,../large_fep_dataset/data/fep_benchmark_processed/opls_stress_hc_bace2_35_0_ligand.sdf,../large_fep_dataset/data/fep_benchmark_processed/opls_stress_hc_bace2_protein.pdb,788,7.318685,8.019187,6.9448,7.0615654,7.0082965,6.8798695,7.156842,7.0209537,8.186343,7.5873384,7.3183875
789,opls_stress/hc_bace2,opls_stress/hc_bace2/39_0_ligand,../large_fep_dataset/data/fep_benchmark_processed/opls_stress_hc_bace2_39_0_ligand.sdf,../large_fep_dataset/data/fep_benchmark_processed/opls_stress_hc_bace2_protein.pdb,789,7.078022,7.979376,6.3466578,6.991595,7.1101203,7.043501,7.4721,7.1229687,7.87576,7.187672,7.220778
790,opls_stress/hc_bace2,opls_stress/hc_bace2/34_0_ligand,../large_fep_dataset/data/fep_benchmark_processed/opls_stress_hc_bace2_34_0_ligand.sdf,../large_fep_dataset/data/fep_benchmark_processed/opls_stress_hc_bace2_protein.pdb,790,7.3370185,8.023783,7.132018,7.1146846,6.9467773,7.4023185,7.610655,7.0920143,7.7090263,7.731535,7.409983
791,opls_stress/hc_bace2,opls_stress/hc_bace2/40_0_ligand,../large_fep_dataset/data/fep_benchmark_processed/opls_stress_hc_bace2_40_0_ligand.sdf,../large_fep_dataset/data/fep_benchmark_processed/opls_stress_hc_bace2_protein.pdb,791,7.4338436,7.8133383,6.902295,7.2043185,7.444843,7.2816896,7.588416,7.14039,8.005256,7.696669,7.4511056
792,opls_stress/hc_bace2,opls_stress/hc_bace2/30_0_ligand,../large_fep_dataset/data/fep_benchmark_processed/opls_stress_hc_bace2_30_0_ligand.sdf,../large_fep_dataset/data/fep_benchmark_processed/opls_stress_hc_bace2_protein.pdb,792,6.9397874,7.321105,6.3106866,6.6532407,6.4030094,6.8728485,7.195841,6.662209,7.352402,6.6094112,6.832054
793,opls_stress/hc_bace2,opls_stress/hc_bace2/33_0_ligand,../large_fep_dataset/data/fep_benchmark_processed/opls_stress_hc_bace2_33_0_ligand.sdf,../large_fep_dataset/data/fep_benchmark_processed/opls_stress_hc_bace2_protein.pdb,793,7.0536647,8.053627,6.4141827,7.0900016,7.1086755,6.985291,7.5571694,7.204738,7.76457,7.447699,7.2679625
794,opls_stress/hc_bace2,opls_stress/hc_bace2/41_0_ligand,../large_fep_dataset/data/fep_benchmark_processed/opls_stress_hc_bace2_41_0_ligand.sdf,../large_fep_dataset/data/fep_benchmark_processed/opls_stress_hc_bace2_protein.pdb,794,7.3678784,8.003722,6.9062304,7.0018425,6.867336,7.073705,7.3036356,7.083378,8.218115,7.4893084,7.3315153
795,opls_stress/hc_bace2,opls_stress/hc_bace2/42_0_ligand,../large_fep_dataset/data/fep_benchmark_processed/opls_stress_hc_bace2_42_0_ligand.sdf,../large_fep_dataset/data/fep_benchmark_processed/opls_stress_hc_bace2_protein.pdb,795,7.389456,8.087819,7.191115,7.3051553,7.1590757,7.4770865,7.850719,7.494812,8.04777,7.4645844,7.546759
796,opls_stress/hc_bace2,opls_stress/hc_bace2/44_0_ligand,../large_fep_dataset/data/fep_benchmark_processed/opls_stress_hc_bace2_44_0_ligand.sdf,../large_fep_dataset/data/fep_benchmark_processed/opls_stress_hc_bace2_protein.pdb,796,7.065947,7.6339726,6.663292,6.911201,6.46396,6.9904304,7.6716185,7.1454825,7.6447916,7.4521966,7.164289
797,opls_stress/fxa_set4,opls_stress/fxa_set4/1s,../large_fep_dataset/data/fep_benchmark_processed/opls_stress_fxa_set4_1s.sdf,../large_fep_dataset/data/fep_benchmark_processed/opls_stress_fxa_set4_protein.pdb,797,7.9571123,8.070217,7.677568,7.904914,7.822579,8.247279,7.9416966,7.907193,8.348925,7.510034,7.938751
798,opls_stress/fxa_set4,opls_stress/fxa_set4/21080_1j,../large_fep_dataset/data/fep_benchmark_processed/opls_stress_fxa_set4_21080_1j.sdf,../large_fep_dataset/data/fep_benchmark_processed/opls_stress_fxa_set4_protein.pdb,798,8.167371,8.403926,8.216339,8.495822,8.193813,8.385625,8.243038,8.244337,8.290816,8.311451,8.295255
799,opls_stress/fxa_set4,opls_stress/fxa_set4/21030_1o,../large_fep_dataset/data/fep_benchmark_processed/opls_stress_fxa_set4_21030_1o.sdf,../large_fep_dataset/data/fep_benchmark_processed/opls_stress_fxa_set4_protein.pdb,799,7.9955363,8.397895,7.855214,8.340877,7.837799,8.419716,7.9118032,7.857854,8.079466,8.05518,8.075134
800,opls_stress/fxa_set4,opls_stress/fxa_set4/21028_1r,../large_fep_dataset/data/fep_benchmark_processed/opls_stress_fxa_set4_21028_1r.sdf,../large_fep_dataset/data/fep_benchmark_processed/opls_stress_fxa_set4_protein.pdb,800,8.230184,8.476918,7.83811,8.333618,7.9975157,8.637179,8.058704,7.918277,8.312925,8.3278885,8.213133
801,opls_stress/fxa_set4,opls_stress/fxa_set4/21027_1q,../large_fep_dataset/data/fep_benchmark_processed/opls_stress_fxa_set4_21027_1q.sdf,../large_fep_dataset/data/fep_benchmark_processed/opls_stress_fxa_set4_protein.pdb,801,8.264405,8.407838,8.191608,8.24574,8.25818,8.656616,8.209509,8.21464,8.507064,8.473907,8.342951
802,opls_stress/fxa_set4,opls_stress/fxa_set4/1t,../large_fep_dataset/data/fep_benchmark_processed/opls_stress_fxa_set4_1t.sdf,../large_fep_dataset/data/fep_benchmark_processed/opls_stress_fxa_set4_protein.pdb,802,7.914054,8.05961,7.7245026,7.937668,7.807452,8.308378,7.876782,7.6855435,8.412251,7.344081,7.907032
803,opls_stress/fxa_set4,opls_stress/fxa_set4/16352_1e,../large_fep_dataset/data/fep_benchmark_processed/opls_stress_fxa_set4_16352_1e.sdf,../large_fep_dataset/data/fep_benchmark_processed/opls_stress_fxa_set4_protein.pdb,803,8.294294,8.367921,8.127753,8.290736,8.238089,8.601577,8.274253,8.29385,8.474846,8.335822,8.329915
804,opls_stress/fxa_set4,opls_stress/fxa_set4/21081_1k,../large_fep_dataset/data/fep_benchmark_processed/opls_stress_fxa_set4_21081_1k.sdf,../large_fep_dataset/data/fep_benchmark_processed/opls_stress_fxa_set4_protein.pdb,804,8.024412,8.450224,8.111421,8.249665,8.080793,8.675264,8.204737,8.251658,8.4297495,8.364714,8.284263
805,opls_stress/fxa_set4,opls_stress/fxa_set4/21031_1p,../large_fep_dataset/data/fep_benchmark_processed/opls_stress_fxa_set4_21031_1p.sdf,../large_fep_dataset/data/fep_benchmark_processed/opls_stress_fxa_set4_protein.pdb,805,7.7838573,8.330802,8.059319,8.201434,7.8591175,8.501203,7.9878645,7.960739,8.182251,8.226482,8.109306
806,opls_stress/fxa_set4,opls_stress/fxa_set4/16353_1d,../large_fep_dataset/data/fep_benchmark_processed/opls_stress_fxa_set4_16353_1d.sdf,../large_fep_dataset/data/fep_benchmark_processed/opls_stress_fxa_set4_protein.pdb,806,8.299338,8.388471,8.071919,8.233868,8.042606,8.706552,8.185959,8.214543,8.430092,8.302722,8.287607
807,opls_stress/fxa_set4,opls_stress/fxa_set4/21082_1l,../large_fep_dataset/data/fep_benchmark_processed/opls_stress_fxa_set4_21082_1l.sdf,../large_fep_dataset/data/fep_benchmark_processed/opls_stress_fxa_set4_protein.pdb,807,8.103979,8.390855,8.210325,8.201641,8.176632,8.533283,8.14472,8.510869,8.586113,8.448966,8.330739
808,opls_stress/chk1_set2,opls_stress/chk1_set2/17374_cys,../large_fep_dataset/data/fep_benchmark_processed/opls_stress_chk1_set2_17374_cys.sdf,../large_fep_dataset/data/fep_benchmark_processed/opls_stress_chk1_set2_protein.pdb,808,7.672065,8.173825,7.399777,8.127732,8.361753,7.532099,7.992502,8.208257,8.160172,8.036304,7.966449
809,opls_stress/chk1_set2,opls_stress/chk1_set2/17509,../large_fep_dataset/data/fep_benchmark_processed/opls_stress_chk1_set2_17509.sdf,../large_fep_dataset/data/fep_benchmark_processed/opls_stress_chk1_set2_protein.pdb,809,7.1935363,7.4367247,7.629823,8.036531,7.7811165,7.9327083,7.080488,7.972591,7.5369043,7.6690483,7.626947
810,opls_stress/chk1_set3,opls_stress/chk1_set3/23882,../large_fep_dataset/data/fep_benchmark_processed/opls_stress_chk1_set3_23882.sdf,../large_fep_dataset/data/fep_benchmark_processed/opls_stress_chk1_set3_protein.pdb,810,6.500998,6.613139,7.3586354,7.3329315,6.726715,7.3171577,7.098082,7.1391215,7.603785,7.549294,7.1239862
811,opls_stress/chk1_set3,opls_stress/chk1_set3/23703_cys,../large_fep_dataset/data/fep_benchmark_processed/opls_stress_chk1_set3_23703_cys.sdf,../large_fep_dataset/data/fep_benchmark_processed/opls_stress_chk1_set3_protein.pdb,811,6.931482,6.7970376,7.296367,7.569372,6.220847,7.605379,7.535315,7.337169,7.7058663,7.379198,7.2378035
812,opls_stress/chk1_set3,opls_stress/chk1_set3/23864,../large_fep_dataset/data/fep_benchmark_processed/opls_stress_chk1_set3_23864.sdf,../large_fep_dataset/data/fep_benchmark_processed/opls_stress_chk1_set3_protein.pdb,812,6.6402764,6.6877685,6.8783383,7.0729923,6.171698,7.1158686,6.803935,7.378724,7.1573715,6.7460084,6.865298
813,opls_stress/chk1_set3,opls_stress/chk1_set3/23863,../large_fep_dataset/data/fep_benchmark_processed/opls_stress_chk1_set3_23863.sdf,../large_fep_dataset/data/fep_benchmark_processed/opls_stress_chk1_set3_protein.pdb,813,6.775035,6.3946743,6.88583,7.116313,5.9602947,7.363443,6.8898554,7.3981724,7.244286,6.8506327,6.887853
814,opls_stress/chk1_set7,opls_stress/chk1_set7/19997,../large_fep_dataset/data/fep_benchmark_processed/opls_stress_chk1_set7_19997.sdf,../large_fep_dataset/data/fep_benchmark_processed/opls_stress_chk1_set7_protein.pdb,814,7.6202273,8.23671,8.119285,7.4566836,7.934318,7.935688,7.6661463,7.367121,8.350168,7.693196,7.8379545
815,opls_stress/chk1_set7,opls_stress/chk1_set7/19998,../large_fep_dataset/data/fep_benchmark_processed/opls_stress_chk1_set7_19998.sdf,../large_fep_dataset/data/fep_benchmark_processed/opls_stress_chk1_set7_protein.pdb,815,7.6438074,8.091606,7.860769,7.4186544,7.9822483,8.075153,7.692286,7.4871135,8.076696,7.519226,7.7847567
816,opls_stress/chk1_set7,opls_stress/chk1_set7/19934_cys,../large_fep_dataset/data/fep_benchmark_processed/opls_stress_chk1_set7_19934_cys.sdf,../large_fep_dataset/data/fep_benchmark_processed/opls_stress_chk1_set7_protein.pdb,816,7.5416183,8.124607,8.153463,7.5330386,7.9411135,7.8558354,7.70607,7.296496,8.383586,7.6608653,7.8196692
817,opls_stress/chk1_set6,opls_stress/chk1_set6/23708_cys,../large_fep_dataset/data/fep_benchmark_processed/opls_stress_chk1_set6_23708_cys.sdf,../large_fep_dataset/data/fep_benchmark_processed/opls_stress_chk1_set6_protein.pdb,817,7.813337,8.31038,7.575353,7.9050884,8.203273,7.6881385,7.5729747,8.084859,7.681887,7.4212413,7.825653
818,opls_stress/chk1_set6,opls_stress/chk1_set6/13,../large_fep_dataset/data/fep_benchmark_processed/opls_stress_chk1_set6_13.sdf,../large_fep_dataset/data/fep_benchmark_processed/opls_stress_chk1_set6_protein.pdb,818,7.7733555,7.720532,6.73329,7.194197,7.899262,6.9167824,7.7133627,7.916501,7.2933455,7.2524166,7.4413047
819,opls_stress/chk1_set6,opls_stress/chk1_set6/15,../large_fep_dataset/data/fep_benchmark_processed/opls_stress_chk1_set6_15.sdf,../large_fep_dataset/data/fep_benchmark_processed/opls_stress_chk1_set6_protein.pdb,819,8.088304,7.4707227,6.7623696,7.3738894,7.726383,6.860215,7.251188,7.850531,7.3673973,6.9404545,7.3691454
820,opls_stress/chk1_set4,opls_stress/chk1_set4/23704_cys,../large_fep_dataset/data/fep_benchmark_processed/opls_stress_chk1_set4_23704_cys.sdf,../large_fep_dataset/data/fep_benchmark_processed/opls_stress_chk1_set4_protein.pdb,820,6.5759892,7.2129,7.4098377,6.9215307,6.788814,7.538083,7.3474727,7.259247,8.033894,7.6900773,7.277785
821,opls_stress/chk1_set4,opls_stress/chk1_set4/23873,../large_fep_dataset/data/fep_benchmark_processed/opls_stress_chk1_set4_23873.sdf,../large_fep_dataset/data/fep_benchmark_processed/opls_stress_chk1_set4_protein.pdb,821,6.5151644,6.9430203,7.392063,7.1710234,6.919422,7.599989,7.170352,7.195775,7.8425784,7.395995,7.2145376
822,opls_stress/chk1_set5,opls_stress/chk1_set5/20315,../large_fep_dataset/data/fep_benchmark_processed/opls_stress_chk1_set5_20315.sdf,../large_fep_dataset/data/fep_benchmark_processed/opls_stress_chk1_set5_protein.pdb,822,6.482449,7.4722414,7.324967,6.982679,6.905051,7.7661734,7.591718,6.262151,7.32049,7.618987,7.1726904
823,opls_stress/chk1_set5,opls_stress/chk1_set5/19939_cys,../large_fep_dataset/data/fep_benchmark_processed/opls_stress_chk1_set5_19939_cys.sdf,../large_fep_dataset/data/fep_benchmark_processed/opls_stress_chk1_set5_protein.pdb,823,6.6769238,7.7160068,7.6713977,7.233517,7.37663,7.477247,7.645829,6.9641933,7.3402567,7.642106,7.374411
824,opls_stress/chk1_set5,opls_stress/chk1_set5/19940,../large_fep_dataset/data/fep_benchmark_processed/opls_stress_chk1_set5_19940.sdf,../large_fep_dataset/data/fep_benchmark_processed/opls_stress_chk1_set5_protein.pdb,824,6.678758,7.6459374,7.4134026,7.5281143,7.266011,7.300705,7.639238,7.1492224,7.1448007,7.938807,7.3704996
825,opls_stress/pb_bace3,opls_stress/pb_bace3/22316,../large_fep_dataset/data/fep_benchmark_processed/opls_stress_pb_bace3_22316.sdf,../large_fep_dataset/data/fep_benchmark_processed/opls_stress_pb_bace3_protein.pdb,825,7.8490696,7.64236,7.565421,8.104684,8.381724,7.692792,8.083221,8.036722,7.8649745,7.605883,7.882685
826,opls_stress/pb_bace3,opls_stress/pb_bace3/22320,../large_fep_dataset/data/fep_benchmark_processed/opls_stress_pb_bace3_22320.sdf,../large_fep_dataset/data/fep_benchmark_processed/opls_stress_pb_bace3_protein.pdb,826,7.7046256,7.646038,7.9368143,8.01051,8.440205,7.4510493,8.215438,8.096689,8.040427,7.8939953,7.9435797
827,opls_stress/pb_bace3,opls_stress/pb_bace3/22319,../large_fep_dataset/data/fep_benchmark_processed/opls_stress_pb_bace3_22319.sdf,../large_fep_dataset/data/fep_benchmark_processed/opls_stress_pb_bace3_protein.pdb,827,8.008737,7.9334908,7.9077024,7.790424,8.536429,7.7207613,8.033587,8.112403,8.001133,7.988847,8.003351
828,opls_stress/pb_bace3,opls_stress/pb_bace3/19678_cys,../large_fep_dataset/data/fep_benchmark_processed/opls_stress_pb_bace3_19678_cys.sdf,../large_fep_dataset/data/fep_benchmark_processed/opls_stress_pb_bace3_protein.pdb,828,7.898278,7.790493,7.81551,7.8477097,8.292426,7.60215,8.09235,8.064987,7.9530635,7.8011684,7.9158134
829,opls_stress/chk1_set1,opls_stress/chk1_set1/19967,../large_fep_dataset/data/fep_benchmark_processed/opls_stress_chk1_set1_19967.sdf,../large_fep_dataset/data/fep_benchmark_processed/opls_stress_chk1_set1_protein.pdb,829,7.3016458,7.541803,7.310939,6.3828955,6.935971,7.520281,7.200423,6.706372,7.361914,6.850108,7.111235
830,opls_stress/chk1_set1,opls_stress/chk1_set1/17353_cys,../large_fep_dataset/data/fep_benchmark_processed/opls_stress_chk1_set1_17353_cys.sdf,../large_fep_dataset/data/fep_benchmark_processed/opls_stress_chk1_set1_protein.pdb,830,7.0687995,7.0081744,7.1138,6.999457,6.710147,7.1660304,7.35298,6.6815314,7.4647546,6.2984657,6.9864135
831,opls_stress/chk1_set1,opls_stress/chk1_set1/19971,../large_fep_dataset/data/fep_benchmark_processed/opls_stress_chk1_set1_19971.sdf,../large_fep_dataset/data/fep_benchmark_processed/opls_stress_chk1_set1_protein.pdb,831,7.0512886,7.317178,7.015696,6.815041,6.94294,7.105846,7.17762,6.9994736,7.1810536,6.5443454,7.015048
832,merck/pfkfb3_automap,merck/pfkfb3_automap/43,../large_fep_dataset/data/fep_benchmark_processed/merck_pfkfb3_automap_43.sdf,../large_fep_dataset/data/fep_benchmark_processed/merck_pfkfb3_automap_protein.pdb,832,7.098358,7.2293196,7.3073487,7.7343936,7.37679,7.4571414,7.4968433,7.1464524,8.030579,7.321217,7.4198446
833,merck/pfkfb3_automap,merck/pfkfb3_automap/30 flip b,../large_fep_dataset/data/fep_benchmark_processed/merck_pfkfb3_automap_30_flip_b.sdf,../large_fep_dataset/data/fep_benchmark_processed/merck_pfkfb3_automap_protein.pdb,833,7.554779,7.4290595,7.288677,7.0756855,7.8713484,7.42217,7.880328,8.36585,7.58008,7.2706475,7.5738626
834,merck/pfkfb3_automap,merck/pfkfb3_automap/65,../large_fep_dataset/data/fep_benchmark_processed/merck_pfkfb3_automap_65.sdf,../large_fep_dataset/data/fep_benchmark_processed/merck_pfkfb3_automap_protein.pdb,834,7.860816,8.078368,8.467878,8.241591,8.457323,8.405903,8.369287,7.818636,8.330344,8.245462,8.227561
835,merck/pfkfb3_automap,merck/pfkfb3_automap/49,../large_fep_dataset/data/fep_benchmark_processed/merck_pfkfb3_automap_49.sdf,../large_fep_dataset/data/fep_benchmark_processed/merck_pfkfb3_automap_protein.pdb,835,6.6649375,7.4308467,7.736431,7.477266,7.8609834,7.3475833,7.0306606,7.02682,7.411376,7.2233243,7.321023
836,merck/pfkfb3_automap,merck/pfkfb3_automap/24,../large_fep_dataset/data/fep_benchmark_processed/merck_pfkfb3_automap_24.sdf,../large_fep_dataset/data/fep_benchmark_processed/merck_pfkfb3_automap_protein.pdb,836,7.4343452,7.665424,7.64377,7.6217513,7.237079,7.9331427,8.178922,7.320565,7.5858583,7.747085,7.636794
837,merck/pfkfb3_automap,merck/pfkfb3_automap/67,../large_fep_dataset/data/fep_benchmark_processed/merck_pfkfb3_automap_67.sdf,../large_fep_dataset/data/fep_benchmark_processed/merck_pfkfb3_automap_protein.pdb,837,7.893222,7.962838,8.427431,8.095795,8.356834,8.408463,8.006771,7.6679897,8.685784,8.152733,8.165786
838,merck/pfkfb3_automap,merck/pfkfb3_automap/62 flip,../large_fep_dataset/data/fep_benchmark_processed/merck_pfkfb3_automap_62_flip.sdf,../large_fep_dataset/data/fep_benchmark_processed/merck_pfkfb3_automap_protein.pdb,838,8.572475,7.934969,7.96156,8.547603,8.32221,8.226403,8.060478,8.173602,8.406166,8.179479,8.238494
839,merck/pfkfb3_automap,merck/pfkfb3_automap/56,../large_fep_dataset/data/fep_benchmark_processed/merck_pfkfb3_automap_56.sdf,../large_fep_dataset/data/fep_benchmark_processed/merck_pfkfb3_automap_protein.pdb,839,7.8174505,8.174463,7.9961886,8.256711,8.529121,7.9742208,7.5685325,7.6982512,7.6949506,7.728371,7.943826
840,merck/pfkfb3_automap,merck/pfkfb3_automap/59,../large_fep_dataset/data/fep_benchmark_processed/merck_pfkfb3_automap_59.sdf,../large_fep_dataset/data/fep_benchmark_processed/merck_pfkfb3_automap_protein.pdb,840,7.205892,7.8064017,8.113805,7.753232,7.9594793,7.864505,7.359776,7.975039,7.7635574,7.4329834,7.7234674
841,merck/pfkfb3_automap,merck/pfkfb3_automap/38,../large_fep_dataset/data/fep_benchmark_processed/merck_pfkfb3_automap_38.sdf,../large_fep_dataset/data/fep_benchmark_processed/merck_pfkfb3_automap_protein.pdb,841,7.131119,7.799009,7.528827,7.602205,8.250716,7.840925,7.2065825,7.2548876,7.4579377,7.5076356,7.5579844
842,merck/pfkfb3_automap,merck/pfkfb3_automap/31,../large_fep_dataset/data/fep_benchmark_processed/merck_pfkfb3_automap_31.sdf,../large_fep_dataset/data/fep_benchmark_processed/merck_pfkfb3_automap_protein.pdb,842,7.5978603,7.4517164,7.280506,6.786197,7.451798,7.1819882,7.7236114,7.9989433,7.3077817,7.382712,7.4163117
843,merck/pfkfb3_automap,merck/pfkfb3_automap/48,../large_fep_dataset/data/fep_benchmark_processed/merck_pfkfb3_automap_48.sdf,../large_fep_dataset/data/fep_benchmark_processed/merck_pfkfb3_automap_protein.pdb,843,7.4590282,8.129276,7.7585764,7.5906076,8.35422,7.5678134,7.3965054,8.144139,7.7506905,7.7085633,7.785942
844,merck/pfkfb3_automap,merck/pfkfb3_automap/58,../large_fep_dataset/data/fep_benchmark_processed/merck_pfkfb3_automap_58.sdf,../large_fep_dataset/data/fep_benchmark_processed/merck_pfkfb3_automap_protein.pdb,844,7.5607367,7.9929867,8.23525,7.9978433,8.0585,7.888818,7.7745557,8.105023,7.838757,7.5039935,7.895646
845,merck/pfkfb3_automap,merck/pfkfb3_automap/41,../large_fep_dataset/data/fep_benchmark_processed/merck_pfkfb3_automap_41.sdf,../large_fep_dataset/data/fep_benchmark_processed/merck_pfkfb3_automap_protein.pdb,845,8.186264,8.076936,8.345668,8.231937,8.047852,8.372558,7.827153,7.969281,8.2745695,7.9904532,8.132267
846,merck/pfkfb3_automap,merck/pfkfb3_automap/29,../large_fep_dataset/data/fep_benchmark_processed/merck_pfkfb3_automap_29.sdf,../large_fep_dataset/data/fep_benchmark_processed/merck_pfkfb3_automap_protein.pdb,846,7.2215095,7.584687,7.74562,7.6519685,7.961632,8.068503,7.6373773,7.3484497,7.499583,7.652948,7.6372275
847,merck/pfkfb3_automap,merck/pfkfb3_automap/54,../large_fep_dataset/data/fep_benchmark_processed/merck_pfkfb3_automap_54.sdf,../large_fep_dataset/data/fep_benchmark_processed/merck_pfkfb3_automap_protein.pdb,847,7.4501324,7.8065805,7.9100966,8.051299,8.019248,7.8118176,7.7117505,7.652708,7.242571,7.48921,7.7145414
848,merck/pfkfb3_automap,merck/pfkfb3_automap/47,../large_fep_dataset/data/fep_benchmark_processed/merck_pfkfb3_automap_47.sdf,../large_fep_dataset/data/fep_benchmark_processed/merck_pfkfb3_automap_protein.pdb,848,7.147415,7.2988734,7.6481075,7.9006844,7.7035584,7.950547,6.975271,7.566034,7.4909782,7.7829943,7.546447
849,merck/pfkfb3_automap,merck/pfkfb3_automap/26,../large_fep_dataset/data/fep_benchmark_processed/merck_pfkfb3_automap_26.sdf,../large_fep_dataset/data/fep_benchmark_processed/merck_pfkfb3_automap_protein.pdb,849,6.891542,7.9085097,7.5137534,6.921806,7.2409315,7.9436483,7.798597,7.7070775,7.3940377,7.554187,7.4874086
850,merck/pfkfb3_automap,merck/pfkfb3_automap/55,../large_fep_dataset/data/fep_benchmark_processed/merck_pfkfb3_automap_55.sdf,../large_fep_dataset/data/fep_benchmark_processed/merck_pfkfb3_automap_protein.pdb,850,7.781626,8.000903,7.8550363,8.124298,8.991799,8.203222,7.9333997,8.079443,8.248655,8.562355,8.178074
851,merck/pfkfb3_automap,merck/pfkfb3_automap/20,../large_fep_dataset/data/fep_benchmark_processed/merck_pfkfb3_automap_20.sdf,../large_fep_dataset/data/fep_benchmark_processed/merck_pfkfb3_automap_protein.pdb,851,7.6234336,7.839888,7.5539207,7.622665,8.072559,7.4180408,7.3512993,7.4549007,7.8721633,7.456595,7.6265464
852,merck/pfkfb3_automap,merck/pfkfb3_automap/57,../large_fep_dataset/data/fep_benchmark_processed/merck_pfkfb3_automap_57.sdf,../large_fep_dataset/data/fep_benchmark_processed/merck_pfkfb3_automap_protein.pdb,852,8.131865,8.504949,8.307679,8.035792,8.4409485,8.600321,8.451943,8.438473,8.567631,8.22538,8.370498
853,merck/pfkfb3_automap,merck/pfkfb3_automap/42,../large_fep_dataset/data/fep_benchmark_processed/merck_pfkfb3_automap_42.sdf,../large_fep_dataset/data/fep_benchmark_processed/merck_pfkfb3_automap_protein.pdb,853,7.567196,7.7629576,7.5293064,7.677071,7.7838845,7.733159,7.169332,7.5528502,7.9235754,7.584728,7.628405
854,merck/pfkfb3_automap,merck/pfkfb3_automap/35,../large_fep_dataset/data/fep_benchmark_processed/merck_pfkfb3_automap_35.sdf,../large_fep_dataset/data/fep_benchmark_processed/merck_pfkfb3_automap_protein.pdb,854,7.243982,7.7531104,8.11096,7.685452,8.0227165,7.7471952,7.6832952,7.6087,7.774887,7.5268445,7.7157145
855,merck/pfkfb3_automap,merck/pfkfb3_automap/44,../large_fep_dataset/data/fep_benchmark_processed/merck_pfkfb3_automap_44.sdf,../large_fep_dataset/data/fep_benchmark_processed/merck_pfkfb3_automap_protein.pdb,855,7.376613,7.3024645,7.289912,7.638637,7.417746,7.4442244,7.52634,6.9752874,7.8971157,7.425652,7.4294
856,merck/pfkfb3_automap,merck/pfkfb3_automap/63,../large_fep_dataset/data/fep_benchmark_processed/merck_pfkfb3_automap_63.sdf,../large_fep_dataset/data/fep_benchmark_processed/merck_pfkfb3_automap_protein.pdb,856,8.324976,8.0351515,8.023228,8.631098,8.815524,8.517011,8.291043,8.297578,8.280939,8.480278,8.369682
857,merck/pfkfb3_automap,merck/pfkfb3_automap/69,../large_fep_dataset/data/fep_benchmark_processed/merck_pfkfb3_automap_69.sdf,../large_fep_dataset/data/fep_benchmark_processed/merck_pfkfb3_automap_protein.pdb,857,7.4662957,7.683844,7.962289,7.8699107,8.02639,8.047751,7.8109818,7.94804,7.779244,7.7626967,7.8357444
858,merck/pfkfb3_automap,merck/pfkfb3_automap/52,../large_fep_dataset/data/fep_benchmark_processed/merck_pfkfb3_automap_52.sdf,../large_fep_dataset/data/fep_benchmark_processed/merck_pfkfb3_automap_protein.pdb,858,7.0354567,7.733556,7.845501,7.973131,7.848292,7.8302298,7.4570575,7.96159,7.1500115,7.5836353,7.6418457
859,merck/pfkfb3_automap,merck/pfkfb3_automap/19,../large_fep_dataset/data/fep_benchmark_processed/merck_pfkfb3_automap_19.sdf,../large_fep_dataset/data/fep_benchmark_processed/merck_pfkfb3_automap_protein.pdb,859,6.728997,7.2285523,6.9567795,6.5713587,6.5667243,6.8015676,7.4209156,7.160211,6.9204335,6.9591107,6.931465
860,merck/pfkfb3_automap,merck/pfkfb3_automap/68,../large_fep_dataset/data/fep_benchmark_processed/merck_pfkfb3_automap_68.sdf,../large_fep_dataset/data/fep_benchmark_processed/merck_pfkfb3_automap_protein.pdb,860,7.293994,7.9753537,8.172488,8.113638,8.168382,8.234857,7.944134,7.782739,8.540197,7.8724713,8.009826
861,merck/pfkfb3_automap,merck/pfkfb3_automap/33,../large_fep_dataset/data/fep_benchmark_processed/merck_pfkfb3_automap_33.sdf,../large_fep_dataset/data/fep_benchmark_processed/merck_pfkfb3_automap_protein.pdb,861,7.783548,7.69815,7.815128,7.2725434,7.3957167,7.6993403,7.9642234,7.5523167,7.5520797,7.5986433,7.633168
862,merck/pfkfb3_automap,merck/pfkfb3_automap/70,../large_fep_dataset/data/fep_benchmark_processed/merck_pfkfb3_automap_70.sdf,../large_fep_dataset/data/fep_benchmark_processed/merck_pfkfb3_automap_protein.pdb,862,7.711054,7.7531753,7.703432,7.644546,8.098421,8.008861,7.88761,7.7077,7.8818216,7.4754868,7.787211
863,merck/pfkfb3_automap,merck/pfkfb3_automap/53,../large_fep_dataset/data/fep_benchmark_processed/merck_pfkfb3_automap_53.sdf,../large_fep_dataset/data/fep_benchmark_processed/merck_pfkfb3_automap_protein.pdb,863,6.8373218,7.345357,7.886145,8.321716,7.7465663,7.8002377,7.442349,8.136331,7.4923186,7.79166,7.6799994
864,merck/pfkfb3_automap,merck/pfkfb3_automap/64,../large_fep_dataset/data/fep_benchmark_processed/merck_pfkfb3_automap_64.sdf,../large_fep_dataset/data/fep_benchmark_processed/merck_pfkfb3_automap_protein.pdb,864,7.8164353,8.08061,8.381873,8.134315,8.442171,8.288356,8.435547,7.8135867,8.3751545,8.307899,8.207595
865,merck/pfkfb3_automap,merck/pfkfb3_automap/39,../large_fep_dataset/data/fep_benchmark_processed/merck_pfkfb3_automap_39.sdf,../large_fep_dataset/data/fep_benchmark_processed/merck_pfkfb3_automap_protein.pdb,865,6.7992105,7.4038353,7.57823,7.563485,8.033527,7.65902,7.0724053,7.2046175,7.3249454,7.391155,7.403043
866,merck/pfkfb3_automap,merck/pfkfb3_automap/37,../large_fep_dataset/data/fep_benchmark_processed/merck_pfkfb3_automap_37.sdf,../large_fep_dataset/data/fep_benchmark_processed/merck_pfkfb3_automap_protein.pdb,866,7.7869973,7.9959216,7.468611,6.891175,7.2897224,7.419094,8.212545,8.362875,7.8505,7.391732,7.6669173
867,merck/pfkfb3_automap,merck/pfkfb3_automap/23,../large_fep_dataset/data/fep_benchmark_processed/merck_pfkfb3_automap_23.sdf,../large_fep_dataset/data/fep_benchmark_processed/merck_pfkfb3_automap_protein.pdb,867,6.869259,7.4097266,6.9819083,6.564487,6.6372952,7.040609,7.883744,7.3912916,6.5342593,6.9693675,7.0281944
868,merck/pfkfb3_automap,merck/pfkfb3_automap/60 adjust,../large_fep_dataset/data/fep_benchmark_processed/merck_pfkfb3_automap_60_adjust.sdf,../large_fep_dataset/data/fep_benchmark_processed/merck_pfkfb3_automap_protein.pdb,868,8.323745,7.895074,8.499084,8.137665,8.481689,8.225501,7.898288,7.8429127,8.164393,7.757683,8.122603
869,merck/pfkfb3_automap,merck/pfkfb3_automap/34,../large_fep_dataset/data/fep_benchmark_processed/merck_pfkfb3_automap_34.sdf,../large_fep_dataset/data/fep_benchmark_processed/merck_pfkfb3_automap_protein.pdb,869,7.007215,7.9262986,7.1077485,6.992715,7.2634187,7.9648905,7.8924227,7.80291,7.5752516,7.4110947,7.494396
870,merck/pfkfb3_automap,merck/pfkfb3_automap/36,../large_fep_dataset/data/fep_benchmark_processed/merck_pfkfb3_automap_36.sdf,../large_fep_dataset/data/fep_benchmark_processed/merck_pfkfb3_automap_protein.pdb,870,7.075781,7.922278,7.6121955,7.0835276,7.644454,8.165237,7.2571507,7.5588474,7.9168854,7.6214457,7.58578
871,merck/pfkfb3_automap,merck/pfkfb3_automap/46,../large_fep_dataset/data/fep_benchmark_processed/merck_pfkfb3_automap_46.sdf,../large_fep_dataset/data/fep_benchmark_processed/merck_pfkfb3_automap_protein.pdb,871,8.665059,7.864015,8.382738,7.9111614,8.179581,8.379332,8.586941,8.186701,8.353856,8.188837,8.269823
872,merck/shp2,merck/shp2/SHP099-1/Example 7,../large_fep_dataset/data/fep_benchmark_processed/merck_shp2_SHP099-1_Example_7.sdf,../large_fep_dataset/data/fep_benchmark_processed/merck_shp2_protein.pdb,872,6.354296,6.4680586,6.033019,6.8962955,6.6858053,6.2539573,6.821052,6.818975,7.20573,6.593092,6.613028
873,merck/shp2,merck/shp2/Example 22,../large_fep_dataset/data/fep_benchmark_processed/merck_shp2_Example_22.sdf,../large_fep_dataset/data/fep_benchmark_processed/merck_shp2_protein.pdb,873,6.904885,7.2689114,5.998127,7.2284546,6.4874325,6.971661,7.2728415,6.4418135,7.105077,6.501885,6.818109
874,merck/shp2,merck/shp2/Example 29,../large_fep_dataset/data/fep_benchmark_processed/merck_shp2_Example_29.sdf,../large_fep_dataset/data/fep_benchmark_processed/merck_shp2_protein.pdb,874,6.1452193,6.42811,6.4010563,6.438063,7.0993056,5.8855195,6.9866776,6.420758,5.8570013,6.650701,6.4312415
875,merck/shp2,merck/shp2/11,../large_fep_dataset/data/fep_benchmark_processed/merck_shp2_11.sdf,../large_fep_dataset/data/fep_benchmark_processed/merck_shp2_protein.pdb,875,7.69561,7.554602,6.711545,6.956538,6.9789767,7.2726398,7.1692224,6.7838807,7.742276,7.2618904,7.212718
876,merck/shp2,merck/shp2/4,../large_fep_dataset/data/fep_benchmark_processed/merck_shp2_4.sdf,../large_fep_dataset/data/fep_benchmark_processed/merck_shp2_protein.pdb,876,5.765885,6.2050757,5.7975187,6.4563537,6.4570227,6.718644,6.5460887,5.6097913,6.762619,6.1441026,6.24631
877,merck/shp2,merck/shp2/Example 2,../large_fep_dataset/data/fep_benchmark_processed/merck_shp2_Example_2.sdf,../large_fep_dataset/data/fep_benchmark_processed/merck_shp2_protein.pdb,877,6.7712464,6.596951,6.353953,7.1560454,6.7289376,6.3905635,6.8707714,7.016767,7.22837,6.440638,6.7554245
878,merck/shp2,merck/shp2/Example 14,../large_fep_dataset/data/fep_benchmark_processed/merck_shp2_Example_14.sdf,../large_fep_dataset/data/fep_benchmark_processed/merck_shp2_protein.pdb,878,5.31613,5.9498267,5.881805,6.290973,7.0484667,6.1438127,6.052482,5.898777,7.2306395,6.0376883,6.1850605
879,merck/shp2,merck/shp2/Example 26,../large_fep_dataset/data/fep_benchmark_processed/merck_shp2_Example_26.sdf,../large_fep_dataset/data/fep_benchmark_processed/merck_shp2_protein.pdb,879,7.1250386,7.6027007,6.957819,7.5354824,7.016713,7.151828,7.1890416,7.137425,7.7669997,6.620421,7.210347
880,merck/shp2,merck/shp2/SHP836-2,../large_fep_dataset/data/fep_benchmark_processed/merck_shp2_SHP836-2.sdf,../large_fep_dataset/data/fep_benchmark_processed/merck_shp2_protein.pdb,880,5.6834035,6.2893653,5.477841,6.521239,6.4399204,6.500524,6.2996697,5.5893373,6.8738756,5.610643,6.1285815
881,merck/shp2,merck/shp2/Example 6,../large_fep_dataset/data/fep_benchmark_processed/merck_shp2_Example_6.sdf,../large_fep_dataset/data/fep_benchmark_processed/merck_shp2_protein.pdb,881,7.2116256,6.8920865,7.0027943,7.4812765,7.1353884,7.3192887,7.248701,7.4517736,7.5615563,6.701595,7.2006083
882,merck/shp2,merck/shp2/Example 1,../large_fep_dataset/data/fep_benchmark_processed/merck_shp2_Example_1.sdf,../large_fep_dataset/data/fep_benchmark_processed/merck_shp2_protein.pdb,882,6.9271703,6.402316,6.211906,7.2803936,6.658176,6.6113825,6.967165,7.0524263,7.3788433,6.485326,6.7975106
883,merck/shp2,merck/shp2/3,../large_fep_dataset/data/fep_benchmark_processed/merck_shp2_3.sdf,../large_fep_dataset/data/fep_benchmark_processed/merck_shp2_protein.pdb,883,5.066284,5.9141765,5.237395,5.939046,6.399941,6.1285515,5.377734,5.176937,6.0146403,5.485748,5.6740456
884,merck/shp2,merck/shp2/Example 9,../large_fep_dataset/data/fep_benchmark_processed/merck_shp2_Example_9.sdf,../large_fep_dataset/data/fep_benchmark_processed/merck_shp2_protein.pdb,884,5.1911306,6.065416,6.6593027,5.7805724,6.473526,5.9245467,6.034144,6.1574845,7.691472,6.6073847,6.258498
885,merck/shp2,merck/shp2/Example 8,../large_fep_dataset/data/fep_benchmark_processed/merck_shp2_Example_8.sdf,../large_fep_dataset/data/fep_benchmark_processed/merck_shp2_protein.pdb,885,5.8251705,6.751815,6.5895705,6.122326,7.0447235,6.042551,6.6431355,6.7333612,7.9766603,6.9887533,6.6718063
886,merck/shp2,merck/shp2/7,../large_fep_dataset/data/fep_benchmark_processed/merck_shp2_7.sdf,../large_fep_dataset/data/fep_benchmark_processed/merck_shp2_protein.pdb,886,6.491274,6.758474,6.832137,6.729037,6.683212,6.536652,6.9646273,7.0538564,7.7487416,6.2406807,6.803869
887,merck/shp2,merck/shp2/Example 24,../large_fep_dataset/data/fep_benchmark_processed/merck_shp2_Example_24.sdf,../large_fep_dataset/data/fep_benchmark_processed/merck_shp2_protein.pdb,887,6.2927504,6.7527246,6.9056344,7.2955995,6.7750134,6.3798494,7.7235093,6.519052,7.813554,6.755662,6.9213347
888,merck/shp2,merck/shp2/Example 28,../large_fep_dataset/data/fep_benchmark_processed/merck_shp2_Example_28.sdf,../large_fep_dataset/data/fep_benchmark_processed/merck_shp2_protein.pdb,888,5.113783,5.94476,6.0410814,6.642725,6.260764,5.8390684,6.1930585,5.7909017,5.933893,6.069358,5.9829392
889,merck/shp2,merck/shp2/10,../large_fep_dataset/data/fep_benchmark_processed/merck_shp2_10.sdf,../large_fep_dataset/data/fep_benchmark_processed/merck_shp2_protein.pdb,889,6.2641883,6.1085925,6.014748,6.7481093,7.0802937,5.9513016,6.551722,6.7572546,7.108144,6.445293,6.502965
890,merck/shp2,merck/shp2/Example 25,../large_fep_dataset/data/fep_benchmark_processed/merck_shp2_Example_25.sdf,../large_fep_dataset/data/fep_benchmark_processed/merck_shp2_protein.pdb,890,7.327957,8.0159855,6.0803533,7.28089,6.968812,6.560461,7.529457,6.6570086,7.7085958,7.0160074,7.114553
891,merck/shp2,merck/shp2/Example 27,../large_fep_dataset/data/fep_benchmark_processed/merck_shp2_Example_27.sdf,../large_fep_dataset/data/fep_benchmark_processed/merck_shp2_protein.pdb,891,5.308379,6.3340397,5.235811,6.1130047,6.5001106,6.521879,6.2280974,5.7892404,6.87813,5.701951,6.0610642
892,merck/shp2,merck/shp2/6,../large_fep_dataset/data/fep_benchmark_processed/merck_shp2_6.sdf,../large_fep_dataset/data/fep_benchmark_processed/merck_shp2_protein.pdb,892,5.8909698,6.039032,5.900131,6.65556,6.052899,6.1149187,6.4770784,5.8584924,7.3883123,5.961336,6.233873
893,merck/shp2,merck/shp2/Example 30,../large_fep_dataset/data/fep_benchmark_processed/merck_shp2_Example_30.sdf,../large_fep_dataset/data/fep_benchmark_processed/merck_shp2_protein.pdb,893,6.826485,6.8936806,6.2147427,7.5205855,6.230909,6.9092264,6.795911,6.8252754,7.1937394,6.3259196,6.7736473
894,merck/shp2,merck/shp2/Example 5,../large_fep_dataset/data/fep_benchmark_processed/merck_shp2_Example_5.sdf,../large_fep_dataset/data/fep_benchmark_processed/merck_shp2_protein.pdb,894,6.8453298,6.9627433,6.087024,7.508907,7.1962748,6.9413853,7.1478224,6.9192348,7.734321,6.779238,7.0122285
895,merck/shp2,merck/shp2/Example 4,../large_fep_dataset/data/fep_benchmark_processed/merck_shp2_Example_4.sdf,../large_fep_dataset/data/fep_benchmark_processed/merck_shp2_protein.pdb,895,6.1471825,5.894084,6.1968813,6.8238964,6.1349745,6.4561367,5.9580345,6.3543153,6.4593306,5.897408,6.2322245
896,merck/shp2,merck/shp2/Example 23,../large_fep_dataset/data/fep_benchmark_processed/merck_shp2_Example_23.sdf,../large_fep_dataset/data/fep_benchmark_processed/merck_shp2_protein.pdb,896,6.6721444,7.131511,6.277653,6.928864,6.481031,6.4259396,7.130692,6.305711,7.179486,6.7023506,6.7235384
897,merck/shp2,merck/shp2/Example 3,../large_fep_dataset/data/fep_benchmark_processed/merck_shp2_Example_3.sdf,../large_fep_dataset/data/fep_benchmark_processed/merck_shp2_protein.pdb,897,6.383648,6.3120627,6.1430364,7.5474973,6.6588516,6.6219583,6.5186133,7.229826,6.6010604,6.370353,6.638691
898,merck/cmet,merck/cmet/CHEMBL3402753_200,../large_fep_dataset/data/fep_benchmark_processed/merck_cmet_CHEMBL3402753_200.sdf,../large_fep_dataset/data/fep_benchmark_processed/merck_cmet_protein.pdb,898,7.2835894,7.5033774,6.882108,7.0283937,7.5233088,7.3177447,7.1265583,7.085615,7.3043947,6.957785,7.2012877
899,merck/cmet,merck/cmet/CHEMBL3402747_3400,../large_fep_dataset/data/fep_benchmark_processed/merck_cmet_CHEMBL3402747_3400.sdf,../large_fep_dataset/data/fep_benchmark_processed/merck_cmet_protein.pdb,899,6.843833,7.247536,6.5388722,7.4006696,7.1808667,6.779202,7.222334,7.513877,7.555593,6.5855093,7.086829
900,merck/cmet,merck/cmet/CHEMBL3402744_300,../large_fep_dataset/data/fep_benchmark_processed/merck_cmet_CHEMBL3402744_300.sdf,../large_fep_dataset/data/fep_benchmark_processed/merck_cmet_protein.pdb,900,7.278081,7.2052464,6.419829,7.720551,7.4320006,7.3625746,6.6268387,6.964283,7.578764,7.099321,7.1687484
901,merck/cmet,merck/cmet/CHEMBL3402745_200,../large_fep_dataset/data/fep_benchmark_processed/merck_cmet_CHEMBL3402745_200.sdf,../large_fep_dataset/data/fep_benchmark_processed/merck_cmet_protein.pdb,901,7.271042,7.100596,6.6207566,7.50371,7.2206774,6.924496,6.510002,6.934158,7.0924373,6.662791,6.984067
902,merck/cmet,merck/cmet/CHEMBL3402750_400,../large_fep_dataset/data/fep_benchmark_processed/merck_cmet_CHEMBL3402750_400.sdf,../large_fep_dataset/data/fep_benchmark_processed/merck_cmet_protein.pdb,902,6.826512,7.439863,6.884701,7.3585243,7.320595,7.151122,6.875214,7.623801,7.704756,6.577412,7.1762505
903,merck/cmet,merck/cmet/CHEMBL3402743_42,../large_fep_dataset/data/fep_benchmark_processed/merck_cmet_CHEMBL3402743_42.sdf,../large_fep_dataset/data/fep_benchmark_processed/merck_cmet_protein.pdb,903,7.036855,7.367773,6.9206786,7.3555446,7.445375,7.373799,6.8673124,6.620022,8.230574,6.6113873,7.1829324
904,merck/cmet,merck/cmet/CHEMBL3402752_30000,../large_fep_dataset/data/fep_benchmark_processed/merck_cmet_CHEMBL3402752_30000.sdf,../large_fep_dataset/data/fep_benchmark_processed/merck_cmet_protein.pdb,904,7.115406,7.5842237,6.828572,7.1351843,7.2109756,6.871376,7.3763833,8.038915,7.581866,6.7077985,7.2450705
905,merck/cmet,merck/cmet/CHEMBL3402755_4200,../large_fep_dataset/data/fep_benchmark_processed/merck_cmet_CHEMBL3402755_4200.sdf,../large_fep_dataset/data/fep_benchmark_processed/merck_cmet_protein.pdb,905,7.226068,7.480456,6.7110777,7.5271173,7.186984,7.2628975,7.4596286,7.4265056,7.1727405,6.78293,7.2236404
906,merck/cmet,merck/cmet/CHEMBL3402749_500,../large_fep_dataset/data/fep_benchmark_processed/merck_cmet_CHEMBL3402749_500.sdf,../large_fep_dataset/data/fep_benchmark_processed/merck_cmet_protein.pdb,906,6.713773,6.797644,6.140076,7.166495,7.1097054,6.827432,7.2914834,7.0435963,7.3706665,6.187986,6.864886
907,merck/cmet,merck/cmet/CHEMBL3402765_11-charged-pKa-8.1,../large_fep_dataset/data/fep_benchmark_processed/merck_cmet_CHEMBL3402765_11-charged-pKa-8.1.sdf,../large_fep_dataset/data/fep_benchmark_processed/merck_cmet_protein.pdb,907,7.860426,7.8593297,6.811076,7.7104235,7.6352634,7.748478,7.4108872,7.147933,8.602625,7.639574,7.642602
908,merck/cmet,merck/cmet/CHEMBL3402742_23,../large_fep_dataset/data/fep_benchmark_processed/merck_cmet_CHEMBL3402742_23.sdf,../large_fep_dataset/data/fep_benchmark_processed/merck_cmet_protein.pdb,908,6.841052,7.739987,6.726104,7.1886096,7.410209,7.6042223,7.31273,6.229722,8.413335,7.211903,7.267788
909,merck/cmet,merck/cmet/CHEMBL3402754_40,../large_fep_dataset/data/fep_benchmark_processed/merck_cmet_CHEMBL3402754_40.sdf,../large_fep_dataset/data/fep_benchmark_processed/merck_cmet_protein.pdb,909,7.4644656,7.3500338,7.282246,7.3011203,8.018579,7.971056,7.2408333,7.492578,7.6486864,7.1061482,7.487574
910,merck/cmet,merck/cmet/CHEMBL3402748_5300,../large_fep_dataset/data/fep_benchmark_processed/merck_cmet_CHEMBL3402748_5300.sdf,../large_fep_dataset/data/fep_benchmark_processed/merck_cmet_protein.pdb,910,6.9947925,7.2210503,7.0635147,6.740976,7.1344357,7.1715665,6.6846046,7.2351837,7.3450985,6.5312753,7.01225
911,merck/cmet,merck/cmet/CHEMBL3402741_400,../large_fep_dataset/data/fep_benchmark_processed/merck_cmet_CHEMBL3402741_400.sdf,../large_fep_dataset/data/fep_benchmark_processed/merck_cmet_protein.pdb,911,6.3806944,7.5760317,6.593178,6.950725,6.938208,7.8745413,7.4329934,6.56307,8.263149,6.4088073,7.09814
912,merck/cmet,merck/cmet/CHEMBL3402763_90,../large_fep_dataset/data/fep_benchmark_processed/merck_cmet_CHEMBL3402763_90.sdf,../large_fep_dataset/data/fep_benchmark_processed/merck_cmet_protein.pdb,912,6.9158483,6.93714,6.416751,7.4455624,7.0210676,7.587311,7.4712048,5.8119946,7.9601097,6.2097263,6.9776716
913,merck/cmet,merck/cmet/CHEMBL3402764_90,../large_fep_dataset/data/fep_benchmark_processed/merck_cmet_CHEMBL3402764_90.sdf,../large_fep_dataset/data/fep_benchmark_processed/merck_cmet_protein.pdb,913,6.3337836,6.986561,6.4311466,7.0963817,7.284075,7.154565,6.610612,6.7940226,7.7292624,6.546103,6.8966513
914,merck/cmet,merck/cmet/CHEMBL3402751_2100,../large_fep_dataset/data/fep_benchmark_processed/merck_cmet_CHEMBL3402751_2100.sdf,../large_fep_dataset/data/fep_benchmark_processed/merck_cmet_protein.pdb,914,7.452172,7.3654914,6.921478,7.0409155,7.1773353,7.0054965,7.397304,7.763743,7.6078763,6.884497,7.261631
915,merck/cmet,merck/cmet/CHEMBL3402756_2.7 redocked,../large_fep_dataset/data/fep_benchmark_processed/merck_cmet_CHEMBL3402756_2.7_redocked.sdf,../large_fep_dataset/data/fep_benchmark_processed/merck_cmet_protein.pdb,915,7.3253536,7.3991084,6.5971684,7.115883,7.3395424,7.6029224,7.0884643,6.8780518,7.2705693,7.474297,7.2091355
916,merck/cmet,merck/cmet/CHEMBL3402762_1 redocked,../large_fep_dataset/data/fep_benchmark_processed/merck_cmet_CHEMBL3402762_1_redocked.sdf,../large_fep_dataset/data/fep_benchmark_processed/merck_cmet_protein.pdb,916,8.382476,8.247794,7.592309,7.8676805,8.316092,7.682746,8.336594,7.9475403,8.183242,8.338723,8.0895195
917,merck/cmet,merck/cmet/CHEMBL3402760_1 redocked,../large_fep_dataset/data/fep_benchmark_processed/merck_cmet_CHEMBL3402760_1_redocked.sdf,../large_fep_dataset/data/fep_benchmark_processed/merck_cmet_protein.pdb,917,7.913228,7.9647517,7.3185506,7.360615,7.7866497,7.8389273,6.9589143,7.091575,7.4903674,8.088208,7.581179
918,merck/cmet,merck/cmet/CHEMBL3402757_6.5 redocked,../large_fep_dataset/data/fep_benchmark_processed/merck_cmet_CHEMBL3402757_6.5_redocked.sdf,../large_fep_dataset/data/fep_benchmark_processed/merck_cmet_protein.pdb,918,7.182691,7.3727536,6.6943974,7.131852,7.2872434,7.431361,7.009237,6.7804074,7.1765795,7.4473495,7.151387
919,merck/cmet,merck/cmet/CHEMBL3402761_1 redocked,../large_fep_dataset/data/fep_benchmark_processed/merck_cmet_CHEMBL3402761_1_redocked.sdf,../large_fep_dataset/data/fep_benchmark_processed/merck_cmet_protein.pdb,919,8.018299,8.360134,7.2012672,7.3967834,8.043,7.547136,8.323983,8.025577,7.9840117,8.278396,7.917859
920,merck/cmet,merck/cmet/CHEMBL3402758_10 redocked,../large_fep_dataset/data/fep_benchmark_processed/merck_cmet_CHEMBL3402758_10_redocked.sdf,../large_fep_dataset/data/fep_benchmark_processed/merck_cmet_protein.pdb,920,7.247146,7.36244,6.6298013,7.299633,6.549416,7.6205707,6.477246,6.692114,7.396244,7.346334,7.062094
921,merck/cmet,merck/cmet/CHEMBL3402759_5.7 redocked,../large_fep_dataset/data/fep_benchmark_processed/merck_cmet_CHEMBL3402759_5.7_redocked.sdf,../large_fep_dataset/data/fep_benchmark_processed/merck_cmet_protein.pdb,921,7.0219398,7.484379,6.621793,6.9725995,7.4338164,7.3704267,7.2771244,6.774555,6.8774276,6.845699,7.0679755
922,merck/eg5_extraprotomers,merck/eg5_extraprotomers/CHEMBL1078774,../large_fep_dataset/data/fep_benchmark_processed/merck_eg5_extraprotomers_CHEMBL1078774.sdf,../large_fep_dataset/data/fep_benchmark_processed/merck_eg5_extraprotomers_protein.pdb,922,6.7590566,7.35777,6.9860954,6.626067,7.123602,7.241682,6.50124,7.015029,7.744738,7.4158335,7.0771117
923,merck/eg5_extraprotomers,merck/eg5_extraprotomers/CHEMBL1093087,../large_fep_dataset/data/fep_benchmark_processed/merck_eg5_extraprotomers_CHEMBL1093087.sdf,../large_fep_dataset/data/fep_benchmark_processed/merck_eg5_extraprotomers_protein.pdb,923,5.6591964,6.0553484,5.0931854,6.2863684,5.0285635,5.906427,6.971649,5.798116,6.207709,5.78387,5.879043
924,merck/eg5_extraprotomers,merck/eg5_extraprotomers/CHEMBL1082249,../large_fep_dataset/data/fep_benchmark_processed/merck_eg5_extraprotomers_CHEMBL1082249.sdf,../large_fep_dataset/data/fep_benchmark_processed/merck_eg5_extraprotomers_protein.pdb,924,6.7949266,6.9128904,6.6019897,7.0707817,6.8217916,5.714311,6.8165545,6.57715,7.8566685,6.80838,6.797544
925,merck/eg5_extraprotomers,merck/eg5_extraprotomers/CHEMBL1089393,../large_fep_dataset/data/fep_benchmark_processed/merck_eg5_extraprotomers_CHEMBL1089393.sdf,../large_fep_dataset/data/fep_benchmark_processed/merck_eg5_extraprotomers_protein.pdb,925,6.0002613,6.249149,5.807691,5.794317,6.3348184,5.045794,5.007788,5.2828693,7.000054,5.702978,5.822572
926,merck/eg5_extraprotomers,merck/eg5_extraprotomers/CHEMBL1078691,../large_fep_dataset/data/fep_benchmark_processed/merck_eg5_extraprotomers_CHEMBL1078691.sdf,../large_fep_dataset/data/fep_benchmark_processed/merck_eg5_extraprotomers_protein.pdb,926,6.607852,7.1665916,6.741172,6.314345,7.2406006,7.0460796,6.8910856,6.5715775,7.668089,6.873435,6.9120827
927,merck/eg5_extraprotomers,merck/eg5_extraprotomers/CHEMBL1086409,../large_fep_dataset/data/fep_benchmark_processed/merck_eg5_extraprotomers_CHEMBL1086409.sdf,../large_fep_dataset/data/fep_benchmark_processed/merck_eg5_extraprotomers_protein.pdb,927,5.824699,5.7168922,5.4886913,6.215973,5.7838078,5.9122105,6.779359,5.3840775,5.89136,5.92461,5.8921685
928,merck/eg5_extraprotomers,merck/eg5_extraprotomers/CHEMBL1082248,../large_fep_dataset/data/fep_benchmark_processed/merck_eg5_extraprotomers_CHEMBL1082248.sdf,../large_fep_dataset/data/fep_benchmark_processed/merck_eg5_extraprotomers_protein.pdb,928,6.613482,6.417315,5.6965036,6.4162107,6.571831,5.660141,6.4694076,6.5198517,7.101702,6.1554046,6.3621845
929,merck/eg5_extraprotomers,merck/eg5_extraprotomers/CHEMBL1084678,../large_fep_dataset/data/fep_benchmark_processed/merck_eg5_extraprotomers_CHEMBL1084678.sdf,../large_fep_dataset/data/fep_benchmark_processed/merck_eg5_extraprotomers_protein.pdb,929,6.678239,6.655556,5.92358,7.2890453,6.832021,7.1077724,6.898423,5.93131,6.4132686,7.140704,6.6869917
930,merck/eg5_extraprotomers,merck/eg5_extraprotomers/CHEMBL1084115,../large_fep_dataset/data/fep_benchmark_processed/merck_eg5_extraprotomers_CHEMBL1084115.sdf,../large_fep_dataset/data/fep_benchmark_processed/merck_eg5_extraprotomers_protein.pdb,930,5.9361644,6.642114,6.388601,5.629999,6.563661,6.2443047,6.062922,6.045431,6.181071,5.9300404,6.1624312
931,merck/eg5_extraprotomers,merck/eg5_extraprotomers/CHEMBL1084431,../large_fep_dataset/data/fep_benchmark_processed/merck_eg5_extraprotomers_CHEMBL1084431.sdf,../large_fep_dataset/data/fep_benchmark_processed/merck_eg5_extraprotomers_protein.pdb,931,6.4802084,7.5174446,5.8489413,7.144129,6.434746,7.5266256,7.067404,6.5186677,7.231804,7.021945,6.8791914
932,merck/eg5_extraprotomers,merck/eg5_extraprotomers/CHEMBL1085895,../large_fep_dataset/data/fep_benchmark_processed/merck_eg5_extraprotomers_CHEMBL1085895.sdf,../large_fep_dataset/data/fep_benchmark_processed/merck_eg5_extraprotomers_protein.pdb,932,6.7311344,6.8246737,6.2444057,6.595893,6.233932,6.9794855,7.323089,6.604871,6.6482778,6.553146,6.6738906
933,merck/eg5_extraprotomers,merck/eg5_extraprotomers/CHEMBL1084677,../large_fep_dataset/data/fep_benchmark_processed/merck_eg5_extraprotomers_CHEMBL1084677.sdf,../large_fep_dataset/data/fep_benchmark_processed/merck_eg5_extraprotomers_protein.pdb,933,6.037199,6.438366,5.505919,7.027419,6.34678,7.020772,6.784639,5.704245,5.9562035,6.989784,6.3811326
934,merck/eg5_extraprotomers,merck/eg5_extraprotomers/CHEMBL1077227,../large_fep_dataset/data/fep_benchmark_processed/merck_eg5_extraprotomers_CHEMBL1077227.sdf,../large_fep_dataset/data/fep_benchmark_processed/merck_eg5_extraprotomers_protein.pdb,934,6.5411654,6.545496,5.361468,5.966286,6.8104973,6.2743015,6.2026825,6.906074,6.161828,5.5336237,6.230342
935,merck/eg5_extraprotomers,merck/eg5_extraprotomers/CHEMBL1086410,../large_fep_dataset/data/fep_benchmark_processed/merck_eg5_extraprotomers_CHEMBL1086410.sdf,../large_fep_dataset/data/fep_benchmark_processed/merck_eg5_extraprotomers_protein.pdb,935,6.297556,6.9290233,5.9492636,6.7320743,6.946685,6.802006,6.9552603,7.3879976,7.0130067,6.1933146,6.720619
936,merck/eg5_extraprotomers,merck/eg5_extraprotomers/CHEMBL1083517,../large_fep_dataset/data/fep_benchmark_processed/merck_eg5_extraprotomers_CHEMBL1083517.sdf,../large_fep_dataset/data/fep_benchmark_processed/merck_eg5_extraprotomers_protein.pdb,936,5.7618876,6.3784404,5.7367916,6.4553094,5.7997656,6.97713,7.4292026,5.5403686,6.9849095,6.5373864,6.3601193
937,merck/eg5_extraprotomers,merck/eg5_extraprotomers/CHEMBL1096003,../large_fep_dataset/data/fep_benchmark_processed/merck_eg5_extraprotomers_CHEMBL1096003.sdf,../large_fep_dataset/data/fep_benchmark_processed/merck_eg5_extraprotomers_protein.pdb,937,7.213603,7.298035,6.3466706,7.0748353,7.618001,7.4908013,7.4808455,6.8932295,7.743072,7.6739926,7.283309
938,merck/eg5_extraprotomers,merck/eg5_extraprotomers/CHEMBL1077204,../large_fep_dataset/data/fep_benchmark_processed/merck_eg5_extraprotomers_CHEMBL1077204.sdf,../large_fep_dataset/data/fep_benchmark_processed/merck_eg5_extraprotomers_protein.pdb,938,6.656956,7.0269346,6.1401463,7.3510876,6.4719853,6.364043,6.9756255,6.1057353,6.4021177,6.1172366,6.561187
939,merck/eg5_extraprotomers,merck/eg5_extraprotomers/CHEMBL1083836,../large_fep_dataset/data/fep_benchmark_processed/merck_eg5_extraprotomers_CHEMBL1083836.sdf,../large_fep_dataset/data/fep_benchmark_processed/merck_eg5_extraprotomers_protein.pdb,939,5.9628067,6.9043517,5.5008783,6.1958017,6.375035,6.637599,6.5507092,7.0227385,6.3716903,6.5274286,6.4049044
940,merck/eg5_extraprotomers,merck/eg5_extraprotomers/CHEMBL1085666,../large_fep_dataset/data/fep_benchmark_processed/merck_eg5_extraprotomers_CHEMBL1085666.sdf,../large_fep_dataset/data/fep_benchmark_processed/merck_eg5_extraprotomers_protein.pdb,940,5.9374886,5.849742,6.074578,6.573847,5.3000274,5.9883566,5.9739847,5.903946,5.9997907,5.822865,5.9424624
941,merck/eg5_extraprotomers,merck/eg5_extraprotomers/CHEMBL1085692,../large_fep_dataset/data/fep_benchmark_processed/merck_eg5_extraprotomers_CHEMBL1085692.sdf,../large_fep_dataset/data/fep_benchmark_processed/merck_eg5_extraprotomers_protein.pdb,941,7.051478,7.239126,7.0838757,7.283919,6.94879,6.141448,6.6620007,6.415893,7.9009933,7.0684752,6.9796
942,merck/eg5_extraprotomers,merck/eg5_extraprotomers/CHEMBL1084143,../large_fep_dataset/data/fep_benchmark_processed/merck_eg5_extraprotomers_CHEMBL1084143.sdf,../large_fep_dataset/data/fep_benchmark_processed/merck_eg5_extraprotomers_protein.pdb,942,6.5196924,7.4272203,6.153966,7.246903,7.4029346,6.9164853,6.595297,7.2293363,7.2012815,6.927362,6.9620476
943,merck/eg5_extraprotomers,merck/eg5_extraprotomers/CHEMBL1096002,../large_fep_dataset/data/fep_benchmark_processed/merck_eg5_extraprotomers_CHEMBL1096002.sdf,../large_fep_dataset/data/fep_benchmark_processed/merck_eg5_extraprotomers_protein.pdb,943,7.102225,7.048463,6.475135,6.3698006,7.0859013,6.7053785,7.589368,6.4550695,7.4475875,6.9162116,6.9195147
944,merck/eg5_extraprotomers,merck/eg5_extraprotomers/CHEMBL1089056,../large_fep_dataset/data/fep_benchmark_processed/merck_eg5_extraprotomers_CHEMBL1089056.sdf,../large_fep_dataset/data/fep_benchmark_processed/merck_eg5_extraprotomers_protein.pdb,944,6.4215417,6.4981866,6.390528,6.4941382,6.6238227,6.2136636,6.624445,6.8957367,7.109292,6.112069,6.5383425
945,merck/eg5_extraprotomers,merck/eg5_extraprotomers/CHEMBL1093088,../large_fep_dataset/data/fep_benchmark_processed/merck_eg5_extraprotomers_CHEMBL1093088.sdf,../large_fep_dataset/data/fep_benchmark_processed/merck_eg5_extraprotomers_protein.pdb,945,7.386132,7.603364,6.5962577,7.176919,6.299769,7.3107133,7.152509,6.4131165,7.0483813,7.1758504,7.0163016
946,merck/eg5_extraprotomers,merck/eg5_extraprotomers/CHEMBL1084676,../large_fep_dataset/data/fep_benchmark_processed/merck_eg5_extraprotomers_CHEMBL1084676.sdf,../large_fep_dataset/data/fep_benchmark_processed/merck_eg5_extraprotomers_protein.pdb,946,6.5114956,7.5285425,6.506225,7.277472,6.4689345,6.318008,6.8346963,6.4445395,7.218906,6.2359133,6.734473
947,merck/eg5_extraprotomers,merck/eg5_extraprotomers/CHEMBL1084935,../large_fep_dataset/data/fep_benchmark_processed/merck_eg5_extraprotomers_CHEMBL1084935.sdf,../large_fep_dataset/data/fep_benchmark_processed/merck_eg5_extraprotomers_protein.pdb,947,7.1109896,7.3846674,6.5910077,6.497214,7.1426816,7.5990386,7.1342926,7.4789195,7.6537786,6.3312855,7.092387
948,merck/eg5_extraprotomers,merck/eg5_extraprotomers/CHEMBL1078998,../large_fep_dataset/data/fep_benchmark_processed/merck_eg5_extraprotomers_CHEMBL1078998.sdf,../large_fep_dataset/data/fep_benchmark_processed/merck_eg5_extraprotomers_protein.pdb,948,5.935499,6.3354793,6.098913,5.5256286,6.512399,6.24204,5.890895,5.8456225,6.185977,5.778923,6.035138
949,merck/eg5_extraprotomers,merck/eg5_extraprotomers/CHEMBL1088740,../large_fep_dataset/data/fep_benchmark_processed/merck_eg5_extraprotomers_CHEMBL1088740.sdf,../large_fep_dataset/data/fep_benchmark_processed/merck_eg5_extraprotomers_protein.pdb,949,6.013698,6.112526,6.0364633,5.431426,5.911741,4.90784,4.643167,5.498077,6.4551644,6.255183,5.7265286
950,merck/eg5_extraprotomers,merck/eg5_extraprotomers/CHEMBL1084143_1,../large_fep_dataset/data/fep_benchmark_processed/merck_eg5_extraprotomers_CHEMBL1084143_1.sdf,../large_fep_dataset/data/fep_benchmark_processed/merck_eg5_extraprotomers_protein.pdb,950,7.0489707,7.332209,6.6362653,7.799854,6.8469987,7.3045425,7.239738,7.6543055,7.6614594,6.8453083,7.236965
951,merck/eg5_extraprotomers,merck/eg5_extraprotomers/CHEMBL1096003_1,../large_fep_dataset/data/fep_benchmark_processed/merck_eg5_extraprotomers_CHEMBL1096003_1.sdf,../large_fep_dataset/data/fep_benchmark_processed/merck_eg5_extraprotomers_protein.pdb,951,7.5875664,7.4165983,6.908727,7.237632,7.286908,7.625498,7.530025,7.052974,7.7400093,7.5521097,7.393805
952,merck/eg5_extraprotomers,merck/eg5_extraprotomers/CHEMBL1096002_1,../large_fep_dataset/data/fep_benchmark_processed/merck_eg5_extraprotomers_CHEMBL1096002_1.sdf,../large_fep_dataset/data/fep_benchmark_processed/merck_eg5_extraprotomers_protein.pdb,952,7.2193437,7.166195,6.9168077,6.434227,7.049292,6.712195,7.6736646,6.502178,7.5595827,7.158875,7.0392365
953,merck/eg5_extraprotomers,merck/eg5_extraprotomers/CHEMBL1084676_1,../large_fep_dataset/data/fep_benchmark_processed/merck_eg5_extraprotomers_CHEMBL1084676_1.sdf,../large_fep_dataset/data/fep_benchmark_processed/merck_eg5_extraprotomers_protein.pdb,953,6.51187,6.8223066,6.7903423,7.162973,6.5804367,6.7855964,6.779165,6.73772,7.129753,6.213787,6.7513947
954,merck/eg5_extraprotomers,merck/eg5_extraprotomers/CHEMBL1084677_1,../large_fep_dataset/data/fep_benchmark_processed/merck_eg5_extraprotomers_CHEMBL1084677_1.sdf,../large_fep_dataset/data/fep_benchmark_processed/merck_eg5_extraprotomers_protein.pdb,954,6.2543397,6.7593637,6.1171145,7.186999,6.7429366,7.2938504,7.1347146,5.880881,6.0829716,7.1880703,6.6641245
955,merck/eg5_extraprotomers,merck/eg5_extraprotomers/CHEMBL1084935_1,../large_fep_dataset/data/fep_benchmark_processed/merck_eg5_extraprotomers_CHEMBL1084935_1.sdf,../large_fep_dataset/data/fep_benchmark_processed/merck_eg5_extraprotomers_protein.pdb,955,7.3716946,7.2665863,6.6987534,6.8625803,7.164232,7.7059875,7.41848,7.4380293,7.8709397,6.588309,7.238559
956,merck/syk_4puz_fullmap,merck/syk_4puz_fullmap/CHEMBL3265014,../large_fep_dataset/data/fep_benchmark_processed/merck_syk_4puz_fullmap_CHEMBL3265014.sdf,../large_fep_dataset/data/fep_benchmark_processed/merck_syk_4puz_fullmap_protein.pdb,956,7.28277,7.8392434,7.415645,7.803343,7.952099,7.470521,8.118127,8.1907215,8.565119,7.502931,7.814051
957,merck/syk_4puz_fullmap,merck/syk_4puz_fullmap/CHEMBL3265036,../large_fep_dataset/data/fep_benchmark_processed/merck_syk_4puz_fullmap_CHEMBL3265036.sdf,../large_fep_dataset/data/fep_benchmark_processed/merck_syk_4puz_fullmap_protein.pdb,957,6.2128553,7.216987,6.3576307,6.90663,7.348674,7.05275,7.1542587,7.313031,7.382875,6.748435,6.9694123
958,merck/syk_4puz_fullmap,merck/syk_4puz_fullmap/CHEMBL3265020,../large_fep_dataset/data/fep_benchmark_processed/merck_syk_4puz_fullmap_CHEMBL3265020.sdf,../large_fep_dataset/data/fep_benchmark_processed/merck_syk_4puz_fullmap_protein.pdb,958,6.555295,7.3434224,6.3955398,7.542303,7.800628,7.15268,8.407357,7.716751,8.182849,7.1463013,7.4243126
959,merck/syk_4puz_fullmap,merck/syk_4puz_fullmap/CHEMBL3265023,../large_fep_dataset/data/fep_benchmark_processed/merck_syk_4puz_fullmap_CHEMBL3265023.sdf,../large_fep_dataset/data/fep_benchmark_processed/merck_syk_4puz_fullmap_protein.pdb,959,7.117365,7.6945796,6.4987564,8.101772,7.9548097,7.3890405,8.148892,8.213566,8.41935,7.5250783,7.706321
960,merck/syk_4puz_fullmap,merck/syk_4puz_fullmap/CHEMBL3265033,../large_fep_dataset/data/fep_benchmark_processed/merck_syk_4puz_fullmap_CHEMBL3265033.sdf,../large_fep_dataset/data/fep_benchmark_processed/merck_syk_4puz_fullmap_protein.pdb,960,6.489551,7.4642377,6.3681912,7.6995716,7.04046,7.12478,7.049269,7.846173,7.709829,7.1359177,7.1927977
961,merck/syk_4puz_fullmap,merck/syk_4puz_fullmap/CHEMBL3265027,../large_fep_dataset/data/fep_benchmark_processed/merck_syk_4puz_fullmap_CHEMBL3265027.sdf,../large_fep_dataset/data/fep_benchmark_processed/merck_syk_4puz_fullmap_protein.pdb,961,6.3613486,7.477909,6.235958,6.9779186,7.255911,6.7881813,7.220982,6.38976,7.5335145,6.7624354,6.9003916
962,merck/syk_4puz_fullmap,merck/syk_4puz_fullmap/CHEMBL3265028,../large_fep_dataset/data/fep_benchmark_processed/merck_syk_4puz_fullmap_CHEMBL3265028.sdf,../large_fep_dataset/data/fep_benchmark_processed/merck_syk_4puz_fullmap_protein.pdb,962,6.6658607,7.5512476,6.847351,7.861552,7.918759,7.62836,7.8150926,7.267964,8.1436405,7.3524776,7.505231
963,merck/syk_4puz_fullmap,merck/syk_4puz_fullmap/CHEMBL3265032,../large_fep_dataset/data/fep_benchmark_processed/merck_syk_4puz_fullmap_CHEMBL3265032.sdf,../large_fep_dataset/data/fep_benchmark_processed/merck_syk_4puz_fullmap_protein.pdb,963,6.3950477,7.19558,6.5565867,7.30529,7.183631,7.0220804,7.2217627,7.1780863,7.426592,6.9107366,7.0395393
964,merck/syk_4puz_fullmap,merck/syk_4puz_fullmap/CHEMBL3265031,../large_fep_dataset/data/fep_benchmark_processed/merck_syk_4puz_fullmap_CHEMBL3265031.sdf,../large_fep_dataset/data/fep_benchmark_processed/merck_syk_4puz_fullmap_protein.pdb,964,7.3128057,7.834908,6.708645,7.688559,7.663548,7.5359707,7.3801622,7.424653,7.7436175,7.072591,7.4365463
965,merck/syk_4puz_fullmap,merck/syk_4puz_fullmap/CHEMBL3265037,../large_fep_dataset/data/fep_benchmark_processed/merck_syk_4puz_fullmap_CHEMBL3265037.sdf,../large_fep_dataset/data/fep_benchmark_processed/merck_syk_4puz_fullmap_protein.pdb,965,7.3106,7.70575,6.786771,7.78313,7.9984374,7.477454,8.503536,7.7908497,7.9369774,7.6638694,7.6957374
966,merck/syk_4puz_fullmap,merck/syk_4puz_fullmap/CHEMBL3265026,../large_fep_dataset/data/fep_benchmark_processed/merck_syk_4puz_fullmap_CHEMBL3265026.sdf,../large_fep_dataset/data/fep_benchmark_processed/merck_syk_4puz_fullmap_protein.pdb,966,6.8866544,7.7896466,7.0695257,7.4437847,7.7015195,7.591254,7.920839,7.715377,8.259338,7.1889486,7.5566893
967,merck/syk_4puz_fullmap,merck/syk_4puz_fullmap/CHEMBL3265012,../large_fep_dataset/data/fep_benchmark_processed/merck_syk_4puz_fullmap_CHEMBL3265012.sdf,../large_fep_dataset/data/fep_benchmark_processed/merck_syk_4puz_fullmap_protein.pdb,967,7.450468,7.8289165,7.8354335,7.789316,8.198879,7.689272,8.174176,8.73724,8.3704195,7.729709,7.9803824
968,merck/syk_4puz_fullmap,merck/syk_4puz_fullmap/CHEMBL3265029,../large_fep_dataset/data/fep_benchmark_processed/merck_syk_4puz_fullmap_CHEMBL3265029.sdf,../large_fep_dataset/data/fep_benchmark_processed/merck_syk_4puz_fullmap_protein.pdb,968,5.8583617,7.4718046,6.1979647,7.2320232,7.6704865,7.1932726,7.337105,7.209998,8.018273,6.827863,7.101716
969,merck/syk_4puz_fullmap,merck/syk_4puz_fullmap/CHEMBL3265035,../large_fep_dataset/data/fep_benchmark_processed/merck_syk_4puz_fullmap_CHEMBL3265035.sdf,../large_fep_dataset/data/fep_benchmark_processed/merck_syk_4puz_fullmap_protein.pdb,969,6.7085333,7.079121,6.87106,7.4751244,7.9442706,7.049423,7.2680106,7.707841,7.9996834,6.937886,7.3040953
970,merck/syk_4puz_fullmap,merck/syk_4puz_fullmap/CHEMBL3265024,../large_fep_dataset/data/fep_benchmark_processed/merck_syk_4puz_fullmap_CHEMBL3265024.sdf,../large_fep_dataset/data/fep_benchmark_processed/merck_syk_4puz_fullmap_protein.pdb,970,7.632487,7.858046,7.705217,7.79249,8.333357,8.158781,8.37931,8.507615,8.68315,7.922957,8.097342
971,merck/syk_4puz_fullmap,merck/syk_4puz_fullmap/CHEMBL3265018,../large_fep_dataset/data/fep_benchmark_processed/merck_syk_4puz_fullmap_CHEMBL3265018.sdf,../large_fep_dataset/data/fep_benchmark_processed/merck_syk_4puz_fullmap_protein.pdb,971,7.0911217,7.5943565,6.969769,7.7784142,8.140429,7.4764247,8.639053,8.004663,8.62066,7.4673266,7.778221
972,merck/syk_4puz_fullmap,merck/syk_4puz_fullmap/CHEMBL3265008,../large_fep_dataset/data/fep_benchmark_processed/merck_syk_4puz_fullmap_CHEMBL3265008.sdf,../large_fep_dataset/data/fep_benchmark_processed/merck_syk_4puz_fullmap_protein.pdb,972,7.786701,7.952262,7.8962526,8.047117,8.236492,8.159459,8.260574,8.741667,8.378851,8.129429,8.15888
973,merck/syk_4puz_fullmap,merck/syk_4puz_fullmap/CHEMBL3265016,../large_fep_dataset/data/fep_benchmark_processed/merck_syk_4puz_fullmap_CHEMBL3265016.sdf,../large_fep_dataset/data/fep_benchmark_processed/merck_syk_4puz_fullmap_protein.pdb,973,6.719954,7.300531,6.436893,7.5203724,7.753869,7.12758,8.39918,7.7729383,8.241527,7.1633086,7.443615
974,merck/syk_4puz_fullmap,merck/syk_4puz_fullmap/CHEMBL3265025 flip,../large_fep_dataset/data/fep_benchmark_processed/merck_syk_4puz_fullmap_CHEMBL3265025_flip.sdf,../large_fep_dataset/data/fep_benchmark_processed/merck_syk_4puz_fullmap_protein.pdb,974,7.1948543,7.788868,7.5449734,7.655258,8.127875,7.485597,8.009067,8.442282,8.276076,7.7097845,7.8234634
975,merck/syk_4puz_fullmap,merck/syk_4puz_fullmap/CHEMBL3265013,../large_fep_dataset/data/fep_benchmark_processed/merck_syk_4puz_fullmap_CHEMBL3265013.sdf,../large_fep_dataset/data/fep_benchmark_processed/merck_syk_4puz_fullmap_protein.pdb,975,7.1785855,7.9334135,7.598992,7.836181,7.7701735,7.4955907,7.950246,8.293818,8.473349,7.6715884,7.8201933
976,merck/syk_4puz_fullmap,merck/syk_4puz_fullmap/CHEMBL3259820,../large_fep_dataset/data/fep_benchmark_processed/merck_syk_4puz_fullmap_CHEMBL3259820.sdf,../large_fep_dataset/data/fep_benchmark_processed/merck_syk_4puz_fullmap_protein.pdb,976,7.1092134,7.562264,7.5784917,8.093678,7.948117,7.3244996,7.916652,8.315841,8.649248,7.524205,7.802222
977,merck/syk_4puz_fullmap,merck/syk_4puz_fullmap/CHEMBL3265006,../large_fep_dataset/data/fep_benchmark_processed/merck_syk_4puz_fullmap_CHEMBL3265006.sdf,../large_fep_dataset/data/fep_benchmark_processed/merck_syk_4puz_fullmap_protein.pdb,977,8.16226,8.232719,7.456589,7.909136,8.228089,7.7731037,8.218028,8.156328,8.957972,8.248017,8.134224
978,merck/syk_4puz_fullmap,merck/syk_4puz_fullmap/CHEMBL3265030_n,../large_fep_dataset/data/fep_benchmark_processed/merck_syk_4puz_fullmap_CHEMBL3265030_n.sdf,../large_fep_dataset/data/fep_benchmark_processed/merck_syk_4puz_fullmap_protein.pdb,978,7.3219333,7.9937797,6.888485,7.859417,8.175404,7.787471,7.532617,7.2119317,7.982526,7.0151186,7.5768685
979,merck/syk_4puz_fullmap,merck/syk_4puz_fullmap/CHEMBL3265022,../large_fep_dataset/data/fep_benchmark_processed/merck_syk_4puz_fullmap_CHEMBL3265022.sdf,../large_fep_dataset/data/fep_benchmark_processed/merck_syk_4puz_fullmap_protein.pdb,979,7.2231665,7.648962,6.865988,7.9792213,8.170543,7.451651,8.431273,8.477732,8.875911,7.5425577,7.8667006
980,merck/syk_4puz_fullmap,merck/syk_4puz_fullmap/CHEMBL3265019,../large_fep_dataset/data/fep_benchmark_processed/merck_syk_4puz_fullmap_CHEMBL3265019.sdf,../large_fep_dataset/data/fep_benchmark_processed/merck_syk_4puz_fullmap_protein.pdb,980,7.5141726,7.779454,7.389981,7.9078856,8.115838,7.5390673,8.68786,8.40936,8.708819,8.063892,8.011632
981,merck/syk_4puz_fullmap,merck/syk_4puz_fullmap/CHEMBL3265009,../large_fep_dataset/data/fep_benchmark_processed/merck_syk_4puz_fullmap_CHEMBL3265009.sdf,../large_fep_dataset/data/fep_benchmark_processed/merck_syk_4puz_fullmap_protein.pdb,981,7.7745285,8.294152,8.005737,8.115774,8.411474,8.009516,8.161822,8.507225,8.54003,7.6937094,8.151397
982,merck/syk_4puz_fullmap,merck/syk_4puz_fullmap/CHEMBL3265021,../large_fep_dataset/data/fep_benchmark_processed/merck_syk_4puz_fullmap_CHEMBL3265021.sdf,../large_fep_dataset/data/fep_benchmark_processed/merck_syk_4puz_fullmap_protein.pdb,982,7.091167,7.833026,7.037614,7.8914757,8.028707,7.5205255,8.798639,7.992886,8.624916,7.620032,7.843899
983,merck/syk_4puz_fullmap,merck/syk_4puz_fullmap/CHEMBL3265005,../large_fep_dataset/data/fep_benchmark_processed/merck_syk_4puz_fullmap_CHEMBL3265005.sdf,../large_fep_dataset/data/fep_benchmark_processed/merck_syk_4puz_fullmap_protein.pdb,983,7.676586,7.942319,7.888831,7.7533617,8.022957,7.711076,8.019493,8.252695,8.6841755,7.735927,7.9687414
984,merck/syk_4puz_fullmap,merck/syk_4puz_fullmap/CHEMBL3265017,../large_fep_dataset/data/fep_benchmark_processed/merck_syk_4puz_fullmap_CHEMBL3265017.sdf,../large_fep_dataset/data/fep_benchmark_processed/merck_syk_4puz_fullmap_protein.pdb,984,7.0989776,7.706164,7.0310354,7.776207,8.054705,7.562322,8.767024,7.948327,8.631972,7.635504,7.821224
985,merck/syk_4puz_fullmap,merck/syk_4puz_fullmap/CHEMBL3265010,../large_fep_dataset/data/fep_benchmark_processed/merck_syk_4puz_fullmap_CHEMBL3265010.sdf,../large_fep_dataset/data/fep_benchmark_processed/merck_syk_4puz_fullmap_protein.pdb,985,7.574819,7.8984256,7.921084,7.881319,8.147974,7.885642,8.26683,8.167797,8.371415,7.692985,7.9808297
986,merck/syk_4puz_fullmap,merck/syk_4puz_fullmap/CHEMBL3265034,../large_fep_dataset/data/fep_benchmark_processed/merck_syk_4puz_fullmap_CHEMBL3265034.sdf,../large_fep_dataset/data/fep_benchmark_processed/merck_syk_4puz_fullmap_protein.pdb,986,6.714355,7.1100464,6.609729,7.392194,7.6474347,7.038898,7.677116,7.1513567,7.7371836,6.64464,7.1722956
987,merck/syk_4puz_fullmap,merck/syk_4puz_fullmap/CHEMBL3265011 flip,../large_fep_dataset/data/fep_benchmark_processed/merck_syk_4puz_fullmap_CHEMBL3265011_flip.sdf,../large_fep_dataset/data/fep_benchmark_processed/merck_syk_4puz_fullmap_protein.pdb,987,7.667048,7.9448776,7.9478903,8.1035795,8.243573,7.957806,8.155045,8.363058,8.257403,7.629601,8.026987
988,merck/syk_4puz_fullmap,merck/syk_4puz_fullmap/CHEMBL3265015 flip,../large_fep_dataset/data/fep_benchmark_processed/merck_syk_4puz_fullmap_CHEMBL3265015_flip.sdf,../large_fep_dataset/data/fep_benchmark_processed/merck_syk_4puz_fullmap_protein.pdb,988,7.1707716,7.6265464,7.467104,7.5640426,7.989304,7.8382263,7.830044,7.8936825,8.609999,7.6329455,7.7622666
989,merck/syk_4puz_fullmap,merck/syk_4puz_fullmap/CHEMBL3265002,../large_fep_dataset/data/fep_benchmark_processed/merck_syk_4puz_fullmap_CHEMBL3265002.sdf,../large_fep_dataset/data/fep_benchmark_processed/merck_syk_4puz_fullmap_protein.pdb,989,6.8865037,7.9561324,7.1267543,7.7976227,8.082763,7.5346475,7.7553954,7.303609,8.144629,7.4809976,7.6069055
990,merck/syk_4puz_fullmap,merck/syk_4puz_fullmap/docked CHEMBL3264998,../large_fep_dataset/data/fep_benchmark_processed/merck_syk_4puz_fullmap_docked_CHEMBL3264998.sdf,../large_fep_dataset/data/fep_benchmark_processed/merck_syk_4puz_fullmap_protein.pdb,990,6.8630385,8.010326,7.00447,7.8685884,7.8637958,6.9411845,8.017537,7.0533514,8.222131,7.934417,7.5778837
991,merck/syk_4puz_fullmap,merck/syk_4puz_fullmap/CHEMBL3264997,../large_fep_dataset/data/fep_benchmark_processed/merck_syk_4puz_fullmap_CHEMBL3264997.sdf,../large_fep_dataset/data/fep_benchmark_processed/merck_syk_4puz_fullmap_protein.pdb,991,6.947683,7.988781,7.634975,7.834847,7.993483,7.4883847,8.236332,7.6028447,7.999177,8.027585,7.7754097
992,merck/syk_4puz_fullmap,merck/syk_4puz_fullmap/docked CHEMBL3264994,../large_fep_dataset/data/fep_benchmark_processed/merck_syk_4puz_fullmap_docked_CHEMBL3264994.sdf,../large_fep_dataset/data/fep_benchmark_processed/merck_syk_4puz_fullmap_protein.pdb,992,7.552331,7.4189534,6.7434654,7.718599,8.231738,7.529643,8.137846,8.030752,7.4137583,7.506814,7.6283903
993,merck/syk_4puz_fullmap,merck/syk_4puz_fullmap/CHEMBL3264995,../large_fep_dataset/data/fep_benchmark_processed/merck_syk_4puz_fullmap_CHEMBL3264995.sdf,../large_fep_dataset/data/fep_benchmark_processed/merck_syk_4puz_fullmap_protein.pdb,993,7.734404,8.538744,7.703436,7.894077,8.42609,7.9373875,8.43089,8.164159,8.566477,8.533897,8.192956
994,merck/syk_4puz_fullmap,merck/syk_4puz_fullmap/docked CHEMBL3265004,../large_fep_dataset/data/fep_benchmark_processed/merck_syk_4puz_fullmap_docked_CHEMBL3265004.sdf,../large_fep_dataset/data/fep_benchmark_processed/merck_syk_4puz_fullmap_protein.pdb,994,7.0887184,8.065329,7.214287,7.855224,8.276296,7.552095,7.973175,7.202728,8.352972,7.7622323,7.7343054
995,merck/syk_4puz_fullmap,merck/syk_4puz_fullmap/CHEMBL3265001,../large_fep_dataset/data/fep_benchmark_processed/merck_syk_4puz_fullmap_CHEMBL3265001.sdf,../large_fep_dataset/data/fep_benchmark_processed/merck_syk_4puz_fullmap_protein.pdb,995,7.4914794,8.1510315,7.769332,7.6933937,8.418218,7.952551,8.291864,8.233383,8.326656,8.294995,8.062291
996,merck/syk_4puz_fullmap,merck/syk_4puz_fullmap/CHEMBL3264996,../large_fep_dataset/data/fep_benchmark_processed/merck_syk_4puz_fullmap_CHEMBL3264996.sdf,../large_fep_dataset/data/fep_benchmark_processed/merck_syk_4puz_fullmap_protein.pdb,996,7.091721,8.500485,7.50938,8.128264,8.152317,7.580813,8.160371,7.5027857,8.665969,7.5356913,7.8827796
997,merck/syk_4puz_fullmap,merck/syk_4puz_fullmap/docked CHEMBL3264999 adjust,../large_fep_dataset/data/fep_benchmark_processed/merck_syk_4puz_fullmap_docked_CHEMBL3264999_adjust.sdf,../large_fep_dataset/data/fep_benchmark_processed/merck_syk_4puz_fullmap_protein.pdb,997,7.5438337,8.477458,8.006644,8.327797,8.154346,7.815442,8.068919,7.675924,8.498998,8.039537,8.06089
998,merck/syk_4puz_fullmap,merck/syk_4puz_fullmap/redocked CHEMBL3265000 ground state,../large_fep_dataset/data/fep_benchmark_processed/merck_syk_4puz_fullmap_redocked_CHEMBL3265000_ground_state.sdf,../large_fep_dataset/data/fep_benchmark_processed/merck_syk_4puz_fullmap_protein.pdb,998,7.053266,8.069886,6.965696,7.001295,7.181445,7.316201,8.312597,7.7236333,8.127977,7.09658,7.484857
999,merck/syk_4puz_fullmap,merck/syk_4puz_fullmap/redocked CHEMBL3265000,../large_fep_dataset/data/fep_benchmark_processed/merck_syk_4puz_fullmap_redocked_CHEMBL3265000.sdf,../large_fep_dataset/data/fep_benchmark_processed/merck_syk_4puz_fullmap_protein.pdb,999,7.1237855,8.1551485,6.8885665,7.146702,7.5102086,7.093554,8.156884,7.6875663,8.170981,7.035022,7.4968414
1000,merck/syk_4puz_fullmap,merck/syk_4puz_fullmap/CHEMBL3265003 tautomer 1,../large_fep_dataset/data/fep_benchmark_processed/merck_syk_4puz_fullmap_CHEMBL3265003_tautomer_1.sdf,../large_fep_dataset/data/fep_benchmark_processed/merck_syk_4puz_fullmap_protein.pdb,1000,6.951992,8.193421,7.337928,7.8017654,8.272388,7.6683145,7.9603653,7.365158,8.34032,7.653971,7.7545624
1001,merck/syk_4puz_fullmap,merck/syk_4puz_fullmap/CHEMBL3265003 tautomer 2,../large_fep_dataset/data/fep_benchmark_processed/merck_syk_4puz_fullmap_CHEMBL3265003_tautomer_2.sdf,../large_fep_dataset/data/fep_benchmark_processed/merck_syk_4puz_fullmap_protein.pdb,1001,6.9035573,8.028421,7.3214545,7.6975923,8.282119,7.641933,8.018539,7.3300357,8.366633,7.707049,7.7297335
1002,merck/hif2a_automap,merck/hif2a_automap/338,../large_fep_dataset/data/fep_benchmark_processed/merck_hif2a_automap_338.sdf,../large_fep_dataset/data/fep_benchmark_processed/merck_hif2a_automap_protein.pdb,1002,7.3758183,7.9910245,7.8436594,8.299045,7.645845,8.035705,7.642744,7.7755013,7.995993,8.054946,7.866028
1003,merck/hif2a_automap,merck/hif2a_automap/43,../large_fep_dataset/data/fep_benchmark_processed/merck_hif2a_automap_43.sdf,../large_fep_dataset/data/fep_benchmark_processed/merck_hif2a_automap_protein.pdb,1003,7.627143,7.8485703,6.9891734,8.282577,7.9339223,7.1580014,7.4019613,7.9158525,8.244283,7.487107,7.688859
1004,merck/hif2a_automap,merck/hif2a_automap/235,../large_fep_dataset/data/fep_benchmark_processed/merck_hif2a_automap_235.sdf,../large_fep_dataset/data/fep_benchmark_processed/merck_hif2a_automap_protein.pdb,1004,8.27567,8.476037,8.020216,8.32478,8.269753,7.9448447,7.7921934,8.117594,8.22611,8.568923,8.201612
1005,merck/hif2a_automap,merck/hif2a_automap/234,../large_fep_dataset/data/fep_benchmark_processed/merck_hif2a_automap_234.sdf,../large_fep_dataset/data/fep_benchmark_processed/merck_hif2a_automap_protein.pdb,1005,8.10041,8.239027,8.360497,8.424789,8.349981,7.9445863,7.9121494,8.286232,8.531048,8.385803,8.253453
1006,merck/hif2a_automap,merck/hif2a_automap/30,../large_fep_dataset/data/fep_benchmark_processed/merck_hif2a_automap_30.sdf,../large_fep_dataset/data/fep_benchmark_processed/merck_hif2a_automap_protein.pdb,1006,7.348368,7.402148,7.130972,8.300952,7.55499,7.144359,7.18395,7.7530255,7.69195,7.949574,7.546029
1007,merck/hif2a_automap,merck/hif2a_automap/1,../large_fep_dataset/data/fep_benchmark_processed/merck_hif2a_automap_1.sdf,../large_fep_dataset/data/fep_benchmark_processed/merck_hif2a_automap_protein.pdb,1007,7.907045,7.7064376,6.8854365,7.319524,7.9059696,7.565817,6.945688,7.530278,7.590052,7.364465,7.472071
1008,merck/hif2a_automap,merck/hif2a_automap/237,../large_fep_dataset/data/fep_benchmark_processed/merck_hif2a_automap_237.sdf,../large_fep_dataset/data/fep_benchmark_processed/merck_hif2a_automap_protein.pdb,1008,7.840071,7.8714356,7.7111254,8.099443,7.3996286,7.3248763,7.409115,7.9177127,8.036607,8.220269,7.7830286
1009,merck/hif2a_automap,merck/hif2a_automap/227,../large_fep_dataset/data/fep_benchmark_processed/merck_hif2a_automap_227.sdf,../large_fep_dataset/data/fep_benchmark_processed/merck_hif2a_automap_protein.pdb,1009,7.822337,8.334684,8.372821,8.737508,8.020215,7.513542,7.4525356,8.022525,8.253319,8.356922,8.08864
1010,merck/hif2a_automap,merck/hif2a_automap/266,../large_fep_dataset/data/fep_benchmark_processed/merck_hif2a_automap_266.sdf,../large_fep_dataset/data/fep_benchmark_processed/merck_hif2a_automap_protein.pdb,1010,7.7337227,7.187449,7.287351,6.5216928,7.109601,7.324473,7.444282,6.818921,7.794333,7.7530518,7.2974877
1011,merck/hif2a_automap,merck/hif2a_automap/206,../large_fep_dataset/data/fep_benchmark_processed/merck_hif2a_automap_206.sdf,../large_fep_dataset/data/fep_benchmark_processed/merck_hif2a_automap_protein.pdb,1011,6.9448113,7.3834558,7.592798,7.826537,7.7684484,7.0890336,8.07644,7.829789,7.886852,7.353129,7.575129
1012,merck/hif2a_automap,merck/hif2a_automap/67,../large_fep_dataset/data/fep_benchmark_processed/merck_hif2a_automap_67.sdf,../large_fep_dataset/data/fep_benchmark_processed/merck_hif2a_automap_protein.pdb,1012,7.0249414,7.32564,6.602752,7.24122,7.1818285,7.5933304,7.3571606,6.592059,7.624736,7.3221416,7.1865816
1013,merck/hif2a_automap,merck/hif2a_automap/156,../large_fep_dataset/data/fep_benchmark_processed/merck_hif2a_automap_156.sdf,../large_fep_dataset/data/fep_benchmark_processed/merck_hif2a_automap_protein.pdb,1013,7.7406187,7.4958353,7.2141294,8.197894,8.161588,7.3536797,7.3355174,8.147121,8.194489,8.150771,7.799165
1014,merck/hif2a_automap,merck/hif2a_automap/31,../large_fep_dataset/data/fep_benchmark_processed/merck_hif2a_automap_31.sdf,../large_fep_dataset/data/fep_benchmark_processed/merck_hif2a_automap_protein.pdb,1014,6.9870725,6.924156,7.0677605,8.176708,7.4305687,7.04365,6.8946066,7.632029,7.879098,7.763965,7.3799615
1015,merck/hif2a_automap,merck/hif2a_automap/289,../large_fep_dataset/data/fep_benchmark_processed/merck_hif2a_automap_289.sdf,../large_fep_dataset/data/fep_benchmark_processed/merck_hif2a_automap_protein.pdb,1015,7.288705,7.4894724,7.6418023,7.837196,7.616042,7.1061134,8.001739,7.6626406,7.8624887,8.117314,7.662352
1016,merck/hif2a_automap,merck/hif2a_automap/61,../large_fep_dataset/data/fep_benchmark_processed/merck_hif2a_automap_61.sdf,../large_fep_dataset/data/fep_benchmark_processed/merck_hif2a_automap_protein.pdb,1016,7.6478376,7.6110806,6.7253957,7.6143513,7.231329,7.470218,6.7835393,7.2211246,7.1348076,7.083854,7.2523537
1017,merck/hif2a_automap,merck/hif2a_automap/167,../large_fep_dataset/data/fep_benchmark_processed/merck_hif2a_automap_167.sdf,../large_fep_dataset/data/fep_benchmark_processed/merck_hif2a_automap_protein.pdb,1017,8.06282,7.9628487,7.649165,8.417156,7.5820417,7.617946,7.590897,7.8477354,7.840862,8.363855,7.8935328
1018,merck/hif2a_automap,merck/hif2a_automap/165,../large_fep_dataset/data/fep_benchmark_processed/merck_hif2a_automap_165.sdf,../large_fep_dataset/data/fep_benchmark_processed/merck_hif2a_automap_protein.pdb,1018,7.636754,7.9438353,8.253089,8.2354,8.128175,7.612786,7.9292855,8.266428,8.363119,8.241855,8.061072
1019,merck/hif2a_automap,merck/hif2a_automap/41,../large_fep_dataset/data/fep_benchmark_processed/merck_hif2a_automap_41.sdf,../large_fep_dataset/data/fep_benchmark_processed/merck_hif2a_automap_protein.pdb,1019,7.5903997,7.1582093,6.5671754,7.186273,7.5196495,7.572709,6.9002094,7.449761,7.4847713,6.926334,7.2355485
1020,merck/hif2a_automap,merck/hif2a_automap/7b,../large_fep_dataset/data/fep_benchmark_processed/merck_hif2a_automap_7b.sdf,../large_fep_dataset/data/fep_benchmark_processed/merck_hif2a_automap_protein.pdb,1020,7.946933,7.825777,6.986642,7.6681023,7.950124,7.8781614,7.0335317,7.5660753,7.5126333,7.4022536,7.5770235
1021,merck/hif2a_automap,merck/hif2a_automap/54,../large_fep_dataset/data/fep_benchmark_processed/merck_hif2a_automap_54.sdf,../large_fep_dataset/data/fep_benchmark_processed/merck_hif2a_automap_protein.pdb,1021,7.578037,7.786883,7.227375,7.6170936,7.9908876,7.781492,6.807911,7.3572984,8.219469,7.3151927,7.568164
1022,merck/hif2a_automap,merck/hif2a_automap/215,../large_fep_dataset/data/fep_benchmark_processed/merck_hif2a_automap_215.sdf,../large_fep_dataset/data/fep_benchmark_processed/merck_hif2a_automap_protein.pdb,1022,7.099811,7.830432,7.157807,7.9968185,6.8454566,6.8252025,7.6361804,7.543339,7.5571237,8.117464,7.4609632
1023,merck/hif2a_automap,merck/hif2a_automap/57,../large_fep_dataset/data/fep_benchmark_processed/merck_hif2a_automap_57.sdf,../large_fep_dataset/data/fep_benchmark_processed/merck_hif2a_automap_protein.pdb,1023,7.722544,7.9303446,8.115383,8.300463,7.931516,7.7472177,7.320341,8.32262,8.147874,8.248421,7.978673
1024,merck/hif2a_automap,merck/hif2a_automap/42,../large_fep_dataset/data/fep_benchmark_processed/merck_hif2a_automap_42.sdf,../large_fep_dataset/data/fep_benchmark_processed/merck_hif2a_automap_protein.pdb,1024,7.892921,8.087087,7.00903,8.295576,7.90151,7.381826,7.43578,7.722625,7.899465,7.884776,7.751059
1025,merck/hif2a_automap,merck/hif2a_automap/252,../large_fep_dataset/data/fep_benchmark_processed/merck_hif2a_automap_252.sdf,../large_fep_dataset/data/fep_benchmark_processed/merck_hif2a_automap_protein.pdb,1025,7.413499,7.9156437,7.779665,8.221281,7.6126394,7.9717474,7.729872,7.8476043,7.8911304,8.043415,7.84265
1026,merck/hif2a_automap,merck/hif2a_automap/336,../large_fep_dataset/data/fep_benchmark_processed/merck_hif2a_automap_336.sdf,../large_fep_dataset/data/fep_benchmark_processed/merck_hif2a_automap_protein.pdb,1026,7.223867,7.6148005,7.3113685,8.144868,7.470646,7.746677,7.8467765,7.711962,7.8664317,8.36383,7.7301226
1027,merck/hif2a_automap,merck/hif2a_automap/290,../large_fep_dataset/data/fep_benchmark_processed/merck_hif2a_automap_290.sdf,../large_fep_dataset/data/fep_benchmark_processed/merck_hif2a_automap_protein.pdb,1027,7.962785,8.18299,8.362169,8.381814,8.015455,7.871446,7.715387,8.051903,8.10687,8.515901,8.116672
1028,merck/hif2a_automap,merck/hif2a_automap/155,../large_fep_dataset/data/fep_benchmark_processed/merck_hif2a_automap_155.sdf,../large_fep_dataset/data/fep_benchmark_processed/merck_hif2a_automap_protein.pdb,1028,7.6816607,7.732822,7.108757,8.211437,8.051466,7.3290367,7.3960767,8.128603,7.9391656,8.131385,7.7710404
1029,merck/hif2a_automap,merck/hif2a_automap/164,../large_fep_dataset/data/fep_benchmark_processed/merck_hif2a_automap_164.sdf,../large_fep_dataset/data/fep_benchmark_processed/merck_hif2a_automap_protein.pdb,1029,7.611039,8.138511,8.16966,8.03272,7.948102,7.4434566,7.9060493,8.287782,8.324649,8.2606735,8.012263
1030,merck/hif2a_automap,merck/hif2a_automap/7a,../large_fep_dataset/data/fep_benchmark_processed/merck_hif2a_automap_7a.sdf,../large_fep_dataset/data/fep_benchmark_processed/merck_hif2a_automap_protein.pdb,1030,7.9192495,7.679389,7.0593424,7.576964,8.086262,8.012658,6.9603424,7.957932,7.631272,7.452333,7.633574
1031,merck/hif2a_automap,merck/hif2a_automap/224,../large_fep_dataset/data/fep_benchmark_processed/merck_hif2a_automap_224.sdf,../large_fep_dataset/data/fep_benchmark_processed/merck_hif2a_automap_protein.pdb,1031,7.4912195,7.0721107,6.7306104,6.9912696,7.189471,7.335561,7.6460476,7.050142,7.614621,7.1135387,7.2234597
1032,merck/hif2a_automap,merck/hif2a_automap/84,../large_fep_dataset/data/fep_benchmark_processed/merck_hif2a_automap_84.sdf,../large_fep_dataset/data/fep_benchmark_processed/merck_hif2a_automap_protein.pdb,1032,7.138533,6.8456035,6.352914,7.0600495,7.3641305,7.5217185,6.4251413,6.8653154,7.2370114,6.854088,6.9664507
1033,merck/hif2a_automap,merck/hif2a_automap/254,../large_fep_dataset/data/fep_benchmark_processed/merck_hif2a_automap_254.sdf,../large_fep_dataset/data/fep_benchmark_processed/merck_hif2a_automap_protein.pdb,1033,7.221353,7.522671,7.649487,7.909308,7.7903867,7.4830065,7.9119086,7.8780866,7.466576,8.167765,7.700054
1034,merck/hif2a_automap,merck/hif2a_automap/23,../large_fep_dataset/data/fep_benchmark_processed/merck_hif2a_automap_23.sdf,../large_fep_dataset/data/fep_benchmark_processed/merck_hif2a_automap_protein.pdb,1034,7.547066,7.460362,6.5096135,7.1413984,6.9238076,7.136397,6.9819345,7.097579,7.096183,6.6162643,7.0510607
1035,merck/hif2a_automap,merck/hif2a_automap/251,../large_fep_dataset/data/fep_benchmark_processed/merck_hif2a_automap_251.sdf,../large_fep_dataset/data/fep_benchmark_processed/merck_hif2a_automap_protein.pdb,1035,6.8736653,6.3826575,7.1522055,7.0597725,6.9109817,7.0448484,7.342494,6.533335,7.052443,7.2183523,6.9570756
1036,merck/hif2a_automap,merck/hif2a_automap/256,../large_fep_dataset/data/fep_benchmark_processed/merck_hif2a_automap_256.sdf,../large_fep_dataset/data/fep_benchmark_processed/merck_hif2a_automap_protein.pdb,1036,7.037324,6.728643,6.6257195,7.132033,6.8881135,7.531318,7.4179754,6.054148,7.75744,6.8410554,7.001377
1037,merck/hif2a_automap,merck/hif2a_automap/50,../large_fep_dataset/data/fep_benchmark_processed/merck_hif2a_automap_50.sdf,../large_fep_dataset/data/fep_benchmark_processed/merck_hif2a_automap_protein.pdb,1037,7.450352,7.1071224,7.1797433,7.701063,7.9272404,7.1093144,6.985769,7.378892,8.408609,7.6986704,7.494677
1038,merck/hif2a_automap,merck/hif2a_automap/231,../large_fep_dataset/data/fep_benchmark_processed/merck_hif2a_automap_231.sdf,../large_fep_dataset/data/fep_benchmark_processed/merck_hif2a_automap_protein.pdb,1038,7.5667086,7.798214,7.710655,7.906247,8.049913,7.2650566,7.868997,7.9554486,7.8165336,8.227504,7.8165274
1039,merck/hif2a_automap,merck/hif2a_automap/15,../large_fep_dataset/data/fep_benchmark_processed/merck_hif2a_automap_15.sdf,../large_fep_dataset/data/fep_benchmark_processed/merck_hif2a_automap_protein.pdb,1039,8.002013,7.8529983,7.6348825,8.415006,7.9630527,7.449446,7.6274323,7.949427,7.914765,8.241745,7.9050775
1040,merck/hif2a_automap,merck/hif2a_automap/124,../large_fep_dataset/data/fep_benchmark_processed/merck_hif2a_automap_124.sdf,../large_fep_dataset/data/fep_benchmark_processed/merck_hif2a_automap_protein.pdb,1040,6.6713414,7.3556237,6.458416,6.842843,7.3504176,6.3010364,6.828587,6.2896085,7.327267,7.2032948,6.8628435
1041,merck/hif2a_automap,merck/hif2a_automap/25,../large_fep_dataset/data/fep_benchmark_processed/merck_hif2a_automap_25.sdf,../large_fep_dataset/data/fep_benchmark_processed/merck_hif2a_automap_protein.pdb,1041,8.296081,7.6825085,7.2463536,7.10905,7.5866494,7.522239,7.186041,7.418794,7.445337,7.4991198,7.499217
1042,merck/hif2a_automap,merck/hif2a_automap/163,../large_fep_dataset/data/fep_benchmark_processed/merck_hif2a_automap_163.sdf,../large_fep_dataset/data/fep_benchmark_processed/merck_hif2a_automap_protein.pdb,1042,7.5958896,7.935693,8.230077,8.099164,7.973716,7.458371,7.9071655,8.1197,7.9115043,8.147399,7.9378676
1043,merck/tnks2_fullmap,merck/tnks2_fullmap/1a,../large_fep_dataset/data/fep_benchmark_processed/merck_tnks2_fullmap_1a.sdf,../large_fep_dataset/data/fep_benchmark_processed/merck_tnks2_fullmap_protein.pdb,1043,6.6959333,7.290529,6.6446586,7.3677073,7.003424,6.8437696,6.9050713,6.98318,7.1490626,6.6408997,6.952424
1044,merck/tnks2_fullmap,merck/tnks2_fullmap/1b,../large_fep_dataset/data/fep_benchmark_processed/merck_tnks2_fullmap_1b.sdf,../large_fep_dataset/data/fep_benchmark_processed/merck_tnks2_fullmap_protein.pdb,1044,7.554497,7.6504574,7.106433,7.308685,7.878434,6.83202,7.9052277,7.4120293,7.4957805,7.5910892,7.473465
1045,merck/tnks2_fullmap,merck/tnks2_fullmap/3a,../large_fep_dataset/data/fep_benchmark_processed/merck_tnks2_fullmap_3a.sdf,../large_fep_dataset/data/fep_benchmark_processed/merck_tnks2_fullmap_protein.pdb,1045,7.724627,7.5132184,7.315066,7.638381,7.577384,7.4956007,7.9647384,7.3212953,8.410599,7.750764,7.671167
1046,merck/tnks2_fullmap,merck/tnks2_fullmap/3b,../large_fep_dataset/data/fep_benchmark_processed/merck_tnks2_fullmap_3b.sdf,../large_fep_dataset/data/fep_benchmark_processed/merck_tnks2_fullmap_protein.pdb,1046,7.810797,7.4694786,7.3794312,7.489468,7.631218,8.036188,7.9059634,7.177225,7.7464037,6.9703903,7.561657
1047,merck/tnks2_fullmap,merck/tnks2_fullmap/5f,../large_fep_dataset/data/fep_benchmark_processed/merck_tnks2_fullmap_5f.sdf,../large_fep_dataset/data/fep_benchmark_processed/merck_tnks2_fullmap_protein.pdb,1047,7.628104,7.706042,7.4117007,7.4781475,8.099195,7.940653,8.086489,6.729421,7.265283,7.562015,7.5907044
1048,merck/tnks2_fullmap,merck/tnks2_fullmap/5l,../large_fep_dataset/data/fep_benchmark_processed/merck_tnks2_fullmap_5l.sdf,../large_fep_dataset/data/fep_benchmark_processed/merck_tnks2_fullmap_protein.pdb,1048,7.76119,7.5741415,7.7677946,7.7091045,7.771035,8.134604,7.945686,6.619613,7.3551517,7.596267,7.623459
1049,merck/tnks2_fullmap,merck/tnks2_fullmap/5g,../large_fep_dataset/data/fep_benchmark_processed/merck_tnks2_fullmap_5g.sdf,../large_fep_dataset/data/fep_benchmark_processed/merck_tnks2_fullmap_protein.pdb,1049,7.2238345,7.113654,7.217332,7.654689,8.081546,7.3734965,7.780373,6.8344884,7.27679,7.1479387,7.3704147
1050,merck/tnks2_fullmap,merck/tnks2_fullmap/5e,../large_fep_dataset/data/fep_benchmark_processed/merck_tnks2_fullmap_5e.sdf,../large_fep_dataset/data/fep_benchmark_processed/merck_tnks2_fullmap_protein.pdb,1050,7.050957,6.6090617,6.928047,7.5910635,7.5075502,7.0514126,7.6885896,6.706322,6.772123,6.705227,7.061035
1051,merck/tnks2_fullmap,merck/tnks2_fullmap/5i,../large_fep_dataset/data/fep_benchmark_processed/merck_tnks2_fullmap_5i.sdf,../large_fep_dataset/data/fep_benchmark_processed/merck_tnks2_fullmap_protein.pdb,1051,7.206611,7.5590553,7.5315824,8.098521,7.952427,7.347041,8.125053,7.035215,7.7573953,7.5883927,7.6201296
1052,merck/tnks2_fullmap,merck/tnks2_fullmap/5b,../large_fep_dataset/data/fep_benchmark_processed/merck_tnks2_fullmap_5b.sdf,../large_fep_dataset/data/fep_benchmark_processed/merck_tnks2_fullmap_protein.pdb,1052,7.1988487,7.2357006,7.362186,7.6959195,8.01869,8.000414,7.8427496,6.7924466,7.6011605,7.6199746,7.536809
1053,merck/tnks2_fullmap,merck/tnks2_fullmap/5h,../large_fep_dataset/data/fep_benchmark_processed/merck_tnks2_fullmap_5h.sdf,../large_fep_dataset/data/fep_benchmark_processed/merck_tnks2_fullmap_protein.pdb,1053,7.3377976,7.7657633,7.879548,7.782909,8.381555,7.2921987,8.482683,7.2922854,7.9829564,7.7806005,7.79783
1054,merck/tnks2_fullmap,merck/tnks2_fullmap/5a,../large_fep_dataset/data/fep_benchmark_processed/merck_tnks2_fullmap_5a.sdf,../large_fep_dataset/data/fep_benchmark_processed/merck_tnks2_fullmap_protein.pdb,1054,7.2773185,7.561998,7.3271766,7.624165,8.109478,7.2355494,8.05424,6.717941,7.5691595,7.751048,7.522807
1055,merck/tnks2_fullmap,merck/tnks2_fullmap/5k,../large_fep_dataset/data/fep_benchmark_processed/merck_tnks2_fullmap_5k.sdf,../large_fep_dataset/data/fep_benchmark_processed/merck_tnks2_fullmap_protein.pdb,1055,7.9763074,7.7244115,7.6489153,7.803477,7.7976475,7.931232,8.161674,7.121154,7.4540257,7.5486794,7.7167525
1056,merck/tnks2_fullmap,merck/tnks2_fullmap/5p,../large_fep_dataset/data/fep_benchmark_processed/merck_tnks2_fullmap_5p.sdf,../large_fep_dataset/data/fep_benchmark_processed/merck_tnks2_fullmap_protein.pdb,1056,7.3030787,7.694043,7.386067,7.5985627,8.022264,7.4166117,7.6763835,6.982022,7.7058644,8.143611,7.5928507
1057,merck/tnks2_fullmap,merck/tnks2_fullmap/5j,../large_fep_dataset/data/fep_benchmark_processed/merck_tnks2_fullmap_5j.sdf,../large_fep_dataset/data/fep_benchmark_processed/merck_tnks2_fullmap_protein.pdb,1057,7.7879386,7.326907,7.638212,7.9316406,8.062992,8.304057,7.9831553,6.7514515,7.7487187,7.6625943,7.719767
1058,merck/tnks2_fullmap,merck/tnks2_fullmap/5d,../large_fep_dataset/data/fep_benchmark_processed/merck_tnks2_fullmap_5d.sdf,../large_fep_dataset/data/fep_benchmark_processed/merck_tnks2_fullmap_protein.pdb,1058,7.493478,7.2399592,7.3740077,7.5646043,7.6871977,7.6066732,7.6985335,6.8740606,7.3485837,7.0329437,7.3920045
1059,merck/tnks2_fullmap,merck/tnks2_fullmap/5m,../large_fep_dataset/data/fep_benchmark_processed/merck_tnks2_fullmap_5m.sdf,../large_fep_dataset/data/fep_benchmark_processed/merck_tnks2_fullmap_protein.pdb,1059,7.5806456,7.220005,7.7824345,7.889659,7.778508,7.9804363,8.172252,7.2750425,7.6240993,7.335119,7.6638207
1060,merck/tnks2_fullmap,merck/tnks2_fullmap/5n,../large_fep_dataset/data/fep_benchmark_processed/merck_tnks2_fullmap_5n.sdf,../large_fep_dataset/data/fep_benchmark_processed/merck_tnks2_fullmap_protein.pdb,1060,7.280087,7.659539,7.41549,7.6836576,7.941277,7.582667,7.84848,7.095311,7.815443,8.234302,7.6556253
1061,merck/tnks2_fullmap,merck/tnks2_fullmap/5c,../large_fep_dataset/data/fep_benchmark_processed/merck_tnks2_fullmap_5c.sdf,../large_fep_dataset/data/fep_benchmark_processed/merck_tnks2_fullmap_protein.pdb,1061,7.019161,6.9036856,7.0727057,7.3534074,7.813208,7.3370366,7.558481,6.6410685,7.408166,7.1807175,7.2287636
1062,merck/tnks2_fullmap,merck/tnks2_fullmap/7,../large_fep_dataset/data/fep_benchmark_processed/merck_tnks2_fullmap_7.sdf,../large_fep_dataset/data/fep_benchmark_processed/merck_tnks2_fullmap_protein.pdb,1062,7.361604,7.4351864,7.0206466,7.298005,7.3624525,7.8332453,7.3454537,7.033646,7.222973,7.152794,7.306601
1063,merck/tnks2_fullmap,merck/tnks2_fullmap/8a neutral,../large_fep_dataset/data/fep_benchmark_processed/merck_tnks2_fullmap_8a_neutral.sdf,../large_fep_dataset/data/fep_benchmark_processed/merck_tnks2_fullmap_protein.pdb,1063,7.617042,7.522463,7.7990117,7.369098,7.6499386,7.207244,7.4094253,8.281801,7.8218756,7.3671017,7.604501
1064,merck/tnks2_fullmap,merck/tnks2_fullmap/8b neutral,../large_fep_dataset/data/fep_benchmark_processed/merck_tnks2_fullmap_8b_neutral.sdf,../large_fep_dataset/data/fep_benchmark_processed/merck_tnks2_fullmap_protein.pdb,1064,7.586898,7.6719475,7.976336,7.480784,7.6669636,7.4364624,7.7756824,8.23182,7.841662,7.5902953,7.7258844
1065,merck/tnks2_fullmap,merck/tnks2_fullmap/8c adjust,../large_fep_dataset/data/fep_benchmark_processed/merck_tnks2_fullmap_8c_adjust.sdf,../large_fep_dataset/data/fep_benchmark_processed/merck_tnks2_fullmap_protein.pdb,1065,8.054583,7.6625733,7.694748,7.9334908,7.6283784,7.5747514,7.4101295,7.7024727,7.177934,7.0847526,7.592382
1066,merck/tnks2_fullmap,merck/tnks2_fullmap/8d,../large_fep_dataset/data/fep_benchmark_processed/merck_tnks2_fullmap_8d.sdf,../large_fep_dataset/data/fep_benchmark_processed/merck_tnks2_fullmap_protein.pdb,1066,7.5698156,7.5203576,7.491226,7.6283326,7.405691,7.519336,7.373576,7.5392623,7.292471,7.0744743,7.441455
1067,merck/tnks2_fullmap,merck/tnks2_fullmap/8e adjust neutral,../large_fep_dataset/data/fep_benchmark_processed/merck_tnks2_fullmap_8e_adjust_neutral.sdf,../large_fep_dataset/data/fep_benchmark_processed/merck_tnks2_fullmap_protein.pdb,1067,7.8419085,7.9686856,7.970279,7.6411705,7.7739406,7.378864,7.73357,8.136519,7.782081,7.6648107,7.789183
1068,merck/tnks2_fullmap,merck/tnks2_fullmap/8f neutral,../large_fep_dataset/data/fep_benchmark_processed/merck_tnks2_fullmap_8f_neutral.sdf,../large_fep_dataset/data/fep_benchmark_processed/merck_tnks2_fullmap_protein.pdb,1068,7.5841947,7.824503,7.9242992,7.4424314,7.797171,7.4273033,7.706822,7.94041,7.7143674,7.5831113,7.694462
1069,merck/tnks2_fullmap,merck/tnks2_fullmap/8d neutral equitorial,../large_fep_dataset/data/fep_benchmark_processed/merck_tnks2_fullmap_8d_neutral_equitorial.sdf,../large_fep_dataset/data/fep_benchmark_processed/merck_tnks2_fullmap_protein.pdb,1069,7.396289,7.7755284,7.798888,7.538544,7.567315,7.636216,7.3417277,7.7582383,7.3999276,7.3650002,7.5577674
1070,merck/tnks2_fullmap,merck/tnks2_fullmap/8c neutral equitorial,../large_fep_dataset/data/fep_benchmark_processed/merck_tnks2_fullmap_8c_neutral_equitorial.sdf,../large_fep_dataset/data/fep_benchmark_processed/merck_tnks2_fullmap_protein.pdb,1070,7.9415884,7.897328,7.8255067,7.943318,7.735056,7.943596,7.4522905,8.006891,7.459635,7.3152356,7.7520447
1071,merck/tnks2_fullmap,merck/tnks2_fullmap/5o adjust,../large_fep_dataset/data/fep_benchmark_processed/merck_tnks2_fullmap_5o_adjust.sdf,../large_fep_dataset/data/fep_benchmark_processed/merck_tnks2_fullmap_protein.pdb,1071,7.3304954,7.9247336,7.8175945,8.229348,8.104979,7.783106,8.107855,7.6956944,7.780617,8.354786,7.912921
1072,merck/tnks2_fullmap,merck/tnks2_fullmap/8f,../large_fep_dataset/data/fep_benchmark_processed/merck_tnks2_fullmap_8f.sdf,../large_fep_dataset/data/fep_benchmark_processed/merck_tnks2_fullmap_protein.pdb,1072,7.3087115,7.3951497,7.88048,7.7432685,7.9096,7.4384212,7.613618,7.682317,7.604867,7.4362507,7.601268
1073,merck/tnks2_fullmap,merck/tnks2_fullmap/8b,../large_fep_dataset/data/fep_benchmark_processed/merck_tnks2_fullmap_8b.sdf,../large_fep_dataset/data/fep_benchmark_processed/merck_tnks2_fullmap_protein.pdb,1073,7.206485,7.5057898,8.088311,7.680605,7.9258037,7.408981,7.7820406,8.049972,7.6057754,7.423746,7.6677504
1074,merck/tnks2_fullmap,merck/tnks2_fullmap/8e,../large_fep_dataset/data/fep_benchmark_processed/merck_tnks2_fullmap_8e.sdf,../large_fep_dataset/data/fep_benchmark_processed/merck_tnks2_fullmap_protein.pdb,1074,7.7693105,7.702731,7.882498,7.997043,7.924058,7.52744,7.6265306,7.7745523,7.5960364,7.2197356,7.7019935
1075,merck/tnks2_fullmap,merck/tnks2_fullmap/8a,../large_fep_dataset/data/fep_benchmark_processed/merck_tnks2_fullmap_8a.sdf,../large_fep_dataset/data/fep_benchmark_processed/merck_tnks2_fullmap_protein.pdb,1075,7.2834964,7.6095862,7.9946856,7.638986,7.913841,7.2601748,7.606208,7.921325,7.664805,7.392321,7.6285424
1076,merck/cdk8_5cei_new_helix_loop_extra,merck/cdk8_5cei_new_helix_loop_extra/43,../large_fep_dataset/data/fep_benchmark_processed/merck_cdk8_5cei_new_helix_loop_extra_43.sdf,../large_fep_dataset/data/fep_benchmark_processed/merck_cdk8_5cei_new_helix_loop_extra_protein.pdb,1076,8.348471,7.650539,7.9896336,8.018026,7.753832,8.316347,7.831663,7.6921263,8.108867,7.079835,7.878934
1077,merck/cdk8_5cei_new_helix_loop_extra,merck/cdk8_5cei_new_helix_loop_extra/22,../large_fep_dataset/data/fep_benchmark_processed/merck_cdk8_5cei_new_helix_loop_extra_22.sdf,../large_fep_dataset/data/fep_benchmark_processed/merck_cdk8_5cei_new_helix_loop_extra_protein.pdb,1077,7.0091696,6.2828712,6.986628,7.4543467,7.0249343,6.6431513,7.201545,7.1151156,7.1261926,6.5034394,6.9347396
1078,merck/cdk8_5cei_new_helix_loop_extra,merck/cdk8_5cei_new_helix_loop_extra/30,../large_fep_dataset/data/fep_benchmark_processed/merck_cdk8_5cei_new_helix_loop_extra_30.sdf,../large_fep_dataset/data/fep_benchmark_processed/merck_cdk8_5cei_new_helix_loop_extra_protein.pdb,1078,7.773328,7.894722,7.5322027,7.468439,7.570476,7.613778,7.6480727,7.3970256,7.9425735,7.132033,7.597265
1079,merck/cdk8_5cei_new_helix_loop_extra,merck/cdk8_5cei_new_helix_loop_extra/21,../large_fep_dataset/data/fep_benchmark_processed/merck_cdk8_5cei_new_helix_loop_extra_21.sdf,../large_fep_dataset/data/fep_benchmark_processed/merck_cdk8_5cei_new_helix_loop_extra_protein.pdb,1079,6.994205,6.9705553,7.049483,7.4458923,7.0277267,6.940929,7.70176,6.9951835,6.990159,6.6546693,7.077056
1080,merck/cdk8_5cei_new_helix_loop_extra,merck/cdk8_5cei_new_helix_loop_extra/24,../large_fep_dataset/data/fep_benchmark_processed/merck_cdk8_5cei_new_helix_loop_extra_24.sdf,../large_fep_dataset/data/fep_benchmark_processed/merck_cdk8_5cei_new_helix_loop_extra_protein.pdb,1080,7.2824717,6.5848527,7.335758,7.0451074,7.659714,6.9164786,7.6014557,7.2123566,7.595703,7.124841,7.235874
1081,merck/cdk8_5cei_new_helix_loop_extra,merck/cdk8_5cei_new_helix_loop_extra/38,../large_fep_dataset/data/fep_benchmark_processed/merck_cdk8_5cei_new_helix_loop_extra_38.sdf,../large_fep_dataset/data/fep_benchmark_processed/merck_cdk8_5cei_new_helix_loop_extra_protein.pdb,1081,8.230204,7.609074,7.8568764,7.7551007,7.5617,7.932448,7.849621,7.4633417,8.282385,7.004163,7.7544913
1082,merck/cdk8_5cei_new_helix_loop_extra,merck/cdk8_5cei_new_helix_loop_extra/31,../large_fep_dataset/data/fep_benchmark_processed/merck_cdk8_5cei_new_helix_loop_extra_31.sdf,../large_fep_dataset/data/fep_benchmark_processed/merck_cdk8_5cei_new_helix_loop_extra_protein.pdb,1082,7.4795327,7.5623503,7.3884025,7.37116,7.256568,7.513128,7.549243,7.0922804,7.7337537,7.129679,7.4076095
1083,merck/cdk8_5cei_new_helix_loop_extra,merck/cdk8_5cei_new_helix_loop_extra/41,../large_fep_dataset/data/fep_benchmark_processed/merck_cdk8_5cei_new_helix_loop_extra_41.sdf,../large_fep_dataset/data/fep_benchmark_processed/merck_cdk8_5cei_new_helix_loop_extra_protein.pdb,1083,7.0872297,7.404539,7.207576,7.164883,7.0235105,7.240935,7.3173237,7.301315,7.5690346,6.8402867,7.215663
1084,merck/cdk8_5cei_new_helix_loop_extra,merck/cdk8_5cei_new_helix_loop_extra/29,../large_fep_dataset/data/fep_benchmark_processed/merck_cdk8_5cei_new_helix_loop_extra_29.sdf,../large_fep_dataset/data/fep_benchmark_processed/merck_cdk8_5cei_new_helix_loop_extra_protein.pdb,1084,7.0848284,7.136388,7.4145565,7.4580746,6.9921103,7.223198,7.3966866,7.701478,7.313102,7.113502,7.2833924
1085,merck/cdk8_5cei_new_helix_loop_extra,merck/cdk8_5cei_new_helix_loop_extra/26,../large_fep_dataset/data/fep_benchmark_processed/merck_cdk8_5cei_new_helix_loop_extra_26.sdf,../large_fep_dataset/data/fep_benchmark_processed/merck_cdk8_5cei_new_helix_loop_extra_protein.pdb,1085,8.012497,7.503303,7.7852283,7.4155483,7.98253,7.2298884,8.017589,7.7067966,7.7800083,7.1575403,7.659093
1086,merck/cdk8_5cei_new_helix_loop_extra,merck/cdk8_5cei_new_helix_loop_extra/20,../large_fep_dataset/data/fep_benchmark_processed/merck_cdk8_5cei_new_helix_loop_extra_20.sdf,../large_fep_dataset/data/fep_benchmark_processed/merck_cdk8_5cei_new_helix_loop_extra_protein.pdb,1086,8.238065,7.7441173,7.931279,7.4906454,7.8046503,7.719089,7.723892,8.484718,7.6827865,7.8762007,7.869544
1087,merck/cdk8_5cei_new_helix_loop_extra,merck/cdk8_5cei_new_helix_loop_extra/35,../large_fep_dataset/data/fep_benchmark_processed/merck_cdk8_5cei_new_helix_loop_extra_35.sdf,../large_fep_dataset/data/fep_benchmark_processed/merck_cdk8_5cei_new_helix_loop_extra_protein.pdb,1087,7.3302383,7.431959,7.153995,7.1887393,6.9283886,7.507005,7.3404064,6.8216343,7.688714,7.1314826,7.252256
1088,merck/cdk8_5cei_new_helix_loop_extra,merck/cdk8_5cei_new_helix_loop_extra/40,../large_fep_dataset/data/fep_benchmark_processed/merck_cdk8_5cei_new_helix_loop_extra_40.sdf,../large_fep_dataset/data/fep_benchmark_processed/merck_cdk8_5cei_new_helix_loop_extra_protein.pdb,1088,6.9597335,7.149511,7.167609,7.0473766,7.403144,7.1360397,7.410383,7.141361,7.837611,7.217848,7.2470617
1089,merck/cdk8_5cei_new_helix_loop_extra,merck/cdk8_5cei_new_helix_loop_extra/19,../large_fep_dataset/data/fep_benchmark_processed/merck_cdk8_5cei_new_helix_loop_extra_19.sdf,../large_fep_dataset/data/fep_benchmark_processed/merck_cdk8_5cei_new_helix_loop_extra_protein.pdb,1089,7.5399714,7.5763345,7.556969,7.2677674,7.2053556,7.044537,7.6953306,7.300067,7.784824,7.265208,7.423636
1090,merck/cdk8_5cei_new_helix_loop_extra,merck/cdk8_5cei_new_helix_loop_extra/33,../large_fep_dataset/data/fep_benchmark_processed/merck_cdk8_5cei_new_helix_loop_extra_33.sdf,../large_fep_dataset/data/fep_benchmark_processed/merck_cdk8_5cei_new_helix_loop_extra_protein.pdb,1090,7.47875,7.7588778,7.779533,7.3345113,7.6281004,7.3736844,7.6937704,7.7714653,7.8275633,7.206723,7.585298
1091,merck/cdk8_5cei_new_helix_loop_extra,merck/cdk8_5cei_new_helix_loop_extra/27,../large_fep_dataset/data/fep_benchmark_processed/merck_cdk8_5cei_new_helix_loop_extra_27.sdf,../large_fep_dataset/data/fep_benchmark_processed/merck_cdk8_5cei_new_helix_loop_extra_protein.pdb,1091,6.858745,6.4503493,7.4517217,7.0274096,7.3338313,5.9108014,7.238344,6.8722925,7.3431787,6.53681,6.9023485
1092,merck/cdk8_5cei_new_helix_loop_extra,merck/cdk8_5cei_new_helix_loop_extra/13,../large_fep_dataset/data/fep_benchmark_processed/merck_cdk8_5cei_new_helix_loop_extra_13.sdf,../large_fep_dataset/data/fep_benchmark_processed/merck_cdk8_5cei_new_helix_loop_extra_protein.pdb,1092,7.819153,7.981028,7.276472,7.1212435,8.114198,7.6649942,7.5530953,7.761978,7.425566,7.445458,7.6163187
1093,merck/cdk8_5cei_new_helix_loop_extra,merck/cdk8_5cei_new_helix_loop_extra/39,../large_fep_dataset/data/fep_benchmark_processed/merck_cdk8_5cei_new_helix_loop_extra_39.sdf,../large_fep_dataset/data/fep_benchmark_processed/merck_cdk8_5cei_new_helix_loop_extra_protein.pdb,1093,6.828454,7.3691926,7.5311017,7.0852065,7.332113,7.130814,7.2718925,6.78249,7.785558,7.1306853,7.2247505
1094,merck/cdk8_5cei_new_helix_loop_extra,merck/cdk8_5cei_new_helix_loop_extra/32,../large_fep_dataset/data/fep_benchmark_processed/merck_cdk8_5cei_new_helix_loop_extra_32.sdf,../large_fep_dataset/data/fep_benchmark_processed/merck_cdk8_5cei_new_helix_loop_extra_protein.pdb,1094,7.0990334,6.470805,7.251056,6.546981,6.9549212,6.6279,6.883277,6.670244,7.387279,6.495091,6.838659
1095,merck/cdk8_5cei_new_helix_loop_extra,merck/cdk8_5cei_new_helix_loop_extra/37,../large_fep_dataset/data/fep_benchmark_processed/merck_cdk8_5cei_new_helix_loop_extra_37.sdf,../large_fep_dataset/data/fep_benchmark_processed/merck_cdk8_5cei_new_helix_loop_extra_protein.pdb,1095,6.982806,7.3241534,7.271102,7.191129,7.2512326,7.2310333,7.6152678,7.134437,7.7488313,7.0427947,7.2792788
1096,merck/cdk8_5cei_new_helix_loop_extra,merck/cdk8_5cei_new_helix_loop_extra/23,../large_fep_dataset/data/fep_benchmark_processed/merck_cdk8_5cei_new_helix_loop_extra_23.sdf,../large_fep_dataset/data/fep_benchmark_processed/merck_cdk8_5cei_new_helix_loop_extra_protein.pdb,1096,6.6559544,6.6579313,7.2005124,7.340105,6.843849,7.052284,7.26109,6.9360766,7.3109694,6.616916,6.987569
1097,merck/cdk8_5cei_new_helix_loop_extra,merck/cdk8_5cei_new_helix_loop_extra/15,../large_fep_dataset/data/fep_benchmark_processed/merck_cdk8_5cei_new_helix_loop_extra_15.sdf,../large_fep_dataset/data/fep_benchmark_processed/merck_cdk8_5cei_new_helix_loop_extra_protein.pdb,1097,7.2346063,7.071259,7.2022133,6.904886,7.173734,6.919274,7.342076,7.350066,7.396486,6.726518,7.132112
1098,merck/cdk8_5cei_new_helix_loop_extra,merck/cdk8_5cei_new_helix_loop_extra/34,../large_fep_dataset/data/fep_benchmark_processed/merck_cdk8_5cei_new_helix_loop_extra_34.sdf,../large_fep_dataset/data/fep_benchmark_processed/merck_cdk8_5cei_new_helix_loop_extra_protein.pdb,1098,7.7912145,7.2197814,7.735442,7.639698,7.2963405,7.598951,7.237244,7.2321463,8.294532,6.917502,7.4962854
1099,merck/cdk8_5cei_new_helix_loop_extra,merck/cdk8_5cei_new_helix_loop_extra/25,../large_fep_dataset/data/fep_benchmark_processed/merck_cdk8_5cei_new_helix_loop_extra_25.sdf,../large_fep_dataset/data/fep_benchmark_processed/merck_cdk8_5cei_new_helix_loop_extra_protein.pdb,1099,7.1165447,6.7218876,7.2567296,7.42856,6.9901395,7.130903,7.56447,6.9585533,7.169595,7.2517614,7.158914
1100,merck/cdk8_5cei_new_helix_loop_extra,merck/cdk8_5cei_new_helix_loop_extra/14,../large_fep_dataset/data/fep_benchmark_processed/merck_cdk8_5cei_new_helix_loop_extra_14.sdf,../large_fep_dataset/data/fep_benchmark_processed/merck_cdk8_5cei_new_helix_loop_extra_protein.pdb,1100,6.8493366,6.682695,6.5892344,6.015755,6.57302,6.3108783,6.8709216,7.0181866,6.8826766,6.7763777,6.6569076
1101,merck/cdk8_5cei_new_helix_loop_extra,merck/cdk8_5cei_new_helix_loop_extra/36,../large_fep_dataset/data/fep_benchmark_processed/merck_cdk8_5cei_new_helix_loop_extra_36.sdf,../large_fep_dataset/data/fep_benchmark_processed/merck_cdk8_5cei_new_helix_loop_extra_protein.pdb,1101,7.4206076,7.5787687,7.0644975,7.3044047,7.455281,7.431878,7.3239946,7.336492,7.77674,7.19823,7.3890886
1102,merck/cdk8_5cei_new_helix_loop_extra,merck/cdk8_5cei_new_helix_loop_extra/18 flipped,../large_fep_dataset/data/fep_benchmark_processed/merck_cdk8_5cei_new_helix_loop_extra_18_flipped.sdf,../large_fep_dataset/data/fep_benchmark_processed/merck_cdk8_5cei_new_helix_loop_extra_protein.pdb,1102,7.2109513,7.178423,7.589485,7.1259136,7.277035,7.228343,7.5995455,7.25841,7.979855,7.207986,7.3655953
1103,merck/cdk8_5cei_new_helix_loop_extra,merck/cdk8_5cei_new_helix_loop_extra/16 flipped,../large_fep_dataset/data/fep_benchmark_processed/merck_cdk8_5cei_new_helix_loop_extra_16_flipped.sdf,../large_fep_dataset/data/fep_benchmark_processed/merck_cdk8_5cei_new_helix_loop_extra_protein.pdb,1103,7.286964,7.0811863,6.6975274,6.6613035,7.1150928,6.219682,7.5302124,7.018512,7.13788,6.416753,6.9165115
1104,merck/cdk8_5cei_new_helix_loop_extra,merck/cdk8_5cei_new_helix_loop_extra/17 flipped,../large_fep_dataset/data/fep_benchmark_processed/merck_cdk8_5cei_new_helix_loop_extra_17_flipped.sdf,../large_fep_dataset/data/fep_benchmark_processed/merck_cdk8_5cei_new_helix_loop_extra_protein.pdb,1104,7.1239333,7.379555,7.397153,7.1312094,7.076226,6.8127265,7.5807605,7.271311,7.5081086,6.8111343,7.209212
1105,merck/cdk8_5cei_new_helix_loop_extra,merck/cdk8_5cei_new_helix_loop_extra/44 flipped,../large_fep_dataset/data/fep_benchmark_processed/merck_cdk8_5cei_new_helix_loop_extra_44_flipped.sdf,../large_fep_dataset/data/fep_benchmark_processed/merck_cdk8_5cei_new_helix_loop_extra_protein.pdb,1105,7.373022,6.79522,7.1890883,7.175492,7.21275,7.29367,7.2221236,7.2150707,7.852916,7.026425,7.2355776
1106,merck/cdk8_5cei_new_helix_loop_extra,merck/cdk8_5cei_new_helix_loop_extra/45 flipped,../large_fep_dataset/data/fep_benchmark_processed/merck_cdk8_5cei_new_helix_loop_extra_45_flipped.sdf,../large_fep_dataset/data/fep_benchmark_processed/merck_cdk8_5cei_new_helix_loop_extra_protein.pdb,1106,7.8777485,7.761296,7.3493943,7.3391237,7.705484,7.6245866,7.5078487,7.7661824,8.077092,7.3203526,7.6329107
1107,merck/cdk8_5cei_new_helix_loop_extra,merck/cdk8_5cei_new_helix_loop_extra/42 flipped,../large_fep_dataset/data/fep_benchmark_processed/merck_cdk8_5cei_new_helix_loop_extra_42_flipped.sdf,../large_fep_dataset/data/fep_benchmark_processed/merck_cdk8_5cei_new_helix_loop_extra_protein.pdb,1107,7.669661,7.7752895,7.7146626,7.497217,7.8648353,7.7180557,7.8167276,7.614565,7.959837,7.2671943,7.689805
1108,waterset/urokinase,"waterset/urokinase/10302 (1GJ7, no water pose)","../large_fep_dataset/data/fep_benchmark_processed/waterset_urokinase_10302_(1GJ7,_no_water_pose).sdf",../large_fep_dataset/data/fep_benchmark_processed/waterset_urokinase_protein.pdb,1108,6.6485066,6.6682134,6.4087367,6.648144,6.714402,6.5683365,6.2806587,6.337844,7.180323,6.3360376,6.5791206
1109,waterset/urokinase,waterset/urokinase/11417 (no water pose),../large_fep_dataset/data/fep_benchmark_processed/waterset_urokinase_11417_(no_water_pose).sdf,../large_fep_dataset/data/fep_benchmark_processed/waterset_urokinase_protein.pdb,1109,6.4095864,6.50353,6.5809727,6.805289,7.0123253,6.5421476,6.1323466,6.7006226,7.098661,6.9842753,6.6769753
1110,waterset/urokinase,waterset/urokinase/7806 (no water pose),../large_fep_dataset/data/fep_benchmark_processed/waterset_urokinase_7806_(no_water_pose).sdf,../large_fep_dataset/data/fep_benchmark_processed/waterset_urokinase_protein.pdb,1110,6.0774894,6.3069468,5.661061,6.2813134,6.537653,6.2219744,6.2196302,6.098317,6.657338,6.0016637,6.2063384
1111,waterset/urokinase,waterset/urokinase/8696 (no water pose),../large_fep_dataset/data/fep_benchmark_processed/waterset_urokinase_8696_(no_water_pose).sdf,../large_fep_dataset/data/fep_benchmark_processed/waterset_urokinase_protein.pdb,1111,6.333704,6.5478783,6.4387317,6.5061193,7.0313363,6.7818413,6.398849,6.6364865,7.202911,6.466815,6.634467
1112,waterset/scyt_dehyd,waterset/scyt_dehyd/3d,../large_fep_dataset/data/fep_benchmark_processed/waterset_scyt_dehyd_3d.sdf,../large_fep_dataset/data/fep_benchmark_processed/waterset_scyt_dehyd_protein.pdb,1112,5.9676733,6.411087,6.7362466,6.920078,6.9699216,6.674288,6.4555373,6.0510063,6.815395,6.389796,6.539103
1113,waterset/scyt_dehyd,waterset/scyt_dehyd/8d,../large_fep_dataset/data/fep_benchmark_processed/waterset_scyt_dehyd_8d.sdf,../large_fep_dataset/data/fep_benchmark_processed/waterset_scyt_dehyd_protein.pdb,1113,6.65059,6.9747987,6.858972,7.0286593,6.5868673,7.480815,7.024942,6.6175137,7.755481,6.595227,6.957387
1114,waterset/scyt_dehyd,waterset/scyt_dehyd/2d,../large_fep_dataset/data/fep_benchmark_processed/waterset_scyt_dehyd_2d.sdf,../large_fep_dataset/data/fep_benchmark_processed/waterset_scyt_dehyd_protein.pdb,1114,6.4632583,6.8853974,6.8456674,7.2466793,6.8161764,7.117539,6.9414945,6.672584,7.387646,6.4615026,6.8837943
1115,waterset/scyt_dehyd,waterset/scyt_dehyd/4d,../large_fep_dataset/data/fep_benchmark_processed/waterset_scyt_dehyd_4d.sdf,../large_fep_dataset/data/fep_benchmark_processed/waterset_scyt_dehyd_protein.pdb,1115,8.16291,7.6176248,7.583066,8.737469,8.253935,8.106053,7.806532,7.8884926,8.19089,7.196891,7.954386
1116,waterset/scyt_dehyd,waterset/scyt_dehyd/5d,../large_fep_dataset/data/fep_benchmark_processed/waterset_scyt_dehyd_5d.sdf,../large_fep_dataset/data/fep_benchmark_processed/waterset_scyt_dehyd_protein.pdb,1116,6.6867332,7.241045,7.0319424,7.5392046,6.4636517,7.593253,7.5599146,6.720193,8.021134,7.090006,7.1947074
1117,waterset/scyt_dehyd,waterset/scyt_dehyd/6d,../large_fep_dataset/data/fep_benchmark_processed/waterset_scyt_dehyd_6d.sdf,../large_fep_dataset/data/fep_benchmark_processed/waterset_scyt_dehyd_protein.pdb,1117,6.641605,6.930631,7.0318775,7.321243,6.8404703,7.4298,7.2799897,6.9431,7.4922056,6.453767,7.0364695
1118,waterset/scyt_dehyd,waterset/scyt_dehyd/7d,../large_fep_dataset/data/fep_benchmark_processed/waterset_scyt_dehyd_7d.sdf,../large_fep_dataset/data/fep_benchmark_processed/waterset_scyt_dehyd_protein.pdb,1118,8.1927,7.6085353,7.6131334,8.532487,8.095273,8.192474,7.791937,8.072878,8.347781,7.3963656,7.984355
1119,waterset/brd41_ASH106,waterset/brd41_ASH106/cmpd 5 (1-Butenyl),../large_fep_dataset/data/fep_benchmark_processed/waterset_brd41_ASH106_cmpd_5_(1-Butenyl).sdf,../large_fep_dataset/data/fep_benchmark_processed/waterset_brd41_ASH106_protein.pdb,1119,6.4454217,6.5584993,7.2134304,6.7971296,6.6652117,6.1436934,6.4168367,6.66708,6.2675023,6.4855633,6.566036
1120,waterset/brd41_ASH106,waterset/brd41_ASH106/cmpd 2 (methyl),../large_fep_dataset/data/fep_benchmark_processed/waterset_brd41_ASH106_cmpd_2_(methyl).sdf,../large_fep_dataset/data/fep_benchmark_processed/waterset_brd41_ASH106_protein.pdb,1120,5.4949746,6.149812,6.2462063,5.542041,6.0788426,5.3581424,5.5745807,5.7305875,5.352468,5.8163013,5.7343955
1121,waterset/brd41_ASH106,waterset/brd41_ASH106/cmpd 3 (Allyl),../large_fep_dataset/data/fep_benchmark_processed/waterset_brd41_ASH106_cmpd_3_(Allyl).sdf,../large_fep_dataset/data/fep_benchmark_processed/waterset_brd41_ASH106_protein.pdb,1121,6.1051974,6.164058,6.6461844,6.2539554,6.698745,5.7758965,6.1621046,6.35524,5.8647256,5.764735,6.179085
1122,waterset/brd41_ASH106,waterset/brd41_ASH106/cmpd 9 (methoxyethyl),../large_fep_dataset/data/fep_benchmark_processed/waterset_brd41_ASH106_cmpd_9_(methoxyethyl).sdf,../large_fep_dataset/data/fep_benchmark_processed/waterset_brd41_ASH106_protein.pdb,1122,6.4846263,6.777085,6.015277,6.360125,6.540869,6.018264,6.38994,6.087686,6.7278247,6.42784,6.3829536
1123,waterset/brd41_ASH106,waterset/brd41_ASH106/cmpd 6 (ethyl),../large_fep_dataset/data/fep_benchmark_processed/waterset_brd41_ASH106_cmpd_6_(ethyl).sdf,../large_fep_dataset/data/fep_benchmark_processed/waterset_brd41_ASH106_protein.pdb,1123,6.260871,6.128087,6.563667,5.8190327,7.05383,5.575019,5.747121,6.028874,5.304042,5.6782513,6.0158796
1124,waterset/brd41_ASH106,waterset/brd41_ASH106/cmpd 8 (n-Butyl),../large_fep_dataset/data/fep_benchmark_processed/waterset_brd41_ASH106_cmpd_8_(n-Butyl).sdf,../large_fep_dataset/data/fep_benchmark_processed/waterset_brd41_ASH106_protein.pdb,1124,5.979297,6.350954,7.158007,6.628745,7.160816,6.110976,5.925546,6.880518,6.360425,6.2176676,6.477296
1125,waterset/brd41_ASH106,waterset/brd41_ASH106/cmpd 7 (n-propyl),../large_fep_dataset/data/fep_benchmark_processed/waterset_brd41_ASH106_cmpd_7_(n-propyl).sdf,../large_fep_dataset/data/fep_benchmark_processed/waterset_brd41_ASH106_protein.pdb,1125,5.8618774,6.1762657,7.003726,6.199159,7.364255,6.0916753,6.3035464,6.6921988,5.8251595,6.360292,6.387816
1126,waterset/brd41_ASH106,waterset/brd41_ASH106/cmpd 4 (Crotyl),../large_fep_dataset/data/fep_benchmark_processed/waterset_brd41_ASH106_cmpd_4_(Crotyl).sdf,../large_fep_dataset/data/fep_benchmark_processed/waterset_brd41_ASH106_protein.pdb,1126,6.4311767,6.3763127,7.489393,6.831956,6.74927,6.442703,6.0523634,6.9741597,6.207882,6.4377875,6.5993004
1127,waterset/hsp90_woodhead,waterset/hsp90_woodhead/4,../large_fep_dataset/data/fep_benchmark_processed/waterset_hsp90_woodhead_4.sdf,../large_fep_dataset/data/fep_benchmark_processed/waterset_hsp90_woodhead_protein.pdb,1127,7.0929666,6.5405507,6.9708257,7.278473,7.172573,7.4664254,7.8086357,6.630195,7.7477074,6.440295,7.1148653
1128,waterset/hsp90_woodhead,waterset/hsp90_woodhead/1,../large_fep_dataset/data/fep_benchmark_processed/waterset_hsp90_woodhead_1.sdf,../large_fep_dataset/data/fep_benchmark_processed/waterset_hsp90_woodhead_protein.pdb,1128,7.7009835,7.841888,7.9492564,7.886239,7.895766,7.612936,8.014398,6.966706,8.023329,8.28686,7.817836
1129,waterset/hsp90_woodhead,waterset/hsp90_woodhead/3,../large_fep_dataset/data/fep_benchmark_processed/waterset_hsp90_woodhead_3.sdf,../large_fep_dataset/data/fep_benchmark_processed/waterset_hsp90_woodhead_protein.pdb,1129,7.4197054,6.3057113,7.0725093,6.905885,7.235875,7.4133315,7.7999544,6.550603,7.873972,6.698843,7.127639
1130,waterset/hsp90_woodhead,waterset/hsp90_woodhead/2,../large_fep_dataset/data/fep_benchmark_processed/waterset_hsp90_woodhead_2.sdf,../large_fep_dataset/data/fep_benchmark_processed/waterset_hsp90_woodhead_protein.pdb,1130,6.902446,7.0844216,6.63385,6.1809564,7.0487647,6.553163,7.5669827,5.9615483,6.8298864,6.3164062,6.7078424
1131,waterset/throm_nozob_hip75,waterset/throm_nozob_hip75/2d pose 2,../large_fep_dataset/data/fep_benchmark_processed/waterset_throm_nozob_hip75_2d_pose_2.sdf,../large_fep_dataset/data/fep_benchmark_processed/waterset_throm_nozob_hip75_protein.pdb,1131,6.664546,5.6128807,4.8383822,5.9975085,5.110904,5.604705,5.1844935,5.6073637,5.9610834,5.245505,5.5827374
1132,waterset/throm_nozob_hip75,waterset/throm_nozob_hip75/2c pose 2,../large_fep_dataset/data/fep_benchmark_processed/waterset_throm_nozob_hip75_2c_pose_2.sdf,../large_fep_dataset/data/fep_benchmark_processed/waterset_throm_nozob_hip75_protein.pdb,1132,6.960655,5.8553386,5.5099225,6.671046,5.7407923,6.223641,5.5570736,6.675278,7.0342975,6.2399225,6.2467966
1133,waterset/throm_nozob_hip75,waterset/throm_nozob_hip75/7b,../large_fep_dataset/data/fep_benchmark_processed/waterset_throm_nozob_hip75_7b.sdf,../large_fep_dataset/data/fep_benchmark_processed/waterset_throm_nozob_hip75_protein.pdb,1133,5.598596,5.8688955,5.5320177,5.993585,5.948566,5.5509562,5.851963,6.198147,6.501073,5.705266,5.874906
1134,waterset/throm_nozob_hip75,waterset/throm_nozob_hip75/7c pose 1,../large_fep_dataset/data/fep_benchmark_processed/waterset_throm_nozob_hip75_7c_pose_1.sdf,../large_fep_dataset/data/fep_benchmark_processed/waterset_throm_nozob_hip75_protein.pdb,1134,5.895781,6.086102,5.505864,6.47785,5.4734693,5.7507954,5.2245874,6.650394,6.14005,6.1549454,5.9359837
1135,waterset/throm_nozob_hip75,waterset/throm_nozob_hip75/7f,../large_fep_dataset/data/fep_benchmark_processed/waterset_throm_nozob_hip75_7f.sdf,../large_fep_dataset/data/fep_benchmark_processed/waterset_throm_nozob_hip75_protein.pdb,1135,6.4562798,6.782059,5.6364903,6.058662,6.5851626,6.622281,6.4530535,7.3147554,7.6430054,5.970866,6.5522614
1136,waterset/throm_nozob_hip75,waterset/throm_nozob_hip75/2b pose 1,../large_fep_dataset/data/fep_benchmark_processed/waterset_throm_nozob_hip75_2b_pose_1.sdf,../large_fep_dataset/data/fep_benchmark_processed/waterset_throm_nozob_hip75_protein.pdb,1136,6.5207934,5.6031485,5.476218,5.7158375,5.9234076,5.6134486,4.9652877,5.950037,6.521799,5.726331,5.80163
1137,waterset/throm_nozob_hip75,waterset/throm_nozob_hip75/1a pose 2,../large_fep_dataset/data/fep_benchmark_processed/waterset_throm_nozob_hip75_1a_pose_2.sdf,../large_fep_dataset/data/fep_benchmark_processed/waterset_throm_nozob_hip75_protein.pdb,1137,6.2575264,6.5677347,5.3759155,6.910597,5.8096476,5.9088507,5.452755,6.0983887,6.5667143,5.9661455,6.091428
1138,waterset/throm_nozob_hip75,waterset/throm_nozob_hip75/7e pose 1,../large_fep_dataset/data/fep_benchmark_processed/waterset_throm_nozob_hip75_7e_pose_1.sdf,../large_fep_dataset/data/fep_benchmark_processed/waterset_throm_nozob_hip75_protein.pdb,1138,6.272687,6.1033587,5.7425547,5.9877715,6.7136116,5.802557,5.336636,6.544139,7.283142,5.8686485,6.1655107
1139,waterset/throm_nozob_hip75,waterset/throm_nozob_hip75/6a pose 1,../large_fep_dataset/data/fep_benchmark_processed/waterset_throm_nozob_hip75_6a_pose_1.sdf,../large_fep_dataset/data/fep_benchmark_processed/waterset_throm_nozob_hip75_protein.pdb,1139,5.950999,6.575526,5.8157554,6.5442753,5.942594,6.000035,5.7722397,6.9742723,6.9730015,6.263328,6.281203
1140,waterset/throm_nozob_hip75,waterset/throm_nozob_hip75/5,../large_fep_dataset/data/fep_benchmark_processed/waterset_throm_nozob_hip75_5.sdf,../large_fep_dataset/data/fep_benchmark_processed/waterset_throm_nozob_hip75_protein.pdb,1140,6.52258,5.830609,5.2808456,5.7661777,5.8614798,5.7613945,4.747964,6.35439,6.031194,5.599732,5.775636
1141,waterset/throm_nozob_hip75,waterset/throm_nozob_hip75/1c pose 2,../large_fep_dataset/data/fep_benchmark_processed/waterset_throm_nozob_hip75_1c_pose_2.sdf,../large_fep_dataset/data/fep_benchmark_processed/waterset_throm_nozob_hip75_protein.pdb,1141,6.243885,6.3731303,5.3895392,7.157586,6.1942616,6.1025596,5.4300404,6.0457945,6.4092693,6.0613513,6.1407423
1142,waterset/throm_nozob_hip75,waterset/throm_nozob_hip75/2a pose 2,../large_fep_dataset/data/fep_benchmark_processed/waterset_throm_nozob_hip75_2a_pose_2.sdf,../large_fep_dataset/data/fep_benchmark_processed/waterset_throm_nozob_hip75_protein.pdb,1142,6.421216,6.6215954,5.8189654,7.282616,6.438213,6.4056144,6.4290385,6.5625877,7.0909247,6.774187,6.5844955
1143,waterset/throm_nozob_hip75,waterset/throm_nozob_hip75/7a pose 2,../large_fep_dataset/data/fep_benchmark_processed/waterset_throm_nozob_hip75_7a_pose_2.sdf,../large_fep_dataset/data/fep_benchmark_processed/waterset_throm_nozob_hip75_protein.pdb,1143,7.101785,6.534571,5.9484615,6.6590986,5.8767843,6.571403,5.6134663,6.7488585,7.0784883,6.6411366,6.4774055
1144,waterset/throm_nozob_hip75,waterset/throm_nozob_hip75/3b pose 1,../large_fep_dataset/data/fep_benchmark_processed/waterset_throm_nozob_hip75_3b_pose_1.sdf,../large_fep_dataset/data/fep_benchmark_processed/waterset_throm_nozob_hip75_protein.pdb,1144,7.0776696,5.7946305,5.8462996,6.5622697,6.756942,6.157543,5.407983,7.0295033,6.4395003,6.070693,6.3143034
1145,waterset/throm_nozob_hip75,waterset/throm_nozob_hip75/6d pose 2,../large_fep_dataset/data/fep_benchmark_processed/waterset_throm_nozob_hip75_6d_pose_2.sdf,../large_fep_dataset/data/fep_benchmark_processed/waterset_throm_nozob_hip75_protein.pdb,1145,6.169691,5.943893,5.2288985,6.363667,6.1132097,5.8417654,5.991914,6.161083,6.4368763,5.8681617,6.011916
1146,waterset/throm_nozob_hip75,waterset/throm_nozob_hip75/6c pose 1,../large_fep_dataset/data/fep_benchmark_processed/waterset_throm_nozob_hip75_6c_pose_1.sdf,../large_fep_dataset/data/fep_benchmark_processed/waterset_throm_nozob_hip75_protein.pdb,1146,6.400588,6.5107985,5.4898386,6.1325293,5.8619976,6.212259,6.262486,6.1595592,6.304456,6.0628567,6.139737
1147,waterset/throm_nozob_hip75,waterset/throm_nozob_hip75/3a xtal pose,../large_fep_dataset/data/fep_benchmark_processed/waterset_throm_nozob_hip75_3a_xtal_pose.sdf,../large_fep_dataset/data/fep_benchmark_processed/waterset_throm_nozob_hip75_protein.pdb,1147,6.9552937,6.707412,5.7690787,6.245356,6.2781878,6.330648,5.016558,6.8537846,6.7121067,6.341465,6.3209887
1148,waterset/throm_nozob_hip75,waterset/throm_nozob_hip75/1b pose 2,../large_fep_dataset/data/fep_benchmark_processed/waterset_throm_nozob_hip75_1b_pose_2.sdf,../large_fep_dataset/data/fep_benchmark_processed/waterset_throm_nozob_hip75_protein.pdb,1148,5.992835,5.9649324,5.609687,6.2114234,5.9747663,5.863732,5.5477986,6.1167254,5.982841,6.0279655,5.9292707
1149,waterset/throm_nozob_hip75,waterset/throm_nozob_hip75/6b pose 2,../large_fep_dataset/data/fep_benchmark_processed/waterset_throm_nozob_hip75_6b_pose_2.sdf,../large_fep_dataset/data/fep_benchmark_processed/waterset_throm_nozob_hip75_protein.pdb,1149,6.433841,6.1891594,5.7730103,6.673877,6.391459,6.485544,6.05304,6.5796356,6.6812205,6.3872037,6.364799
1150,waterset/throm_nozob_hip75,waterset/throm_nozob_hip75/6e pose 1,../large_fep_dataset/data/fep_benchmark_processed/waterset_throm_nozob_hip75_6e_pose_1.sdf,../large_fep_dataset/data/fep_benchmark_processed/waterset_throm_nozob_hip75_protein.pdb,1150,5.985105,6.5613413,6.120992,6.7215157,6.1974173,5.9754167,6.669289,6.550394,6.621181,6.3379884,6.3740644
1151,waterset/throm_nozob_hip75,waterset/throm_nozob_hip75/1d pose 2,../large_fep_dataset/data/fep_benchmark_processed/waterset_throm_nozob_hip75_1d_pose_2.sdf,../large_fep_dataset/data/fep_benchmark_processed/waterset_throm_nozob_hip75_protein.pdb,1151,6.9708686,6.8076043,5.8991146,7.4849143,7.6863446,6.8043413,6.3157463,6.947268,6.8445992,7.362528,6.912333
1152,waterset/taf12,waterset/taf12/cmpd 5 (1-Butenyl),../large_fep_dataset/data/fep_benchmark_processed/waterset_taf12_cmpd_5_(1-Butenyl).sdf,../large_fep_dataset/data/fep_benchmark_processed/waterset_taf12_protein.pdb,1152,7.1153903,6.895022,7.3573103,7.0291967,7.328575,7.0266333,7.657948,7.5191665,7.044207,6.7249274,7.169838
1153,waterset/taf12,waterset/taf12/cmpd 2 (methyl),../large_fep_dataset/data/fep_benchmark_processed/waterset_taf12_cmpd_2_(methyl).sdf,../large_fep_dataset/data/fep_benchmark_processed/waterset_taf12_protein.pdb,1153,5.540133,5.721859,6.591011,5.8948894,5.820766,5.6398883,5.6402717,6.113223,5.900334,5.6366076,5.8498983
1154,waterset/taf12,waterset/taf12/cmpd 3 (Allyl),../large_fep_dataset/data/fep_benchmark_processed/waterset_taf12_cmpd_3_(Allyl).sdf,../large_fep_dataset/data/fep_benchmark_processed/waterset_taf12_protein.pdb,1154,6.4940367,6.110566,6.9944243,6.4903507,7.0129004,6.73197,7.6586776,6.719238,6.603844,5.7849126,6.6600924
1155,waterset/taf12,waterset/taf12/cmpd 9 (methoxyethyl),../large_fep_dataset/data/fep_benchmark_processed/waterset_taf12_cmpd_9_(methoxyethyl).sdf,../large_fep_dataset/data/fep_benchmark_processed/waterset_taf12_protein.pdb,1155,6.45638,6.336521,6.942554,6.8363037,7.001893,6.658374,7.040454,6.3101544,6.8632317,6.4224987,6.6868362
1156,waterset/taf12,waterset/taf12/cmpd 6 (ethyl),../large_fep_dataset/data/fep_benchmark_processed/waterset_taf12_cmpd_6_(ethyl).sdf,../large_fep_dataset/data/fep_benchmark_processed/waterset_taf12_protein.pdb,1156,5.9485116,5.3285346,6.9982305,6.23375,6.4343133,6.4133677,6.2147465,6.030683,5.776388,5.866184,6.12447
1157,waterset/taf12,waterset/taf12/cmpd 8 (n-Butyl),../large_fep_dataset/data/fep_benchmark_processed/waterset_taf12_cmpd_8_(n-Butyl).sdf,../large_fep_dataset/data/fep_benchmark_processed/waterset_taf12_protein.pdb,1157,5.885112,5.8931537,6.7802124,6.872672,6.951164,7.479479,6.365375,7.0236163,6.604311,6.121705,6.59768
1158,waterset/taf12,waterset/taf12/cmpd 7 (n-propyl),../large_fep_dataset/data/fep_benchmark_processed/waterset_taf12_cmpd_7_(n-propyl).sdf,../large_fep_dataset/data/fep_benchmark_processed/waterset_taf12_protein.pdb,1158,5.9603496,5.6055913,6.800299,6.3691297,7.389478,7.463975,6.793711,6.760277,6.2183747,6.3176665,6.5678854
1159,waterset/taf12,waterset/taf12/cmpd 4 (Crotyl),../large_fep_dataset/data/fep_benchmark_processed/waterset_taf12_cmpd_4_(Crotyl).sdf,../large_fep_dataset/data/fep_benchmark_processed/waterset_taf12_protein.pdb,1159,7.033572,6.1360354,7.318215,6.957102,7.1843843,7.229852,7.4890666,7.4448085,6.692657,6.283415,6.9769106
1160,waterset/chk1,waterset/chk1/21 (Xtal),../large_fep_dataset/data/fep_benchmark_processed/waterset_chk1_21_(Xtal).sdf,../large_fep_dataset/data/fep_benchmark_processed/waterset_chk1_protein.pdb,1160,8.444756,8.988291,8.712561,8.518362,8.671121,8.589817,9.3090315,8.669697,9.060263,8.866532,8.783044
1161,waterset/chk1,waterset/chk1/22,../large_fep_dataset/data/fep_benchmark_processed/waterset_chk1_22.sdf,../large_fep_dataset/data/fep_benchmark_processed/waterset_chk1_protein.pdb,1161,8.470922,8.416318,8.4870615,8.314771,8.119005,8.694337,9.053671,8.928906,8.59232,8.76892,8.584623
1162,waterset/chk1,waterset/chk1/24 pose 2,../large_fep_dataset/data/fep_benchmark_processed/waterset_chk1_24_pose_2.sdf,../large_fep_dataset/data/fep_benchmark_processed/waterset_chk1_protein.pdb,1162,7.0671387,8.074763,7.543308,7.7190204,7.909107,7.187906,8.152389,7.2049093,7.9082327,8.047663,7.6814437
1163,waterset/chk1,waterset/chk1/14 docked,../large_fep_dataset/data/fep_benchmark_processed/waterset_chk1_14_docked.sdf,../large_fep_dataset/data/fep_benchmark_processed/waterset_chk1_protein.pdb,1163,7.5032372,7.571468,7.2130904,8.4871645,7.9514985,7.940794,7.228526,8.008176,7.2309,7.7547927,7.688965
1164,waterset/chk1,waterset/chk1/18 docked,../large_fep_dataset/data/fep_benchmark_processed/waterset_chk1_18_docked.sdf,../large_fep_dataset/data/fep_benchmark_processed/waterset_chk1_protein.pdb,1164,7.514303,7.907556,7.4957695,7.9681664,8.051864,7.5868115,7.5475445,7.948524,7.622141,7.98134,7.7624016
1165,waterset/chk1,waterset/chk1/13 docked,../large_fep_dataset/data/fep_benchmark_processed/waterset_chk1_13_docked.sdf,../large_fep_dataset/data/fep_benchmark_processed/waterset_chk1_protein.pdb,1165,7.16966,7.397652,6.804605,7.5422864,7.3457613,7.2006903,7.346441,7.4246454,7.779626,7.2363515,7.324772
1166,waterset/chk1,waterset/chk1/20,../large_fep_dataset/data/fep_benchmark_processed/waterset_chk1_20.sdf,../large_fep_dataset/data/fep_benchmark_processed/waterset_chk1_protein.pdb,1166,6.92278,7.7428746,7.18602,7.659927,7.872306,7.4421487,7.4889913,7.402175,7.1074524,7.57987,7.440455
1167,waterset/chk1,waterset/chk1/12 docked,../large_fep_dataset/data/fep_benchmark_processed/waterset_chk1_12_docked.sdf,../large_fep_dataset/data/fep_benchmark_processed/waterset_chk1_protein.pdb,1167,7.2951407,7.6186376,7.000686,7.5793967,7.2524905,7.519179,7.978191,7.9075294,7.1598682,7.689789,7.5000906
1168,waterset/chk1,waterset/chk1/16 docked,../large_fep_dataset/data/fep_benchmark_processed/waterset_chk1_16_docked.sdf,../large_fep_dataset/data/fep_benchmark_processed/waterset_chk1_protein.pdb,1168,7.99077,8.395788,8.180056,8.295012,8.347925,7.8111143,7.597295,8.1460905,8.5210285,8.328255,8.161333
1169,waterset/chk1,waterset/chk1/19,../large_fep_dataset/data/fep_benchmark_processed/waterset_chk1_19.sdf,../large_fep_dataset/data/fep_benchmark_processed/waterset_chk1_protein.pdb,1169,7.942627,8.117627,7.8630486,8.5779705,8.169371,7.845931,7.8235245,7.8370576,7.7837043,8.240452,8.020132
1170,waterset/chk1,waterset/chk1/17 torsion adjust,../large_fep_dataset/data/fep_benchmark_processed/waterset_chk1_17_torsion_adjust.sdf,../large_fep_dataset/data/fep_benchmark_processed/waterset_chk1_protein.pdb,1170,8.075042,8.690792,8.281884,8.363214,8.410117,7.7679443,8.501683,8.306775,8.329273,8.189152,8.291588
1171,waterset/chk1,waterset/chk1/15 docked,../large_fep_dataset/data/fep_benchmark_processed/waterset_chk1_15_docked.sdf,../large_fep_dataset/data/fep_benchmark_processed/waterset_chk1_protein.pdb,1171,6.9381056,7.505118,7.471729,7.9219437,7.6753254,7.76873,7.447475,7.797958,7.176557,8.139937,7.584288
1172,waterset/chk1,waterset/chk1/11 docked,../large_fep_dataset/data/fep_benchmark_processed/waterset_chk1_11_docked.sdf,../large_fep_dataset/data/fep_benchmark_processed/waterset_chk1_protein.pdb,1172,7.915409,8.466163,7.743405,8.58893,8.44601,7.6145835,7.8888807,8.481271,8.083494,8.048614,8.127676
1173,waterset/hsp90_kung,waterset/hsp90_kung/cmpd 16,../large_fep_dataset/data/fep_benchmark_processed/waterset_hsp90_kung_cmpd_16.sdf,../large_fep_dataset/data/fep_benchmark_processed/waterset_hsp90_kung_protein.pdb,1173,9.048709,8.770248,8.098327,8.580631,8.034274,7.9714994,8.679491,8.648254,9.3871355,7.957901,8.517648
1174,waterset/hsp90_kung,waterset/hsp90_kung/cmpd 9,../large_fep_dataset/data/fep_benchmark_processed/waterset_hsp90_kung_cmpd_9.sdf,../large_fep_dataset/data/fep_benchmark_processed/waterset_hsp90_kung_protein.pdb,1174,7.0767536,8.300266,7.6098027,7.5028977,7.525388,7.0642276,7.985495,7.077076,8.204492,7.004998,7.5351396
1175,waterset/hsp90_kung,waterset/hsp90_kung/cmpd 13,../large_fep_dataset/data/fep_benchmark_processed/waterset_hsp90_kung_cmpd_13.sdf,../large_fep_dataset/data/fep_benchmark_processed/waterset_hsp90_kung_protein.pdb,1175,8.652955,9.182922,8.155983,8.788832,7.8918996,7.826716,8.581212,8.56561,9.371034,7.784105,8.480127
1176,waterset/hsp90_kung,waterset/hsp90_kung/cmpd 14,../large_fep_dataset/data/fep_benchmark_processed/waterset_hsp90_kung_cmpd_14.sdf,../large_fep_dataset/data/fep_benchmark_processed/waterset_hsp90_kung_protein.pdb,1176,7.48742,7.944015,7.171043,7.7738795,7.1601963,7.8319674,7.9911795,7.174897,8.448089,6.8337164,7.58164
1177,waterset/hsp90_kung,waterset/hsp90_kung/cmpd 15,../large_fep_dataset/data/fep_benchmark_processed/waterset_hsp90_kung_cmpd_15.sdf,../large_fep_dataset/data/fep_benchmark_processed/waterset_hsp90_kung_protein.pdb,1177,7.1882715,7.9278684,7.1841598,7.524409,7.249081,8.080414,8.373582,7.4120054,8.458686,7.1726108,7.6571083
1178,waterset/hsp90_kung,waterset/hsp90_kung/cmpd 7,../large_fep_dataset/data/fep_benchmark_processed/waterset_hsp90_kung_cmpd_7.sdf,../large_fep_dataset/data/fep_benchmark_processed/waterset_hsp90_kung_protein.pdb,1178,7.2983236,6.8744698,6.7839594,6.70165,7.3238173,6.6564035,7.157917,6.9712453,7.697259,6.940273,7.040531
1179,waterset/hsp90_kung,waterset/hsp90_kung/cmpd 17,../large_fep_dataset/data/fep_benchmark_processed/waterset_hsp90_kung_cmpd_17.sdf,../large_fep_dataset/data/fep_benchmark_processed/waterset_hsp90_kung_protein.pdb,1179,8.139464,7.6630054,7.571362,8.450981,7.961322,7.9575567,8.488091,8.700917,9.225206,7.5648136,8.172272
1180,waterset/hsp90_kung,waterset/hsp90_kung/cmpd 11,../large_fep_dataset/data/fep_benchmark_processed/waterset_hsp90_kung_cmpd_11.sdf,../large_fep_dataset/data/fep_benchmark_processed/waterset_hsp90_kung_protein.pdb,1180,7.6810784,8.097791,7.5154686,7.7224884,7.5343313,7.3249607,8.196267,7.8570967,8.056198,7.2589684,7.724466
1181,waterset/hsp90_kung,waterset/hsp90_kung/cmpd 12,../large_fep_dataset/data/fep_benchmark_processed/waterset_hsp90_kung_cmpd_12.sdf,../large_fep_dataset/data/fep_benchmark_processed/waterset_hsp90_kung_protein.pdb,1181,7.1563444,8.027867,7.6386957,7.2966604,7.434966,7.2470055,8.151057,6.9633975,8.005803,6.902154,7.482395
1182,waterset/hsp90_kung,waterset/hsp90_kung/cmpd 10,../large_fep_dataset/data/fep_benchmark_processed/waterset_hsp90_kung_cmpd_10.sdf,../large_fep_dataset/data/fep_benchmark_processed/waterset_hsp90_kung_protein.pdb,1182,7.983443,7.651877,7.3389034,7.293998,7.3511415,7.8032136,8.000909,7.7492037,8.297323,6.7845993,7.6254616
1183,waterset/hsp90_kung,waterset/hsp90_kung/cmpd 8,../large_fep_dataset/data/fep_benchmark_processed/waterset_hsp90_kung_cmpd_8.sdf,../large_fep_dataset/data/fep_benchmark_processed/waterset_hsp90_kung_protein.pdb,1183,6.4133697,6.8624387,6.5857058,6.63258,6.344707,6.5007353,7.0971913,6.203772,7.3552103,6.172255,6.616797
