Unnamed: 0,group_id,unique_id,sdf_file,pdb_file,graph_id,preds_0,preds_1,preds_2,preds_3,preds_4,preds_5,preds_6,preds_7,preds_8,preds_9,preds
0,bayer_macrocycles/wagner_brd4,bayer_macrocycles/wagner_brd4/61a,../large_fep_dataset/data/fep_benchmark_processed/bayer_macrocycles_wagner_brd4_61a.sdf,../large_fep_dataset/data/fep_benchmark_processed/bayer_macrocycles_wagner_brd4_protein.pdb,0,7.3897643,7.069168,7.2947197,6.860976,6.6447353,7.2966695,7.2783437,7.16116,7.436888,6.5198965,7.0952315
1,bayer_macrocycles/wagner_brd4,bayer_macrocycles/wagner_brd4/25e,../large_fep_dataset/data/fep_benchmark_processed/bayer_macrocycles_wagner_brd4_25e.sdf,../large_fep_dataset/data/fep_benchmark_processed/bayer_macrocycles_wagner_brd4_protein.pdb,1,7.001127,6.905795,7.0005126,6.840167,6.360735,7.1088104,6.703639,7.1329103,6.751459,6.5074325,6.8312593
2,bayer_macrocycles/wagner_brd4,bayer_macrocycles/wagner_brd4/11,../large_fep_dataset/data/fep_benchmark_processed/bayer_macrocycles_wagner_brd4_11.sdf,../large_fep_dataset/data/fep_benchmark_processed/bayer_macrocycles_wagner_brd4_protein.pdb,2,4.858384,5.4495783,5.039185,4.9138927,5.007862,5.1214085,5.0035367,5.11207,5.1984854,5.2593164,5.096372
3,bayer_macrocycles/ftase_extraligs_custcore_stereo,"bayer_macrocycles/ftase_extraligs_custcore_stereo/lig 2, deprot","../large_fep_dataset/data/fep_benchmark_processed/bayer_macrocycles_ftase_extraligs_custcore_stereo_lig_2,_deprot.sdf",../large_fep_dataset/data/fep_benchmark_processed/bayer_macrocycles_ftase_extraligs_custcore_stereo_protein.pdb,3,8.778323,8.444659,9.111983,8.668758,9.1049185,8.617754,8.559275,8.781331,8.831744,8.4437275,8.734247
4,bayer_macrocycles/ftase_extraligs_custcore_stereo,"bayer_macrocycles/ftase_extraligs_custcore_stereo/lig 66, deprot","../large_fep_dataset/data/fep_benchmark_processed/bayer_macrocycles_ftase_extraligs_custcore_stereo_lig_66,_deprot.sdf",../large_fep_dataset/data/fep_benchmark_processed/bayer_macrocycles_ftase_extraligs_custcore_stereo_protein.pdb,4,8.806997,8.884037,8.887098,8.473332,8.726787,8.640823,8.304782,8.814058,8.731106,8.697238,8.696627
5,bayer_macrocycles/ftase_extraligs_custcore_stereo,"bayer_macrocycles/ftase_extraligs_custcore_stereo/lig 68, deprot","../large_fep_dataset/data/fep_benchmark_processed/bayer_macrocycles_ftase_extraligs_custcore_stereo_lig_68,_deprot.sdf",../large_fep_dataset/data/fep_benchmark_processed/bayer_macrocycles_ftase_extraligs_custcore_stereo_protein.pdb,5,8.689717,8.633798,9.044087,8.503816,8.744307,8.612977,8.512095,9.142909,8.797669,8.708956,8.739033
6,bayer_macrocycles/ftase_extraligs_custcore_stereo,bayer_macrocycles/ftase_extraligs_custcore_stereo/lig 51 stereo,../large_fep_dataset/data/fep_benchmark_processed/bayer_macrocycles_ftase_extraligs_custcore_stereo_lig_51_stereo.sdf,../large_fep_dataset/data/fep_benchmark_processed/bayer_macrocycles_ftase_extraligs_custcore_stereo_protein.pdb,6,8.442863,8.476598,8.850868,8.6168585,8.5139,8.094175,8.309683,8.729849,8.515365,8.359816,8.490998
7,bayer_macrocycles/ftase_extraligs_custcore_stereo,bayer_macrocycles/ftase_extraligs_custcore_stereo/lig 49 stereo,../large_fep_dataset/data/fep_benchmark_processed/bayer_macrocycles_ftase_extraligs_custcore_stereo_lig_49_stereo.sdf,../large_fep_dataset/data/fep_benchmark_processed/bayer_macrocycles_ftase_extraligs_custcore_stereo_protein.pdb,7,8.45914,8.465224,8.583294,8.393205,8.219591,8.164387,8.054433,8.3016615,8.255536,8.172936,8.30694
8,jacs_set/ptp1b,jacs_set/ptp1b/23477,../large_fep_dataset/data/fep_benchmark_processed/jacs_set_ptp1b_23477.sdf,../large_fep_dataset/data/fep_benchmark_processed/jacs_set_ptp1b_protein.pdb,8,6.7908235,6.456761,6.435834,7.082629,7.3582587,6.645114,6.831741,6.5176415,7.133071,6.9905972,6.824248
9,jacs_set/ptp1b,jacs_set/ptp1b/23484,../large_fep_dataset/data/fep_benchmark_processed/jacs_set_ptp1b_23484.sdf,../large_fep_dataset/data/fep_benchmark_processed/jacs_set_ptp1b_protein.pdb,9,7.2899194,6.802294,6.5035105,6.777602,6.5387316,6.4258647,6.774111,6.141064,6.554466,6.963417,6.6770983
10,jacs_set/ptp1b,jacs_set/ptp1b/23467,../large_fep_dataset/data/fep_benchmark_processed/jacs_set_ptp1b_23467.sdf,../large_fep_dataset/data/fep_benchmark_processed/jacs_set_ptp1b_protein.pdb,10,5.542981,5.5365853,5.579156,5.9478526,5.6006927,5.7313037,5.695408,5.453585,5.7936583,5.5719976,5.6453223
11,jacs_set/ptp1b,jacs_set/ptp1b/20667,../large_fep_dataset/data/fep_benchmark_processed/jacs_set_ptp1b_20667.sdf,../large_fep_dataset/data/fep_benchmark_processed/jacs_set_ptp1b_protein.pdb,11,7.551374,7.0335603,7.269922,6.956539,6.9013295,6.923379,7.234656,6.7511663,7.1688447,7.14968,7.094045
12,jacs_set/ptp1b,jacs_set/ptp1b/23469,../large_fep_dataset/data/fep_benchmark_processed/jacs_set_ptp1b_23469.sdf,../large_fep_dataset/data/fep_benchmark_processed/jacs_set_ptp1b_protein.pdb,12,6.140915,5.889669,6.5403852,5.764064,5.584185,6.2668786,6.025358,5.2516236,6.279874,6.021018,5.9763975
13,jacs_set/ptp1b,jacs_set/ptp1b/23483,../large_fep_dataset/data/fep_benchmark_processed/jacs_set_ptp1b_23483.sdf,../large_fep_dataset/data/fep_benchmark_processed/jacs_set_ptp1b_protein.pdb,13,6.974925,6.6358786,7.073255,6.891715,6.6733446,6.7822084,7.1781707,6.4689627,6.7330203,6.987987,6.8399467
14,jacs_set/ptp1b,jacs_set/ptp1b/23480,../large_fep_dataset/data/fep_benchmark_processed/jacs_set_ptp1b_23480.sdf,../large_fep_dataset/data/fep_benchmark_processed/jacs_set_ptp1b_protein.pdb,14,7.6217875,6.990854,6.536356,7.291146,6.9804945,6.977096,7.2259235,6.5956516,6.7601385,7.272683,7.025213
15,jacs_set/ptp1b,jacs_set/ptp1b/23474,../large_fep_dataset/data/fep_benchmark_processed/jacs_set_ptp1b_23474.sdf,../large_fep_dataset/data/fep_benchmark_processed/jacs_set_ptp1b_protein.pdb,15,6.692544,6.8559976,6.695025,6.9669003,7.1020126,6.9182324,6.8687687,7.0724545,7.1999464,7.1236596,6.9495544
16,jacs_set/ptp1b,jacs_set/ptp1b/23473,../large_fep_dataset/data/fep_benchmark_processed/jacs_set_ptp1b_23473.sdf,../large_fep_dataset/data/fep_benchmark_processed/jacs_set_ptp1b_protein.pdb,16,5.5092,5.6571918,5.854816,5.498373,5.537084,5.7229652,5.858244,5.0556397,5.814308,5.41135,5.591918
17,jacs_set/ptp1b,jacs_set/ptp1b/23471,../large_fep_dataset/data/fep_benchmark_processed/jacs_set_ptp1b_23471.sdf,../large_fep_dataset/data/fep_benchmark_processed/jacs_set_ptp1b_protein.pdb,17,5.811261,5.913127,5.936879,6.149768,5.4027195,5.947832,5.822916,5.7058578,6.0598526,5.8047895,5.8555
18,jacs_set/ptp1b,jacs_set/ptp1b/20669,../large_fep_dataset/data/fep_benchmark_processed/jacs_set_ptp1b_20669.sdf,../large_fep_dataset/data/fep_benchmark_processed/jacs_set_ptp1b_protein.pdb,18,6.0223455,5.6992483,6.2036295,5.870805,6.0974894,6.004776,5.7529645,5.911995,6.3465214,6.069888,5.9979663
19,jacs_set/ptp1b,jacs_set/ptp1b/23476,../large_fep_dataset/data/fep_benchmark_processed/jacs_set_ptp1b_23476.sdf,../large_fep_dataset/data/fep_benchmark_processed/jacs_set_ptp1b_protein.pdb,19,6.660567,6.8426776,6.9277544,7.003358,7.3099465,6.6935563,7.0740385,6.9168925,7.1263566,7.295851,6.9851007
20,jacs_set/ptp1b,jacs_set/ptp1b/23466,../large_fep_dataset/data/fep_benchmark_processed/jacs_set_ptp1b_23466.sdf,../large_fep_dataset/data/fep_benchmark_processed/jacs_set_ptp1b_protein.pdb,20,5.8075414,5.271648,5.65045,5.4334006,5.6014333,5.484623,5.682214,5.385426,5.8183827,5.623603,5.575872
21,jacs_set/ptp1b,jacs_set/ptp1b/23472,../large_fep_dataset/data/fep_benchmark_processed/jacs_set_ptp1b_23472.sdf,../large_fep_dataset/data/fep_benchmark_processed/jacs_set_ptp1b_protein.pdb,21,5.724936,6.017103,6.342317,6.241208,6.001671,6.2382455,5.7299013,5.7384043,6.202845,5.5775733,5.9814205
22,jacs_set/ptp1b,jacs_set/ptp1b/23482,../large_fep_dataset/data/fep_benchmark_processed/jacs_set_ptp1b_23482.sdf,../large_fep_dataset/data/fep_benchmark_processed/jacs_set_ptp1b_protein.pdb,22,6.8428774,6.3181787,6.945819,6.404297,6.637,6.632956,6.9445333,6.1343436,6.780458,6.7633986,6.640386
23,jacs_set/ptp1b,jacs_set/ptp1b/23486,../large_fep_dataset/data/fep_benchmark_processed/jacs_set_ptp1b_23486.sdf,../large_fep_dataset/data/fep_benchmark_processed/jacs_set_ptp1b_protein.pdb,23,7.2138276,7.074651,7.035456,6.743873,6.7087474,6.769013,7.081531,6.355356,6.935798,7.216915,6.913516
24,jacs_set/ptp1b,jacs_set/ptp1b/23470,../large_fep_dataset/data/fep_benchmark_processed/jacs_set_ptp1b_23470.sdf,../large_fep_dataset/data/fep_benchmark_processed/jacs_set_ptp1b_protein.pdb,24,6.259858,6.052112,6.513474,6.2685738,5.7929845,6.15407,6.1286902,6.302161,6.252121,5.9178243,6.1641865
25,jacs_set/ptp1b,jacs_set/ptp1b/23468,../large_fep_dataset/data/fep_benchmark_processed/jacs_set_ptp1b_23468.sdf,../large_fep_dataset/data/fep_benchmark_processed/jacs_set_ptp1b_protein.pdb,25,5.9362803,6.0420866,6.9868793,5.96179,5.928656,6.0107636,5.9556437,5.854449,6.4804177,6.0847898,6.1241755
26,jacs_set/ptp1b,jacs_set/ptp1b/23485,../large_fep_dataset/data/fep_benchmark_processed/jacs_set_ptp1b_23485.sdf,../large_fep_dataset/data/fep_benchmark_processed/jacs_set_ptp1b_protein.pdb,26,7.2628093,7.1721945,6.5628886,7.0357113,7.4250264,6.767483,7.0299406,6.487132,7.247844,6.9141126,6.9905143
27,jacs_set/ptp1b,jacs_set/ptp1b/23330,../large_fep_dataset/data/fep_benchmark_processed/jacs_set_ptp1b_23330.sdf,../large_fep_dataset/data/fep_benchmark_processed/jacs_set_ptp1b_protein.pdb,27,7.2792926,6.8380327,6.9884443,7.7339444,7.0156155,6.9731655,6.440304,6.52972,6.602108,6.8200197,6.922065
28,jacs_set/ptp1b,jacs_set/ptp1b/20670,../large_fep_dataset/data/fep_benchmark_processed/jacs_set_ptp1b_20670.sdf,../large_fep_dataset/data/fep_benchmark_processed/jacs_set_ptp1b_protein.pdb,28,6.7431073,6.7907224,6.9197445,7.0057592,7.261689,6.793993,7.234223,6.821068,7.137103,7.232136,6.9939547
29,jacs_set/ptp1b,jacs_set/ptp1b/23479,../large_fep_dataset/data/fep_benchmark_processed/jacs_set_ptp1b_23479.sdf,../large_fep_dataset/data/fep_benchmark_processed/jacs_set_ptp1b_protein.pdb,29,6.593568,6.542079,6.3050723,6.5271173,6.663044,6.6904764,6.8847256,6.016117,6.985322,6.587261,6.5794783
30,jacs_set/ptp1b,jacs_set/ptp1b/23475,../large_fep_dataset/data/fep_benchmark_processed/jacs_set_ptp1b_23475.sdf,../large_fep_dataset/data/fep_benchmark_processed/jacs_set_ptp1b_protein.pdb,30,6.792723,6.68168,6.5029373,6.888127,6.993622,6.770372,7.2401867,6.554749,7.1470995,7.1134086,6.8684897
31,jacs_set/mcl1_extra_flips,jacs_set/mcl1_extra_flips/23,../large_fep_dataset/data/fep_benchmark_processed/jacs_set_mcl1_extra_flips_23.sdf,../large_fep_dataset/data/fep_benchmark_processed/jacs_set_mcl1_extra_flips_protein.pdb,31,5.6324024,6.067023,5.9438405,5.747439,5.898113,5.811263,5.9734936,5.5431185,5.565493,6.0398064,5.822199
32,jacs_set/mcl1_extra_flips,jacs_set/mcl1_extra_flips/26,../large_fep_dataset/data/fep_benchmark_processed/jacs_set_mcl1_extra_flips_26.sdf,../large_fep_dataset/data/fep_benchmark_processed/jacs_set_mcl1_extra_flips_protein.pdb,32,5.409829,6.110444,5.738381,5.8139553,5.9777465,5.618882,5.707763,5.5243497,5.7368865,5.6089463,5.7247186
33,jacs_set/mcl1_extra_flips,jacs_set/mcl1_extra_flips/27,../large_fep_dataset/data/fep_benchmark_processed/jacs_set_mcl1_extra_flips_27.sdf,../large_fep_dataset/data/fep_benchmark_processed/jacs_set_mcl1_extra_flips_protein.pdb,33,5.190529,5.621098,5.327696,5.60228,5.7091703,5.4597783,5.513199,5.4973207,5.0585575,5.5012403,5.4480867
34,jacs_set/mcl1_extra_flips,jacs_set/mcl1_extra_flips/28,../large_fep_dataset/data/fep_benchmark_processed/jacs_set_mcl1_extra_flips_28.sdf,../large_fep_dataset/data/fep_benchmark_processed/jacs_set_mcl1_extra_flips_protein.pdb,34,5.348559,5.586823,5.537259,5.6696153,5.575303,5.523025,5.6291122,5.625938,5.3405952,5.7142315,5.555046
35,jacs_set/mcl1_extra_flips,jacs_set/mcl1_extra_flips/29,../large_fep_dataset/data/fep_benchmark_processed/jacs_set_mcl1_extra_flips_29.sdf,../large_fep_dataset/data/fep_benchmark_processed/jacs_set_mcl1_extra_flips_protein.pdb,35,5.4930067,5.2297974,5.85682,5.8272505,6.2132864,5.70511,5.5990486,5.764309,5.0905414,5.7835646,5.656274
36,jacs_set/mcl1_extra_flips,jacs_set/mcl1_extra_flips/30 flip,../large_fep_dataset/data/fep_benchmark_processed/jacs_set_mcl1_extra_flips_30_flip.sdf,../large_fep_dataset/data/fep_benchmark_processed/jacs_set_mcl1_extra_flips_protein.pdb,36,5.430955,5.938129,5.4818296,5.9020486,5.7028894,5.669747,5.7723956,5.917198,5.417305,5.9380474,5.717055
37,jacs_set/mcl1_extra_flips,jacs_set/mcl1_extra_flips/31,../large_fep_dataset/data/fep_benchmark_processed/jacs_set_mcl1_extra_flips_31.sdf,../large_fep_dataset/data/fep_benchmark_processed/jacs_set_mcl1_extra_flips_protein.pdb,37,5.3863087,5.1335683,5.574815,5.9182973,5.905152,5.679156,5.728811,5.8746653,5.0301986,5.80441,5.6035376
38,jacs_set/mcl1_extra_flips,jacs_set/mcl1_extra_flips/32,../large_fep_dataset/data/fep_benchmark_processed/jacs_set_mcl1_extra_flips_32.sdf,../large_fep_dataset/data/fep_benchmark_processed/jacs_set_mcl1_extra_flips_protein.pdb,38,5.3004518,5.962636,5.458232,5.6512775,5.684379,5.7423267,5.7845225,5.873111,5.593659,6.0342445,5.708484
39,jacs_set/mcl1_extra_flips,jacs_set/mcl1_extra_flips/33,../large_fep_dataset/data/fep_benchmark_processed/jacs_set_mcl1_extra_flips_33.sdf,../large_fep_dataset/data/fep_benchmark_processed/jacs_set_mcl1_extra_flips_protein.pdb,39,5.1416373,5.851955,5.6234756,5.9482346,5.7022624,5.508954,6.0169263,5.6840487,5.5670686,5.6693916,5.6713953
40,jacs_set/mcl1_extra_flips,jacs_set/mcl1_extra_flips/34,../large_fep_dataset/data/fep_benchmark_processed/jacs_set_mcl1_extra_flips_34.sdf,../large_fep_dataset/data/fep_benchmark_processed/jacs_set_mcl1_extra_flips_protein.pdb,40,5.476052,5.413231,5.6227036,5.9356737,5.682567,5.6957793,5.6491504,5.783962,5.149945,5.812525,5.622159
41,jacs_set/mcl1_extra_flips,jacs_set/mcl1_extra_flips/35,../large_fep_dataset/data/fep_benchmark_processed/jacs_set_mcl1_extra_flips_35.sdf,../large_fep_dataset/data/fep_benchmark_processed/jacs_set_mcl1_extra_flips_protein.pdb,41,5.2654667,6.205685,6.3195057,6.3397994,5.9772677,5.994317,6.260324,6.0115156,5.9486227,6.4286785,6.075118
42,jacs_set/mcl1_extra_flips,jacs_set/mcl1_extra_flips/36,../large_fep_dataset/data/fep_benchmark_processed/jacs_set_mcl1_extra_flips_36.sdf,../large_fep_dataset/data/fep_benchmark_processed/jacs_set_mcl1_extra_flips_protein.pdb,42,5.6911817,6.6359577,6.741627,6.534531,6.5382643,5.8936663,6.028266,6.2147226,6.3512554,6.4738007,6.310327
43,jacs_set/mcl1_extra_flips,jacs_set/mcl1_extra_flips/37,../large_fep_dataset/data/fep_benchmark_processed/jacs_set_mcl1_extra_flips_37.sdf,../large_fep_dataset/data/fep_benchmark_processed/jacs_set_mcl1_extra_flips_protein.pdb,43,5.7522454,6.485387,6.530481,6.697288,6.2912893,6.178733,6.175887,6.1552577,6.048396,6.933202,6.3248167
44,jacs_set/mcl1_extra_flips,jacs_set/mcl1_extra_flips/38 flip,../large_fep_dataset/data/fep_benchmark_processed/jacs_set_mcl1_extra_flips_38_flip.sdf,../large_fep_dataset/data/fep_benchmark_processed/jacs_set_mcl1_extra_flips_protein.pdb,44,5.858859,6.2707744,6.042823,5.9993114,6.2231097,6.031423,5.9183373,5.963748,5.932304,5.860085,6.0100775
45,jacs_set/mcl1_extra_flips,jacs_set/mcl1_extra_flips/39,../large_fep_dataset/data/fep_benchmark_processed/jacs_set_mcl1_extra_flips_39.sdf,../large_fep_dataset/data/fep_benchmark_processed/jacs_set_mcl1_extra_flips_protein.pdb,45,5.5918036,6.092023,5.7685614,6.007454,5.957773,6.142673,6.015594,5.9459467,6.0379024,5.8226056,5.9382334
46,jacs_set/mcl1_extra_flips,jacs_set/mcl1_extra_flips/40 flip,../large_fep_dataset/data/fep_benchmark_processed/jacs_set_mcl1_extra_flips_40_flip.sdf,../large_fep_dataset/data/fep_benchmark_processed/jacs_set_mcl1_extra_flips_protein.pdb,46,6.0029926,6.16137,5.941435,6.333233,6.3929276,6.178092,5.837016,6.2578387,6.061934,5.758268,6.0925107
47,jacs_set/mcl1_extra_flips,jacs_set/mcl1_extra_flips/41 flip,../large_fep_dataset/data/fep_benchmark_processed/jacs_set_mcl1_extra_flips_41_flip.sdf,../large_fep_dataset/data/fep_benchmark_processed/jacs_set_mcl1_extra_flips_protein.pdb,47,5.9089146,6.4738746,6.1997967,6.35945,6.488894,6.291199,5.995463,6.3998513,6.313462,6.067149,6.249806
48,jacs_set/mcl1_extra_flips,jacs_set/mcl1_extra_flips/42,../large_fep_dataset/data/fep_benchmark_processed/jacs_set_mcl1_extra_flips_42.sdf,../large_fep_dataset/data/fep_benchmark_processed/jacs_set_mcl1_extra_flips_protein.pdb,48,5.6953545,6.100011,5.836866,5.930994,5.6951427,5.68451,5.7437925,6.042413,5.598752,5.8253374,5.815317
49,jacs_set/mcl1_extra_flips,jacs_set/mcl1_extra_flips/43 flip,../large_fep_dataset/data/fep_benchmark_processed/jacs_set_mcl1_extra_flips_43_flip.sdf,../large_fep_dataset/data/fep_benchmark_processed/jacs_set_mcl1_extra_flips_protein.pdb,49,5.7442546,6.237993,5.9373846,6.1754723,6.158842,5.9639688,6.2205896,6.161486,5.791684,5.79755,6.0189223
50,jacs_set/mcl1_extra_flips,jacs_set/mcl1_extra_flips/44,../large_fep_dataset/data/fep_benchmark_processed/jacs_set_mcl1_extra_flips_44.sdf,../large_fep_dataset/data/fep_benchmark_processed/jacs_set_mcl1_extra_flips_protein.pdb,50,5.692133,6.5274663,5.955858,6.3248982,6.457666,5.968352,6.161688,6.3090916,5.865674,6.0946517,6.135747
51,jacs_set/mcl1_extra_flips,jacs_set/mcl1_extra_flips/45,../large_fep_dataset/data/fep_benchmark_processed/jacs_set_mcl1_extra_flips_45.sdf,../large_fep_dataset/data/fep_benchmark_processed/jacs_set_mcl1_extra_flips_protein.pdb,51,6.2247186,6.8650403,6.309968,7.387544,6.272377,6.124193,6.0875993,6.3945384,6.4675446,6.352089,6.448561
52,jacs_set/mcl1_extra_flips,jacs_set/mcl1_extra_flips/46 flip,../large_fep_dataset/data/fep_benchmark_processed/jacs_set_mcl1_extra_flips_46_flip.sdf,../large_fep_dataset/data/fep_benchmark_processed/jacs_set_mcl1_extra_flips_protein.pdb,52,5.499845,6.4339113,5.6944313,6.265096,6.009256,5.969344,6.194368,6.260645,6.021338,6.080582,6.042882
53,jacs_set/mcl1_extra_flips,jacs_set/mcl1_extra_flips/47 flip,../large_fep_dataset/data/fep_benchmark_processed/jacs_set_mcl1_extra_flips_47_flip.sdf,../large_fep_dataset/data/fep_benchmark_processed/jacs_set_mcl1_extra_flips_protein.pdb,53,5.8298798,6.46292,6.3121552,6.186269,6.8072085,6.1925125,6.219487,6.188082,5.6394033,6.364072,6.220199
54,jacs_set/mcl1_extra_flips,jacs_set/mcl1_extra_flips/48 flip,../large_fep_dataset/data/fep_benchmark_processed/jacs_set_mcl1_extra_flips_48_flip.sdf,../large_fep_dataset/data/fep_benchmark_processed/jacs_set_mcl1_extra_flips_protein.pdb,54,5.2964363,6.0777264,5.614045,5.4746194,5.523058,5.1606264,5.454876,5.746433,5.029724,5.7171717,5.5094714
55,jacs_set/mcl1_extra_flips,jacs_set/mcl1_extra_flips/49,../large_fep_dataset/data/fep_benchmark_processed/jacs_set_mcl1_extra_flips_49.sdf,../large_fep_dataset/data/fep_benchmark_processed/jacs_set_mcl1_extra_flips_protein.pdb,55,5.7149715,6.6364427,6.6166887,6.7383513,6.6005054,6.2563543,7.112247,6.235546,6.341064,6.8584194,6.511059
56,jacs_set/mcl1_extra_flips,jacs_set/mcl1_extra_flips/50,../large_fep_dataset/data/fep_benchmark_processed/jacs_set_mcl1_extra_flips_50.sdf,../large_fep_dataset/data/fep_benchmark_processed/jacs_set_mcl1_extra_flips_protein.pdb,56,5.9212093,6.9891577,6.8745565,7.2537937,6.750045,6.505709,6.9081044,6.574482,6.6437106,7.4200277,6.7840796
57,jacs_set/mcl1_extra_flips,jacs_set/mcl1_extra_flips/51,../large_fep_dataset/data/fep_benchmark_processed/jacs_set_mcl1_extra_flips_51.sdf,../large_fep_dataset/data/fep_benchmark_processed/jacs_set_mcl1_extra_flips_protein.pdb,57,5.876154,6.307571,6.2924323,6.646742,6.3294935,6.510822,6.7571883,6.196607,6.0732207,6.4806967,6.3470926
58,jacs_set/mcl1_extra_flips,jacs_set/mcl1_extra_flips/52,../large_fep_dataset/data/fep_benchmark_processed/jacs_set_mcl1_extra_flips_52.sdf,../large_fep_dataset/data/fep_benchmark_processed/jacs_set_mcl1_extra_flips_protein.pdb,58,5.2226243,6.6752005,6.616123,6.50846,6.0078053,5.906571,6.244522,5.8610187,6.182845,6.5110683,6.1736236
59,jacs_set/mcl1_extra_flips,jacs_set/mcl1_extra_flips/53,../large_fep_dataset/data/fep_benchmark_processed/jacs_set_mcl1_extra_flips_53.sdf,../large_fep_dataset/data/fep_benchmark_processed/jacs_set_mcl1_extra_flips_protein.pdb,59,5.607507,7.0575237,6.8135395,6.858789,6.130284,6.266032,6.217278,6.2015,6.437734,7.0095954,6.4599786
60,jacs_set/mcl1_extra_flips,jacs_set/mcl1_extra_flips/54,../large_fep_dataset/data/fep_benchmark_processed/jacs_set_mcl1_extra_flips_54.sdf,../large_fep_dataset/data/fep_benchmark_processed/jacs_set_mcl1_extra_flips_protein.pdb,60,5.7433105,6.4133773,6.274412,6.521946,6.228938,6.2227983,6.1087475,5.952082,6.15064,6.452012,6.206826
61,jacs_set/mcl1_extra_flips,jacs_set/mcl1_extra_flips/56,../large_fep_dataset/data/fep_benchmark_processed/jacs_set_mcl1_extra_flips_56.sdf,../large_fep_dataset/data/fep_benchmark_processed/jacs_set_mcl1_extra_flips_protein.pdb,61,6.336012,7.3445034,6.583122,7.2052937,6.751676,6.4115286,6.6971917,6.353164,6.1545367,7.0345597,6.687159
62,jacs_set/mcl1_extra_flips,jacs_set/mcl1_extra_flips/57,../large_fep_dataset/data/fep_benchmark_processed/jacs_set_mcl1_extra_flips_57.sdf,../large_fep_dataset/data/fep_benchmark_processed/jacs_set_mcl1_extra_flips_protein.pdb,62,5.803021,7.0651174,6.3156567,6.087058,6.295094,5.748826,6.2651052,6.0847993,5.709908,6.0055733,6.138016
63,jacs_set/mcl1_extra_flips,jacs_set/mcl1_extra_flips/58,../large_fep_dataset/data/fep_benchmark_processed/jacs_set_mcl1_extra_flips_58.sdf,../large_fep_dataset/data/fep_benchmark_processed/jacs_set_mcl1_extra_flips_protein.pdb,63,6.253104,7.5442357,7.3252945,7.2800593,6.6289315,6.5118413,6.5419555,6.621769,6.4917607,7.442219,6.8641176
64,jacs_set/mcl1_extra_flips,jacs_set/mcl1_extra_flips/60,../large_fep_dataset/data/fep_benchmark_processed/jacs_set_mcl1_extra_flips_60.sdf,../large_fep_dataset/data/fep_benchmark_processed/jacs_set_mcl1_extra_flips_protein.pdb,64,6.3187237,6.698951,6.6658235,6.5609293,6.329551,6.790461,6.2254457,6.2274942,6.1327167,6.762448,6.471255
65,jacs_set/mcl1_extra_flips,jacs_set/mcl1_extra_flips/61,../large_fep_dataset/data/fep_benchmark_processed/jacs_set_mcl1_extra_flips_61.sdf,../large_fep_dataset/data/fep_benchmark_processed/jacs_set_mcl1_extra_flips_protein.pdb,65,6.4903913,7.1616344,6.921405,7.164224,6.7836175,7.0680256,6.7209873,6.7380295,6.578456,7.0997148,6.872648
66,jacs_set/mcl1_extra_flips,jacs_set/mcl1_extra_flips/62,../large_fep_dataset/data/fep_benchmark_processed/jacs_set_mcl1_extra_flips_62.sdf,../large_fep_dataset/data/fep_benchmark_processed/jacs_set_mcl1_extra_flips_protein.pdb,66,5.800766,6.346244,6.4800267,6.450968,6.4784713,6.7188716,6.5140777,5.903999,5.9428234,6.7091227,6.3345366
67,jacs_set/mcl1_extra_flips,jacs_set/mcl1_extra_flips/63,../large_fep_dataset/data/fep_benchmark_processed/jacs_set_mcl1_extra_flips_63.sdf,../large_fep_dataset/data/fep_benchmark_processed/jacs_set_mcl1_extra_flips_protein.pdb,67,6.62232,7.2873764,7.063865,7.1129346,6.3200383,6.8630652,6.2173724,6.6563554,6.6024585,7.1220856,6.7867875
68,jacs_set/mcl1_extra_flips,jacs_set/mcl1_extra_flips/64,../large_fep_dataset/data/fep_benchmark_processed/jacs_set_mcl1_extra_flips_64.sdf,../large_fep_dataset/data/fep_benchmark_processed/jacs_set_mcl1_extra_flips_protein.pdb,68,6.1201715,6.620671,6.787336,6.4361176,6.527372,6.404999,6.146494,5.9247,6.328973,6.7004595,6.399729
69,jacs_set/mcl1_extra_flips,jacs_set/mcl1_extra_flips/65,../large_fep_dataset/data/fep_benchmark_processed/jacs_set_mcl1_extra_flips_65.sdf,../large_fep_dataset/data/fep_benchmark_processed/jacs_set_mcl1_extra_flips_protein.pdb,69,6.5152497,7.113444,6.6575127,7.042405,6.3906765,6.7751703,5.976007,6.5823693,6.276198,6.9667497,6.6295776
70,jacs_set/mcl1_extra_flips,jacs_set/mcl1_extra_flips/66,../large_fep_dataset/data/fep_benchmark_processed/jacs_set_mcl1_extra_flips_66.sdf,../large_fep_dataset/data/fep_benchmark_processed/jacs_set_mcl1_extra_flips_protein.pdb,70,5.9154105,6.2917533,6.010841,6.284618,6.229471,6.1459203,5.8599005,5.857916,5.8279276,6.336965,6.076072
71,jacs_set/mcl1_extra_flips,jacs_set/mcl1_extra_flips/67,../large_fep_dataset/data/fep_benchmark_processed/jacs_set_mcl1_extra_flips_67.sdf,../large_fep_dataset/data/fep_benchmark_processed/jacs_set_mcl1_extra_flips_protein.pdb,71,5.5863614,6.778442,6.376075,6.7161956,6.642171,6.577641,6.1602488,6.2317123,6.3103614,6.7871103,6.416632
72,jacs_set/mcl1_extra_flips,jacs_set/mcl1_extra_flips/68,../large_fep_dataset/data/fep_benchmark_processed/jacs_set_mcl1_extra_flips_68.sdf,../large_fep_dataset/data/fep_benchmark_processed/jacs_set_mcl1_extra_flips_protein.pdb,72,6.1092196,6.4703507,6.0131345,6.346566,6.356783,6.2996864,6.284838,6.01515,6.029497,6.196642,6.2121863
73,jacs_set/cdk2,jacs_set/cdk2/17,../large_fep_dataset/data/fep_benchmark_processed/jacs_set_cdk2_17.sdf,../large_fep_dataset/data/fep_benchmark_processed/jacs_set_cdk2_protein.pdb,73,5.9346743,5.5162163,5.8391657,5.7120876,5.9360404,6.06858,6.101695,6.0741873,5.5527453,5.856137,5.859153
74,jacs_set/cdk2,jacs_set/cdk2/28,../large_fep_dataset/data/fep_benchmark_processed/jacs_set_cdk2_28.sdf,../large_fep_dataset/data/fep_benchmark_processed/jacs_set_cdk2_protein.pdb,74,6.333315,6.512741,7.139389,6.4546537,6.5375843,6.1874404,6.453988,6.279827,6.3765597,6.5790954,6.4854593
75,jacs_set/cdk2,jacs_set/cdk2/22,../large_fep_dataset/data/fep_benchmark_processed/jacs_set_cdk2_22.sdf,../large_fep_dataset/data/fep_benchmark_processed/jacs_set_cdk2_protein.pdb,75,5.825417,6.5664253,6.16918,6.210553,6.989562,6.0410447,6.805951,6.662195,6.0369678,6.6109548,6.3918257
76,jacs_set/cdk2,jacs_set/cdk2/30,../large_fep_dataset/data/fep_benchmark_processed/jacs_set_cdk2_30.sdf,../large_fep_dataset/data/fep_benchmark_processed/jacs_set_cdk2_protein.pdb,76,6.9511495,6.3442864,6.6361794,6.32968,6.1280603,6.1301517,6.956747,6.271551,6.2086263,6.8715525,6.4827986
77,jacs_set/cdk2,jacs_set/cdk2/1h1r,../large_fep_dataset/data/fep_benchmark_processed/jacs_set_cdk2_1h1r.sdf,../large_fep_dataset/data/fep_benchmark_processed/jacs_set_cdk2_protein.pdb,77,5.2509427,5.7239532,5.8819838,5.554544,5.73629,5.7839503,6.0446477,6.500353,5.4065695,6.038775,5.792201
78,jacs_set/cdk2,jacs_set/cdk2/1h1s,../large_fep_dataset/data/fep_benchmark_processed/jacs_set_cdk2_1h1s.sdf,../large_fep_dataset/data/fep_benchmark_processed/jacs_set_cdk2_protein.pdb,78,6.7261496,6.7663865,7.3212,6.514692,6.4171567,6.7917542,6.815544,6.459699,6.1601067,6.9160166,6.688871
79,jacs_set/cdk2,jacs_set/cdk2/21,../large_fep_dataset/data/fep_benchmark_processed/jacs_set_cdk2_21.sdf,../large_fep_dataset/data/fep_benchmark_processed/jacs_set_cdk2_protein.pdb,79,5.44331,6.078224,6.3055844,6.160355,5.6544538,5.6088777,5.7244315,6.0787196,5.8402805,6.587085,5.948132
80,jacs_set/cdk2,jacs_set/cdk2/1oiy,../large_fep_dataset/data/fep_benchmark_processed/jacs_set_cdk2_1oiy.sdf,../large_fep_dataset/data/fep_benchmark_processed/jacs_set_cdk2_protein.pdb,80,5.9447594,6.0778317,6.403033,6.599948,6.1091547,6.1293774,6.816439,7.02969,5.6015644,6.4987707,6.3210564
81,jacs_set/cdk2,jacs_set/cdk2/1oiu,../large_fep_dataset/data/fep_benchmark_processed/jacs_set_cdk2_1oiu.sdf,../large_fep_dataset/data/fep_benchmark_processed/jacs_set_cdk2_protein.pdb,81,6.779322,6.8293476,7.4391184,7.1166816,6.959172,7.2070155,7.1866026,6.853977,7.111173,7.043334,7.052574
82,jacs_set/cdk2,jacs_set/cdk2/31,../large_fep_dataset/data/fep_benchmark_processed/jacs_set_cdk2_31.sdf,../large_fep_dataset/data/fep_benchmark_processed/jacs_set_cdk2_protein.pdb,82,6.3558345,5.976338,6.624854,6.1883216,6.3364034,6.5530496,6.6283813,6.682452,5.5797343,6.8207726,6.3746142
83,jacs_set/cdk2,jacs_set/cdk2/29,../large_fep_dataset/data/fep_benchmark_processed/jacs_set_cdk2_29.sdf,../large_fep_dataset/data/fep_benchmark_processed/jacs_set_cdk2_protein.pdb,83,6.853982,6.545741,6.7493334,6.8431497,6.408602,6.3892326,6.2758093,6.5496616,6.666241,6.743841,6.602559
84,jacs_set/cdk2,jacs_set/cdk2/26,../large_fep_dataset/data/fep_benchmark_processed/jacs_set_cdk2_26.sdf,../large_fep_dataset/data/fep_benchmark_processed/jacs_set_cdk2_protein.pdb,84,5.873132,6.0292125,6.36954,6.464824,5.866822,5.533446,5.832198,6.4190307,6.0376215,6.470339,6.0896163
85,jacs_set/cdk2,jacs_set/cdk2/1oi9,../large_fep_dataset/data/fep_benchmark_processed/jacs_set_cdk2_1oi9.sdf,../large_fep_dataset/data/fep_benchmark_processed/jacs_set_cdk2_protein.pdb,85,5.6569567,5.583438,5.768309,5.7152843,5.6968284,5.361384,5.927363,5.8925247,5.3782873,6.08073,5.706111
86,jacs_set/cdk2,jacs_set/cdk2/20,../large_fep_dataset/data/fep_benchmark_processed/jacs_set_cdk2_20.sdf,../large_fep_dataset/data/fep_benchmark_processed/jacs_set_cdk2_protein.pdb,86,5.8854613,6.392231,5.8301115,6.283445,5.876154,5.8199234,5.83256,6.1009517,6.310163,6.507348,6.0838346
87,jacs_set/cdk2,jacs_set/cdk2/32,../large_fep_dataset/data/fep_benchmark_processed/jacs_set_cdk2_32.sdf,../large_fep_dataset/data/fep_benchmark_processed/jacs_set_cdk2_protein.pdb,87,6.5800757,6.8585286,6.992806,6.6165304,6.4163237,7.01407,6.6940823,6.855519,6.3062754,6.843815,6.7178025
88,jacs_set/cdk2,jacs_set/cdk2/1h1q,../large_fep_dataset/data/fep_benchmark_processed/jacs_set_cdk2_1h1q.sdf,../large_fep_dataset/data/fep_benchmark_processed/jacs_set_cdk2_protein.pdb,88,5.5945606,5.828378,5.913125,5.816717,6.0465426,5.463842,6.132138,6.557527,5.5444818,6.3804345,5.927775
89,jacs_set/jnk1_manual_flips,jacs_set/jnk1_manual_flips/18626-1,../large_fep_dataset/data/fep_benchmark_processed/jacs_set_jnk1_manual_flips_18626-1.sdf,../large_fep_dataset/data/fep_benchmark_processed/jacs_set_jnk1_manual_flips_protein.pdb,89,7.324881,7.5936413,8.110434,7.3523836,6.4964952,7.111081,7.363884,7.250229,7.334324,7.010072,7.2947416
90,jacs_set/jnk1_manual_flips,jacs_set/jnk1_manual_flips/18628-1_flip,../large_fep_dataset/data/fep_benchmark_processed/jacs_set_jnk1_manual_flips_18628-1_flip.sdf,../large_fep_dataset/data/fep_benchmark_processed/jacs_set_jnk1_manual_flips_protein.pdb,90,7.4067135,7.38864,7.3626027,7.4133,6.132185,7.4623756,7.3462043,6.7376614,7.1071196,6.7598405,7.111664
91,jacs_set/jnk1_manual_flips,jacs_set/jnk1_manual_flips/18629-1,../large_fep_dataset/data/fep_benchmark_processed/jacs_set_jnk1_manual_flips_18629-1.sdf,../large_fep_dataset/data/fep_benchmark_processed/jacs_set_jnk1_manual_flips_protein.pdb,91,7.1070013,7.80976,7.378048,7.5280104,6.48903,7.3211975,7.5589566,7.2574787,7.7127557,6.8690395,7.3031273
92,jacs_set/jnk1_manual_flips,jacs_set/jnk1_manual_flips/18636-1,../large_fep_dataset/data/fep_benchmark_processed/jacs_set_jnk1_manual_flips_18636-1.sdf,../large_fep_dataset/data/fep_benchmark_processed/jacs_set_jnk1_manual_flips_protein.pdb,92,7.1781693,7.780302,7.690109,7.3876114,6.9133053,7.1571307,7.8412924,7.293818,7.317266,7.009428,7.3568435
93,jacs_set/jnk1_manual_flips,jacs_set/jnk1_manual_flips/17124-1,../large_fep_dataset/data/fep_benchmark_processed/jacs_set_jnk1_manual_flips_17124-1.sdf,../large_fep_dataset/data/fep_benchmark_processed/jacs_set_jnk1_manual_flips_protein.pdb,93,7.425945,7.85256,8.303678,7.935425,6.9392605,7.598743,7.9070845,7.178992,7.804347,7.254556,7.620059
94,jacs_set/jnk1_manual_flips,jacs_set/jnk1_manual_flips/18627-1,../large_fep_dataset/data/fep_benchmark_processed/jacs_set_jnk1_manual_flips_18627-1.sdf,../large_fep_dataset/data/fep_benchmark_processed/jacs_set_jnk1_manual_flips_protein.pdb,94,7.28417,7.70035,8.216694,7.361207,6.3323555,7.0813804,7.3264875,7.266087,7.454924,6.9673624,7.2991014
95,jacs_set/jnk1_manual_flips,jacs_set/jnk1_manual_flips/18638-1,../large_fep_dataset/data/fep_benchmark_processed/jacs_set_jnk1_manual_flips_18638-1.sdf,../large_fep_dataset/data/fep_benchmark_processed/jacs_set_jnk1_manual_flips_protein.pdb,95,7.0987806,7.2938294,8.098955,7.4036856,7.1386037,6.921264,7.2509413,7.5168614,7.8574047,6.9723396,7.3552675
96,jacs_set/jnk1_manual_flips,jacs_set/jnk1_manual_flips/18659-1,../large_fep_dataset/data/fep_benchmark_processed/jacs_set_jnk1_manual_flips_18659-1.sdf,../large_fep_dataset/data/fep_benchmark_processed/jacs_set_jnk1_manual_flips_protein.pdb,96,6.58064,7.322119,8.055591,7.2737217,6.738991,7.9845767,7.369178,6.8326087,7.748805,6.7216935,7.262792
97,jacs_set/jnk1_manual_flips,jacs_set/jnk1_manual_flips/18639-1,../large_fep_dataset/data/fep_benchmark_processed/jacs_set_jnk1_manual_flips_18639-1.sdf,../large_fep_dataset/data/fep_benchmark_processed/jacs_set_jnk1_manual_flips_protein.pdb,97,7.4971156,6.7236233,8.120092,8.14845,6.67326,7.3991766,7.6552906,7.0976977,7.7199955,6.523938,7.3558645
98,jacs_set/jnk1_manual_flips,jacs_set/jnk1_manual_flips/18634-1,../large_fep_dataset/data/fep_benchmark_processed/jacs_set_jnk1_manual_flips_18634-1.sdf,../large_fep_dataset/data/fep_benchmark_processed/jacs_set_jnk1_manual_flips_protein.pdb,98,6.9708314,7.2908072,7.9609957,7.5318995,6.4678373,7.789914,7.5085783,6.7707143,7.7332363,6.8189015,7.2843714
99,jacs_set/jnk1_manual_flips,jacs_set/jnk1_manual_flips/18630-1,../large_fep_dataset/data/fep_benchmark_processed/jacs_set_jnk1_manual_flips_18630-1.sdf,../large_fep_dataset/data/fep_benchmark_processed/jacs_set_jnk1_manual_flips_protein.pdb,99,6.9233994,7.689119,7.304005,7.3871922,6.3680944,7.342021,7.3564935,7.149365,7.63225,6.2622137,7.1414156
100,jacs_set/jnk1_manual_flips,jacs_set/jnk1_manual_flips/18637-1,../large_fep_dataset/data/fep_benchmark_processed/jacs_set_jnk1_manual_flips_18637-1.sdf,../large_fep_dataset/data/fep_benchmark_processed/jacs_set_jnk1_manual_flips_protein.pdb,100,6.7882605,7.276156,7.779815,7.446311,6.491265,7.3351374,7.5092263,6.8071547,7.5470634,6.565105,7.1545496
101,jacs_set/jnk1_manual_flips,jacs_set/jnk1_manual_flips/18658-1,../large_fep_dataset/data/fep_benchmark_processed/jacs_set_jnk1_manual_flips_18658-1.sdf,../large_fep_dataset/data/fep_benchmark_processed/jacs_set_jnk1_manual_flips_protein.pdb,101,6.658131,7.455476,7.820209,7.3368006,6.4683604,7.6980915,7.3025217,6.6074033,7.6797404,6.7505383,7.1777277
102,jacs_set/jnk1_manual_flips,jacs_set/jnk1_manual_flips/18632-1,../large_fep_dataset/data/fep_benchmark_processed/jacs_set_jnk1_manual_flips_18632-1.sdf,../large_fep_dataset/data/fep_benchmark_processed/jacs_set_jnk1_manual_flips_protein.pdb,102,7.198351,7.3867173,7.73059,7.546667,6.8892264,7.4738455,7.296038,7.118735,7.551702,7.1428432,7.3334723
103,jacs_set/jnk1_manual_flips,jacs_set/jnk1_manual_flips/18633-1,../large_fep_dataset/data/fep_benchmark_processed/jacs_set_jnk1_manual_flips_18633-1.sdf,../large_fep_dataset/data/fep_benchmark_processed/jacs_set_jnk1_manual_flips_protein.pdb,103,6.947682,7.363725,7.6729407,7.4791923,6.4514146,7.5505977,7.310233,6.718713,7.621831,6.796968,7.19133
104,jacs_set/jnk1_manual_flips,jacs_set/jnk1_manual_flips/18635-1,../large_fep_dataset/data/fep_benchmark_processed/jacs_set_jnk1_manual_flips_18635-1.sdf,../large_fep_dataset/data/fep_benchmark_processed/jacs_set_jnk1_manual_flips_protein.pdb,104,7.064497,7.6960196,7.5418973,7.6618805,6.24429,7.617862,7.611061,7.320268,7.4238467,6.899064,7.3080683
105,jacs_set/jnk1_manual_flips,jacs_set/jnk1_manual_flips/18631-1,../large_fep_dataset/data/fep_benchmark_processed/jacs_set_jnk1_manual_flips_18631-1.sdf,../large_fep_dataset/data/fep_benchmark_processed/jacs_set_jnk1_manual_flips_protein.pdb,105,6.9542108,7.5474105,7.852284,7.4533205,6.4879217,7.4425793,7.5894623,6.947845,7.778634,7.1610374,7.3214707
106,jacs_set/jnk1_manual_flips,jacs_set/jnk1_manual_flips/18660-1,../large_fep_dataset/data/fep_benchmark_processed/jacs_set_jnk1_manual_flips_18660-1.sdf,../large_fep_dataset/data/fep_benchmark_processed/jacs_set_jnk1_manual_flips_protein.pdb,106,6.645695,6.7145042,7.9036517,7.380633,6.7824974,7.358842,7.1126037,6.865852,7.799514,6.395179,7.0958967
107,jacs_set/jnk1_manual_flips,jacs_set/jnk1_manual_flips/18625-1,../large_fep_dataset/data/fep_benchmark_processed/jacs_set_jnk1_manual_flips_18625-1.sdf,../large_fep_dataset/data/fep_benchmark_processed/jacs_set_jnk1_manual_flips_protein.pdb,107,7.404023,7.7546535,7.95255,7.6580915,6.6553125,7.0838046,7.461795,7.359629,7.4184356,6.870268,7.361857
108,jacs_set/jnk1_manual_flips,jacs_set/jnk1_manual_flips/18624-1,../large_fep_dataset/data/fep_benchmark_processed/jacs_set_jnk1_manual_flips_18624-1.sdf,../large_fep_dataset/data/fep_benchmark_processed/jacs_set_jnk1_manual_flips_protein.pdb,108,7.1709247,7.468674,7.371673,7.254788,6.4431477,7.0120435,7.22312,6.713555,7.203863,6.57516,7.0436945
109,jacs_set/jnk1_manual_flips,jacs_set/jnk1_manual_flips/18652-1,../large_fep_dataset/data/fep_benchmark_processed/jacs_set_jnk1_manual_flips_18652-1.sdf,../large_fep_dataset/data/fep_benchmark_processed/jacs_set_jnk1_manual_flips_protein.pdb,109,7.0495424,7.1912527,8.168135,7.5776362,7.088589,7.151417,7.1159234,7.667372,7.574831,7.2392325,7.382394
110,jacs_set/thrombin_core,jacs_set/thrombin_core/6a,../large_fep_dataset/data/fep_benchmark_processed/jacs_set_thrombin_core_6a.sdf,../large_fep_dataset/data/fep_benchmark_processed/jacs_set_thrombin_core_protein.pdb,110,6.232345,6.9548516,7.045209,6.8544445,6.26889,6.2457967,6.356653,6.420918,6.8350363,6.149199,6.536334
111,jacs_set/thrombin_core,jacs_set/thrombin_core/3a,../large_fep_dataset/data/fep_benchmark_processed/jacs_set_thrombin_core_3a.sdf,../large_fep_dataset/data/fep_benchmark_processed/jacs_set_thrombin_core_protein.pdb,111,6.1533093,5.2390423,6.0958457,5.4728794,5.8524256,5.5584297,5.067081,5.2217417,5.697216,5.932365,5.6290336
112,jacs_set/thrombin_core,jacs_set/thrombin_core/1d,../large_fep_dataset/data/fep_benchmark_processed/jacs_set_thrombin_core_1d.sdf,../large_fep_dataset/data/fep_benchmark_processed/jacs_set_thrombin_core_protein.pdb,112,6.3885555,6.5604286,7.3884306,6.8270574,6.4258537,5.9832373,6.1119485,5.8661003,6.5997186,6.457863,6.4609194
113,jacs_set/thrombin_core,jacs_set/thrombin_core/6e,../large_fep_dataset/data/fep_benchmark_processed/jacs_set_thrombin_core_6e.sdf,../large_fep_dataset/data/fep_benchmark_processed/jacs_set_thrombin_core_protein.pdb,113,6.1371837,6.950918,7.4740763,6.901538,6.380595,6.532522,6.167033,6.249405,6.829787,6.5465283,6.6169596
114,jacs_set/thrombin_core,jacs_set/thrombin_core/6b,../large_fep_dataset/data/fep_benchmark_processed/jacs_set_thrombin_core_6b.sdf,../large_fep_dataset/data/fep_benchmark_processed/jacs_set_thrombin_core_protein.pdb,114,5.8925133,6.6893835,7.0117908,6.232074,6.1963444,6.18936,5.878094,5.887949,6.516208,5.641018,6.2134733
115,jacs_set/thrombin_core,jacs_set/thrombin_core/1b,../large_fep_dataset/data/fep_benchmark_processed/jacs_set_thrombin_core_1b.sdf,../large_fep_dataset/data/fep_benchmark_processed/jacs_set_thrombin_core_protein.pdb,115,5.5785966,6.2355657,6.35894,6.1439815,6.064058,5.6927137,5.3238406,5.4763236,5.9720798,5.2699656,5.8116064
116,jacs_set/thrombin_core,jacs_set/thrombin_core/1a,../large_fep_dataset/data/fep_benchmark_processed/jacs_set_thrombin_core_1a.sdf,../large_fep_dataset/data/fep_benchmark_processed/jacs_set_thrombin_core_protein.pdb,116,5.5924044,5.596689,6.273108,6.0049386,6.1485786,5.6356997,5.215991,5.6871843,6.2828236,5.957388,5.8394804
117,jacs_set/thrombin_core,jacs_set/thrombin_core/5,../large_fep_dataset/data/fep_benchmark_processed/jacs_set_thrombin_core_5.sdf,../large_fep_dataset/data/fep_benchmark_processed/jacs_set_thrombin_core_protein.pdb,117,5.1604652,4.889508,5.327971,4.883849,5.403462,4.8875127,4.382652,4.7503505,5.326535,5.0008125,5.0013113
118,jacs_set/thrombin_core,jacs_set/thrombin_core/3b,../large_fep_dataset/data/fep_benchmark_processed/jacs_set_thrombin_core_3b.sdf,../large_fep_dataset/data/fep_benchmark_processed/jacs_set_thrombin_core_protein.pdb,118,6.3272243,5.2718463,6.3486977,5.5371523,6.5332766,6.120025,5.472886,5.587776,5.923937,6.0350747,5.9157896
119,jacs_set/thrombin_core,jacs_set/thrombin_core/7a,../large_fep_dataset/data/fep_benchmark_processed/jacs_set_thrombin_core_7a.sdf,../large_fep_dataset/data/fep_benchmark_processed/jacs_set_thrombin_core_protein.pdb,119,6.2490287,5.526895,6.4704933,5.9149513,6.1731296,5.726243,5.2574472,5.6133494,5.6315184,5.9909873,5.8554044
120,jacs_set/thrombin_core,jacs_set/thrombin_core/1c,../large_fep_dataset/data/fep_benchmark_processed/jacs_set_thrombin_core_1c.sdf,../large_fep_dataset/data/fep_benchmark_processed/jacs_set_thrombin_core_protein.pdb,120,5.3657923,5.630164,6.4378858,5.9345856,5.9508967,5.3118334,5.1700296,5.137416,5.8387947,5.773488,5.6550884
121,jacs_set/tyk2,jacs_set/tyk2/jmc_23,../large_fep_dataset/data/fep_benchmark_processed/jacs_set_tyk2_jmc_23.sdf,../large_fep_dataset/data/fep_benchmark_processed/jacs_set_tyk2_protein.pdb,121,7.6865373,8.062098,8.552768,8.379867,7.7426763,8.20976,7.7491627,8.368422,8.637189,8.59388,8.198236
122,jacs_set/tyk2,jacs_set/tyk2/ejm_47,../large_fep_dataset/data/fep_benchmark_processed/jacs_set_tyk2_ejm_47.sdf,../large_fep_dataset/data/fep_benchmark_processed/jacs_set_tyk2_protein.pdb,122,7.5719295,8.033012,8.208219,8.182827,7.260374,7.917012,7.44938,7.865786,7.70482,7.773153,7.7966514
123,jacs_set/tyk2,jacs_set/tyk2/ejm_49,../large_fep_dataset/data/fep_benchmark_processed/jacs_set_tyk2_ejm_49.sdf,../large_fep_dataset/data/fep_benchmark_processed/jacs_set_tyk2_protein.pdb,123,6.668694,7.8733253,7.2175007,7.06641,7.102229,7.528231,6.895926,6.7140913,7.1150413,7.3978534,7.15793
124,jacs_set/tyk2,jacs_set/tyk2/ejm_31,../large_fep_dataset/data/fep_benchmark_processed/jacs_set_tyk2_ejm_31.sdf,../large_fep_dataset/data/fep_benchmark_processed/jacs_set_tyk2_protein.pdb,124,6.846384,6.894952,7.036232,6.9201255,6.7834067,7.4368753,7.013667,6.410162,7.392658,8.102254,7.0836716
125,jacs_set/tyk2,jacs_set/tyk2/ejm_45,../large_fep_dataset/data/fep_benchmark_processed/jacs_set_tyk2_ejm_45.sdf,../large_fep_dataset/data/fep_benchmark_processed/jacs_set_tyk2_protein.pdb,125,8.1679125,7.7188797,8.194953,8.096782,7.164637,7.648947,7.685977,7.7447653,7.8490953,8.019447,7.8291397
126,jacs_set/tyk2,jacs_set/tyk2/ejm_44,../large_fep_dataset/data/fep_benchmark_processed/jacs_set_tyk2_ejm_44.sdf,../large_fep_dataset/data/fep_benchmark_processed/jacs_set_tyk2_protein.pdb,126,7.446006,7.6151423,7.801948,7.526315,7.30123,7.333743,7.3601456,7.262125,7.5737476,8.149786,7.5370193
127,jacs_set/tyk2,jacs_set/tyk2/ejm_43,../large_fep_dataset/data/fep_benchmark_processed/jacs_set_tyk2_ejm_43.sdf,../large_fep_dataset/data/fep_benchmark_processed/jacs_set_tyk2_protein.pdb,127,7.1511316,7.121324,7.9222336,7.0503807,7.07203,7.6300454,7.319892,7.268719,7.48805,7.938549,7.3962355
128,jacs_set/tyk2,jacs_set/tyk2/ejm_50,../large_fep_dataset/data/fep_benchmark_processed/jacs_set_tyk2_ejm_50.sdf,../large_fep_dataset/data/fep_benchmark_processed/jacs_set_tyk2_protein.pdb,128,6.5875645,7.2215166,6.8393083,7.1987433,7.2698407,7.127229,6.495193,6.7827797,7.393933,7.2548265,7.0170937
129,jacs_set/tyk2,jacs_set/tyk2/ejm_42,../large_fep_dataset/data/fep_benchmark_processed/jacs_set_tyk2_ejm_42.sdf,../large_fep_dataset/data/fep_benchmark_processed/jacs_set_tyk2_protein.pdb,129,7.1000905,6.8062162,6.986956,7.0697684,6.264458,7.785675,7.1418247,6.862066,7.3617263,7.4964023,7.087518
130,jacs_set/tyk2,jacs_set/tyk2/ejm_55,../large_fep_dataset/data/fep_benchmark_processed/jacs_set_tyk2_ejm_55.sdf,../large_fep_dataset/data/fep_benchmark_processed/jacs_set_tyk2_protein.pdb,130,6.728883,7.3600063,7.4484468,7.0972586,7.002096,7.732503,6.8956547,7.1798954,7.6348424,7.87355,7.2953134
131,jacs_set/tyk2,jacs_set/tyk2/ejm_48,../large_fep_dataset/data/fep_benchmark_processed/jacs_set_tyk2_ejm_48.sdf,../large_fep_dataset/data/fep_benchmark_processed/jacs_set_tyk2_protein.pdb,131,7.375892,8.000268,8.058512,7.9392657,7.0845323,7.883786,7.246945,7.748089,7.4868145,7.5789833,7.6403093
132,jacs_set/tyk2,jacs_set/tyk2/ejm_54,../large_fep_dataset/data/fep_benchmark_processed/jacs_set_tyk2_ejm_54.sdf,../large_fep_dataset/data/fep_benchmark_processed/jacs_set_tyk2_protein.pdb,132,7.3937283,7.0006666,7.5388303,7.414268,6.755465,8.052781,7.02616,7.7255726,7.7506323,7.4035215,7.4061623
133,jacs_set/tyk2,jacs_set/tyk2/jmc_28,../large_fep_dataset/data/fep_benchmark_processed/jacs_set_tyk2_jmc_28.sdf,../large_fep_dataset/data/fep_benchmark_processed/jacs_set_tyk2_protein.pdb,133,8.254839,8.113604,8.161444,8.119389,7.4057646,7.9137683,7.892389,7.916911,7.7835298,7.909629,7.947127
134,jacs_set/tyk2,jacs_set/tyk2/jmc_27,../large_fep_dataset/data/fep_benchmark_processed/jacs_set_tyk2_jmc_27.sdf,../large_fep_dataset/data/fep_benchmark_processed/jacs_set_tyk2_protein.pdb,134,7.1210694,8.205276,8.303004,7.687367,7.425906,7.7135587,7.4818616,7.677544,8.140006,7.914861,7.7670455
135,jacs_set/tyk2,jacs_set/tyk2/jmc_30,../large_fep_dataset/data/fep_benchmark_processed/jacs_set_tyk2_jmc_30.sdf,../large_fep_dataset/data/fep_benchmark_processed/jacs_set_tyk2_protein.pdb,135,8.456817,8.228597,8.11502,8.027154,7.900499,7.875831,8.056141,8.177245,8.336816,7.9609733,8.113509
136,jacs_set/tyk2,jacs_set/tyk2/ejm_46,../large_fep_dataset/data/fep_benchmark_processed/jacs_set_tyk2_ejm_46.sdf,../large_fep_dataset/data/fep_benchmark_processed/jacs_set_tyk2_protein.pdb,136,7.7068753,8.094152,8.625302,8.143972,7.3936105,8.014032,7.823623,7.983561,8.039213,8.011119,7.9835463
137,jacs_set/p38,jacs_set/p38/2j,../large_fep_dataset/data/fep_benchmark_processed/jacs_set_p38_2j.sdf,../large_fep_dataset/data/fep_benchmark_processed/jacs_set_p38_protein.pdb,137,7.568549,7.691682,7.390207,7.0591555,7.417391,7.407778,7.401275,7.779811,7.5196977,7.7292337,7.4964776
138,jacs_set/p38,jacs_set/p38/2gg,../large_fep_dataset/data/fep_benchmark_processed/jacs_set_p38_2gg.sdf,../large_fep_dataset/data/fep_benchmark_processed/jacs_set_p38_protein.pdb,138,6.700507,6.779267,7.493557,7.0714645,6.508149,6.9384847,6.391013,7.662347,6.806004,6.839824,6.919061
139,jacs_set/p38,jacs_set/p38/2q,../large_fep_dataset/data/fep_benchmark_processed/jacs_set_p38_2q.sdf,../large_fep_dataset/data/fep_benchmark_processed/jacs_set_p38_protein.pdb,139,6.9030333,7.409011,7.7978277,7.711604,7.3786626,7.760243,6.9076476,7.8544693,7.5314555,7.732401,7.4986353
140,jacs_set/p38,jacs_set/p38/2t,../large_fep_dataset/data/fep_benchmark_processed/jacs_set_p38_2t.sdf,../large_fep_dataset/data/fep_benchmark_processed/jacs_set_p38_protein.pdb,140,7.779064,8.398293,7.970971,7.8549633,7.519876,7.6552215,7.6905704,8.58116,8.299609,8.469186,8.021891
141,jacs_set/p38,jacs_set/p38/2g,../large_fep_dataset/data/fep_benchmark_processed/jacs_set_p38_2g.sdf,../large_fep_dataset/data/fep_benchmark_processed/jacs_set_p38_protein.pdb,141,6.995868,7.918071,7.478939,7.324725,7.401989,7.2548475,7.42323,7.9486794,7.697912,7.7020197,7.514628
142,jacs_set/p38,jacs_set/p38/2l,../large_fep_dataset/data/fep_benchmark_processed/jacs_set_p38_2l.sdf,../large_fep_dataset/data/fep_benchmark_processed/jacs_set_p38_protein.pdb,142,7.4736805,7.9312844,7.851465,7.7000823,7.9583926,7.594164,7.4872847,8.129108,8.044216,7.9046407,7.8074317
143,jacs_set/p38,jacs_set/p38/2ee,../large_fep_dataset/data/fep_benchmark_processed/jacs_set_p38_2ee.sdf,../large_fep_dataset/data/fep_benchmark_processed/jacs_set_p38_protein.pdb,143,7.864643,7.740479,7.257728,6.8538723,7.8231554,7.049445,7.543066,7.8372827,8.08815,7.8400736,7.5897903
144,jacs_set/p38,jacs_set/p38/2aa,../large_fep_dataset/data/fep_benchmark_processed/jacs_set_p38_2aa.sdf,../large_fep_dataset/data/fep_benchmark_processed/jacs_set_p38_protein.pdb,144,7.3076487,7.868575,7.332388,7.335989,7.421289,7.111415,6.5533338,7.3721023,7.777732,6.9710283,7.30515
145,jacs_set/p38,jacs_set/p38/2o,../large_fep_dataset/data/fep_benchmark_processed/jacs_set_p38_2o.sdf,../large_fep_dataset/data/fep_benchmark_processed/jacs_set_p38_protein.pdb,145,7.737586,8.058437,7.87618,7.7470183,7.6594534,7.5551586,7.5407066,7.9835505,8.106903,7.961193,7.8226194
146,jacs_set/p38,jacs_set/p38/3flw,../large_fep_dataset/data/fep_benchmark_processed/jacs_set_p38_3flw.sdf,../large_fep_dataset/data/fep_benchmark_processed/jacs_set_p38_protein.pdb,146,7.3729863,7.768573,7.0593762,6.624542,7.2019825,7.05969,6.7291203,7.5081267,7.6734366,6.6685348,7.1666365
147,jacs_set/p38,jacs_set/p38/2u,../large_fep_dataset/data/fep_benchmark_processed/jacs_set_p38_2u.sdf,../large_fep_dataset/data/fep_benchmark_processed/jacs_set_p38_protein.pdb,147,7.361546,8.126693,8.099269,7.9782314,7.612056,7.7883444,7.8884077,8.5006075,7.8740773,8.154019,7.9383254
148,jacs_set/p38,jacs_set/p38/2p,../large_fep_dataset/data/fep_benchmark_processed/jacs_set_p38_2p.sdf,../large_fep_dataset/data/fep_benchmark_processed/jacs_set_p38_protein.pdb,148,7.636081,8.208245,7.9470477,7.5843105,7.833602,7.620695,7.648164,8.0380125,8.211378,7.9777246,7.8705254
149,jacs_set/p38,jacs_set/p38/2h,../large_fep_dataset/data/fep_benchmark_processed/jacs_set_p38_2h.sdf,../large_fep_dataset/data/fep_benchmark_processed/jacs_set_p38_protein.pdb,149,7.2186527,8.030988,7.365063,7.0816836,7.3533487,7.161904,7.1873736,7.895125,7.6972795,7.799652,7.479107
150,jacs_set/p38,jacs_set/p38/3fmk,../large_fep_dataset/data/fep_benchmark_processed/jacs_set_p38_3fmk.sdf,../large_fep_dataset/data/fep_benchmark_processed/jacs_set_p38_protein.pdb,150,6.8863897,7.5877695,7.4522514,7.362744,7.3825307,6.8323436,7.12609,7.7257977,7.478437,6.4491105,7.228347
151,jacs_set/p38,jacs_set/p38/2i,../large_fep_dataset/data/fep_benchmark_processed/jacs_set_p38_2i.sdf,../large_fep_dataset/data/fep_benchmark_processed/jacs_set_p38_protein.pdb,151,7.18894,7.715172,7.5099545,7.1712313,7.4888916,7.3562837,7.4105077,7.8133945,7.605567,7.7793303,7.5039268
152,jacs_set/p38,jacs_set/p38/2f,../large_fep_dataset/data/fep_benchmark_processed/jacs_set_p38_2f.sdf,../large_fep_dataset/data/fep_benchmark_processed/jacs_set_p38_protein.pdb,152,7.10654,7.6483545,7.719709,7.088409,7.5059266,7.068589,7.432993,7.6991854,7.6311407,7.8753386,7.4776177
153,jacs_set/p38,jacs_set/p38/2x,../large_fep_dataset/data/fep_benchmark_processed/jacs_set_p38_2x.sdf,../large_fep_dataset/data/fep_benchmark_processed/jacs_set_p38_protein.pdb,153,7.1447372,7.825358,7.5067554,6.8294125,7.474751,7.023698,7.526979,7.6927676,7.243182,7.387645,7.365528
154,jacs_set/p38,jacs_set/p38/2ff,../large_fep_dataset/data/fep_benchmark_processed/jacs_set_p38_2ff.sdf,../large_fep_dataset/data/fep_benchmark_processed/jacs_set_p38_protein.pdb,154,7.409581,8.040909,7.823832,7.871091,7.576292,7.477703,7.357395,8.076971,7.9106765,7.749082,7.7293534
155,jacs_set/p38,jacs_set/p38/2k,../large_fep_dataset/data/fep_benchmark_processed/jacs_set_p38_2k.sdf,../large_fep_dataset/data/fep_benchmark_processed/jacs_set_p38_protein.pdb,155,7.3945513,7.960023,7.279657,6.7018495,7.1868296,7.363776,6.9392467,8.052051,7.4362125,8.107585,7.4421782
156,jacs_set/p38,jacs_set/p38/2n,../large_fep_dataset/data/fep_benchmark_processed/jacs_set_p38_2n.sdf,../large_fep_dataset/data/fep_benchmark_processed/jacs_set_p38_protein.pdb,156,7.71084,8.331236,7.5261264,7.5617285,7.991998,7.9749546,7.3096666,8.13375,8.323961,8.262814,7.9127073
157,jacs_set/p38,jacs_set/p38/3flq,../large_fep_dataset/data/fep_benchmark_processed/jacs_set_p38_3flq.sdf,../large_fep_dataset/data/fep_benchmark_processed/jacs_set_p38_protein.pdb,157,7.283358,7.549286,7.9228425,7.5920167,7.447066,7.2126184,7.643101,7.576933,7.8796196,7.5193067,7.5626154
158,jacs_set/p38,jacs_set/p38/3fln,../large_fep_dataset/data/fep_benchmark_processed/jacs_set_p38_3fln.sdf,../large_fep_dataset/data/fep_benchmark_processed/jacs_set_p38_protein.pdb,158,7.5676475,8.02544,7.5817456,7.034138,7.510066,7.283663,7.463296,7.9050364,7.5366316,7.756903,7.566457
159,jacs_set/p38,jacs_set/p38/2e,../large_fep_dataset/data/fep_benchmark_processed/jacs_set_p38_2e.sdf,../large_fep_dataset/data/fep_benchmark_processed/jacs_set_p38_protein.pdb,159,6.751718,7.6575375,7.5319204,6.9399166,7.1759615,7.104569,7.174021,7.816442,7.3573537,7.544643,7.3054085
160,jacs_set/p38,jacs_set/p38/3fmh,../large_fep_dataset/data/fep_benchmark_processed/jacs_set_p38_3fmh.sdf,../large_fep_dataset/data/fep_benchmark_processed/jacs_set_p38_protein.pdb,160,6.9680786,7.7014127,7.3605094,7.397055,7.3825607,6.8255315,7.028466,7.7479815,7.421859,6.64633,7.247978
161,jacs_set/p38,jacs_set/p38/2c,../large_fep_dataset/data/fep_benchmark_processed/jacs_set_p38_2c.sdf,../large_fep_dataset/data/fep_benchmark_processed/jacs_set_p38_protein.pdb,161,7.2025614,7.1083307,7.5469728,7.207678,7.586384,7.2012286,7.5133157,8.072499,7.51146,7.9239864,7.487442
162,jacs_set/p38,jacs_set/p38/2y,../large_fep_dataset/data/fep_benchmark_processed/jacs_set_p38_2y.sdf,../large_fep_dataset/data/fep_benchmark_processed/jacs_set_p38_protein.pdb,162,7.7488685,7.8383493,7.6532044,7.1371446,7.246337,7.133293,6.667716,7.393885,7.1723995,6.8765,7.28677
163,jacs_set/p38,jacs_set/p38/2s,../large_fep_dataset/data/fep_benchmark_processed/jacs_set_p38_2s.sdf,../large_fep_dataset/data/fep_benchmark_processed/jacs_set_p38_protein.pdb,163,7.820112,8.4670315,7.451648,7.4695787,7.9807224,7.887461,7.2219,8.2257185,8.330673,7.755798,7.861065
164,jacs_set/p38,jacs_set/p38/2m,../large_fep_dataset/data/fep_benchmark_processed/jacs_set_p38_2m.sdf,../large_fep_dataset/data/fep_benchmark_processed/jacs_set_p38_protein.pdb,164,7.401103,8.4508915,7.7629623,7.9009757,7.7792463,8.217744,7.4804506,8.1740675,7.838672,8.475443,7.9481554
165,jacs_set/p38,jacs_set/p38/2bb,../large_fep_dataset/data/fep_benchmark_processed/jacs_set_p38_2bb.sdf,../large_fep_dataset/data/fep_benchmark_processed/jacs_set_p38_protein.pdb,165,7.1005635,7.170761,7.677828,7.1907854,6.9456663,6.9911437,7.327492,7.0828648,7.668269,7.2933846,7.244876
166,jacs_set/p38,jacs_set/p38/2v,../large_fep_dataset/data/fep_benchmark_processed/jacs_set_p38_2v.sdf,../large_fep_dataset/data/fep_benchmark_processed/jacs_set_p38_protein.pdb,166,7.5344486,6.8251767,7.7780743,7.078794,6.850453,6.5037627,6.658489,7.9576874,7.7742333,6.6646824,7.16258
167,jacs_set/p38,jacs_set/p38/2r,../large_fep_dataset/data/fep_benchmark_processed/jacs_set_p38_2r.sdf,../large_fep_dataset/data/fep_benchmark_processed/jacs_set_p38_protein.pdb,167,8.109095,8.382121,8.039298,7.964476,8.218392,8.129636,7.650029,8.306935,8.1754875,8.220815,8.119628
168,jacs_set/p38,jacs_set/p38/3flz,../large_fep_dataset/data/fep_benchmark_processed/jacs_set_p38_3flz.sdf,../large_fep_dataset/data/fep_benchmark_processed/jacs_set_p38_protein.pdb,168,6.54416,7.1232376,7.140543,7.1447606,7.409543,7.110303,7.215065,7.6952677,7.5247445,7.2377563,7.2145376
169,jacs_set/p38,jacs_set/p38/2z,../large_fep_dataset/data/fep_benchmark_processed/jacs_set_p38_2z.sdf,../large_fep_dataset/data/fep_benchmark_processed/jacs_set_p38_protein.pdb,169,7.5852795,7.325843,8.017745,6.639962,7.5218153,7.081896,6.8808956,7.8766885,7.0504775,7.77025,7.3750854
170,jacs_set/p38,jacs_set/p38/3fly,../large_fep_dataset/data/fep_benchmark_processed/jacs_set_p38_3fly.sdf,../large_fep_dataset/data/fep_benchmark_processed/jacs_set_p38_protein.pdb,170,7.36822,7.263371,7.607379,7.043618,7.379198,6.8636055,6.992516,7.84028,7.4876966,6.7294135,7.25753
171,jacs_set/bace,jacs_set/bace/CAT-13n,../large_fep_dataset/data/fep_benchmark_processed/jacs_set_bace_CAT-13n.sdf,../large_fep_dataset/data/fep_benchmark_processed/jacs_set_bace_protein.pdb,171,6.866199,7.0970545,6.9971857,6.7467985,7.2704573,6.1875334,7.0841274,7.1234503,7.4676666,6.7819448,6.962242
172,jacs_set/bace,jacs_set/bace/CAT-13e,../large_fep_dataset/data/fep_benchmark_processed/jacs_set_bace_CAT-13e.sdf,../large_fep_dataset/data/fep_benchmark_processed/jacs_set_bace_protein.pdb,172,6.6513066,6.9035707,6.6976566,6.430627,6.590505,6.352486,6.3042636,6.9417915,6.9927874,6.5476327,6.641262
173,jacs_set/bace,jacs_set/bace/CAT-4a,../large_fep_dataset/data/fep_benchmark_processed/jacs_set_bace_CAT-4a.sdf,../large_fep_dataset/data/fep_benchmark_processed/jacs_set_bace_protein.pdb,173,5.6550865,5.892273,5.7530317,5.8614016,6.0803986,5.4447174,5.9654026,5.588978,6.045277,5.719475,5.8006043
174,jacs_set/bace,jacs_set/bace/CAT-4m,../large_fep_dataset/data/fep_benchmark_processed/jacs_set_bace_CAT-4m.sdf,../large_fep_dataset/data/fep_benchmark_processed/jacs_set_bace_protein.pdb,174,6.5189505,6.373345,6.549194,6.2749496,6.36822,5.4155207,6.492661,6.382044,6.490475,6.4795876,6.3344946
175,jacs_set/bace,jacs_set/bace/CAT-17b,../large_fep_dataset/data/fep_benchmark_processed/jacs_set_bace_CAT-17b.sdf,../large_fep_dataset/data/fep_benchmark_processed/jacs_set_bace_protein.pdb,175,6.247127,6.4334097,6.3679333,6.0239873,6.528487,5.723957,6.1885233,6.154765,5.9991426,6.3785076,6.2045836
176,jacs_set/bace,jacs_set/bace/CAT-13j,../large_fep_dataset/data/fep_benchmark_processed/jacs_set_bace_CAT-13j.sdf,../large_fep_dataset/data/fep_benchmark_processed/jacs_set_bace_protein.pdb,176,6.464824,6.5507803,6.680044,6.475337,7.0603843,5.603903,6.6087775,6.8470445,6.930345,6.4704103,6.569185
177,jacs_set/bace,jacs_set/bace/CAT-13d,../large_fep_dataset/data/fep_benchmark_processed/jacs_set_bace_CAT-13d.sdf,../large_fep_dataset/data/fep_benchmark_processed/jacs_set_bace_protein.pdb,177,6.6366982,6.639057,6.3735437,6.1504455,6.5640836,5.689475,6.2101846,6.5231733,6.838295,6.241775,6.386674
178,jacs_set/bace,jacs_set/bace/CAT-13b,../large_fep_dataset/data/fep_benchmark_processed/jacs_set_bace_CAT-13b.sdf,../large_fep_dataset/data/fep_benchmark_processed/jacs_set_bace_protein.pdb,178,6.3235564,6.603366,5.9963636,5.9872913,6.540383,5.962034,5.991624,6.371482,6.640181,5.9729943,6.238928
179,jacs_set/bace,jacs_set/bace/CAT-13a,../large_fep_dataset/data/fep_benchmark_processed/jacs_set_bace_CAT-13a.sdf,../large_fep_dataset/data/fep_benchmark_processed/jacs_set_bace_protein.pdb,179,6.325493,6.1052117,5.881611,5.9394984,6.588069,5.6361756,5.8417006,6.049852,6.9026036,5.7310247,6.100124
180,jacs_set/bace,jacs_set/bace/CAT-13h,../large_fep_dataset/data/fep_benchmark_processed/jacs_set_bace_CAT-13h.sdf,../large_fep_dataset/data/fep_benchmark_processed/jacs_set_bace_protein.pdb,180,6.595587,6.750822,6.711885,6.690476,6.63541,6.0824347,6.6590986,6.70184,7.018007,6.4397116,6.628527
181,jacs_set/bace,jacs_set/bace/CAT-13o,../large_fep_dataset/data/fep_benchmark_processed/jacs_set_bace_CAT-13o.sdf,../large_fep_dataset/data/fep_benchmark_processed/jacs_set_bace_protein.pdb,181,7.025688,7.191789,7.243469,6.8184857,7.2618833,6.1757936,7.3627715,7.2913027,7.4881444,7.6370554,7.149638
182,jacs_set/bace,jacs_set/bace/CAT-13g,../large_fep_dataset/data/fep_benchmark_processed/jacs_set_bace_CAT-13g.sdf,../large_fep_dataset/data/fep_benchmark_processed/jacs_set_bace_protein.pdb,182,6.745317,7.212957,6.75531,6.8136826,6.841231,6.5353494,6.462396,7.14215,6.9563975,6.67009,6.813489
183,jacs_set/bace,jacs_set/bace/CAT-4k,../large_fep_dataset/data/fep_benchmark_processed/jacs_set_bace_CAT-4k.sdf,../large_fep_dataset/data/fep_benchmark_processed/jacs_set_bace_protein.pdb,183,6.7026997,6.5041313,6.2563276,5.9344254,6.452105,5.6411204,6.2257214,6.2402415,6.4130945,6.4892793,6.2859144
184,jacs_set/bace,jacs_set/bace/CAT-17g,../large_fep_dataset/data/fep_benchmark_processed/jacs_set_bace_CAT-17g.sdf,../large_fep_dataset/data/fep_benchmark_processed/jacs_set_bace_protein.pdb,184,7.185497,7.187034,6.85056,6.234413,6.6596646,5.7229967,6.2865486,6.7885766,6.8440742,7.024534,6.6783895
185,jacs_set/bace,jacs_set/bace/CAT-4l,../large_fep_dataset/data/fep_benchmark_processed/jacs_set_bace_CAT-4l.sdf,../large_fep_dataset/data/fep_benchmark_processed/jacs_set_bace_protein.pdb,185,6.338704,6.4665813,6.5781894,6.37612,6.534479,5.5654335,6.252327,6.3885274,6.2679706,6.643249,6.3411584
186,jacs_set/bace,jacs_set/bace/CAT-4j,../large_fep_dataset/data/fep_benchmark_processed/jacs_set_bace_CAT-4j.sdf,../large_fep_dataset/data/fep_benchmark_processed/jacs_set_bace_protein.pdb,186,6.2346573,6.209537,5.920153,5.9411154,6.448525,5.4540997,6.079979,6.1847296,6.2436695,6.069356,6.078582
187,jacs_set/bace,jacs_set/bace/CAT-4n,../large_fep_dataset/data/fep_benchmark_processed/jacs_set_bace_CAT-4n.sdf,../large_fep_dataset/data/fep_benchmark_processed/jacs_set_bace_protein.pdb,187,7.840314,7.047185,6.919053,6.769565,6.9457974,6.4861274,6.816479,7.3482976,7.077322,6.653983,6.990412
188,jacs_set/bace,jacs_set/bace/CAT-13i,../large_fep_dataset/data/fep_benchmark_processed/jacs_set_bace_CAT-13i.sdf,../large_fep_dataset/data/fep_benchmark_processed/jacs_set_bace_protein.pdb,188,6.610592,6.915569,6.5302725,6.4228916,6.738682,6.2147985,6.0360775,6.5902944,7.0415654,6.35566,6.5456405
189,jacs_set/bace,jacs_set/bace/CAT-17f,../large_fep_dataset/data/fep_benchmark_processed/jacs_set_bace_CAT-17f.sdf,../large_fep_dataset/data/fep_benchmark_processed/jacs_set_bace_protein.pdb,189,8.051355,7.1891255,6.7069526,7.076722,7.0865984,6.485078,6.388651,7.3477287,6.875776,6.9895005,7.0197487
190,jacs_set/bace,jacs_set/bace/CAT-4p,../large_fep_dataset/data/fep_benchmark_processed/jacs_set_bace_CAT-4p.sdf,../large_fep_dataset/data/fep_benchmark_processed/jacs_set_bace_protein.pdb,190,7.1072016,6.9277105,6.917612,6.251404,6.867794,5.6212654,6.480053,6.6220975,6.798545,6.4884443,6.608213
191,jacs_set/bace,jacs_set/bace/CAT-13c,../large_fep_dataset/data/fep_benchmark_processed/jacs_set_bace_CAT-13c.sdf,../large_fep_dataset/data/fep_benchmark_processed/jacs_set_bace_protein.pdb,191,6.354598,6.8903694,6.4337926,6.4061093,6.539493,5.857939,6.4277954,6.5333934,6.978564,6.0400186,6.4462075
192,jacs_set/bace,jacs_set/bace/CAT-24,../large_fep_dataset/data/fep_benchmark_processed/jacs_set_bace_CAT-24.sdf,../large_fep_dataset/data/fep_benchmark_processed/jacs_set_bace_protein.pdb,192,8.302363,8.029606,7.595543,7.5541296,7.8410273,7.284318,7.398253,7.6670914,7.0737247,7.341596,7.6087656
193,jacs_set/bace,jacs_set/bace/CAT-4i,../large_fep_dataset/data/fep_benchmark_processed/jacs_set_bace_CAT-4i.sdf,../large_fep_dataset/data/fep_benchmark_processed/jacs_set_bace_protein.pdb,193,6.3782434,6.00431,5.7638392,6.1967936,6.312698,5.491943,6.186557,6.2178726,6.3807964,6.21284,6.114589
194,jacs_set/bace,jacs_set/bace/CAT-4c,../large_fep_dataset/data/fep_benchmark_processed/jacs_set_bace_CAT-4c.sdf,../large_fep_dataset/data/fep_benchmark_processed/jacs_set_bace_protein.pdb,194,5.6410465,6.1386986,5.7874613,5.7764874,5.9864483,5.3395214,6.2270727,6.4452505,5.9510846,6.186579,5.947965
195,jacs_set/bace,jacs_set/bace/CAT-17i,../large_fep_dataset/data/fep_benchmark_processed/jacs_set_bace_CAT-17i.sdf,../large_fep_dataset/data/fep_benchmark_processed/jacs_set_bace_protein.pdb,195,6.8921957,6.608574,6.622842,5.943067,6.561629,5.9381695,6.3770046,6.8893704,6.649047,6.0276146,6.4509516
196,jacs_set/bace,jacs_set/bace/CAT-13k,../large_fep_dataset/data/fep_benchmark_processed/jacs_set_bace_CAT-13k.sdf,../large_fep_dataset/data/fep_benchmark_processed/jacs_set_bace_protein.pdb,196,6.5033956,6.74738,6.8829927,6.526152,6.967766,5.7432594,6.9151425,6.858747,7.059402,6.535718,6.673995
197,jacs_set/bace,jacs_set/bace/CAT-17a,../large_fep_dataset/data/fep_benchmark_processed/jacs_set_bace_CAT-17a.sdf,../large_fep_dataset/data/fep_benchmark_processed/jacs_set_bace_protein.pdb,197,6.343403,6.3122053,6.3839064,5.370662,6.522671,5.7344646,6.093895,6.5578337,6.2030396,6.042759,6.156484
198,jacs_set/bace,jacs_set/bace/CAT-17c,../large_fep_dataset/data/fep_benchmark_processed/jacs_set_bace_CAT-17c.sdf,../large_fep_dataset/data/fep_benchmark_processed/jacs_set_bace_protein.pdb,198,7.4517026,6.6708603,6.5487247,7.0371447,6.6862874,6.324974,6.5665426,6.7754717,6.7049537,6.3685455,6.713521
199,jacs_set/bace,jacs_set/bace/CAT-4o,../large_fep_dataset/data/fep_benchmark_processed/jacs_set_bace_CAT-4o.sdf,../large_fep_dataset/data/fep_benchmark_processed/jacs_set_bace_protein.pdb,199,6.8681865,7.043344,6.8939795,6.4206014,6.660847,5.5666327,6.5365477,6.7171373,6.629186,6.9184475,6.6254907
200,jacs_set/bace,jacs_set/bace/CAT-17d,../large_fep_dataset/data/fep_benchmark_processed/jacs_set_bace_CAT-17d.sdf,../large_fep_dataset/data/fep_benchmark_processed/jacs_set_bace_protein.pdb,200,6.6731515,6.622221,6.1130075,5.7730722,6.5488605,5.606038,6.014953,6.4070616,6.5148606,6.213413,6.248664
201,jacs_set/bace,jacs_set/bace/CAT-4b,../large_fep_dataset/data/fep_benchmark_processed/jacs_set_bace_CAT-4b.sdf,../large_fep_dataset/data/fep_benchmark_processed/jacs_set_bace_protein.pdb,201,6.1587276,6.5765667,6.4108815,6.3735886,6.4752584,5.711226,6.167857,6.1120996,6.4590483,6.5780106,6.3023267
202,jacs_set/bace,jacs_set/bace/CAT-13f,../large_fep_dataset/data/fep_benchmark_processed/jacs_set_bace_CAT-13f.sdf,../large_fep_dataset/data/fep_benchmark_processed/jacs_set_bace_protein.pdb,202,6.7145567,7.044059,6.812913,6.5835695,6.724745,6.437446,6.344182,6.996636,6.936393,6.477473,6.7071977
203,jacs_set/bace,jacs_set/bace/CAT-4d,../large_fep_dataset/data/fep_benchmark_processed/jacs_set_bace_CAT-4d.sdf,../large_fep_dataset/data/fep_benchmark_processed/jacs_set_bace_protein.pdb,203,6.0231323,6.7923083,6.386998,6.3728404,6.1668696,6.2465177,6.221979,5.836197,6.649619,6.525456,6.322192
204,jacs_set/bace,jacs_set/bace/CAT-13m,../large_fep_dataset/data/fep_benchmark_processed/jacs_set_bace_CAT-13m.sdf,../large_fep_dataset/data/fep_benchmark_processed/jacs_set_bace_protein.pdb,204,6.874965,7.3824053,7.0998654,6.6465197,7.2470603,6.385529,7.2447343,7.333309,7.437273,7.238472,7.089013
205,jacs_set/bace,jacs_set/bace/CAT-17h,../large_fep_dataset/data/fep_benchmark_processed/jacs_set_bace_CAT-17h.sdf,../large_fep_dataset/data/fep_benchmark_processed/jacs_set_bace_protein.pdb,205,7.250912,7.0258803,6.82777,6.5354533,6.7785645,5.8416247,6.018673,6.825342,6.9245906,6.5190587,6.6547866
206,jacs_set/bace,jacs_set/bace/CAT-17e,../large_fep_dataset/data/fep_benchmark_processed/jacs_set_bace_CAT-17e.sdf,../large_fep_dataset/data/fep_benchmark_processed/jacs_set_bace_protein.pdb,206,6.801612,6.951057,6.7946978,6.645457,7.1529307,5.9898458,6.5675216,6.8308854,6.2703614,7.007239,6.7011604
207,charge_annhil/jnk1,charge_annhil/jnk1/6a,../large_fep_dataset/data/fep_benchmark_processed/charge_annhil_jnk1_6a.sdf,../large_fep_dataset/data/fep_benchmark_processed/charge_annhil_jnk1_protein.pdb,207,5.740386,5.9402447,6.555165,6.1296883,5.927636,6.7933946,6.6689525,6.3905077,5.9843264,5.0136204,6.1143923
208,charge_annhil/jnk1,charge_annhil/jnk1/19a_neu,../large_fep_dataset/data/fep_benchmark_processed/charge_annhil_jnk1_19a_neu.sdf,../large_fep_dataset/data/fep_benchmark_processed/charge_annhil_jnk1_protein.pdb,208,5.920274,5.828173,6.850182,6.335307,6.226759,6.1088796,6.5201273,6.3957405,6.5090046,5.0018563,6.169631
209,charge_annhil/jnk1,charge_annhil/jnk1/19b_neu,../large_fep_dataset/data/fep_benchmark_processed/charge_annhil_jnk1_19b_neu.sdf,../large_fep_dataset/data/fep_benchmark_processed/charge_annhil_jnk1_protein.pdb,209,5.2574506,5.3299704,5.691353,5.4435863,5.4027047,5.7694607,6.5707707,6.0589213,6.1338615,4.8088703,5.646695
210,charge_annhil/jnk1,charge_annhil/jnk1/19b_charg,../large_fep_dataset/data/fep_benchmark_processed/charge_annhil_jnk1_19b_charg.sdf,../large_fep_dataset/data/fep_benchmark_processed/charge_annhil_jnk1_protein.pdb,210,5.039079,4.9436235,5.337302,5.1191506,5.9805117,5.596863,6.732446,5.686689,6.055323,4.6185265,5.510951
211,charge_annhil/jnk1,charge_annhil/jnk1/19a_charg,../large_fep_dataset/data/fep_benchmark_processed/charge_annhil_jnk1_19a_charg.sdf,../large_fep_dataset/data/fep_benchmark_processed/charge_annhil_jnk1_protein.pdb,211,5.929239,5.6134973,7.234736,6.60173,6.299364,6.546694,5.924176,6.0831923,6.7791357,5.9884114,6.3000174
212,charge_annhil/egfr,charge_annhil/egfr/21,../large_fep_dataset/data/fep_benchmark_processed/charge_annhil_egfr_21.sdf,../large_fep_dataset/data/fep_benchmark_processed/charge_annhil_egfr_protein.pdb,212,8.143783,8.089728,8.077664,8.422418,8.435725,7.9058623,7.7872267,8.221812,8.388697,8.671454,8.2144375
213,charge_annhil/egfr,charge_annhil/egfr/27neu,../large_fep_dataset/data/fep_benchmark_processed/charge_annhil_egfr_27neu.sdf,../large_fep_dataset/data/fep_benchmark_processed/charge_annhil_egfr_protein.pdb,213,8.132257,8.119031,8.526574,8.407325,8.547774,8.279117,8.333702,8.097648,8.441278,8.654456,8.353916
214,charge_annhil/egfr,charge_annhil/egfr/27chargR,../large_fep_dataset/data/fep_benchmark_processed/charge_annhil_egfr_27chargR.sdf,../large_fep_dataset/data/fep_benchmark_processed/charge_annhil_egfr_protein.pdb,214,7.8221397,8.200563,8.015556,8.38522,8.440102,7.9051113,8.177192,8.063478,8.344919,8.424001,8.177828
215,charge_annhil/egfr,charge_annhil/egfr/27chargS,../large_fep_dataset/data/fep_benchmark_processed/charge_annhil_egfr_27chargS.sdf,../large_fep_dataset/data/fep_benchmark_processed/charge_annhil_egfr_protein.pdb,215,7.856551,8.234389,8.087656,8.44819,8.432841,7.941074,8.141323,8.03411,8.35486,8.44095,8.197194
216,charge_annhil/egfr,charge_annhil/egfr/28neu,../large_fep_dataset/data/fep_benchmark_processed/charge_annhil_egfr_28neu.sdf,../large_fep_dataset/data/fep_benchmark_processed/charge_annhil_egfr_protein.pdb,216,7.743473,7.963018,8.175479,8.442528,8.475789,8.036587,7.887147,7.778918,8.097502,8.064878,8.066532
217,charge_annhil/egfr,charge_annhil/egfr/28charg,../large_fep_dataset/data/fep_benchmark_processed/charge_annhil_egfr_28charg.sdf,../large_fep_dataset/data/fep_benchmark_processed/charge_annhil_egfr_protein.pdb,217,7.9056635,8.238326,7.985186,8.649085,8.327316,7.9748626,7.868938,7.949584,7.9209247,8.150311,8.097019
218,charge_annhil/egfr,charge_annhil/egfr/29neu,../large_fep_dataset/data/fep_benchmark_processed/charge_annhil_egfr_29neu.sdf,../large_fep_dataset/data/fep_benchmark_processed/charge_annhil_egfr_protein.pdb,218,7.987929,8.295681,8.118184,8.017784,8.869915,8.391766,8.330324,7.929121,8.270791,8.31201,8.252351
219,charge_annhil/egfr,charge_annhil/egfr/29charg,../large_fep_dataset/data/fep_benchmark_processed/charge_annhil_egfr_29charg.sdf,../large_fep_dataset/data/fep_benchmark_processed/charge_annhil_egfr_protein.pdb,219,7.835867,8.4241705,7.832799,7.959578,8.567952,8.423961,8.216159,7.947655,8.049922,7.95777,8.121584
220,charge_annhil/egfr,charge_annhil/egfr/30neu,../large_fep_dataset/data/fep_benchmark_processed/charge_annhil_egfr_30neu.sdf,../large_fep_dataset/data/fep_benchmark_processed/charge_annhil_egfr_protein.pdb,220,8.042559,8.113903,8.074239,8.24719,8.193057,7.8089385,7.9861298,8.120267,8.549478,8.505813,8.164157
221,charge_annhil/egfr,charge_annhil/egfr/30charg,../large_fep_dataset/data/fep_benchmark_processed/charge_annhil_egfr_30charg.sdf,../large_fep_dataset/data/fep_benchmark_processed/charge_annhil_egfr_protein.pdb,221,7.851977,8.189427,7.9873652,8.130648,8.220599,8.0075,8.007191,8.037043,8.455503,8.4013195,8.128858
222,charge_annhil/ptp1b,charge_annhil/ptp1b/26charg,../large_fep_dataset/data/fep_benchmark_processed/charge_annhil_ptp1b_26charg.sdf,../large_fep_dataset/data/fep_benchmark_processed/charge_annhil_ptp1b_protein.pdb,222,6.548819,7.204002,6.344528,6.8348093,7.66947,6.8163104,6.901653,6.7674828,7.0636353,7.319448,6.9470162
223,charge_annhil/ptp1b,charge_annhil/ptp1b/26neu,../large_fep_dataset/data/fep_benchmark_processed/charge_annhil_ptp1b_26neu.sdf,../large_fep_dataset/data/fep_benchmark_processed/charge_annhil_ptp1b_protein.pdb,223,6.519813,7.189483,6.7615004,6.9560833,7.714129,6.9554005,7.0541935,6.8290405,7.188756,7.328998,7.04974
224,charge_annhil/ptp1b,charge_annhil/ptp1b/27,../large_fep_dataset/data/fep_benchmark_processed/charge_annhil_ptp1b_27.sdf,../large_fep_dataset/data/fep_benchmark_processed/charge_annhil_ptp1b_protein.pdb,224,6.4469824,6.8283954,7.1502914,6.5471497,7.187865,6.9216166,6.8845277,6.2561507,6.9187827,6.91094,6.8052697
225,charge_annhil/ptp1b,charge_annhil/ptp1b/32,../large_fep_dataset/data/fep_benchmark_processed/charge_annhil_ptp1b_32.sdf,../large_fep_dataset/data/fep_benchmark_processed/charge_annhil_ptp1b_protein.pdb,225,7.639905,7.434797,7.395062,6.84744,7.046314,7.08692,7.405897,6.948442,7.320034,7.2103763,7.233519
226,charge_annhil/irak4_s2,charge_annhil/irak4_s2/17charg,../large_fep_dataset/data/fep_benchmark_processed/charge_annhil_irak4_s2_17charg.sdf,../large_fep_dataset/data/fep_benchmark_processed/charge_annhil_irak4_s2_protein.pdb,226,7.2957497,7.2552342,7.5823703,7.51508,7.708403,7.0419397,7.0107718,7.53194,7.425594,7.002474,7.336955
227,charge_annhil/irak4_s2,charge_annhil/irak4_s2/17neu,../large_fep_dataset/data/fep_benchmark_processed/charge_annhil_irak4_s2_17neu.sdf,../large_fep_dataset/data/fep_benchmark_processed/charge_annhil_irak4_s2_protein.pdb,227,7.327358,7.4625216,7.9261518,7.6615505,7.4929833,7.1315703,7.2959056,7.782842,7.6515884,7.0432577,7.4775724
228,charge_annhil/irak4_s2,charge_annhil/irak4_s2/5neu,../large_fep_dataset/data/fep_benchmark_processed/charge_annhil_irak4_s2_5neu.sdf,../large_fep_dataset/data/fep_benchmark_processed/charge_annhil_irak4_s2_protein.pdb,228,7.3277297,7.532552,7.505183,7.144785,7.702051,6.6944785,7.7355003,7.113699,7.052301,6.975172,7.2783446
229,charge_annhil/irak4_s2,charge_annhil/irak4_s2/18,../large_fep_dataset/data/fep_benchmark_processed/charge_annhil_irak4_s2_18.sdf,../large_fep_dataset/data/fep_benchmark_processed/charge_annhil_irak4_s2_protein.pdb,229,7.2081547,7.633771,7.5652766,7.4338317,7.272725,6.9814343,7.5600905,7.352947,7.7659664,6.875719,7.364991
230,charge_annhil/irak4_s2,charge_annhil/irak4_s2/6,../large_fep_dataset/data/fep_benchmark_processed/charge_annhil_irak4_s2_6.sdf,../large_fep_dataset/data/fep_benchmark_processed/charge_annhil_irak4_s2_protein.pdb,230,7.0994496,7.486093,7.1019015,7.460869,7.3013988,6.8005676,6.5012794,6.860225,6.6916556,6.6179805,6.9921417
231,charge_annhil/irak4_s2,charge_annhil/irak4_s2/5charg,../large_fep_dataset/data/fep_benchmark_processed/charge_annhil_irak4_s2_5charg.sdf,../large_fep_dataset/data/fep_benchmark_processed/charge_annhil_irak4_s2_protein.pdb,231,7.359277,7.4171844,7.5207047,7.2764544,7.57389,6.749528,7.4144483,6.8767724,6.9380817,6.6848264,7.181117
232,charge_annhil/irak4_s2,charge_annhil/irak4_s2/14,../large_fep_dataset/data/fep_benchmark_processed/charge_annhil_irak4_s2_14.sdf,../large_fep_dataset/data/fep_benchmark_processed/charge_annhil_irak4_s2_protein.pdb,232,7.0753593,7.667178,7.4252477,7.6441293,7.523042,7.069583,7.1243424,7.4840956,7.7316103,6.597181,7.3341775
233,charge_annhil/dlk,charge_annhil/dlk/9,../large_fep_dataset/data/fep_benchmark_processed/charge_annhil_dlk_9.sdf,../large_fep_dataset/data/fep_benchmark_processed/charge_annhil_dlk_protein.pdb,233,7.226552,7.6166296,7.7230816,6.812145,6.775968,7.5507526,7.733519,6.7691827,6.904773,6.616452,7.1729064
234,charge_annhil/dlk,charge_annhil/dlk/17charg,../large_fep_dataset/data/fep_benchmark_processed/charge_annhil_dlk_17charg.sdf,../large_fep_dataset/data/fep_benchmark_processed/charge_annhil_dlk_protein.pdb,234,7.5944395,7.467661,7.681935,7.379814,7.010393,7.2731853,7.4581375,7.0950913,6.877145,7.316768,7.3154573
235,charge_annhil/dlk,charge_annhil/dlk/17neu,../large_fep_dataset/data/fep_benchmark_processed/charge_annhil_dlk_17neu.sdf,../large_fep_dataset/data/fep_benchmark_processed/charge_annhil_dlk_protein.pdb,235,7.6371474,7.585438,7.599244,7.4208403,6.9418306,7.448537,7.535413,7.2947063,6.954026,7.214687,7.363187
236,charge_annhil/dlk,charge_annhil/dlk/4charg,../large_fep_dataset/data/fep_benchmark_processed/charge_annhil_dlk_4charg.sdf,../large_fep_dataset/data/fep_benchmark_processed/charge_annhil_dlk_protein.pdb,236,6.681682,6.6005325,7.0289416,6.2949443,6.4830356,6.864003,6.95232,6.858905,6.1366043,7.0706,6.6971574
237,charge_annhil/dlk,charge_annhil/dlk/4neu,../large_fep_dataset/data/fep_benchmark_processed/charge_annhil_dlk_4neu.sdf,../large_fep_dataset/data/fep_benchmark_processed/charge_annhil_dlk_protein.pdb,237,6.7128644,6.5673285,7.2996054,6.3511753,6.3828726,7.0150785,6.9513597,6.8887696,6.385624,7.032894,6.758757
238,charge_annhil/dlk,charge_annhil/dlk/18,../large_fep_dataset/data/fep_benchmark_processed/charge_annhil_dlk_18.sdf,../large_fep_dataset/data/fep_benchmark_processed/charge_annhil_dlk_protein.pdb,238,7.1533856,6.9834275,7.3566904,7.395426,6.7606063,6.822625,7.3007956,6.8503065,6.4872046,7.036642,7.014711
239,charge_annhil/dlk,charge_annhil/dlk/8,../large_fep_dataset/data/fep_benchmark_processed/charge_annhil_dlk_8.sdf,../large_fep_dataset/data/fep_benchmark_processed/charge_annhil_dlk_protein.pdb,239,7.1032386,6.985965,7.7034183,7.116846,6.662742,6.9927583,7.4814453,6.8989835,6.647675,7.2344327,7.082751
240,charge_annhil/irak4_s3,charge_annhil/irak4_s3/28neu,../large_fep_dataset/data/fep_benchmark_processed/charge_annhil_irak4_s3_28neu.sdf,../large_fep_dataset/data/fep_benchmark_processed/charge_annhil_irak4_s3_protein.pdb,240,7.128858,7.208403,6.689558,7.6060905,8.244476,6.944374,7.687613,7.040748,7.86157,7.115645,7.3527346
241,charge_annhil/irak4_s3,charge_annhil/irak4_s3/19charg,../large_fep_dataset/data/fep_benchmark_processed/charge_annhil_irak4_s3_19charg.sdf,../large_fep_dataset/data/fep_benchmark_processed/charge_annhil_irak4_s3_protein.pdb,241,6.9453363,7.26248,6.56536,7.5834436,8.197306,7.3269415,7.3355274,7.03591,7.6796794,7.1098,7.3041787
242,charge_annhil/irak4_s3,charge_annhil/irak4_s3/29,../large_fep_dataset/data/fep_benchmark_processed/charge_annhil_irak4_s3_29.sdf,../large_fep_dataset/data/fep_benchmark_processed/charge_annhil_irak4_s3_protein.pdb,242,7.1770434,7.6380363,7.213618,8.135329,8.141979,7.158676,7.5584836,6.9186263,7.7450624,6.8998795,7.458673
243,charge_annhil/irak4_s3,charge_annhil/irak4_s3/19neu,../large_fep_dataset/data/fep_benchmark_processed/charge_annhil_irak4_s3_19neu.sdf,../large_fep_dataset/data/fep_benchmark_processed/charge_annhil_irak4_s3_protein.pdb,243,7.277111,7.2247267,6.8032937,7.51509,8.225276,7.0234766,7.674968,7.0168953,7.784667,7.0266376,7.3572135
244,charge_annhil/irak4_s3,charge_annhil/irak4_s3/28charg,../large_fep_dataset/data/fep_benchmark_processed/charge_annhil_irak4_s3_28charg.sdf,../large_fep_dataset/data/fep_benchmark_processed/charge_annhil_irak4_s3_protein.pdb,244,6.8675933,7.2064753,6.4504533,7.527805,8.136432,7.231692,7.316666,6.995339,7.7054086,7.0793953,7.2517257
245,charge_annhil/irak4_s3,charge_annhil/irak4_s3/27,../large_fep_dataset/data/fep_benchmark_processed/charge_annhil_irak4_s3_27.sdf,../large_fep_dataset/data/fep_benchmark_processed/charge_annhil_irak4_s3_protein.pdb,245,7.452007,7.4199157,7.6214685,7.6204042,8.119853,6.9473457,8.025911,7.16894,8.132723,7.6288743,7.613745
246,charge_annhil/ephx2,charge_annhil/ephx2/47charg,../large_fep_dataset/data/fep_benchmark_processed/charge_annhil_ephx2_47charg.sdf,../large_fep_dataset/data/fep_benchmark_processed/charge_annhil_ephx2_protein.pdb,246,7.546351,7.8836226,8.113592,7.636373,7.0185547,6.850709,7.899497,6.7875466,7.939261,7.2148976,7.4890404
247,charge_annhil/ephx2,charge_annhil/ephx2/19charg,../large_fep_dataset/data/fep_benchmark_processed/charge_annhil_ephx2_19charg.sdf,../large_fep_dataset/data/fep_benchmark_processed/charge_annhil_ephx2_protein.pdb,247,6.2564697,6.481319,6.4838495,6.4351773,6.358053,6.2889824,6.906262,6.350543,7.08364,6.4084406,6.5052743
248,charge_annhil/ephx2,charge_annhil/ephx2/19neu,../large_fep_dataset/data/fep_benchmark_processed/charge_annhil_ephx2_19neu.sdf,../large_fep_dataset/data/fep_benchmark_processed/charge_annhil_ephx2_protein.pdb,248,6.0796924,6.3342237,6.7865057,6.5757113,6.164369,5.773295,6.9839664,6.4935374,6.871747,6.3720436,6.443509
249,charge_annhil/ephx2,charge_annhil/ephx2/20,../large_fep_dataset/data/fep_benchmark_processed/charge_annhil_ephx2_20.sdf,../large_fep_dataset/data/fep_benchmark_processed/charge_annhil_ephx2_protein.pdb,249,6.1342416,6.501667,6.5074363,6.5704265,7.1081367,5.622306,6.6488414,6.0542555,6.6781597,6.5356717,6.4361143
250,charge_annhil/ephx2,charge_annhil/ephx2/47neu,../large_fep_dataset/data/fep_benchmark_processed/charge_annhil_ephx2_47neu.sdf,../large_fep_dataset/data/fep_benchmark_processed/charge_annhil_ephx2_protein.pdb,250,7.457615,7.830184,7.936406,7.4150443,7.129236,7.002329,8.0904,7.0291314,7.7058053,7.2420297,7.483818
251,charge_annhil/ephx2,charge_annhil/ephx2/33,../large_fep_dataset/data/fep_benchmark_processed/charge_annhil_ephx2_33.sdf,../large_fep_dataset/data/fep_benchmark_processed/charge_annhil_ephx2_protein.pdb,251,7.7397323,7.430965,7.7577777,7.781252,7.6090703,7.034682,7.406976,7.701256,7.7711244,7.403375,7.5636206
252,charge_annhil/jak1,charge_annhil/jak1/17,../large_fep_dataset/data/fep_benchmark_processed/charge_annhil_jak1_17.sdf,../large_fep_dataset/data/fep_benchmark_processed/charge_annhil_jak1_protein.pdb,252,7.23284,7.3197417,7.6319666,7.58361,6.87488,7.0220056,7.3381333,6.829937,7.5398765,6.576235,7.1949224
253,charge_annhil/jak1,charge_annhil/jak1/18charg,../large_fep_dataset/data/fep_benchmark_processed/charge_annhil_jak1_18charg.sdf,../large_fep_dataset/data/fep_benchmark_processed/charge_annhil_jak1_protein.pdb,253,7.2465553,7.665148,7.9387665,7.740814,7.478377,7.246097,8.017219,7.6589136,7.4363074,6.866025,7.5294228
254,charge_annhil/jak1,charge_annhil/jak1/18neu,../large_fep_dataset/data/fep_benchmark_processed/charge_annhil_jak1_18neu.sdf,../large_fep_dataset/data/fep_benchmark_processed/charge_annhil_jak1_protein.pdb,254,7.4715,7.888325,8.219151,7.9565406,7.6095595,7.4530067,8.0116625,7.7824235,7.480502,6.983057,7.6855726
255,charge_annhil/jak1,charge_annhil/jak1/jmc_25,../large_fep_dataset/data/fep_benchmark_processed/charge_annhil_jak1_jmc_25.sdf,../large_fep_dataset/data/fep_benchmark_processed/charge_annhil_jak1_protein.pdb,255,8.12574,7.8384085,7.9913526,8.088137,8.101087,7.406336,7.768974,7.387765,8.064763,8.00751,7.8780074
256,charge_annhil/jak1,charge_annhil/jak1/jmc_34,../large_fep_dataset/data/fep_benchmark_processed/charge_annhil_jak1_jmc_34.sdf,../large_fep_dataset/data/fep_benchmark_processed/charge_annhil_jak1_protein.pdb,256,7.540898,8.42102,8.104839,7.887704,8.146221,8.168342,8.00881,8.378298,8.3776655,7.796898,8.083069
257,charge_annhil/jak1,charge_annhil/jak1/16charg,../large_fep_dataset/data/fep_benchmark_processed/charge_annhil_jak1_16charg.sdf,../large_fep_dataset/data/fep_benchmark_processed/charge_annhil_jak1_protein.pdb,257,7.042175,6.9888883,7.1046877,7.0791326,6.946362,6.371324,7.2075195,6.708528,6.8277764,6.373427,6.8649817
258,charge_annhil/jak1,charge_annhil/jak1/16neu,../large_fep_dataset/data/fep_benchmark_processed/charge_annhil_jak1_16neu.sdf,../large_fep_dataset/data/fep_benchmark_processed/charge_annhil_jak1_protein.pdb,258,6.9729075,6.9895687,7.1378903,7.281499,6.889151,6.481195,7.283615,6.879481,6.9593678,6.629031,6.950371
259,charge_annhil/jak1,charge_annhil/jak1/jmc_22,../large_fep_dataset/data/fep_benchmark_processed/charge_annhil_jak1_jmc_22.sdf,../large_fep_dataset/data/fep_benchmark_processed/charge_annhil_jak1_protein.pdb,259,8.193414,8.238907,7.9931335,8.225262,8.105671,7.535699,7.9195247,7.552103,8.1993,8.196416,8.015944
260,charge_annhil/tyk2,charge_annhil/tyk2/ejm_47,../large_fep_dataset/data/fep_benchmark_processed/charge_annhil_tyk2_ejm_47.sdf,../large_fep_dataset/data/fep_benchmark_processed/charge_annhil_tyk2_protein.pdb,260,7.5828996,7.9373364,7.8328567,8.056906,7.060604,8.125202,7.4847207,7.720602,7.7417526,7.935108,7.7478
261,charge_annhil/tyk2,charge_annhil/tyk2/jmc_32charg,../large_fep_dataset/data/fep_benchmark_processed/charge_annhil_tyk2_jmc_32charg.sdf,../large_fep_dataset/data/fep_benchmark_processed/charge_annhil_tyk2_protein.pdb,261,7.1221447,7.561858,7.6394997,7.0818677,6.698074,7.4901648,7.555212,7.7465577,8.049864,7.528117,7.4473357
262,charge_annhil/tyk2,charge_annhil/tyk2/jmc_31,../large_fep_dataset/data/fep_benchmark_processed/charge_annhil_tyk2_jmc_31.sdf,../large_fep_dataset/data/fep_benchmark_processed/charge_annhil_tyk2_protein.pdb,262,7.5893598,7.626853,7.9742823,7.626153,7.192707,7.5986924,7.611467,7.4501886,8.468618,7.6268516,7.6765175
263,charge_annhil/tyk2,charge_annhil/tyk2/jmc_32neu,../large_fep_dataset/data/fep_benchmark_processed/charge_annhil_tyk2_jmc_32neu.sdf,../large_fep_dataset/data/fep_benchmark_processed/charge_annhil_tyk2_protein.pdb,263,7.549147,7.6641574,8.020484,7.200851,6.5179296,7.4149632,7.6821866,7.6044536,8.359853,7.327181,7.53412
264,charge_annhil/tyk2,charge_annhil/tyk2/ejm_52neu,../large_fep_dataset/data/fep_benchmark_processed/charge_annhil_tyk2_ejm_52neu.sdf,../large_fep_dataset/data/fep_benchmark_processed/charge_annhil_tyk2_protein.pdb,264,7.508309,8.063494,7.533033,7.763973,7.429964,8.300099,7.426999,7.199795,7.6874237,8.236571,7.714966
265,charge_annhil/tyk2,charge_annhil/tyk2/ejm_52charg,../large_fep_dataset/data/fep_benchmark_processed/charge_annhil_tyk2_ejm_52charg.sdf,../large_fep_dataset/data/fep_benchmark_processed/charge_annhil_tyk2_protein.pdb,265,7.544213,7.991346,7.3038087,7.7614846,7.143768,8.025597,7.4668326,7.4288363,7.4133763,8.105633,7.6184893
266,charge_annhil/tyk2,charge_annhil/tyk2/ejm_46,../large_fep_dataset/data/fep_benchmark_processed/charge_annhil_tyk2_ejm_46.sdf,../large_fep_dataset/data/fep_benchmark_processed/charge_annhil_tyk2_protein.pdb,266,7.72145,7.895358,8.282689,8.047708,7.1567345,8.227324,7.534715,7.7842703,7.9106646,8.140996,7.870191
267,charge_annhil/itk,charge_annhil/itk/17,../large_fep_dataset/data/fep_benchmark_processed/charge_annhil_itk_17.sdf,../large_fep_dataset/data/fep_benchmark_processed/charge_annhil_itk_protein.pdb,267,7.7032046,8.010131,8.364076,7.9054666,7.8645864,7.830226,7.3342366,7.921791,7.7608056,8.204123,7.889865
268,charge_annhil/itk,charge_annhil/itk/1neu,../large_fep_dataset/data/fep_benchmark_processed/charge_annhil_itk_1neu.sdf,../large_fep_dataset/data/fep_benchmark_processed/charge_annhil_itk_protein.pdb,268,8.437477,9.10985,8.570382,8.815072,8.700637,8.536493,8.354727,8.554709,8.551228,8.408475,8.603907
269,charge_annhil/itk,charge_annhil/itk/1charg,../large_fep_dataset/data/fep_benchmark_processed/charge_annhil_itk_1charg.sdf,../large_fep_dataset/data/fep_benchmark_processed/charge_annhil_itk_protein.pdb,269,8.844395,8.994284,8.690015,8.60025,8.891235,8.78282,8.835684,8.966922,9.109574,8.499587,8.821477
270,charge_annhil/itk,charge_annhil/itk/18,../large_fep_dataset/data/fep_benchmark_processed/charge_annhil_itk_18.sdf,../large_fep_dataset/data/fep_benchmark_processed/charge_annhil_itk_protein.pdb,270,7.960668,8.096611,8.185846,7.570777,7.3116875,7.444527,7.1131144,7.84909,7.2536964,8.128839,7.6914854
271,charge_annhil/itk,charge_annhil/itk/19,../large_fep_dataset/data/fep_benchmark_processed/charge_annhil_itk_19.sdf,../large_fep_dataset/data/fep_benchmark_processed/charge_annhil_itk_protein.pdb,271,7.0855236,7.1645494,7.4182167,6.909229,7.0559506,6.6004014,6.074665,7.5475855,6.2698092,7.4228983,6.9548826
272,charge_annhil/thrombin_whole_map,charge_annhil/thrombin_whole_map/11,../large_fep_dataset/data/fep_benchmark_processed/charge_annhil_thrombin_whole_map_11.sdf,../large_fep_dataset/data/fep_benchmark_processed/charge_annhil_thrombin_whole_map_protein.pdb,272,5.173245,5.0982656,5.7532797,5.2788424,4.932395,5.053311,5.074159,4.737963,4.846751,5.4752164,5.142343
273,charge_annhil/thrombin_whole_map,charge_annhil/thrombin_whole_map/1,../large_fep_dataset/data/fep_benchmark_processed/charge_annhil_thrombin_whole_map_1.sdf,../large_fep_dataset/data/fep_benchmark_processed/charge_annhil_thrombin_whole_map_protein.pdb,273,5.280577,4.739469,5.4481053,4.9606476,4.939317,4.5418377,4.4422946,4.6391397,5.4189825,4.8688836,4.927926
274,charge_annhil/thrombin_whole_map,charge_annhil/thrombin_whole_map/3,../large_fep_dataset/data/fep_benchmark_processed/charge_annhil_thrombin_whole_map_3.sdf,../large_fep_dataset/data/fep_benchmark_processed/charge_annhil_thrombin_whole_map_protein.pdb,274,4.8330917,4.1960883,4.600332,4.2892785,4.348956,4.078531,4.0925293,4.2734714,4.2882924,4.2436895,4.3244257
275,charge_annhil/thrombin_whole_map,charge_annhil/thrombin_whole_map/jmb2009-4,../large_fep_dataset/data/fep_benchmark_processed/charge_annhil_thrombin_whole_map_jmb2009-4.sdf,../large_fep_dataset/data/fep_benchmark_processed/charge_annhil_thrombin_whole_map_protein.pdb,275,7.918245,8.195982,8.935233,8.1817875,7.8957934,7.6707354,7.3336763,7.497423,8.001965,8.226624,7.985747
276,charge_annhil/thrombin_whole_map,charge_annhil/thrombin_whole_map/10,../large_fep_dataset/data/fep_benchmark_processed/charge_annhil_thrombin_whole_map_10.sdf,../large_fep_dataset/data/fep_benchmark_processed/charge_annhil_thrombin_whole_map_protein.pdb,276,5.0541296,5.5831842,6.1623454,5.7851186,5.3610635,5.29682,5.1106744,5.7243557,4.999222,5.0112405,5.4088154
277,charge_annhil/thrombin_whole_map,charge_annhil/thrombin_whole_map/2,../large_fep_dataset/data/fep_benchmark_processed/charge_annhil_thrombin_whole_map_2.sdf,../large_fep_dataset/data/fep_benchmark_processed/charge_annhil_thrombin_whole_map_protein.pdb,277,4.089221,4.037158,4.2440143,4.42354,4.379862,4.198063,4.569616,4.274953,4.1578918,4.0790033,4.245332
278,charge_annhil/cdk2,charge_annhil/cdk2/39neu,../large_fep_dataset/data/fep_benchmark_processed/charge_annhil_cdk2_39neu.sdf,../large_fep_dataset/data/fep_benchmark_processed/charge_annhil_cdk2_protein.pdb,278,5.7510056,5.625978,5.912742,5.191056,5.8103375,5.5815854,5.4953356,5.6401973,5.310793,6.110325,5.6429358
279,charge_annhil/cdk2,charge_annhil/cdk2/39charg,../large_fep_dataset/data/fep_benchmark_processed/charge_annhil_cdk2_39charg.sdf,../large_fep_dataset/data/fep_benchmark_processed/charge_annhil_cdk2_protein.pdb,279,5.867732,5.618401,5.4960346,5.1258087,5.871465,5.485954,5.611973,5.4096603,5.0690317,6.0227923,5.557885
280,charge_annhil/cdk2,charge_annhil/cdk2/34,../large_fep_dataset/data/fep_benchmark_processed/charge_annhil_cdk2_34.sdf,../large_fep_dataset/data/fep_benchmark_processed/charge_annhil_cdk2_protein.pdb,280,5.7030034,5.866475,6.0020676,5.2685404,6.1892695,5.8131337,5.3836646,6.0286236,4.906652,6.178132,5.733956
281,charge_annhil/cdk2,charge_annhil/cdk2/25,../large_fep_dataset/data/fep_benchmark_processed/charge_annhil_cdk2_25.sdf,../large_fep_dataset/data/fep_benchmark_processed/charge_annhil_cdk2_protein.pdb,281,5.8927846,6.0018125,5.7346983,5.671318,6.018327,5.7335534,5.7339725,5.533159,5.0154505,6.3528857,5.768796
282,fragments/hsp90_frag_2rings,fragments/hsp90_frag_2rings/18,../large_fep_dataset/data/fep_benchmark_processed/fragments_hsp90_frag_2rings_18.sdf,../large_fep_dataset/data/fep_benchmark_processed/fragments_hsp90_frag_2rings_protein.pdb,282,7.0475464,6.991957,7.265607,7.1044674,6.8288975,6.7541537,6.527689,7.49183,7.3368244,6.6891513,7.003812
283,fragments/hsp90_frag_2rings,fragments/hsp90_frag_2rings/17,../large_fep_dataset/data/fep_benchmark_processed/fragments_hsp90_frag_2rings_17.sdf,../large_fep_dataset/data/fep_benchmark_processed/fragments_hsp90_frag_2rings_protein.pdb,283,6.63955,7.273794,7.5385404,7.008275,6.508266,7.06329,6.54426,7.5490537,7.387477,7.2712708,7.0783777
284,fragments/hsp90_frag_2rings,fragments/hsp90_frag_2rings/19,../large_fep_dataset/data/fep_benchmark_processed/fragments_hsp90_frag_2rings_19.sdf,../large_fep_dataset/data/fep_benchmark_processed/fragments_hsp90_frag_2rings_protein.pdb,284,6.9518447,7.278226,7.8021264,7.1374364,7.310616,7.1587853,7.0341287,7.397549,7.7115984,7.3662663,7.3148575
285,fragments/hsp90_frag_2rings,fragments/hsp90_frag_2rings/15,../large_fep_dataset/data/fep_benchmark_processed/fragments_hsp90_frag_2rings_15.sdf,../large_fep_dataset/data/fep_benchmark_processed/fragments_hsp90_frag_2rings_protein.pdb,285,6.8172016,6.9545555,6.972457,6.757523,6.1981645,6.37518,6.1812115,7.2118406,7.037233,6.3978405,6.6903205
286,fragments/hsp90_frag_2rings,fragments/hsp90_frag_2rings/14,../large_fep_dataset/data/fep_benchmark_processed/fragments_hsp90_frag_2rings_14.sdf,../large_fep_dataset/data/fep_benchmark_processed/fragments_hsp90_frag_2rings_protein.pdb,286,6.536759,7.0073857,6.8955984,6.3926015,6.11513,6.2802477,5.874061,7.0238805,6.4476857,6.1705756,6.474393
287,fragments/hsp90_frag_2rings,fragments/hsp90_frag_2rings/16,../large_fep_dataset/data/fep_benchmark_processed/fragments_hsp90_frag_2rings_16.sdf,../large_fep_dataset/data/fep_benchmark_processed/fragments_hsp90_frag_2rings_protein.pdb,287,7.161052,7.431688,7.675645,7.3840823,6.702415,7.333431,6.661267,7.400972,7.192321,7.0911427,7.203401
288,fragments/frag_liga_auto,fragments/frag_liga_auto/12,../large_fep_dataset/data/fep_benchmark_processed/fragments_frag_liga_auto_12.sdf,../large_fep_dataset/data/fep_benchmark_processed/fragments_frag_liga_auto_protein.pdb,288,6.3266997,7.157996,7.0173144,6.7379904,7.425352,6.589804,7.0549192,6.067916,7.3477426,7.6631756,6.9388914
289,fragments/frag_liga_auto,fragments/frag_liga_auto/9,../large_fep_dataset/data/fep_benchmark_processed/fragments_frag_liga_auto_9.sdf,../large_fep_dataset/data/fep_benchmark_processed/fragments_frag_liga_auto_protein.pdb,289,6.1559453,5.844817,5.9866767,6.736023,6.232479,6.043304,5.6165876,5.67296,5.8309274,6.810528,6.0930247
290,fragments/frag_liga_auto,fragments/frag_liga_auto/5,../large_fep_dataset/data/fep_benchmark_processed/fragments_frag_liga_auto_5.sdf,../large_fep_dataset/data/fep_benchmark_processed/fragments_frag_liga_auto_protein.pdb,290,4.6463118,4.9868994,4.62145,5.4555683,4.179838,4.217533,4.411113,4.675264,4.526972,4.5974364,4.6318383
291,fragments/frag_liga_auto,fragments/frag_liga_auto/6,../large_fep_dataset/data/fep_benchmark_processed/fragments_frag_liga_auto_6.sdf,../large_fep_dataset/data/fep_benchmark_processed/fragments_frag_liga_auto_protein.pdb,291,5.009021,5.821778,6.007656,5.760176,4.9593,5.5761156,5.5427814,5.541447,5.4276495,5.653596,5.529952
292,fragments/frag_liga_auto,fragments/frag_liga_auto/11,../large_fep_dataset/data/fep_benchmark_processed/fragments_frag_liga_auto_11.sdf,../large_fep_dataset/data/fep_benchmark_processed/fragments_frag_liga_auto_protein.pdb,292,6.4140463,6.6886215,6.3602614,7.086253,6.224282,6.275358,6.348583,6.1595016,6.4022055,7.505933,6.546504
293,fragments/frag_liga_auto,fragments/frag_liga_auto/10,../large_fep_dataset/data/fep_benchmark_processed/fragments_frag_liga_auto_10.sdf,../large_fep_dataset/data/fep_benchmark_processed/fragments_frag_liga_auto_protein.pdb,293,5.474244,5.3484607,5.524481,6.435551,5.9030714,5.691484,5.307836,6.002279,4.966126,6.1362863,5.6789813
294,fragments/frag_liga_auto,fragments/frag_liga_auto/8,../large_fep_dataset/data/fep_benchmark_processed/fragments_frag_liga_auto_8.sdf,../large_fep_dataset/data/fep_benchmark_processed/fragments_frag_liga_auto_protein.pdb,294,6.7529564,6.8363996,6.072914,7.0408196,6.242802,7.035559,5.8419065,6.908198,5.800349,6.679427,6.5211334
295,fragments/frag_liga_auto,fragments/frag_liga_auto/3,../large_fep_dataset/data/fep_benchmark_processed/fragments_frag_liga_auto_3.sdf,../large_fep_dataset/data/fep_benchmark_processed/fragments_frag_liga_auto_protein.pdb,295,4.65085,4.458576,4.30005,4.496886,4.723012,4.3249264,4.3270035,4.608427,3.9073424,4.1191998,4.3916273
296,fragments/frag_liga_auto,fragments/frag_liga_auto/7,../large_fep_dataset/data/fep_benchmark_processed/fragments_frag_liga_auto_7.sdf,../large_fep_dataset/data/fep_benchmark_processed/fragments_frag_liga_auto_protein.pdb,296,5.010748,5.0106044,5.1886797,5.4894485,4.8349056,4.5735607,4.669335,4.9485292,4.834831,5.226115,4.978676
297,fragments/frag_liga_auto,fragments/frag_liga_auto/13,../large_fep_dataset/data/fep_benchmark_processed/fragments_frag_liga_auto_13.sdf,../large_fep_dataset/data/fep_benchmark_processed/fragments_frag_liga_auto_protein.pdb,297,6.5035386,7.0628223,6.736127,6.6326246,6.934742,6.302635,6.4938602,5.7443647,6.896915,7.548362,6.6855993
298,fragments/frag_liga_auto,fragments/frag_liga_auto/4,../large_fep_dataset/data/fep_benchmark_processed/fragments_frag_liga_auto_4.sdf,../large_fep_dataset/data/fep_benchmark_processed/fragments_frag_liga_auto_protein.pdb,298,4.5302877,5.180278,4.968428,5.5438366,4.9337173,4.491112,4.461351,4.8721204,4.9920917,5.316612,4.928983
299,fragments/hsp90_frag_single_ring,fragments/hsp90_frag_single_ring/10,../large_fep_dataset/data/fep_benchmark_processed/fragments_hsp90_frag_single_ring_10.sdf,../large_fep_dataset/data/fep_benchmark_processed/fragments_hsp90_frag_single_ring_protein.pdb,299,5.4129243,5.666264,5.1422777,5.479736,5.826693,5.6382365,5.5412307,5.3851357,5.3249884,5.6779203,5.5095406
300,fragments/hsp90_frag_single_ring,fragments/hsp90_frag_single_ring/3,../large_fep_dataset/data/fep_benchmark_processed/fragments_hsp90_frag_single_ring_3.sdf,../large_fep_dataset/data/fep_benchmark_processed/fragments_hsp90_frag_single_ring_protein.pdb,300,5.661351,5.8520923,5.7995462,5.0969048,5.8210173,5.5271716,5.387888,5.9935875,5.3943114,5.541722,5.607559
301,fragments/hsp90_frag_single_ring,fragments/hsp90_frag_single_ring/9,../large_fep_dataset/data/fep_benchmark_processed/fragments_hsp90_frag_single_ring_9.sdf,../large_fep_dataset/data/fep_benchmark_processed/fragments_hsp90_frag_single_ring_protein.pdb,301,4.419008,5.517034,4.888928,4.947733,5.5176067,5.2682133,4.708651,5.424104,4.923589,5.3205576,5.093542
302,fragments/hsp90_frag_single_ring,fragments/hsp90_frag_single_ring/8,../large_fep_dataset/data/fep_benchmark_processed/fragments_hsp90_frag_single_ring_8.sdf,../large_fep_dataset/data/fep_benchmark_processed/fragments_hsp90_frag_single_ring_protein.pdb,302,4.954275,5.596321,6.380472,5.547935,5.2972317,5.648771,5.3001094,6.440898,5.7255936,5.893409,5.678502
303,fragments/hsp90_frag_single_ring,fragments/hsp90_frag_single_ring/11,../large_fep_dataset/data/fep_benchmark_processed/fragments_hsp90_frag_single_ring_11.sdf,../large_fep_dataset/data/fep_benchmark_processed/fragments_hsp90_frag_single_ring_protein.pdb,303,4.7703443,5.468719,5.798719,5.506495,5.406882,5.687442,4.7187266,5.5944314,6.1626544,6.1436443,5.5258055
304,fragments/hsp90_frag_single_ring,fragments/hsp90_frag_single_ring/12,../large_fep_dataset/data/fep_benchmark_processed/fragments_hsp90_frag_single_ring_12.sdf,../large_fep_dataset/data/fep_benchmark_processed/fragments_hsp90_frag_single_ring_protein.pdb,304,5.7063665,6.2408404,6.177708,6.1448193,5.818914,5.84061,5.014982,5.8665466,6.8468184,6.2568607,5.991446
305,fragments/hsp90_frag_single_ring,fragments/hsp90_frag_single_ring/2,../large_fep_dataset/data/fep_benchmark_processed/fragments_hsp90_frag_single_ring_2.sdf,../large_fep_dataset/data/fep_benchmark_processed/fragments_hsp90_frag_single_ring_protein.pdb,305,4.4724154,5.555082,5.504087,4.727049,5.2282567,5.311792,4.7779355,5.9488883,5.0235767,5.090937,5.164002
306,fragments/jak2_set1,fragments/jak2_set1/2_3E63,../large_fep_dataset/data/fep_benchmark_processed/fragments_jak2_set1_2_3E63.sdf,../large_fep_dataset/data/fep_benchmark_processed/fragments_jak2_set1_protein.pdb,306,5.686634,6.0821605,6.32029,5.9004517,5.731904,5.942625,6.0409417,6.1727767,5.7135324,5.9059367,5.949725
307,fragments/jak2_set1,fragments/jak2_set1/9,../large_fep_dataset/data/fep_benchmark_processed/fragments_jak2_set1_9.sdf,../large_fep_dataset/data/fep_benchmark_processed/fragments_jak2_set1_protein.pdb,307,6.6329794,6.505297,7.149585,7.1527824,6.677733,6.6025686,6.4762235,6.81163,6.496376,6.4749966,6.698017
308,fragments/jak2_set1,fragments/jak2_set1/8,../large_fep_dataset/data/fep_benchmark_processed/fragments_jak2_set1_8.sdf,../large_fep_dataset/data/fep_benchmark_processed/fragments_jak2_set1_protein.pdb,308,6.6507893,6.0531,6.5363984,7.057898,6.547822,6.3827977,6.476179,6.7290597,6.107327,6.088243,6.4629617
309,fragments/jak2_set1,fragments/jak2_set1/5,../large_fep_dataset/data/fep_benchmark_processed/fragments_jak2_set1_5.sdf,../large_fep_dataset/data/fep_benchmark_processed/fragments_jak2_set1_protein.pdb,309,5.600099,6.1723175,6.3659377,6.085081,6.9752607,6.221132,6.186729,6.3784356,6.0029488,6.1146207,6.210256
310,fragments/jak2_set1,fragments/jak2_set1/10,../large_fep_dataset/data/fep_benchmark_processed/fragments_jak2_set1_10.sdf,../large_fep_dataset/data/fep_benchmark_processed/fragments_jak2_set1_protein.pdb,310,6.971345,6.789536,7.161816,6.9941583,7.5306,6.554961,6.6279407,6.92024,6.6283274,7.1441107,6.9323034
311,fragments/jak2_set1,fragments/jak2_set1/4a,../large_fep_dataset/data/fep_benchmark_processed/fragments_jak2_set1_4a.sdf,../large_fep_dataset/data/fep_benchmark_processed/fragments_jak2_set1_protein.pdb,311,5.3706293,5.171728,5.2043633,5.360967,6.3698473,5.037378,4.9593477,5.872864,5.4033027,5.298286,5.404871
312,fragments/jak2_set1,fragments/jak2_set1/4b,../large_fep_dataset/data/fep_benchmark_processed/fragments_jak2_set1_4b.sdf,../large_fep_dataset/data/fep_benchmark_processed/fragments_jak2_set1_protein.pdb,312,5.3722177,5.324047,5.2021465,5.873696,6.479017,5.2906766,5.4981604,5.9577904,5.5535665,5.3668485,5.591817
313,fragments/jak2_set1,fragments/jak2_set1/6,../large_fep_dataset/data/fep_benchmark_processed/fragments_jak2_set1_6.sdf,../large_fep_dataset/data/fep_benchmark_processed/fragments_jak2_set1_protein.pdb,313,5.9998665,5.6742277,5.8052406,5.6438017,5.7835793,5.941195,6.142766,6.1440306,5.7129817,5.9261837,5.877387
314,fragments/jak2_set1,fragments/jak2_set1/3,../large_fep_dataset/data/fep_benchmark_processed/fragments_jak2_set1_3.sdf,../large_fep_dataset/data/fep_benchmark_processed/fragments_jak2_set1_protein.pdb,314,5.2293353,5.0393305,5.834093,5.3370004,5.4035892,5.588334,5.011718,5.5667152,5.828272,5.7410965,5.457948
315,fragments/jak2_set1,fragments/jak2_set1/1_3E62,../large_fep_dataset/data/fep_benchmark_processed/fragments_jak2_set1_1_3E62.sdf,../large_fep_dataset/data/fep_benchmark_processed/fragments_jak2_set1_protein.pdb,315,4.3526673,4.4638166,4.6315737,4.6910033,4.525452,5.125771,4.3611307,4.2621427,4.884328,4.6260996,4.592398
316,fragments/jak2_set1,fragments/jak2_set1/7,../large_fep_dataset/data/fep_benchmark_processed/fragments_jak2_set1_7.sdf,../large_fep_dataset/data/fep_benchmark_processed/fragments_jak2_set1_protein.pdb,316,6.6662307,5.7616463,6.6247735,6.2614255,6.286862,6.0747533,5.9830894,6.5339084,6.466496,6.464436,6.3123617
317,fragments/frag_mup1,fragments/frag_mup1/IBT,../large_fep_dataset/data/fep_benchmark_processed/fragments_frag_mup1_IBT.sdf,../large_fep_dataset/data/fep_benchmark_processed/fragments_frag_mup1_protein.pdb,317,3.3537962,3.966836,4.377648,4.339816,4.054582,5.026564,3.9081662,4.2357154,3.7547548,4.70319,4.1721067
318,fragments/frag_mup1,fragments/frag_mup1/MT,../large_fep_dataset/data/fep_benchmark_processed/fragments_frag_mup1_MT.sdf,../large_fep_dataset/data/fep_benchmark_processed/fragments_frag_mup1_protein.pdb,318,2.2410128,2.7144773,2.9952815,3.4388285,3.170471,3.6868727,3.1311617,2.728826,2.9540508,2.6531534,2.9714134
319,fragments/frag_mup1,fragments/frag_mup1/PT,../large_fep_dataset/data/fep_benchmark_processed/fragments_frag_mup1_PT.sdf,../large_fep_dataset/data/fep_benchmark_processed/fragments_frag_mup1_protein.pdb,319,3.0064082,3.8093936,4.451982,3.9275835,3.2297964,5.128187,4.1311398,3.52883,3.3410974,2.887391,3.7441807
320,fragments/frag_mup1,fragments/frag_mup1/SBT_R,../large_fep_dataset/data/fep_benchmark_processed/fragments_frag_mup1_SBT_R.sdf,../large_fep_dataset/data/fep_benchmark_processed/fragments_frag_mup1_protein.pdb,320,3.3704627,4.403033,4.989617,4.390618,3.8815248,5.499156,4.3709044,3.8661785,3.6864293,3.509511,4.1967435
321,fragments/frag_mup1,fragments/frag_mup1/SBT_S,../large_fep_dataset/data/fep_benchmark_processed/fragments_frag_mup1_SBT_S.sdf,../large_fep_dataset/data/fep_benchmark_processed/fragments_frag_mup1_protein.pdb,321,3.4788742,4.2492776,4.928363,4.2662363,3.8021863,5.547761,4.292154,3.677511,3.9746716,3.458952,4.1675987
322,fragments/frag_mup1,fragments/frag_mup1/IPT,../large_fep_dataset/data/fep_benchmark_processed/fragments_frag_mup1_IPT.sdf,../large_fep_dataset/data/fep_benchmark_processed/fragments_frag_mup1_protein.pdb,322,2.5617197,3.6977134,4.2935743,3.7854779,3.344959,4.2261696,3.932384,3.1686397,3.4501479,3.0137055,3.547449
323,fragments/frag_mup1,fragments/frag_mup1/ET,../large_fep_dataset/data/fep_benchmark_processed/fragments_frag_mup1_ET.sdf,../large_fep_dataset/data/fep_benchmark_processed/fragments_frag_mup1_protein.pdb,323,2.5239244,3.4817882,3.9131546,3.521517,2.8554332,4.2122893,3.7084649,2.726537,3.2070353,2.3373234,3.2487469
324,fragments/frag_p38,fragments/frag_p38/4,../large_fep_dataset/data/fep_benchmark_processed/fragments_frag_p38_4.sdf,../large_fep_dataset/data/fep_benchmark_processed/fragments_frag_p38_protein.pdb,324,3.922696,4.455852,4.892318,4.366354,4.4893465,4.456603,4.266704,4.34108,4.5997787,4.2186937,4.4009423
325,fragments/frag_p38,fragments/frag_p38/1_1W7H,../large_fep_dataset/data/fep_benchmark_processed/fragments_frag_p38_1_1W7H.sdf,../large_fep_dataset/data/fep_benchmark_processed/fragments_frag_p38_protein.pdb,325,3.0961857,3.9506044,4.025191,3.5050411,3.3925676,3.3486438,3.3248703,3.4799802,4.2867947,3.4435625,3.5853443
326,fragments/frag_p38,fragments/frag_p38/6,../large_fep_dataset/data/fep_benchmark_processed/fragments_frag_p38_6.sdf,../large_fep_dataset/data/fep_benchmark_processed/fragments_frag_p38_protein.pdb,326,4.1604414,4.6625247,4.596891,3.553791,4.887742,4.5954666,4.1364408,4.5089955,4.664158,4.462667,4.4229116
327,fragments/frag_p38,fragments/frag_p38/5_1WBW,../large_fep_dataset/data/fep_benchmark_processed/fragments_frag_p38_5_1WBW.sdf,../large_fep_dataset/data/fep_benchmark_processed/fragments_frag_p38_protein.pdb,327,4.6823435,5.05745,4.605843,4.5290728,4.2594852,4.182576,4.4289017,5.196426,5.8836355,5.222291,4.804803
328,fragments/frag_p38,fragments/frag_p38/7,../large_fep_dataset/data/fep_benchmark_processed/fragments_frag_p38_7.sdf,../large_fep_dataset/data/fep_benchmark_processed/fragments_frag_p38_protein.pdb,328,5.031872,5.09696,6.6457753,4.7309155,5.858631,5.2452497,5.0326877,5.5598316,4.7423615,5.8894343,5.383372
329,fragments/frag_p38,fragments/frag_p38/3,../large_fep_dataset/data/fep_benchmark_processed/fragments_frag_p38_3.sdf,../large_fep_dataset/data/fep_benchmark_processed/fragments_frag_p38_protein.pdb,329,2.9049685,4.300004,3.343698,3.3899333,3.2438147,3.1030166,2.8338168,2.957147,3.4282458,3.0744927,3.2579136
330,fragments/t4lysozyme_uvt,fragments/t4lysozyme_uvt/meta methyl ethyl benzene,../large_fep_dataset/data/fep_benchmark_processed/fragments_t4lysozyme_uvt_meta_methyl_ethyl_benzene.sdf,../large_fep_dataset/data/fep_benchmark_processed/fragments_t4lysozyme_uvt_protein.pdb,330,4.182274,4.357394,3.8970828,4.4157586,4.463646,3.8793972,4.323944,3.8535244,4.029243,4.0988126,4.1501074
331,fragments/t4lysozyme_uvt,fragments/t4lysozyme_uvt/methyl benzene,../large_fep_dataset/data/fep_benchmark_processed/fragments_t4lysozyme_uvt_methyl_benzene.sdf,../large_fep_dataset/data/fep_benchmark_processed/fragments_t4lysozyme_uvt_protein.pdb,331,4.3955317,4.261861,4.2219615,3.995185,4.654547,3.7520738,3.9844615,3.4197917,4.418356,3.8433242,4.094709
332,fragments/t4lysozyme_uvt,fragments/t4lysozyme_uvt/ethyl benzene,../large_fep_dataset/data/fep_benchmark_processed/fragments_t4lysozyme_uvt_ethyl_benzene.sdf,../large_fep_dataset/data/fep_benchmark_processed/fragments_t4lysozyme_uvt_protein.pdb,332,4.3416247,4.147703,3.7152636,4.4438367,4.6572866,3.8295977,4.5618567,3.847594,3.9178417,3.7380517,4.1200657
333,fragments/t4lysozyme_uvt,fragments/t4lysozyme_uvt/ortho methyl ethyl benzene,../large_fep_dataset/data/fep_benchmark_processed/fragments_t4lysozyme_uvt_ortho_methyl_ethyl_benzene.sdf,../large_fep_dataset/data/fep_benchmark_processed/fragments_t4lysozyme_uvt_protein.pdb,333,4.015561,4.62302,3.959696,4.350689,4.5261054,3.8523116,4.0101376,3.955303,4.0433106,3.8766618,4.1212797
334,fragments/t4lysozyme_uvt,fragments/t4lysozyme_uvt/m-xylene,../large_fep_dataset/data/fep_benchmark_processed/fragments_t4lysozyme_uvt_m-xylene.sdf,../large_fep_dataset/data/fep_benchmark_processed/fragments_t4lysozyme_uvt_protein.pdb,334,3.9803627,4.3460984,4.4564424,4.283656,4.2876196,3.9561486,3.793628,3.586475,4.198173,4.00389,4.0892496
335,fragments/t4lysozyme_uvt,fragments/t4lysozyme_uvt/p-xylene,../large_fep_dataset/data/fep_benchmark_processed/fragments_t4lysozyme_uvt_p-xylene.sdf,../large_fep_dataset/data/fep_benchmark_processed/fragments_t4lysozyme_uvt_protein.pdb,335,3.9326873,4.432163,4.176673,4.031232,4.2281895,3.704249,4.0290575,3.32536,4.5117764,3.8645048,4.023589
336,fragments/t4lysozyme_uvt,fragments/t4lysozyme_uvt/o-xylene,../large_fep_dataset/data/fep_benchmark_processed/fragments_t4lysozyme_uvt_o-xylene.sdf,../large_fep_dataset/data/fep_benchmark_processed/fragments_t4lysozyme_uvt_protein.pdb,336,4.2415533,4.846811,4.324587,4.185713,4.4269805,3.794604,3.7163286,3.6088245,4.3337603,4.0022116,4.148137
337,fragments/t4lysozyme_uvt,fragments/t4lysozyme_uvt/butyl benzene,../large_fep_dataset/data/fep_benchmark_processed/fragments_t4lysozyme_uvt_butyl_benzene.sdf,../large_fep_dataset/data/fep_benchmark_processed/fragments_t4lysozyme_uvt_protein.pdb,337,4.9593773,4.9825873,4.932276,5.1065645,4.9254985,4.2657995,4.652985,4.335378,5.602217,4.6639667,4.842665
338,fragments/t4lysozyme_uvt,fragments/t4lysozyme_uvt/propyl benzene,../large_fep_dataset/data/fep_benchmark_processed/fragments_t4lysozyme_uvt_propyl_benzene.sdf,../large_fep_dataset/data/fep_benchmark_processed/fragments_t4lysozyme_uvt_protein.pdb,338,4.3963003,4.3403444,3.733787,4.101389,4.702494,3.5463595,4.3961644,4.1735373,4.352352,3.7927206,4.153545
339,fragments/t4lysozyme_uvt,fragments/t4lysozyme_uvt/para methyl ethyl benzene,../large_fep_dataset/data/fep_benchmark_processed/fragments_t4lysozyme_uvt_para_methyl_ethyl_benzene.sdf,../large_fep_dataset/data/fep_benchmark_processed/fragments_t4lysozyme_uvt_protein.pdb,339,3.9323895,4.073945,3.5149724,4.355176,4.4500694,3.723735,4.1822753,3.7028024,4.29649,3.7072783,3.9939137
340,fragments/t4lysozyme_uvt,fragments/t4lysozyme_uvt/benzene,../large_fep_dataset/data/fep_benchmark_processed/fragments_t4lysozyme_uvt_benzene.sdf,../large_fep_dataset/data/fep_benchmark_processed/fragments_t4lysozyme_uvt_protein.pdb,340,4.6890793,4.0640697,3.6639698,3.9314475,4.5941105,4.008477,4.2174134,3.2496645,4.5745435,3.7399492,4.073272
341,fragments/t4lysozyme_uvt,fragments/t4lysozyme_uvt/isobutyl benzene,../large_fep_dataset/data/fep_benchmark_processed/fragments_t4lysozyme_uvt_isobutyl_benzene.sdf,../large_fep_dataset/data/fep_benchmark_processed/fragments_t4lysozyme_uvt_protein.pdb,341,4.1222878,4.573928,3.7605605,4.7403965,4.6406555,3.7575748,4.5287666,4.194825,5.2176213,3.9664917,4.3503103
342,fragments/frag_mcl1_noweak,fragments/frag_mcl1_noweak/2,../large_fep_dataset/data/fep_benchmark_processed/fragments_frag_mcl1_noweak_2.sdf,../large_fep_dataset/data/fep_benchmark_processed/fragments_frag_mcl1_noweak_protein.pdb,342,3.8177233,4.693343,4.480912,4.3534822,4.7981925,4.334305,4.2307816,4.0873938,3.7384198,5.0243883,4.355894
343,fragments/frag_mcl1_noweak,fragments/frag_mcl1_noweak/3,../large_fep_dataset/data/fep_benchmark_processed/fragments_frag_mcl1_noweak_3.sdf,../large_fep_dataset/data/fep_benchmark_processed/fragments_frag_mcl1_noweak_protein.pdb,343,4.487074,5.280138,5.1010966,5.235514,5.5621843,4.608869,4.6970644,4.7849717,4.577423,5.443989,4.977833
344,fragments/frag_mcl1_noweak,fragments/frag_mcl1_noweak/4,../large_fep_dataset/data/fep_benchmark_processed/fragments_frag_mcl1_noweak_4.sdf,../large_fep_dataset/data/fep_benchmark_processed/fragments_frag_mcl1_noweak_protein.pdb,344,4.8845596,5.701985,5.5639095,5.4692254,5.4213905,4.335569,4.3886666,4.7988605,4.9841805,6.212109,5.1760454
345,fragments/frag_mcl1_noweak,fragments/frag_mcl1_noweak/5,../large_fep_dataset/data/fep_benchmark_processed/fragments_frag_mcl1_noweak_5.sdf,../large_fep_dataset/data/fep_benchmark_processed/fragments_frag_mcl1_noweak_protein.pdb,345,4.2965093,5.306406,5.3202777,5.192555,5.7234855,4.6207604,5.263137,4.4758124,5.090614,5.504528,5.079408
346,fragments/frag_mcl1_noweak,fragments/frag_mcl1_noweak/7,../large_fep_dataset/data/fep_benchmark_processed/fragments_frag_mcl1_noweak_7.sdf,../large_fep_dataset/data/fep_benchmark_processed/fragments_frag_mcl1_noweak_protein.pdb,346,4.1242237,5.0987444,4.762218,5.376081,5.0000944,4.446395,4.0981236,5.5050373,4.295088,4.406866,4.7112875
347,fragments/frag_mcl1_noweak,fragments/frag_mcl1_noweak/8,../large_fep_dataset/data/fep_benchmark_processed/fragments_frag_mcl1_noweak_8.sdf,../large_fep_dataset/data/fep_benchmark_processed/fragments_frag_mcl1_noweak_protein.pdb,347,4.7104573,5.674332,5.1315885,5.6363773,5.227088,4.5168705,4.606092,5.329539,4.7648325,4.9631076,5.056029
348,fragments/frag_mcl1_noweak,fragments/frag_mcl1_noweak/9,../large_fep_dataset/data/fep_benchmark_processed/fragments_frag_mcl1_noweak_9.sdf,../large_fep_dataset/data/fep_benchmark_processed/fragments_frag_mcl1_noweak_protein.pdb,348,4.1273265,3.9659672,4.68645,4.7105937,4.7207427,4.4341836,4.14084,4.8984494,4.042593,4.185869,4.3913016
349,fragments/frag_mcl1_noweak,fragments/frag_mcl1_noweak/10,../large_fep_dataset/data/fep_benchmark_processed/fragments_frag_mcl1_noweak_10.sdf,../large_fep_dataset/data/fep_benchmark_processed/fragments_frag_mcl1_noweak_protein.pdb,349,4.6961565,4.7406206,5.220064,5.0191636,5.482828,4.7873087,4.98499,5.0740805,5.0939937,4.7232513,4.9822454
350,fragments/frag_mcl1_noweak,fragments/frag_mcl1_noweak/11,../large_fep_dataset/data/fep_benchmark_processed/fragments_frag_mcl1_noweak_11.sdf,../large_fep_dataset/data/fep_benchmark_processed/fragments_frag_mcl1_noweak_protein.pdb,350,5.5701895,5.1580434,5.3304276,5.95,6.3593793,4.945321,5.506842,5.4010687,5.659693,5.9601173,5.5841084
351,fragments/frag_mcl1_noweak,fragments/frag_mcl1_noweak/14,../large_fep_dataset/data/fep_benchmark_processed/fragments_frag_mcl1_noweak_14.sdf,../large_fep_dataset/data/fep_benchmark_processed/fragments_frag_mcl1_noweak_protein.pdb,351,4.7716107,4.275663,4.352392,4.6040735,5.2132635,4.7337165,4.7993383,4.959496,4.402385,4.673151,4.6785088
352,fragments/frag_mcl1_noweak,fragments/frag_mcl1_noweak/15,../large_fep_dataset/data/fep_benchmark_processed/fragments_frag_mcl1_noweak_15.sdf,../large_fep_dataset/data/fep_benchmark_processed/fragments_frag_mcl1_noweak_protein.pdb,352,5.664621,5.446963,5.545596,5.472618,5.6442075,5.296647,5.7768536,5.992507,5.408173,5.360619,5.56088
353,fragments/frag_mcl1_noweak,fragments/frag_mcl1_noweak/13 flipped,../large_fep_dataset/data/fep_benchmark_processed/fragments_frag_mcl1_noweak_13_flipped.sdf,../large_fep_dataset/data/fep_benchmark_processed/fragments_frag_mcl1_noweak_protein.pdb,353,4.17664,4.7685237,4.762394,4.489557,4.749255,4.62143,4.868162,4.6598573,4.2193904,4.696018,4.601123
354,fragments/jak2_set2_extra,fragments/jak2_set2_extra/13_3E64,../large_fep_dataset/data/fep_benchmark_processed/fragments_jak2_set2_extra_13_3E64.sdf,../large_fep_dataset/data/fep_benchmark_processed/fragments_jak2_set2_extra_protein.pdb,354,6.9488683,7.19329,6.644819,7.1388593,7.3935094,6.7301383,7.324112,7.0066977,7.388828,7.285788,7.1054907
355,fragments/jak2_set2_extra,fragments/jak2_set2_extra/21,../large_fep_dataset/data/fep_benchmark_processed/fragments_jak2_set2_extra_21.sdf,../large_fep_dataset/data/fep_benchmark_processed/fragments_jak2_set2_extra_protein.pdb,355,7.246091,7.170339,6.9757743,7.382926,7.6232843,6.9212728,7.6655912,7.2259793,7.194567,7.2162313,7.2622056
356,fragments/jak2_set2_extra,fragments/jak2_set2_extra/20,../large_fep_dataset/data/fep_benchmark_processed/fragments_jak2_set2_extra_20.sdf,../large_fep_dataset/data/fep_benchmark_processed/fragments_jak2_set2_extra_protein.pdb,356,7.2639885,7.390927,7.5858517,7.388237,7.7545333,6.907244,7.571575,7.4264565,7.402622,7.472035,7.4163475
357,fragments/jak2_set2_extra,fragments/jak2_set2_extra/18,../large_fep_dataset/data/fep_benchmark_processed/fragments_jak2_set2_extra_18.sdf,../large_fep_dataset/data/fep_benchmark_processed/fragments_jak2_set2_extra_protein.pdb,357,6.6329274,6.766013,6.379698,6.3381314,6.6205683,6.7689204,6.2937465,6.8145194,7.0013986,6.7251134,6.6341043
358,fragments/jak2_set2_extra,fragments/jak2_set2_extra/14,../large_fep_dataset/data/fep_benchmark_processed/fragments_jak2_set2_extra_14.sdf,../large_fep_dataset/data/fep_benchmark_processed/fragments_jak2_set2_extra_protein.pdb,358,7.154817,7.316213,7.0598907,6.9437723,7.6129904,7.0901566,7.1965895,7.3786445,6.6786795,7.185993,7.161775
359,fragments/jak2_set2_extra,fragments/jak2_set2_extra/12,../large_fep_dataset/data/fep_benchmark_processed/fragments_jak2_set2_extra_12.sdf,../large_fep_dataset/data/fep_benchmark_processed/fragments_jak2_set2_extra_protein.pdb,359,7.009808,7.289263,6.8602924,7.0983844,7.393354,7.1906004,7.4072566,7.0694795,7.2663283,7.071199,7.165597
360,fragments/jak2_set2_extra,fragments/jak2_set2_extra/15,../large_fep_dataset/data/fep_benchmark_processed/fragments_jak2_set2_extra_15.sdf,../large_fep_dataset/data/fep_benchmark_processed/fragments_jak2_set2_extra_protein.pdb,360,6.608712,6.9416018,6.897698,7.15766,7.4657474,6.489905,7.153208,7.536308,6.91448,7.0413113,7.0206633
361,fragments/jak2_set2_extra,fragments/jak2_set2_extra/22 flip,../large_fep_dataset/data/fep_benchmark_processed/fragments_jak2_set2_extra_22_flip.sdf,../large_fep_dataset/data/fep_benchmark_processed/fragments_jak2_set2_extra_protein.pdb,361,7.4142156,7.901004,7.9270797,8.0039835,7.9139695,7.6885166,7.1103816,7.3191867,7.417708,7.6616735,7.6357718
362,macrocycles/3RKZ_lig62to70_alpha05,macrocycles/3RKZ_lig62to70_alpha05/lignad_63,../large_fep_dataset/data/fep_benchmark_processed/macrocycles_3RKZ_lig62to70_alpha05_lignad_63.sdf,../large_fep_dataset/data/fep_benchmark_processed/macrocycles_3RKZ_lig62to70_alpha05_protein.pdb,362,7.1943026,7.245131,6.287143,6.8413606,6.8202996,6.899175,6.7760477,6.857083,6.758895,7.146357,6.882579
363,macrocycles/3RKZ_lig62to70_alpha05,macrocycles/3RKZ_lig62to70_alpha05/ligand_69,../large_fep_dataset/data/fep_benchmark_processed/macrocycles_3RKZ_lig62to70_alpha05_ligand_69.sdf,../large_fep_dataset/data/fep_benchmark_processed/macrocycles_3RKZ_lig62to70_alpha05_protein.pdb,363,7.1651793,7.265953,6.8422847,7.1434584,7.10375,7.2617927,7.0695634,7.1193542,7.119378,7.011994,7.1102705
364,macrocycles/3RKZ_lig62to70_alpha05,macrocycles/3RKZ_lig62to70_alpha05/ligand_62,../large_fep_dataset/data/fep_benchmark_processed/macrocycles_3RKZ_lig62to70_alpha05_ligand_62.sdf,../large_fep_dataset/data/fep_benchmark_processed/macrocycles_3RKZ_lig62to70_alpha05_protein.pdb,364,6.6714287,6.9423366,6.7326136,6.9308176,6.75872,6.9431696,6.5520573,7.080102,6.7436833,7.0286508,6.8383574
365,macrocycles/3RKZ_lig62to70_alpha05,macrocycles/3RKZ_lig62to70_alpha05/lignad_65,../large_fep_dataset/data/fep_benchmark_processed/macrocycles_3RKZ_lig62to70_alpha05_lignad_65.sdf,../large_fep_dataset/data/fep_benchmark_processed/macrocycles_3RKZ_lig62to70_alpha05_protein.pdb,365,6.941805,7.029436,6.4879737,6.801927,6.554667,6.6373005,6.446528,6.6859293,6.4030957,6.9918065,6.6980467
366,macrocycles/3RKZ_lig62to70_alpha05,macrocycles/3RKZ_lig62to70_alpha05/lignad_68,../large_fep_dataset/data/fep_benchmark_processed/macrocycles_3RKZ_lig62to70_alpha05_lignad_68.sdf,../large_fep_dataset/data/fep_benchmark_processed/macrocycles_3RKZ_lig62to70_alpha05_protein.pdb,366,7.60742,7.2981086,6.3094974,7.202383,6.8419924,7.021042,7.1255546,7.1512504,7.097479,7.4394984,7.109422
367,macrocycles/3RKZ_lig62to70_alpha05,macrocycles/3RKZ_lig62to70_alpha05/ligand_64,../large_fep_dataset/data/fep_benchmark_processed/macrocycles_3RKZ_lig62to70_alpha05_ligand_64.sdf,../large_fep_dataset/data/fep_benchmark_processed/macrocycles_3RKZ_lig62to70_alpha05_protein.pdb,367,7.1093655,6.992095,7.025527,6.96056,7.0417194,7.2856636,7.070036,7.0231113,6.7088037,7.043908,7.0260787
368,macrocycles/3RKZ_lig62to70_alpha05,macrocycles/3RKZ_lig62to70_alpha05/ligand_70,../large_fep_dataset/data/fep_benchmark_processed/macrocycles_3RKZ_lig62to70_alpha05_ligand_70.sdf,../large_fep_dataset/data/fep_benchmark_processed/macrocycles_3RKZ_lig62to70_alpha05_protein.pdb,368,7.320632,7.231939,7.1512904,7.3178053,7.3602233,7.158474,6.856288,6.985689,7.1738944,7.1752048,7.173144
369,macrocycles/MHT1_lig3_alpha05,macrocycles/MHT1_lig3_alpha05/5AN26_ligand,../large_fep_dataset/data/fep_benchmark_processed/macrocycles_MHT1_lig3_alpha05_5AN26_ligand.sdf,../large_fep_dataset/data/fep_benchmark_processed/macrocycles_MHT1_lig3_alpha05_protein.pdb,369,6.0414805,7.0964437,6.8367376,6.674153,6.2025013,6.768962,5.7741604,5.857696,7.1190443,6.687108,6.505829
370,macrocycles/MHT1_lig3_alpha05,macrocycles/MHT1_lig3_alpha05/5ANT_A_ligand,../large_fep_dataset/data/fep_benchmark_processed/macrocycles_MHT1_lig3_alpha05_5ANT_A_ligand.sdf,../large_fep_dataset/data/fep_benchmark_processed/macrocycles_MHT1_lig3_alpha05_protein.pdb,370,6.359964,7.5066223,7.2972093,7.0444155,6.540985,6.83899,6.288722,6.7040086,7.550835,6.900382,6.9032135
371,macrocycles/MHT1_lig3_alpha05,macrocycles/MHT1_lig3_alpha05/5ANU_ligand,../large_fep_dataset/data/fep_benchmark_processed/macrocycles_MHT1_lig3_alpha05_5ANU_ligand.sdf,../large_fep_dataset/data/fep_benchmark_processed/macrocycles_MHT1_lig3_alpha05_protein.pdb,371,6.453915,7.7948365,6.9068584,7.354826,6.8330965,6.8542695,6.595466,6.3542495,6.5593443,7.1245213,6.883138
372,macrocycles/2B8V_lig24and25_alpha05,macrocycles/2B8V_lig24and25_alpha05/ligand25_S,../large_fep_dataset/data/fep_benchmark_processed/macrocycles_2B8V_lig24and25_alpha05_ligand25_S.sdf,../large_fep_dataset/data/fep_benchmark_processed/macrocycles_2B8V_lig24and25_alpha05_protein.pdb,372,5.6962385,5.784688,6.312386,5.9878826,6.2178674,6.494908,6.2516794,6.105111,6.10874,6.043451,6.1002946
373,macrocycles/2B8V_lig24and25_alpha05,macrocycles/2B8V_lig24and25_alpha05/ligand24_S,../large_fep_dataset/data/fep_benchmark_processed/macrocycles_2B8V_lig24and25_alpha05_ligand24_S.sdf,../large_fep_dataset/data/fep_benchmark_processed/macrocycles_2B8V_lig24and25_alpha05_protein.pdb,373,6.879418,6.6873345,6.576563,6.547753,7.247825,7.1522236,6.9019322,6.6331306,6.064488,6.852361,6.754303
374,macrocycles/ck2_custcore_hotlys,macrocycles/ck2_custcore_hotlys/ligand_15,../large_fep_dataset/data/fep_benchmark_processed/macrocycles_ck2_custcore_hotlys_ligand_15.sdf,../large_fep_dataset/data/fep_benchmark_processed/macrocycles_ck2_custcore_hotlys_protein.pdb,374,7.746189,7.5246015,8.0908165,8.542695,8.173182,8.325858,7.653923,7.7186103,7.741673,7.4832625,7.9000807
375,macrocycles/ck2_custcore_hotlys,macrocycles/ck2_custcore_hotlys/ligand_14,../large_fep_dataset/data/fep_benchmark_processed/macrocycles_ck2_custcore_hotlys_ligand_14.sdf,../large_fep_dataset/data/fep_benchmark_processed/macrocycles_ck2_custcore_hotlys_protein.pdb,375,9.497841,9.612872,9.104517,8.898716,9.587677,9.177716,8.990101,8.588557,9.021344,9.633106,9.211245
376,macrocycles/2E9P_lig4to7_alpha05,macrocycles/2E9P_lig4to7_alpha05/ligand_5,../large_fep_dataset/data/fep_benchmark_processed/macrocycles_2E9P_lig4to7_alpha05_ligand_5.sdf,../large_fep_dataset/data/fep_benchmark_processed/macrocycles_2E9P_lig4to7_alpha05_protein.pdb,376,7.829699,7.0336804,8.071146,7.541623,7.477168,7.9981327,7.0206265,7.7600584,7.165509,6.8757706,7.4773417
377,macrocycles/2E9P_lig4to7_alpha05,macrocycles/2E9P_lig4to7_alpha05/ligand_7,../large_fep_dataset/data/fep_benchmark_processed/macrocycles_2E9P_lig4to7_alpha05_ligand_7.sdf,../large_fep_dataset/data/fep_benchmark_processed/macrocycles_2E9P_lig4to7_alpha05_protein.pdb,377,7.910327,7.872671,8.38267,8.108062,8.014047,8.324979,7.662265,7.6784697,7.385435,6.964204,7.830313
378,macrocycles/2E9P_lig4to7_alpha05,macrocycles/2E9P_lig4to7_alpha05/ligand_4,../large_fep_dataset/data/fep_benchmark_processed/macrocycles_2E9P_lig4to7_alpha05_ligand_4.sdf,../large_fep_dataset/data/fep_benchmark_processed/macrocycles_2E9P_lig4to7_alpha05_protein.pdb,378,7.1037455,6.579589,7.4567547,6.645923,6.878955,6.97507,7.6378627,7.437323,6.859074,6.1663413,6.974064
379,macrocycles/2E9P_lig4to7_alpha05,macrocycles/2E9P_lig4to7_alpha05/ligand_6,../large_fep_dataset/data/fep_benchmark_processed/macrocycles_2E9P_lig4to7_alpha05_ligand_6.sdf,../large_fep_dataset/data/fep_benchmark_processed/macrocycles_2E9P_lig4to7_alpha05_protein.pdb,379,7.7630544,7.448762,8.397681,7.6087685,7.7618284,8.296786,7.1951585,7.858793,7.16127,6.676995,7.61691
380,macrocycles/2Q15_lig17to21_alpha05,macrocycles/2Q15_lig17to21_alpha05/ligand_20_S,../large_fep_dataset/data/fep_benchmark_processed/macrocycles_2Q15_lig17to21_alpha05_ligand_20_S.sdf,../large_fep_dataset/data/fep_benchmark_processed/macrocycles_2Q15_lig17to21_alpha05_protein.pdb,380,7.385269,7.7353196,7.6441984,7.867722,7.4586987,7.353118,7.2997804,7.5325837,7.549359,7.4788203,7.530487
381,macrocycles/2Q15_lig17to21_alpha05,macrocycles/2Q15_lig17to21_alpha05/ligand_21,../large_fep_dataset/data/fep_benchmark_processed/macrocycles_2Q15_lig17to21_alpha05_ligand_21.sdf,../large_fep_dataset/data/fep_benchmark_processed/macrocycles_2Q15_lig17to21_alpha05_protein.pdb,381,7.387081,7.531993,7.79721,8.031948,7.475612,7.0061927,7.195486,7.5163684,7.6454906,7.417041,7.5004416
382,macrocycles/2Q15_lig17to21_alpha05,macrocycles/2Q15_lig17to21_alpha05/ligand_18,../large_fep_dataset/data/fep_benchmark_processed/macrocycles_2Q15_lig17to21_alpha05_ligand_18.sdf,../large_fep_dataset/data/fep_benchmark_processed/macrocycles_2Q15_lig17to21_alpha05_protein.pdb,382,8.27625,7.8730655,7.8859286,7.888673,8.142993,7.9003167,7.9056544,7.795596,7.7449145,7.879352,7.929274
383,macrocycles/2Q15_lig17to21_alpha05,macrocycles/2Q15_lig17to21_alpha05/ligand_17_enu,../large_fep_dataset/data/fep_benchmark_processed/macrocycles_2Q15_lig17to21_alpha05_ligand_17_enu.sdf,../large_fep_dataset/data/fep_benchmark_processed/macrocycles_2Q15_lig17to21_alpha05_protein.pdb,383,7.3027334,7.8324733,7.1773715,7.816499,7.329295,6.8825135,7.2426324,7.5313835,7.1698346,7.401856,7.36866
384,macrocycles/2Q15_lig17to21_alpha05,macrocycles/2Q15_lig17to21_alpha05/ligand_19,../large_fep_dataset/data/fep_benchmark_processed/macrocycles_2Q15_lig17to21_alpha05_ligand_19.sdf,../large_fep_dataset/data/fep_benchmark_processed/macrocycles_2Q15_lig17to21_alpha05_protein.pdb,384,7.535788,7.7161217,7.7004375,7.8517385,7.366684,7.2947855,7.1556263,7.49813,7.4165874,7.524641,7.506054
385,macrocycles/hsp90_3hvd_custcore,macrocycles/hsp90_3hvd_custcore/lig_3B27,../large_fep_dataset/data/fep_benchmark_processed/macrocycles_hsp90_3hvd_custcore_lig_3B27.sdf,../large_fep_dataset/data/fep_benchmark_processed/macrocycles_hsp90_3hvd_custcore_protein.pdb,385,5.369234,5.3196054,4.832831,5.0722528,4.9998226,5.1104865,4.476181,4.531937,4.9116716,4.649592,4.9273615
386,macrocycles/hsp90_3hvd_custcore,macrocycles/hsp90_3hvd_custcore/18 minimized,../large_fep_dataset/data/fep_benchmark_processed/macrocycles_hsp90_3hvd_custcore_18_minimized.sdf,../large_fep_dataset/data/fep_benchmark_processed/macrocycles_hsp90_3hvd_custcore_protein.pdb,386,6.2048445,7.026523,7.0097075,7.0985,6.993935,7.121954,7.081307,7.3270397,7.463077,6.8616467,7.018853
387,macrocycles/hsp90_3hvd_custcore,"macrocycles/hsp90_3hvd_custcore/8, 3VHA","../large_fep_dataset/data/fep_benchmark_processed/macrocycles_hsp90_3hvd_custcore_8,_3VHA.sdf",../large_fep_dataset/data/fep_benchmark_processed/macrocycles_hsp90_3hvd_custcore_protein.pdb,387,5.870268,5.9729013,5.788147,6.630372,5.9955,5.882502,6.1330857,6.483655,6.7666945,6.1488156,6.167194
388,macrocycles/hsp90_3hvd_custcore,macrocycles/hsp90_3hvd_custcore/13,../large_fep_dataset/data/fep_benchmark_processed/macrocycles_hsp90_3hvd_custcore_13.sdf,../large_fep_dataset/data/fep_benchmark_processed/macrocycles_hsp90_3hvd_custcore_protein.pdb,388,6.089214,6.893278,6.5881653,7.0921836,7.0919557,6.7716393,6.84263,7.042191,7.4716735,6.8510017,6.873393
389,macrocycles/hsp90_3hvd_custcore,macrocycles/hsp90_3hvd_custcore/9,../large_fep_dataset/data/fep_benchmark_processed/macrocycles_hsp90_3hvd_custcore_9.sdf,../large_fep_dataset/data/fep_benchmark_processed/macrocycles_hsp90_3hvd_custcore_protein.pdb,389,5.7652903,6.1023927,6.0512896,6.7298203,6.0794935,5.912822,6.105788,6.4415774,6.782298,5.977624,6.19484
390,macrocycles/hsp90_3hvd_custcore,"macrocycles/hsp90_3hvd_custcore/16, 3VHD","../large_fep_dataset/data/fep_benchmark_processed/macrocycles_hsp90_3hvd_custcore_16,_3VHD.sdf",../large_fep_dataset/data/fep_benchmark_processed/macrocycles_hsp90_3hvd_custcore_protein.pdb,390,6.3636346,7.1499147,7.102239,6.917187,7.0149574,7.0200005,6.8831873,7.204308,7.432837,7.1562104,7.0244474
391,macrocycles/hsp90_3hvd_custcore,"macrocycles/hsp90_3hvd_custcore/11, 3VHC","../large_fep_dataset/data/fep_benchmark_processed/macrocycles_hsp90_3hvd_custcore_11,_3VHC.sdf",../large_fep_dataset/data/fep_benchmark_processed/macrocycles_hsp90_3hvd_custcore_protein.pdb,391,6.534688,7.0615788,6.8599586,7.306869,6.8613005,6.677608,6.48599,7.1592646,7.5427775,7.08754,6.9577575
392,macrocycles/hsp90_3hvd_custcore,macrocycles/hsp90_3hvd_custcore/12,../large_fep_dataset/data/fep_benchmark_processed/macrocycles_hsp90_3hvd_custcore_12.sdf,../large_fep_dataset/data/fep_benchmark_processed/macrocycles_hsp90_3hvd_custcore_protein.pdb,392,6.12223,6.827266,6.782742,7.1598525,7.0090017,6.849492,6.866321,7.105426,7.5467615,7.0163646,6.9285455
393,macrocycles/hsp90_3hvd_custcore,macrocycles/hsp90_3hvd_custcore/7,../large_fep_dataset/data/fep_benchmark_processed/macrocycles_hsp90_3hvd_custcore_7.sdf,../large_fep_dataset/data/fep_benchmark_processed/macrocycles_hsp90_3hvd_custcore_protein.pdb,393,5.858861,5.9430766,5.801288,6.6302423,5.9442806,5.888181,6.1137037,6.432668,6.553949,6.0755615,6.124181
394,macrocycles/hsp90_3hvd_custcore,"macrocycles/hsp90_3hvd_custcore/17, top conformer","../large_fep_dataset/data/fep_benchmark_processed/macrocycles_hsp90_3hvd_custcore_17,_top_conformer.sdf",../large_fep_dataset/data/fep_benchmark_processed/macrocycles_hsp90_3hvd_custcore_protein.pdb,394,6.3660398,7.096749,6.7451997,7.0617986,6.8471003,7.045036,7.0686975,7.4083333,7.4132304,6.878256,6.9930444
395,scaffold_hopping/Fxa_2ei8,scaffold_hopping/Fxa_2ei8/Edoxaban,../large_fep_dataset/data/fep_benchmark_processed/scaffold_hopping_Fxa_2ei8_Edoxaban.sdf,../large_fep_dataset/data/fep_benchmark_processed/scaffold_hopping_Fxa_2ei8_protein.pdb,395,8.107796,7.790755,8.5487385,8.032802,7.795251,8.017216,7.784029,8.010709,8.104445,7.5299034,7.972165
396,scaffold_hopping/Fxa_2ei8,scaffold_hopping/Fxa_2ei8/4d,../large_fep_dataset/data/fep_benchmark_processed/scaffold_hopping_Fxa_2ei8_4d.sdf,../large_fep_dataset/data/fep_benchmark_processed/scaffold_hopping_Fxa_2ei8_protein.pdb,396,8.180098,7.9981103,7.9796653,8.21213,7.6658306,8.265771,7.924224,8.371593,8.233885,7.8079767,8.063929
397,scaffold_hopping/Fxa_2ei8,scaffold_hopping/Fxa_2ei8/4c,../large_fep_dataset/data/fep_benchmark_processed/scaffold_hopping_Fxa_2ei8_4c.sdf,../large_fep_dataset/data/fep_benchmark_processed/scaffold_hopping_Fxa_2ei8_protein.pdb,397,8.129417,7.879162,7.947384,8.320632,7.5899563,8.150657,8.099651,8.412034,8.3899975,7.643205,8.0562105
398,scaffold_hopping/TPSB2_3v7t,scaffold_hopping/TPSB2_3v7t/1,../large_fep_dataset/data/fep_benchmark_processed/scaffold_hopping_TPSB2_3v7t_1.sdf,../large_fep_dataset/data/fep_benchmark_processed/scaffold_hopping_TPSB2_3v7t_protein.pdb,398,7.2563863,6.967101,7.286437,7.27459,7.113665,6.983128,6.784263,6.629217,6.5776095,7.2147264,7.008713
399,scaffold_hopping/TPSB2_3v7t,scaffold_hopping/TPSB2_3v7t/2,../large_fep_dataset/data/fep_benchmark_processed/scaffold_hopping_TPSB2_3v7t_2.sdf,../large_fep_dataset/data/fep_benchmark_processed/scaffold_hopping_TPSB2_3v7t_protein.pdb,399,7.9432063,7.2547193,8.038227,7.525094,7.552968,7.2954264,7.210529,7.1231356,7.078268,7.3149357,7.43365
400,scaffold_hopping/Bace1_4zsp,scaffold_hopping/Bace1_4zsp/31,../large_fep_dataset/data/fep_benchmark_processed/scaffold_hopping_Bace1_4zsp_31.sdf,../large_fep_dataset/data/fep_benchmark_processed/scaffold_hopping_Bace1_4zsp_protein.pdb,400,5.9558067,5.6075177,5.5982733,5.565554,5.412439,6.174535,5.849917,6.1222844,6.013261,5.831523,5.8131113
401,scaffold_hopping/Bace1_4zsp,scaffold_hopping/Bace1_4zsp/7,../large_fep_dataset/data/fep_benchmark_processed/scaffold_hopping_Bace1_4zsp_7.sdf,../large_fep_dataset/data/fep_benchmark_processed/scaffold_hopping_Bace1_4zsp_protein.pdb,401,5.7852893,5.5369573,5.416853,5.3835583,5.756165,5.3428745,5.603311,5.73414,5.3440595,5.3700876,5.527329
402,scaffold_hopping/Bace1_4zsp,scaffold_hopping/Bace1_4zsp/6,../large_fep_dataset/data/fep_benchmark_processed/scaffold_hopping_Bace1_4zsp_6.sdf,../large_fep_dataset/data/fep_benchmark_processed/scaffold_hopping_Bace1_4zsp_protein.pdb,402,6.040498,5.6257024,5.708479,5.994961,5.932508,5.699714,5.9285665,6.098829,5.636283,5.8617826,5.852732
403,scaffold_hopping/EZH2_5ij7_corehop,scaffold_hopping/EZH2_5ij7_corehop/22,../large_fep_dataset/data/fep_benchmark_processed/scaffold_hopping_EZH2_5ij7_corehop_22.sdf,../large_fep_dataset/data/fep_benchmark_processed/scaffold_hopping_EZH2_5ij7_corehop_protein.pdb,403,7.1720967,7.2527313,6.8359857,7.0153403,6.9810286,6.449349,6.8197427,7.331928,7.007223,6.6897483,6.955518
404,scaffold_hopping/EZH2_5ij7_corehop,scaffold_hopping/EZH2_5ij7_corehop/31,../large_fep_dataset/data/fep_benchmark_processed/scaffold_hopping_EZH2_5ij7_corehop_31.sdf,../large_fep_dataset/data/fep_benchmark_processed/scaffold_hopping_EZH2_5ij7_corehop_protein.pdb,404,7.081226,6.382336,6.1558785,6.2410007,6.5699596,6.1746264,6.1520495,7.096626,6.5625553,6.1946177,6.4610877
405,scaffold_hopping/EZH2_5ij7_corehop,scaffold_hopping/EZH2_5ij7_corehop/29,../large_fep_dataset/data/fep_benchmark_processed/scaffold_hopping_EZH2_5ij7_corehop_29.sdf,../large_fep_dataset/data/fep_benchmark_processed/scaffold_hopping_EZH2_5ij7_corehop_protein.pdb,405,7.1834574,6.984335,6.8335123,6.8512163,6.5294876,6.038973,6.429887,7.2568626,6.558746,6.096801,6.6763277
406,scaffold_hopping/EZH2_5ij7_corehop,scaffold_hopping/EZH2_5ij7_corehop/27,../large_fep_dataset/data/fep_benchmark_processed/scaffold_hopping_EZH2_5ij7_corehop_27.sdf,../large_fep_dataset/data/fep_benchmark_processed/scaffold_hopping_EZH2_5ij7_corehop_protein.pdb,406,6.6772814,7.0871243,6.5379024,6.307916,6.823715,6.003983,6.739595,7.64054,6.8512425,6.3124948,6.6981797
407,scaffold_hopping/CHK1_3u9n_corehop,scaffold_hopping/CHK1_3u9n_corehop/17,../large_fep_dataset/data/fep_benchmark_processed/scaffold_hopping_CHK1_3u9n_corehop_17.sdf,../large_fep_dataset/data/fep_benchmark_processed/scaffold_hopping_CHK1_3u9n_corehop_protein.pdb,407,7.777342,8.0779915,7.044366,8.274389,7.51852,7.0678473,7.4124045,8.119618,7.0724306,7.5923543,7.595726
408,scaffold_hopping/CHK1_3u9n_corehop,scaffold_hopping/CHK1_3u9n_corehop/1,../large_fep_dataset/data/fep_benchmark_processed/scaffold_hopping_CHK1_3u9n_corehop_1.sdf,../large_fep_dataset/data/fep_benchmark_processed/scaffold_hopping_CHK1_3u9n_corehop_protein.pdb,408,7.8875475,8.03352,7.0456634,7.906804,7.8516006,7.4871597,7.644792,8.408283,7.611949,7.981768,7.7859087
409,scaffold_hopping/CHK1_3u9n_corehop,scaffold_hopping/CHK1_3u9n_corehop/21,../large_fep_dataset/data/fep_benchmark_processed/scaffold_hopping_CHK1_3u9n_corehop_21.sdf,../large_fep_dataset/data/fep_benchmark_processed/scaffold_hopping_CHK1_3u9n_corehop_protein.pdb,409,7.6956253,7.9240036,7.075134,8.231686,7.5708823,7.302154,7.4374123,7.9731116,7.4770303,7.9487424,7.663578
410,scaffold_hopping/CHK1_3u9n_corehop,scaffold_hopping/CHK1_3u9n_corehop/20,../large_fep_dataset/data/fep_benchmark_processed/scaffold_hopping_CHK1_3u9n_corehop_20.sdf,../large_fep_dataset/data/fep_benchmark_processed/scaffold_hopping_CHK1_3u9n_corehop_protein.pdb,410,7.4088335,7.8589764,6.8040566,7.8536572,7.4776893,7.4105983,7.5172033,8.342652,7.7950416,7.9525924,7.6421304
411,scaffold_hopping/CHK1_3u9n_corehop,scaffold_hopping/CHK1_3u9n_corehop/19,../large_fep_dataset/data/fep_benchmark_processed/scaffold_hopping_CHK1_3u9n_corehop_19.sdf,../large_fep_dataset/data/fep_benchmark_processed/scaffold_hopping_CHK1_3u9n_corehop_protein.pdb,411,8.093909,8.228145,7.3134193,8.3185005,7.925779,7.27724,7.4664493,8.092865,7.509367,7.6693506,7.7895026
412,gpcrs/a2a_hip278,gpcrs/a2a_hip278/4g,../large_fep_dataset/data/fep_benchmark_processed/gpcrs_a2a_hip278_4g.sdf,../large_fep_dataset/data/fep_benchmark_processed/gpcrs_a2a_hip278_protein.pdb,412,5.2636185,5.786446,5.3729153,5.544407,5.1751385,4.9750705,4.687139,5.541582,5.9831276,5.735038,5.406448
413,gpcrs/a2a_hip278,gpcrs/a2a_hip278/4h,../large_fep_dataset/data/fep_benchmark_processed/gpcrs_a2a_hip278_4h.sdf,../large_fep_dataset/data/fep_benchmark_processed/gpcrs_a2a_hip278_protein.pdb,413,6.30941,5.9204855,6.476909,6.2374287,6.0545506,6.3172097,5.474978,6.2071342,6.2709136,6.890955,6.215997
414,gpcrs/a2a_hip278,gpcrs/a2a_hip278/4jS,../large_fep_dataset/data/fep_benchmark_processed/gpcrs_a2a_hip278_4jS.sdf,../large_fep_dataset/data/fep_benchmark_processed/gpcrs_a2a_hip278_protein.pdb,414,6.2785087,6.04265,7.007239,6.4576406,6.119629,6.0973864,5.649845,5.9920216,6.4216695,6.7877307,6.285432
415,gpcrs/a2a_hip278,gpcrs/a2a_hip278/4kU,../large_fep_dataset/data/fep_benchmark_processed/gpcrs_a2a_hip278_4kU.sdf,../large_fep_dataset/data/fep_benchmark_processed/gpcrs_a2a_hip278_protein.pdb,415,6.7127748,7.230022,7.157447,7.6898227,6.966894,5.6871037,6.300841,6.877813,7.072245,7.347977,6.904294
416,gpcrs/a2a_hip278,gpcrs/a2a_hip278/4lD,../large_fep_dataset/data/fep_benchmark_processed/gpcrs_a2a_hip278_4lD.sdf,../large_fep_dataset/data/fep_benchmark_processed/gpcrs_a2a_hip278_protein.pdb,416,7.683835,7.3382564,7.6907215,7.4638643,7.2742643,6.8952713,6.7718735,7.2986436,7.2554584,7.44073,7.3112917
417,gpcrs/a2a_hip278,gpcrs/a2a_hip278/4i,../large_fep_dataset/data/fep_benchmark_processed/gpcrs_a2a_hip278_4i.sdf,../large_fep_dataset/data/fep_benchmark_processed/gpcrs_a2a_hip278_protein.pdb,417,6.8615336,6.3806014,7.1709833,7.11037,6.956332,6.7620625,6.2516384,6.584669,6.9009495,7.3551545,6.83343
418,gpcrs/a2a_hip278,gpcrs/a2a_hip278/4a,../large_fep_dataset/data/fep_benchmark_processed/gpcrs_a2a_hip278_4a.sdf,../large_fep_dataset/data/fep_benchmark_processed/gpcrs_a2a_hip278_protein.pdb,418,5.2209682,6.0471187,4.8343353,4.783345,4.39272,4.621619,4.2726884,5.5698338,5.4256325,5.1031437,5.0271406
419,gpcrs/a2a_hip278,gpcrs/a2a_hip278/4b D,../large_fep_dataset/data/fep_benchmark_processed/gpcrs_a2a_hip278_4b_D.sdf,../large_fep_dataset/data/fep_benchmark_processed/gpcrs_a2a_hip278_protein.pdb,419,5.9517655,6.176455,5.967135,5.90594,5.3808393,5.506349,4.956581,6.1831245,5.793868,5.9078135,5.7729874
420,gpcrs/a2a_hip278,gpcrs/a2a_hip278/4c,../large_fep_dataset/data/fep_benchmark_processed/gpcrs_a2a_hip278_4c.sdf,../large_fep_dataset/data/fep_benchmark_processed/gpcrs_a2a_hip278_protein.pdb,420,6.354952,6.3672123,6.506457,6.3587284,6.2595134,6.1734333,5.9968357,6.206578,6.3318253,6.414017,6.2969546
421,gpcrs/a2a_hip278,gpcrs/a2a_hip278/4d,../large_fep_dataset/data/fep_benchmark_processed/gpcrs_a2a_hip278_4d.sdf,../large_fep_dataset/data/fep_benchmark_processed/gpcrs_a2a_hip278_protein.pdb,421,5.6420636,6.0673537,6.2268558,5.784654,5.2782574,5.2165194,4.779871,6.077941,6.030808,5.8993173,5.700364
422,gpcrs/a2a_hip278,gpcrs/a2a_hip278/4o,../large_fep_dataset/data/fep_benchmark_processed/gpcrs_a2a_hip278_4o.sdf,../large_fep_dataset/data/fep_benchmark_processed/gpcrs_a2a_hip278_protein.pdb,422,5.8406587,6.124584,5.77684,5.8630466,5.9521246,5.4411464,5.66834,6.268581,5.633321,6.1704216,5.873906
423,gpcrs/a2a_hip278,gpcrs/a2a_hip278/4f,../large_fep_dataset/data/fep_benchmark_processed/gpcrs_a2a_hip278_4f.sdf,../large_fep_dataset/data/fep_benchmark_processed/gpcrs_a2a_hip278_protein.pdb,423,5.8701434,6.10113,6.5093226,6.4308887,5.8666606,6.1371527,5.5471287,6.747131,6.6579313,6.7312284,6.2598715
424,gpcrs/a2a_hip278,gpcrs/a2a_hip278/4e D,../large_fep_dataset/data/fep_benchmark_processed/gpcrs_a2a_hip278_4e_D.sdf,../large_fep_dataset/data/fep_benchmark_processed/gpcrs_a2a_hip278_protein.pdb,424,6.517605,6.446437,7.2013755,6.2515564,6.173622,6.640767,6.7720885,6.791855,6.258916,6.6678715,6.5722094
425,gpcrs/a2a_hip278,gpcrs/a2a_hip278/4m D,../large_fep_dataset/data/fep_benchmark_processed/gpcrs_a2a_hip278_4m_D.sdf,../large_fep_dataset/data/fep_benchmark_processed/gpcrs_a2a_hip278_protein.pdb,425,6.431442,6.2857685,6.5255103,6.28248,6.129332,6.0008087,5.6803923,5.910046,6.2660284,6.131008,6.164282
426,gpcrs/a2a_hip278,gpcrs/a2a_hip278/4q,../large_fep_dataset/data/fep_benchmark_processed/gpcrs_a2a_hip278_4q.sdf,../large_fep_dataset/data/fep_benchmark_processed/gpcrs_a2a_hip278_protein.pdb,426,5.75029,5.7377834,5.6509333,5.289639,5.3466187,5.1622753,5.0777273,5.534478,5.278857,5.86795,5.469655
427,gpcrs/a2a_hip278,gpcrs/a2a_hip278/4n,../large_fep_dataset/data/fep_benchmark_processed/gpcrs_a2a_hip278_4n.sdf,../large_fep_dataset/data/fep_benchmark_processed/gpcrs_a2a_hip278_protein.pdb,427,6.4434466,6.3881836,6.635122,6.4631205,5.4420476,5.8353233,5.7504377,5.7222095,6.4514155,6.2177534,6.1349063
428,gpcrs/a2a_hip278,gpcrs/a2a_hip278/4r U,../large_fep_dataset/data/fep_benchmark_processed/gpcrs_a2a_hip278_4r_U.sdf,../large_fep_dataset/data/fep_benchmark_processed/gpcrs_a2a_hip278_protein.pdb,428,7.245322,6.839484,7.4310107,7.4484396,6.836081,6.749914,6.8294935,6.7539635,6.261271,7.2220235,6.9617014
429,gpcrs/a2a_hip278,gpcrs/a2a_hip278/4o deprotonated,../large_fep_dataset/data/fep_benchmark_processed/gpcrs_a2a_hip278_4o_deprotonated.sdf,../large_fep_dataset/data/fep_benchmark_processed/gpcrs_a2a_hip278_protein.pdb,429,5.473842,6.2431035,5.7274776,5.8968916,5.758017,5.555518,5.5217648,6.288854,5.5394835,6.197819,5.8202767
430,gpcrs/a2a_hip278,gpcrs/a2a_hip278/4eD deprotonated,../large_fep_dataset/data/fep_benchmark_processed/gpcrs_a2a_hip278_4eD_deprotonated.sdf,../large_fep_dataset/data/fep_benchmark_processed/gpcrs_a2a_hip278_protein.pdb,430,6.3506126,6.357865,6.6834292,6.080958,5.9714913,6.31805,6.3979397,6.1651683,6.1773987,6.4441023,6.2947016
431,gpcrs/a2a_hip278,gpcrs/a2a_hip278/4f deprotonated,../large_fep_dataset/data/fep_benchmark_processed/gpcrs_a2a_hip278_4f_deprotonated.sdf,../large_fep_dataset/data/fep_benchmark_processed/gpcrs_a2a_hip278_protein.pdb,431,5.7515626,6.278254,6.3103704,6.13906,5.593411,5.6280904,5.3217597,6.0968113,6.4711266,6.270461,5.9860907
432,gpcrs/ox2_hip_custcore,gpcrs/ox2_hip_custcore/set 1: 1,../large_fep_dataset/data/fep_benchmark_processed/gpcrs_ox2_hip_custcore_set_1:_1.sdf,../large_fep_dataset/data/fep_benchmark_processed/gpcrs_ox2_hip_custcore_protein.pdb,432,7.628925,7.631124,7.171669,8.1977215,7.7084107,7.129219,7.950627,7.371747,7.928202,8.086419,7.680406
433,gpcrs/ox2_hip_custcore,gpcrs/ox2_hip_custcore/set 1: 2,../large_fep_dataset/data/fep_benchmark_processed/gpcrs_ox2_hip_custcore_set_1:_2.sdf,../large_fep_dataset/data/fep_benchmark_processed/gpcrs_ox2_hip_custcore_protein.pdb,433,7.0817738,6.986477,6.5791464,7.6289716,7.83951,7.0370126,7.2548656,6.880306,7.755946,7.020216,7.2064223
434,gpcrs/ox2_hip_custcore,gpcrs/ox2_hip_custcore/set 1: 3,../large_fep_dataset/data/fep_benchmark_processed/gpcrs_ox2_hip_custcore_set_1:_3.sdf,../large_fep_dataset/data/fep_benchmark_processed/gpcrs_ox2_hip_custcore_protein.pdb,434,7.0265307,7.1736903,6.881855,7.5621986,7.3480315,7.8895335,7.2645674,7.156163,7.474186,6.935042,7.27118
435,gpcrs/ox2_hip_custcore,gpcrs/ox2_hip_custcore/set 1: 4,../large_fep_dataset/data/fep_benchmark_processed/gpcrs_ox2_hip_custcore_set_1:_4.sdf,../large_fep_dataset/data/fep_benchmark_processed/gpcrs_ox2_hip_custcore_protein.pdb,435,7.7050467,7.578769,7.095654,8.024388,7.9000545,6.9069624,8.093052,7.241799,8.119405,7.6836386,7.634877
436,gpcrs/ox2_hip_custcore,gpcrs/ox2_hip_custcore/set 1: 5,../large_fep_dataset/data/fep_benchmark_processed/gpcrs_ox2_hip_custcore_set_1:_5.sdf,../large_fep_dataset/data/fep_benchmark_processed/gpcrs_ox2_hip_custcore_protein.pdb,436,7.7966833,7.5320697,7.8649344,8.105958,8.330457,7.0622554,7.7660766,7.614557,7.905853,7.7336135,7.771245
437,gpcrs/ox2_hip_custcore,gpcrs/ox2_hip_custcore/set 1: 6,../large_fep_dataset/data/fep_benchmark_processed/gpcrs_ox2_hip_custcore_set_1:_6.sdf,../large_fep_dataset/data/fep_benchmark_processed/gpcrs_ox2_hip_custcore_protein.pdb,437,7.0021305,7.0578527,6.668465,7.525679,7.8866787,7.4665895,7.3832593,6.9090066,7.605864,7.2424183,7.2747946
438,gpcrs/ox2_hip_custcore,gpcrs/ox2_hip_custcore/set 1: 7,../large_fep_dataset/data/fep_benchmark_processed/gpcrs_ox2_hip_custcore_set_1:_7.sdf,../large_fep_dataset/data/fep_benchmark_processed/gpcrs_ox2_hip_custcore_protein.pdb,438,8.1073885,7.759901,8.085097,8.204098,8.296622,7.4001384,7.84908,7.610517,7.823187,7.770785,7.8906813
439,gpcrs/ox2_hip_custcore,gpcrs/ox2_hip_custcore/set 1: 8,../large_fep_dataset/data/fep_benchmark_processed/gpcrs_ox2_hip_custcore_set_1:_8.sdf,../large_fep_dataset/data/fep_benchmark_processed/gpcrs_ox2_hip_custcore_protein.pdb,439,7.934374,7.8505507,7.665953,8.30773,7.9748173,7.0727544,8.12109,7.3966827,8.194813,8.482739,7.9001513
440,gpcrs/ox2_hip_custcore,gpcrs/ox2_hip_custcore/set 1: 9,../large_fep_dataset/data/fep_benchmark_processed/gpcrs_ox2_hip_custcore_set_1:_9.sdf,../large_fep_dataset/data/fep_benchmark_processed/gpcrs_ox2_hip_custcore_protein.pdb,440,7.4955926,7.3552155,7.196041,7.5911713,7.596589,7.5764413,7.735243,7.365437,7.7854276,7.2624393,7.4959593
441,gpcrs/ox2_hip_custcore,gpcrs/ox2_hip_custcore/set 1: 10,../large_fep_dataset/data/fep_benchmark_processed/gpcrs_ox2_hip_custcore_set_1:_10.sdf,../large_fep_dataset/data/fep_benchmark_processed/gpcrs_ox2_hip_custcore_protein.pdb,441,7.089311,7.2582583,6.6309004,7.6606383,7.5444217,7.347536,7.6786957,6.535021,7.628373,7.3272567,7.270041
442,gpcrs/ox2_hip_custcore,gpcrs/ox2_hip_custcore/set 1: 11,../large_fep_dataset/data/fep_benchmark_processed/gpcrs_ox2_hip_custcore_set_1:_11.sdf,../large_fep_dataset/data/fep_benchmark_processed/gpcrs_ox2_hip_custcore_protein.pdb,442,7.9623547,7.7096424,7.7677402,8.452478,8.310181,7.154574,8.096497,7.4285216,7.9593678,8.033332,7.887469
443,gpcrs/ox2_hip_custcore,gpcrs/ox2_hip_custcore/set 1: 12,../large_fep_dataset/data/fep_benchmark_processed/gpcrs_ox2_hip_custcore_set_1:_12.sdf,../large_fep_dataset/data/fep_benchmark_processed/gpcrs_ox2_hip_custcore_protein.pdb,443,7.5185084,7.512797,6.7594857,7.8084908,8.1278715,6.4834204,7.5443106,7.322889,7.7186255,7.5683117,7.4364715
444,gpcrs/ox2_hip_custcore,gpcrs/ox2_hip_custcore/set 1: 13,../large_fep_dataset/data/fep_benchmark_processed/gpcrs_ox2_hip_custcore_set_1:_13.sdf,../large_fep_dataset/data/fep_benchmark_processed/gpcrs_ox2_hip_custcore_protein.pdb,444,7.778391,7.706888,6.809938,7.7184386,7.798388,7.234895,7.9436717,7.0721416,7.9375424,7.791321,7.5791616
445,gpcrs/ox2_hip_custcore,gpcrs/ox2_hip_custcore/set 1: 14,../large_fep_dataset/data/fep_benchmark_processed/gpcrs_ox2_hip_custcore_set_1:_14.sdf,../large_fep_dataset/data/fep_benchmark_processed/gpcrs_ox2_hip_custcore_protein.pdb,445,7.2254515,7.3412733,7.0166054,7.819162,7.3498435,6.9821944,7.743725,7.046883,7.479214,7.7798867,7.378423
446,gpcrs/ox2_hip_custcore,gpcrs/ox2_hip_custcore/set 1: 15,../large_fep_dataset/data/fep_benchmark_processed/gpcrs_ox2_hip_custcore_set_1:_15.sdf,../large_fep_dataset/data/fep_benchmark_processed/gpcrs_ox2_hip_custcore_protein.pdb,446,7.83537,7.6026454,7.28578,7.8369403,8.013494,8.064377,7.7006025,7.346566,7.9486647,7.410487,7.704492
447,gpcrs/ox2_hip_custcore,gpcrs/ox2_hip_custcore/set 1: 16,../large_fep_dataset/data/fep_benchmark_processed/gpcrs_ox2_hip_custcore_set_1:_16.sdf,../large_fep_dataset/data/fep_benchmark_processed/gpcrs_ox2_hip_custcore_protein.pdb,447,7.2187,7.5326877,6.7732725,7.6046214,7.9362655,7.175712,7.882768,7.3258777,7.974176,7.537318,7.4961395
448,gpcrs/ox2_hip_custcore,gpcrs/ox2_hip_custcore/set 1: 17,../large_fep_dataset/data/fep_benchmark_processed/gpcrs_ox2_hip_custcore_set_1:_17.sdf,../large_fep_dataset/data/fep_benchmark_processed/gpcrs_ox2_hip_custcore_protein.pdb,448,7.4828,7.425916,7.1401587,7.603403,7.646633,6.4928865,7.827171,7.170801,7.634439,7.2637696,7.3687983
449,gpcrs/ox2_hip_custcore,gpcrs/ox2_hip_custcore/set 1: 18,../large_fep_dataset/data/fep_benchmark_processed/gpcrs_ox2_hip_custcore_set_1:_18.sdf,../large_fep_dataset/data/fep_benchmark_processed/gpcrs_ox2_hip_custcore_protein.pdb,449,7.889866,7.720991,8.051502,7.431961,7.8477645,6.490859,7.761824,7.036073,7.938077,7.818201,7.598712
450,gpcrs/ox2_hip_custcore,gpcrs/ox2_hip_custcore/set 1: 19,../large_fep_dataset/data/fep_benchmark_processed/gpcrs_ox2_hip_custcore_set_1:_19.sdf,../large_fep_dataset/data/fep_benchmark_processed/gpcrs_ox2_hip_custcore_protein.pdb,450,6.829429,7.5114236,7.1933146,7.6897497,7.527271,7.0247397,7.7754374,7.437451,7.5326986,7.7923217,7.4313836
451,gpcrs/ox2_hip_custcore,gpcrs/ox2_hip_custcore/set 1: 20,../large_fep_dataset/data/fep_benchmark_processed/gpcrs_ox2_hip_custcore_set_1:_20.sdf,../large_fep_dataset/data/fep_benchmark_processed/gpcrs_ox2_hip_custcore_protein.pdb,451,7.4873147,7.6275396,6.6825314,7.8716884,8.266166,6.546476,7.601907,7.358521,7.861002,7.509643,7.481279
452,gpcrs/ox2_hip_custcore,gpcrs/ox2_hip_custcore/set 1: 21,../large_fep_dataset/data/fep_benchmark_processed/gpcrs_ox2_hip_custcore_set_1:_21.sdf,../large_fep_dataset/data/fep_benchmark_processed/gpcrs_ox2_hip_custcore_protein.pdb,452,7.163687,6.484327,6.502958,7.4674425,7.672923,6.009974,7.1244726,6.652132,7.3810596,6.986499,6.944547
453,gpcrs/ox2_hip_custcore,gpcrs/ox2_hip_custcore/set 1: 22,../large_fep_dataset/data/fep_benchmark_processed/gpcrs_ox2_hip_custcore_set_1:_22.sdf,../large_fep_dataset/data/fep_benchmark_processed/gpcrs_ox2_hip_custcore_protein.pdb,453,7.632947,7.397902,6.596965,7.7075453,7.4433284,6.764372,6.6850886,7.4902344,7.944199,7.7245092,7.3387094
454,gpcrs/ox2_hip_custcore,gpcrs/ox2_hip_custcore/set 1: 23,../large_fep_dataset/data/fep_benchmark_processed/gpcrs_ox2_hip_custcore_set_1:_23.sdf,../large_fep_dataset/data/fep_benchmark_processed/gpcrs_ox2_hip_custcore_protein.pdb,454,7.1567445,6.649157,7.0505953,7.5783744,7.502783,6.678152,7.476017,7.178991,6.805047,6.602664,7.067852
455,gpcrs/ox2_hip_custcore,gpcrs/ox2_hip_custcore/set 1: 24,../large_fep_dataset/data/fep_benchmark_processed/gpcrs_ox2_hip_custcore_set_1:_24.sdf,../large_fep_dataset/data/fep_benchmark_processed/gpcrs_ox2_hip_custcore_protein.pdb,455,7.6570764,7.47939,7.4242268,7.919163,8.194888,6.7992115,7.702028,7.259722,7.8721704,7.6371965,7.5945077
456,gpcrs/ox2_hip_custcore,gpcrs/ox2_hip_custcore/set 1: 25,../large_fep_dataset/data/fep_benchmark_processed/gpcrs_ox2_hip_custcore_set_1:_25.sdf,../large_fep_dataset/data/fep_benchmark_processed/gpcrs_ox2_hip_custcore_protein.pdb,456,8.130369,7.5348,7.858061,7.991593,7.7248864,7.8128796,7.581349,7.143816,7.7765503,7.6882343,7.7242537
457,gpcrs/ox2_hip_custcore,gpcrs/ox2_hip_custcore/set 1: 26,../large_fep_dataset/data/fep_benchmark_processed/gpcrs_ox2_hip_custcore_set_1:_26.sdf,../large_fep_dataset/data/fep_benchmark_processed/gpcrs_ox2_hip_custcore_protein.pdb,457,7.8054066,7.7720914,7.429435,8.129099,8.13125,6.815644,7.522825,7.5043077,8.062558,7.5517244,7.6724343
458,gpcrs/ox2_hip_custcore,gpcrs/ox2_hip_custcore/set 1: 27,../large_fep_dataset/data/fep_benchmark_processed/gpcrs_ox2_hip_custcore_set_1:_27.sdf,../large_fep_dataset/data/fep_benchmark_processed/gpcrs_ox2_hip_custcore_protein.pdb,458,7.21639,7.322606,6.9551234,7.4934435,7.558211,6.525088,7.5450163,6.911208,7.564718,7.3294683,7.242128
459,gpcrs/ox2_hip_custcore,gpcrs/ox2_hip_custcore/set 2: 1,../large_fep_dataset/data/fep_benchmark_processed/gpcrs_ox2_hip_custcore_set_2:_1.sdf,../large_fep_dataset/data/fep_benchmark_processed/gpcrs_ox2_hip_custcore_protein.pdb,459,6.891852,7.242478,6.8580422,7.447531,7.8965764,6.035089,7.5279183,6.7769275,6.868096,6.8962674,7.044078
460,gpcrs/ox2_hip_custcore,gpcrs/ox2_hip_custcore/set 2: 2,../large_fep_dataset/data/fep_benchmark_processed/gpcrs_ox2_hip_custcore_set_2:_2.sdf,../large_fep_dataset/data/fep_benchmark_processed/gpcrs_ox2_hip_custcore_protein.pdb,460,5.8855014,7.1801157,6.127343,7.4521236,7.2180443,5.8001385,5.8311605,6.094064,6.2849264,6.4228683,6.429629
461,gpcrs/ox2_hip_custcore,gpcrs/ox2_hip_custcore/set 2: 3,../large_fep_dataset/data/fep_benchmark_processed/gpcrs_ox2_hip_custcore_set_2:_3.sdf,../large_fep_dataset/data/fep_benchmark_processed/gpcrs_ox2_hip_custcore_protein.pdb,461,6.753816,7.1727858,6.703037,7.8556967,7.601462,6.4930253,7.1648846,6.425573,6.763653,7.15829,7.0092225
462,gpcrs/ox2_hip_custcore,gpcrs/ox2_hip_custcore/set 2: 4,../large_fep_dataset/data/fep_benchmark_processed/gpcrs_ox2_hip_custcore_set_2:_4.sdf,../large_fep_dataset/data/fep_benchmark_processed/gpcrs_ox2_hip_custcore_protein.pdb,462,6.949887,7.388791,7.484692,7.5503564,7.8529167,6.784406,7.266702,7.0972404,7.086834,6.8627243,7.232455
463,gpcrs/ox2_hip_custcore,gpcrs/ox2_hip_custcore/set 2: 5 adjust,../large_fep_dataset/data/fep_benchmark_processed/gpcrs_ox2_hip_custcore_set_2:_5_adjust.sdf,../large_fep_dataset/data/fep_benchmark_processed/gpcrs_ox2_hip_custcore_protein.pdb,463,6.5065465,6.7642875,6.464349,7.0176196,7.5615563,6.593615,7.465844,6.8530602,6.8550053,7.401909,6.9483795
464,gpcrs/ox2_hip_custcore,gpcrs/ox2_hip_custcore/set 2: 6,../large_fep_dataset/data/fep_benchmark_processed/gpcrs_ox2_hip_custcore_set_2:_6.sdf,../large_fep_dataset/data/fep_benchmark_processed/gpcrs_ox2_hip_custcore_protein.pdb,464,7.410464,7.514312,7.628981,7.8197265,8.288486,6.962122,7.781798,6.897162,7.5429115,7.416411,7.5262375
465,gpcrs/ox2_hip_custcore,gpcrs/ox2_hip_custcore/set 2: 7,../large_fep_dataset/data/fep_benchmark_processed/gpcrs_ox2_hip_custcore_set_2:_7.sdf,../large_fep_dataset/data/fep_benchmark_processed/gpcrs_ox2_hip_custcore_protein.pdb,465,7.017012,7.319738,6.7646255,7.27807,7.2808084,6.7400236,7.6357813,6.5705028,7.0232797,7.4078007,7.1037645
466,gpcrs/ox2_hip_custcore,gpcrs/ox2_hip_custcore/set 2: 8,../large_fep_dataset/data/fep_benchmark_processed/gpcrs_ox2_hip_custcore_set_2:_8.sdf,../large_fep_dataset/data/fep_benchmark_processed/gpcrs_ox2_hip_custcore_protein.pdb,466,7.0825195,7.352103,6.62288,7.797434,7.7905254,6.36868,7.6212354,6.8339276,7.144248,7.3672676,7.198082
467,gpcrs/ox2_hip_custcore,gpcrs/ox2_hip_custcore/set 2: 9,../large_fep_dataset/data/fep_benchmark_processed/gpcrs_ox2_hip_custcore_set_2:_9.sdf,../large_fep_dataset/data/fep_benchmark_processed/gpcrs_ox2_hip_custcore_protein.pdb,467,6.7547693,7.241834,6.542196,6.769765,7.5628333,6.22589,7.328045,6.9972496,7.0951786,7.2369165,6.9754677
468,gpcrs/ox2_hip_custcore,gpcrs/ox2_hip_custcore/set 2: 10,../large_fep_dataset/data/fep_benchmark_processed/gpcrs_ox2_hip_custcore_set_2:_10.sdf,../large_fep_dataset/data/fep_benchmark_processed/gpcrs_ox2_hip_custcore_protein.pdb,468,7.17639,6.9919276,6.634115,6.9030027,7.1981587,6.5960436,7.3096824,6.909984,6.7935214,7.464882,6.997771
469,gpcrs/ox2_hip_custcore,gpcrs/ox2_hip_custcore/set 2: 11,../large_fep_dataset/data/fep_benchmark_processed/gpcrs_ox2_hip_custcore_set_2:_11.sdf,../large_fep_dataset/data/fep_benchmark_processed/gpcrs_ox2_hip_custcore_protein.pdb,469,7.0877485,6.9795337,6.456753,7.433959,7.859763,6.8539886,6.835865,6.66951,6.3870945,7.3597875,6.9924
470,gpcrs/ox2_hip_custcore,gpcrs/ox2_hip_custcore/set 2: 12,../large_fep_dataset/data/fep_benchmark_processed/gpcrs_ox2_hip_custcore_set_2:_12.sdf,../large_fep_dataset/data/fep_benchmark_processed/gpcrs_ox2_hip_custcore_protein.pdb,470,7.5717816,7.168856,6.978629,7.8361697,7.6784573,6.800918,7.4157124,7.034209,7.019437,7.4169397,7.2921114
471,gpcrs/ox2_hip_custcore,gpcrs/ox2_hip_custcore/set 2: 13,../large_fep_dataset/data/fep_benchmark_processed/gpcrs_ox2_hip_custcore_set_2:_13.sdf,../large_fep_dataset/data/fep_benchmark_processed/gpcrs_ox2_hip_custcore_protein.pdb,471,6.683741,7.0529666,6.405981,7.3637805,7.392957,5.9602747,6.6918316,6.290989,6.599174,6.6876416,6.7129335
472,gpcrs/ox2_hip_custcore,gpcrs/ox2_hip_custcore/set 2: 14,../large_fep_dataset/data/fep_benchmark_processed/gpcrs_ox2_hip_custcore_set_2:_14.sdf,../large_fep_dataset/data/fep_benchmark_processed/gpcrs_ox2_hip_custcore_protein.pdb,472,7.058136,7.368662,7.0852833,7.9048753,7.9616485,6.5327787,7.5582047,6.4906535,6.7578454,7.3347306,7.2052817
473,gpcrs/ox2_hip_custcore,gpcrs/ox2_hip_custcore/set 2: 15,../large_fep_dataset/data/fep_benchmark_processed/gpcrs_ox2_hip_custcore_set_2:_15.sdf,../large_fep_dataset/data/fep_benchmark_processed/gpcrs_ox2_hip_custcore_protein.pdb,473,6.301985,7.160415,6.233324,7.369211,7.2428904,6.82065,6.6605525,6.765641,6.186889,6.769509,6.751107
474,gpcrs/ox2_hip_custcore,gpcrs/ox2_hip_custcore/set 2: 16,../large_fep_dataset/data/fep_benchmark_processed/gpcrs_ox2_hip_custcore_set_2:_16.sdf,../large_fep_dataset/data/fep_benchmark_processed/gpcrs_ox2_hip_custcore_protein.pdb,474,7.217842,7.289022,7.3640885,7.976155,7.3608866,6.666898,7.260149,6.8737893,6.9444346,7.672381,7.262564
475,gpcrs/ox2_hip_custcore,gpcrs/ox2_hip_custcore/set 2: 17,../large_fep_dataset/data/fep_benchmark_processed/gpcrs_ox2_hip_custcore_set_2:_17.sdf,../large_fep_dataset/data/fep_benchmark_processed/gpcrs_ox2_hip_custcore_protein.pdb,475,7.1179733,7.5332937,7.121259,7.6534314,7.332212,6.6706443,7.2256994,7.1298776,6.2743754,6.8576527,7.0916414
476,gpcrs/ox2_hip_custcore,gpcrs/ox2_hip_custcore/set 2: 18,../large_fep_dataset/data/fep_benchmark_processed/gpcrs_ox2_hip_custcore_set_2:_18.sdf,../large_fep_dataset/data/fep_benchmark_processed/gpcrs_ox2_hip_custcore_protein.pdb,476,6.9498763,7.276264,6.902264,7.841926,7.8672466,6.3549705,7.4080606,7.0127897,7.035057,7.173396,7.1821847
477,gpcrs/ox2_hip_custcore,gpcrs/ox2_hip_custcore/set 2: 19,../large_fep_dataset/data/fep_benchmark_processed/gpcrs_ox2_hip_custcore_set_2:_19.sdf,../large_fep_dataset/data/fep_benchmark_processed/gpcrs_ox2_hip_custcore_protein.pdb,477,7.089696,7.234406,6.3733716,7.324869,7.7699556,6.256187,6.466588,6.3312936,6.685484,7.2196345,6.875149
478,gpcrs/ox2_hip_custcore,gpcrs/ox2_hip_custcore/set 2: 20,../large_fep_dataset/data/fep_benchmark_processed/gpcrs_ox2_hip_custcore_set_2:_20.sdf,../large_fep_dataset/data/fep_benchmark_processed/gpcrs_ox2_hip_custcore_protein.pdb,478,6.522179,7.1359076,6.8132987,7.8664017,7.6253214,6.4623394,7.5984907,6.674038,6.852592,7.192289,7.074286
479,gpcrs/ox2_hip_custcore,gpcrs/ox2_hip_custcore/set 2: 21,../large_fep_dataset/data/fep_benchmark_processed/gpcrs_ox2_hip_custcore_set_2:_21.sdf,../large_fep_dataset/data/fep_benchmark_processed/gpcrs_ox2_hip_custcore_protein.pdb,479,7.252569,7.518264,7.215437,7.9206085,7.972536,6.557185,7.4530654,7.197201,6.8937435,7.258372,7.3238983
480,gpcrs/ox2_hip_custcore,gpcrs/ox2_hip_custcore/set 2: 22,../large_fep_dataset/data/fep_benchmark_processed/gpcrs_ox2_hip_custcore_set_2:_22.sdf,../large_fep_dataset/data/fep_benchmark_processed/gpcrs_ox2_hip_custcore_protein.pdb,480,6.3662534,7.200445,6.518397,7.068077,7.610859,6.3376284,5.995087,6.4308486,5.871253,6.445601,6.5844445
481,gpcrs/ox2_hip_custcore,gpcrs/ox2_hip_custcore/set 2: 23,../large_fep_dataset/data/fep_benchmark_processed/gpcrs_ox2_hip_custcore_set_2:_23.sdf,../large_fep_dataset/data/fep_benchmark_processed/gpcrs_ox2_hip_custcore_protein.pdb,481,7.0905614,7.151997,6.628619,7.744108,7.814497,5.9525657,7.347885,6.626305,6.6017575,7.1582804,7.0116577
482,gpcrs/ox2_hip_custcore,gpcrs/ox2_hip_custcore/set 2: 24,../large_fep_dataset/data/fep_benchmark_processed/gpcrs_ox2_hip_custcore_set_2:_24.sdf,../large_fep_dataset/data/fep_benchmark_processed/gpcrs_ox2_hip_custcore_protein.pdb,482,7.766975,7.649279,7.688849,8.027002,8.542215,7.4529266,7.5414457,7.526697,7.1217046,7.9562917,7.7273383
483,gpcrs/p2y1_meta_sub,gpcrs/p2y1_meta_sub/16,../large_fep_dataset/data/fep_benchmark_processed/gpcrs_p2y1_meta_sub_16.sdf,../large_fep_dataset/data/fep_benchmark_processed/gpcrs_p2y1_meta_sub_protein.pdb,483,6.6299086,6.261813,6.777641,6.762108,6.20707,6.240503,6.3175983,6.4098763,6.26162,6.2316847,6.409982
484,gpcrs/p2y1_meta_sub,gpcrs/p2y1_meta_sub/11a,../large_fep_dataset/data/fep_benchmark_processed/gpcrs_p2y1_meta_sub_11a.sdf,../large_fep_dataset/data/fep_benchmark_processed/gpcrs_p2y1_meta_sub_protein.pdb,484,5.4376273,4.835152,4.166067,5.0720315,4.799339,4.934204,4.188543,4.8235226,4.951683,5.149523,4.8357687
485,gpcrs/p2y1_meta_sub,gpcrs/p2y1_meta_sub/6e,../large_fep_dataset/data/fep_benchmark_processed/gpcrs_p2y1_meta_sub_6e.sdf,../large_fep_dataset/data/fep_benchmark_processed/gpcrs_p2y1_meta_sub_protein.pdb,485,4.7937675,5.016464,5.129782,5.5513544,4.5767465,5.195157,4.128731,5.004593,4.217103,4.5057435,4.811944
486,gpcrs/p2y1_meta_sub,gpcrs/p2y1_meta_sub/11c,../large_fep_dataset/data/fep_benchmark_processed/gpcrs_p2y1_meta_sub_11c.sdf,../large_fep_dataset/data/fep_benchmark_processed/gpcrs_p2y1_meta_sub_protein.pdb,486,5.8188863,6.3579907,5.9592614,6.386457,6.2857676,5.7127585,4.934365,6.004671,6.1380253,6.1092553,5.970744
487,gpcrs/p2y1_meta_sub,gpcrs/p2y1_meta_sub/6b,../large_fep_dataset/data/fep_benchmark_processed/gpcrs_p2y1_meta_sub_6b.sdf,../large_fep_dataset/data/fep_benchmark_processed/gpcrs_p2y1_meta_sub_protein.pdb,487,5.371862,4.931026,4.822971,5.5565934,4.875177,5.169014,4.3477283,5.0090566,4.443074,4.9522943,4.9478793
488,gpcrs/p2y1_meta_sub,gpcrs/p2y1_meta_sub/1,../large_fep_dataset/data/fep_benchmark_processed/gpcrs_p2y1_meta_sub_1.sdf,../large_fep_dataset/data/fep_benchmark_processed/gpcrs_p2y1_meta_sub_protein.pdb,488,5.4763203,5.044147,5.184231,5.563485,5.1019387,5.1393147,4.6325326,5.136156,4.562297,5.092555,5.0932984
489,gpcrs/p2y1_meta_sub,gpcrs/p2y1_meta_sub/6a,../large_fep_dataset/data/fep_benchmark_processed/gpcrs_p2y1_meta_sub_6a.sdf,../large_fep_dataset/data/fep_benchmark_processed/gpcrs_p2y1_meta_sub_protein.pdb,489,5.4473186,5.2453823,4.7769523,5.582777,4.695364,5.0651817,4.3845696,5.1455407,4.565405,4.5448923,4.9453382
490,gpcrs/p2y1_meta_sub,gpcrs/p2y1_meta_sub/6f,../large_fep_dataset/data/fep_benchmark_processed/gpcrs_p2y1_meta_sub_6f.sdf,../large_fep_dataset/data/fep_benchmark_processed/gpcrs_p2y1_meta_sub_protein.pdb,490,5.1261573,4.983855,5.0034904,5.6487722,4.8287597,4.9866185,4.4247794,4.8599997,4.395932,4.655604,4.891397
491,gpcrs/p2y1_meta_sub,gpcrs/p2y1_meta_sub/6h,../large_fep_dataset/data/fep_benchmark_processed/gpcrs_p2y1_meta_sub_6h.sdf,../large_fep_dataset/data/fep_benchmark_processed/gpcrs_p2y1_meta_sub_protein.pdb,491,5.2073994,5.146839,5.0981936,5.7680454,4.9205446,5.3698196,4.820598,5.0199246,4.4467497,4.5590115,5.0357122
492,gpcrs/p2y1_meta_sub,gpcrs/p2y1_meta_sub/6d,../large_fep_dataset/data/fep_benchmark_processed/gpcrs_p2y1_meta_sub_6d.sdf,../large_fep_dataset/data/fep_benchmark_processed/gpcrs_p2y1_meta_sub_protein.pdb,492,5.023087,4.982657,4.9372563,5.545634,4.7075405,4.937343,4.32143,4.85547,4.2293367,4.833711,4.837346
493,gpcrs/p2y1_meta_sub,gpcrs/p2y1_meta_sub/6i,../large_fep_dataset/data/fep_benchmark_processed/gpcrs_p2y1_meta_sub_6i.sdf,../large_fep_dataset/data/fep_benchmark_processed/gpcrs_p2y1_meta_sub_protein.pdb,493,6.4765797,5.803714,7.0369816,6.887351,5.893385,5.792918,5.8429613,6.7819514,5.3074293,6.1246142,6.194789
494,gpcrs/p2y1_meta_sub,gpcrs/p2y1_meta_sub/6g,../large_fep_dataset/data/fep_benchmark_processed/gpcrs_p2y1_meta_sub_6g.sdf,../large_fep_dataset/data/fep_benchmark_processed/gpcrs_p2y1_meta_sub_protein.pdb,494,5.4133525,5.270403,5.3885584,5.9806757,4.8754044,5.281798,4.408954,5.4224033,4.6161947,4.656257,5.1314
495,gpcrs/p2y1_meta_sub,gpcrs/p2y1_meta_sub/6n,../large_fep_dataset/data/fep_benchmark_processed/gpcrs_p2y1_meta_sub_6n.sdf,../large_fep_dataset/data/fep_benchmark_processed/gpcrs_p2y1_meta_sub_protein.pdb,495,6.019572,5.8351884,6.3326,6.5092926,5.456279,5.6744742,5.6274962,6.808953,5.5243373,6.007457,5.9795647
496,gpcrs/p2y1_meta_sub,gpcrs/p2y1_meta_sub/6m,../large_fep_dataset/data/fep_benchmark_processed/gpcrs_p2y1_meta_sub_6m.sdf,../large_fep_dataset/data/fep_benchmark_processed/gpcrs_p2y1_meta_sub_protein.pdb,496,5.515717,4.978685,5.9998164,5.892423,5.1238637,5.462824,4.968101,5.755415,4.800263,4.931059,5.342817
497,gpcrs/p2y1_meta_sub,gpcrs/p2y1_meta_sub/6p,../large_fep_dataset/data/fep_benchmark_processed/gpcrs_p2y1_meta_sub_6p.sdf,../large_fep_dataset/data/fep_benchmark_processed/gpcrs_p2y1_meta_sub_protein.pdb,497,5.4955525,5.4716206,5.554033,5.7488575,5.1180506,5.7077622,4.6213665,5.6720543,4.9802103,5.4978476,5.386736
498,gpcrs/p2y1_meta_sub,gpcrs/p2y1_meta_sub/6k,../large_fep_dataset/data/fep_benchmark_processed/gpcrs_p2y1_meta_sub_6k.sdf,../large_fep_dataset/data/fep_benchmark_processed/gpcrs_p2y1_meta_sub_protein.pdb,498,5.8654265,5.8469486,5.393754,6.260346,5.079577,5.5208097,4.688472,5.5795207,5.152029,5.106925,5.4493814
499,gpcrs/p2y1_meta_sub,gpcrs/p2y1_meta_sub/6o,../large_fep_dataset/data/fep_benchmark_processed/gpcrs_p2y1_meta_sub_6o.sdf,../large_fep_dataset/data/fep_benchmark_processed/gpcrs_p2y1_meta_sub_protein.pdb,499,5.567635,5.476541,5.57519,6.0206866,5.6348066,5.9659905,5.4625974,5.749905,5.0190077,5.1476903,5.562005
500,gpcrs/p2y1_meta_sub,gpcrs/p2y1_meta_sub/6q,../large_fep_dataset/data/fep_benchmark_processed/gpcrs_p2y1_meta_sub_6q.sdf,../large_fep_dataset/data/fep_benchmark_processed/gpcrs_p2y1_meta_sub_protein.pdb,500,5.365782,5.7673945,5.457843,5.612051,4.9459333,5.578638,4.560572,5.5825934,4.737006,5.121619,5.272943
501,gpcrs/p2y1_meta_sub,gpcrs/p2y1_meta_sub/6l,../large_fep_dataset/data/fep_benchmark_processed/gpcrs_p2y1_meta_sub_6l.sdf,../large_fep_dataset/data/fep_benchmark_processed/gpcrs_p2y1_meta_sub_protein.pdb,501,5.2988715,4.912702,5.2203054,5.8908167,4.924224,5.0096583,4.848658,5.1580095,4.763472,4.39699,5.0423713
502,gpcrs/p2y1_meta_sub,gpcrs/p2y1_meta_sub/6j,../large_fep_dataset/data/fep_benchmark_processed/gpcrs_p2y1_meta_sub_6j.sdf,../large_fep_dataset/data/fep_benchmark_processed/gpcrs_p2y1_meta_sub_protein.pdb,502,5.721058,5.4026594,5.288172,5.8758388,5.169531,5.9085274,4.925507,5.389082,4.8073807,4.718612,5.3206367
503,gpcrs/p2y1_ortho_sub,gpcrs/p2y1_ortho_sub/16,../large_fep_dataset/data/fep_benchmark_processed/gpcrs_p2y1_ortho_sub_16.sdf,../large_fep_dataset/data/fep_benchmark_processed/gpcrs_p2y1_ortho_sub_protein.pdb,503,6.4462256,5.978458,6.838818,6.739845,6.3605742,6.5106225,6.3702383,6.632735,6.5171547,6.1909804,6.4585657
504,gpcrs/p2y1_ortho_sub,gpcrs/p2y1_ortho_sub/11b,../large_fep_dataset/data/fep_benchmark_processed/gpcrs_p2y1_ortho_sub_11b.sdf,../large_fep_dataset/data/fep_benchmark_processed/gpcrs_p2y1_ortho_sub_protein.pdb,504,6.0081043,6.156749,6.501169,6.7274475,6.504997,6.2778482,6.0159907,6.2820354,6.443898,6.5737214,6.3491964
505,gpcrs/p2y1_ortho_sub,gpcrs/p2y1_ortho_sub/17,../large_fep_dataset/data/fep_benchmark_processed/gpcrs_p2y1_ortho_sub_17.sdf,../large_fep_dataset/data/fep_benchmark_processed/gpcrs_p2y1_ortho_sub_protein.pdb,505,6.214696,6.088381,6.7076983,6.48879,6.5745816,6.40161,5.4895835,6.1084847,5.905893,6.124016,6.2103734
506,gpcrs/p2y1_ortho_sub,gpcrs/p2y1_ortho_sub/14,../large_fep_dataset/data/fep_benchmark_processed/gpcrs_p2y1_ortho_sub_14.sdf,../large_fep_dataset/data/fep_benchmark_processed/gpcrs_p2y1_ortho_sub_protein.pdb,506,5.853422,6.1165824,6.6436853,6.1772966,6.296775,6.040815,5.750969,6.1560154,5.625463,5.8046303,6.046565
507,gpcrs/p2y1_ortho_sub,gpcrs/p2y1_ortho_sub/11e,../large_fep_dataset/data/fep_benchmark_processed/gpcrs_p2y1_ortho_sub_11e.sdf,../large_fep_dataset/data/fep_benchmark_processed/gpcrs_p2y1_ortho_sub_protein.pdb,507,5.8736534,5.6156926,5.504875,6.231314,6.1969533,5.7830896,5.2969565,5.8685637,6.003051,5.902921,5.827707
508,gpcrs/p2y1_ortho_sub,gpcrs/p2y1_ortho_sub/11d,../large_fep_dataset/data/fep_benchmark_processed/gpcrs_p2y1_ortho_sub_11d.sdf,../large_fep_dataset/data/fep_benchmark_processed/gpcrs_p2y1_ortho_sub_protein.pdb,508,6.0934653,5.602922,6.0175657,6.374822,6.3590236,6.163043,5.4678526,6.2992682,6.3507905,6.2649407,6.09937
509,gpcrs/p2y1_ortho_sub,gpcrs/p2y1_ortho_sub/11f,../large_fep_dataset/data/fep_benchmark_processed/gpcrs_p2y1_ortho_sub_11f.sdf,../large_fep_dataset/data/fep_benchmark_processed/gpcrs_p2y1_ortho_sub_protein.pdb,509,5.058192,5.408477,5.2399564,5.562103,5.5220366,5.463818,5.018861,5.446985,5.068262,5.0528073,5.2841496
510,gpcrs/p2y1_ortho_sub,gpcrs/p2y1_ortho_sub/18,../large_fep_dataset/data/fep_benchmark_processed/gpcrs_p2y1_ortho_sub_18.sdf,../large_fep_dataset/data/fep_benchmark_processed/gpcrs_p2y1_ortho_sub_protein.pdb,510,6.0397544,6.0099974,7.135846,6.4161096,6.4897056,6.4316854,5.193045,5.926419,5.7679834,6.2207007,6.1631246
511,gpcrs/p2y1_ortho_sub,gpcrs/p2y1_ortho_sub/12,../large_fep_dataset/data/fep_benchmark_processed/gpcrs_p2y1_ortho_sub_12.sdf,../large_fep_dataset/data/fep_benchmark_processed/gpcrs_p2y1_ortho_sub_protein.pdb,511,5.7938504,5.9601097,6.621342,6.446752,6.496845,6.0988626,5.8027964,5.8349643,5.8780584,5.7773147,6.0710897
512,gpcrs/p2y1_ortho_sub,gpcrs/p2y1_ortho_sub/11a,../large_fep_dataset/data/fep_benchmark_processed/gpcrs_p2y1_ortho_sub_11a.sdf,../large_fep_dataset/data/fep_benchmark_processed/gpcrs_p2y1_ortho_sub_protein.pdb,512,4.9325047,5.0983276,4.6065755,5.2998424,5.636377,5.2337155,4.8665376,4.8363137,5.1588936,5.226805,5.0895896
513,gpcrs/p2y1_ortho_sub,gpcrs/p2y1_ortho_sub/19,../large_fep_dataset/data/fep_benchmark_processed/gpcrs_p2y1_ortho_sub_19.sdf,../large_fep_dataset/data/fep_benchmark_processed/gpcrs_p2y1_ortho_sub_protein.pdb,513,5.9497185,5.666124,6.071805,6.717698,6.3597565,6.2188463,6.277621,6.101326,6.2387023,5.6059833,6.120758
514,gpcrs/p2y1_ortho_sub,gpcrs/p2y1_ortho_sub/13,../large_fep_dataset/data/fep_benchmark_processed/gpcrs_p2y1_ortho_sub_13.sdf,../large_fep_dataset/data/fep_benchmark_processed/gpcrs_p2y1_ortho_sub_protein.pdb,514,6.107408,5.891258,6.2550645,6.2088017,6.341908,5.6804523,5.6842833,5.697163,5.752743,5.675821,5.92949
515,janssen_bace/bace_keranen_p2,janssen_bace/bace_keranen_p2/29,../large_fep_dataset/data/fep_benchmark_processed/janssen_bace_bace_keranen_p2_29.sdf,../large_fep_dataset/data/fep_benchmark_processed/janssen_bace_bace_keranen_p2_protein.pdb,515,6.917691,7.1740427,7.5680103,7.1121607,6.987179,6.9445605,7.3020077,7.224438,6.9773846,7.2540607,7.1461535
516,janssen_bace/bace_keranen_p2,janssen_bace/bace_keranen_p2/30,../large_fep_dataset/data/fep_benchmark_processed/janssen_bace_bace_keranen_p2_30.sdf,../large_fep_dataset/data/fep_benchmark_processed/janssen_bace_bace_keranen_p2_protein.pdb,516,6.4217587,7.6387486,7.334292,6.8892827,6.8397484,6.360286,7.2442927,7.467479,6.564829,6.863493,6.9624214
517,janssen_bace/bace_keranen_p2,janssen_bace/bace_keranen_p2/31,../large_fep_dataset/data/fep_benchmark_processed/janssen_bace_bace_keranen_p2_31.sdf,../large_fep_dataset/data/fep_benchmark_processed/janssen_bace_bace_keranen_p2_protein.pdb,517,6.762689,7.7814927,7.163348,6.8092165,6.8166184,6.7185054,7.321469,7.787765,6.5388403,6.968921,7.066887
518,janssen_bace/bace_keranen_p2,janssen_bace/bace_keranen_p2/32,../large_fep_dataset/data/fep_benchmark_processed/janssen_bace_bace_keranen_p2_32.sdf,../large_fep_dataset/data/fep_benchmark_processed/janssen_bace_bace_keranen_p2_protein.pdb,518,7.2355924,7.6026783,6.718149,7.13652,7.2192683,7.4635997,7.485453,7.7642922,7.074899,7.0094476,7.27099
519,janssen_bace/bace_keranen_p2,janssen_bace/bace_keranen_p2/33,../large_fep_dataset/data/fep_benchmark_processed/janssen_bace_bace_keranen_p2_33.sdf,../large_fep_dataset/data/fep_benchmark_processed/janssen_bace_bace_keranen_p2_protein.pdb,519,7.0209384,8.072221,7.6997275,7.1607313,6.9967995,7.184253,7.692549,7.906545,6.846475,7.194392,7.377463
520,janssen_bace/bace_keranen_p2,janssen_bace/bace_keranen_p2/34,../large_fep_dataset/data/fep_benchmark_processed/janssen_bace_bace_keranen_p2_34.sdf,../large_fep_dataset/data/fep_benchmark_processed/janssen_bace_bace_keranen_p2_protein.pdb,520,7.04608,7.127561,7.1492267,7.007818,6.896726,7.156452,7.6580796,7.4186997,7.2514253,7.1743746,7.1886454
521,janssen_bace/bace_keranen_p2,janssen_bace/bace_keranen_p2/35,../large_fep_dataset/data/fep_benchmark_processed/janssen_bace_bace_keranen_p2_35.sdf,../large_fep_dataset/data/fep_benchmark_processed/janssen_bace_bace_keranen_p2_protein.pdb,521,7.1880946,7.1115355,7.0787077,7.0321116,7.0788035,7.1110168,7.5281057,6.9287114,7.834731,7.5359845,7.24278
522,janssen_bace/bace_keranen_p2,janssen_bace/bace_keranen_p2/36 out,../large_fep_dataset/data/fep_benchmark_processed/janssen_bace_bace_keranen_p2_36_out.sdf,../large_fep_dataset/data/fep_benchmark_processed/janssen_bace_bace_keranen_p2_protein.pdb,522,7.0550804,7.7124424,7.347214,7.114736,6.980091,7.0176854,7.558486,7.402426,6.9262557,7.534263,7.2648683
523,janssen_bace/bace_keranen_p2,janssen_bace/bace_keranen_p2/37 out,../large_fep_dataset/data/fep_benchmark_processed/janssen_bace_bace_keranen_p2_37_out.sdf,../large_fep_dataset/data/fep_benchmark_processed/janssen_bace_bace_keranen_p2_protein.pdb,523,6.6782365,7.2942414,7.2907906,6.756525,6.766287,6.4940476,7.2612276,7.437589,6.8558164,7.2921495,7.0126905
524,janssen_bace/bace_keranen_p2,janssen_bace/bace_keranen_p2/39 out,../large_fep_dataset/data/fep_benchmark_processed/janssen_bace_bace_keranen_p2_39_out.sdf,../large_fep_dataset/data/fep_benchmark_processed/janssen_bace_bace_keranen_p2_protein.pdb,524,7.3144736,7.493892,7.604244,6.814278,6.8708034,7.27365,7.2201138,7.40158,7.1870165,7.517138,7.269719
525,janssen_bace/bace_keranen_p2,janssen_bace/bace_keranen_p2/38 out,../large_fep_dataset/data/fep_benchmark_processed/janssen_bace_bace_keranen_p2_38_out.sdf,../large_fep_dataset/data/fep_benchmark_processed/janssen_bace_bace_keranen_p2_protein.pdb,525,7.1076875,7.1867905,7.4841275,6.9126644,7.334099,6.968296,7.363344,7.2197,7.34068,7.3438506,7.226124
526,janssen_bace/bace_keranen_p2,janssen_bace/bace_keranen_p2/28 out,../large_fep_dataset/data/fep_benchmark_processed/janssen_bace_bace_keranen_p2_28_out.sdf,../large_fep_dataset/data/fep_benchmark_processed/janssen_bace_bace_keranen_p2_protein.pdb,526,7.0596976,7.0863194,7.6449966,6.8577957,6.8891163,6.6745653,7.319635,7.4112263,6.733256,7.2212586,7.0897865
527,janssen_bace/bace_ciordia_retro,janssen_bace/bace_ciordia_retro/1a,../large_fep_dataset/data/fep_benchmark_processed/janssen_bace_bace_ciordia_retro_1a.sdf,../large_fep_dataset/data/fep_benchmark_processed/janssen_bace_bace_ciordia_retro_protein.pdb,527,4.7789993,4.7491612,4.4723573,4.608726,4.788715,4.470946,4.715615,4.6662107,4.4716263,4.781344,4.65037
528,janssen_bace/bace_ciordia_retro,janssen_bace/bace_ciordia_retro/11,../large_fep_dataset/data/fep_benchmark_processed/janssen_bace_bace_ciordia_retro_11.sdf,../large_fep_dataset/data/fep_benchmark_processed/janssen_bace_bace_ciordia_retro_protein.pdb,528,6.9218755,6.8539577,6.2889605,6.6980042,6.77782,6.239458,6.594149,6.6723256,6.4689336,7.0356345,6.655112
529,janssen_bace/bace_ciordia_retro,janssen_bace/bace_ciordia_retro/12,../large_fep_dataset/data/fep_benchmark_processed/janssen_bace_bace_ciordia_retro_12.sdf,../large_fep_dataset/data/fep_benchmark_processed/janssen_bace_bace_ciordia_retro_protein.pdb,529,6.972273,7.3608217,7.143252,6.9678097,7.157611,6.8364124,6.914988,7.3293176,6.9364142,6.9460187,7.056492
530,janssen_bace/bace_ciordia_retro,janssen_bace/bace_ciordia_retro/13,../large_fep_dataset/data/fep_benchmark_processed/janssen_bace_bace_ciordia_retro_13.sdf,../large_fep_dataset/data/fep_benchmark_processed/janssen_bace_bace_ciordia_retro_protein.pdb,530,7.40594,6.9549317,7.0640635,7.2355785,7.0583916,6.8239284,7.168856,7.440186,6.976681,6.8533173,7.098188
531,janssen_bace/bace_ciordia_retro,janssen_bace/bace_ciordia_retro/14,../large_fep_dataset/data/fep_benchmark_processed/janssen_bace_bace_ciordia_retro_14.sdf,../large_fep_dataset/data/fep_benchmark_processed/janssen_bace_bace_ciordia_retro_protein.pdb,531,6.8736877,6.736927,6.7152286,6.599444,7.285721,6.142031,6.3396535,6.717779,6.71665,6.98835,6.711547
532,janssen_bace/bace_ciordia_retro,janssen_bace/bace_ciordia_retro/15,../large_fep_dataset/data/fep_benchmark_processed/janssen_bace_bace_ciordia_retro_15.sdf,../large_fep_dataset/data/fep_benchmark_processed/janssen_bace_bace_ciordia_retro_protein.pdb,532,6.8386245,6.9466753,6.235313,7.064129,6.6799197,6.2930665,6.600073,7.010468,6.7021794,6.7489443,6.7119393
533,janssen_bace/bace_ciordia_retro,janssen_bace/bace_ciordia_retro/16,../large_fep_dataset/data/fep_benchmark_processed/janssen_bace_bace_ciordia_retro_16.sdf,../large_fep_dataset/data/fep_benchmark_processed/janssen_bace_bace_ciordia_retro_protein.pdb,533,7.117478,7.207558,6.600611,6.888231,7.3825436,6.3534317,6.640267,6.9607944,7.0620975,6.9851,6.9198112
534,janssen_bace/bace_ciordia_retro,janssen_bace/bace_ciordia_retro/17,../large_fep_dataset/data/fep_benchmark_processed/janssen_bace_bace_ciordia_retro_17.sdf,../large_fep_dataset/data/fep_benchmark_processed/janssen_bace_bace_ciordia_retro_protein.pdb,534,6.656809,7.1515665,6.534472,6.6858187,6.8874307,6.8174696,6.36423,6.9159665,6.422095,6.7596316,6.7195497
535,janssen_bace/bace_ciordia_retro,janssen_bace/bace_ciordia_retro/18,../large_fep_dataset/data/fep_benchmark_processed/janssen_bace_bace_ciordia_retro_18.sdf,../large_fep_dataset/data/fep_benchmark_processed/janssen_bace_bace_ciordia_retro_protein.pdb,535,6.739115,6.814349,6.8061256,6.4381614,7.3144503,6.512845,6.5544176,6.957716,6.7303214,7.0396147,6.7907114
536,janssen_bace/bace_ciordia_retro,janssen_bace/bace_ciordia_retro/19,../large_fep_dataset/data/fep_benchmark_processed/janssen_bace_bace_ciordia_retro_19.sdf,../large_fep_dataset/data/fep_benchmark_processed/janssen_bace_bace_ciordia_retro_protein.pdb,536,7.0160403,6.8409677,6.9845543,6.7006145,7.381113,6.680976,6.696571,7.00574,6.8949437,7.120887,6.932241
537,janssen_bace/bace_ciordia_retro,janssen_bace/bace_ciordia_retro/20,../large_fep_dataset/data/fep_benchmark_processed/janssen_bace_bace_ciordia_retro_20.sdf,../large_fep_dataset/data/fep_benchmark_processed/janssen_bace_bace_ciordia_retro_protein.pdb,537,6.79148,7.1306896,7.0176716,7.039211,6.9443307,6.8140755,6.76282,7.2354407,6.7939186,7.0840225,6.961366
538,janssen_bace/bace_ciordia_retro,janssen_bace/bace_ciordia_retro/21,../large_fep_dataset/data/fep_benchmark_processed/janssen_bace_bace_ciordia_retro_21.sdf,../large_fep_dataset/data/fep_benchmark_processed/janssen_bace_bace_ciordia_retro_protein.pdb,538,6.833959,7.1545296,7.2482944,7.038138,6.7850027,6.770699,7.163394,7.1285863,7.0567284,6.9058776,7.008521
539,janssen_bace/bace_ciordia_retro,janssen_bace/bace_ciordia_retro/22,../large_fep_dataset/data/fep_benchmark_processed/janssen_bace_bace_ciordia_retro_22.sdf,../large_fep_dataset/data/fep_benchmark_processed/janssen_bace_bace_ciordia_retro_protein.pdb,539,7.110215,7.4380903,6.437067,6.5577817,6.747724,6.3967915,6.3943443,7.022786,6.6745105,7.0057025,6.778501
540,janssen_bace/bace_ciordia_retro,janssen_bace/bace_ciordia_retro/23,../large_fep_dataset/data/fep_benchmark_processed/janssen_bace_bace_ciordia_retro_23.sdf,../large_fep_dataset/data/fep_benchmark_processed/janssen_bace_bace_ciordia_retro_protein.pdb,540,7.1594205,6.9778953,6.7751675,6.654302,7.0234838,6.5209947,6.4864793,6.730994,6.6161046,6.5879173,6.753276
541,janssen_bace/bace_ciordia_retro,janssen_bace/bace_ciordia_retro/24,../large_fep_dataset/data/fep_benchmark_processed/janssen_bace_bace_ciordia_retro_24.sdf,../large_fep_dataset/data/fep_benchmark_processed/janssen_bace_bace_ciordia_retro_protein.pdb,541,7.2443275,6.427571,6.861328,6.233947,7.1617517,6.9667454,6.9168534,6.8403296,6.8765197,6.757974,6.8287344
542,janssen_bace/bace_ciordia_retro,janssen_bace/bace_ciordia_retro/25,../large_fep_dataset/data/fep_benchmark_processed/janssen_bace_bace_ciordia_retro_25.sdf,../large_fep_dataset/data/fep_benchmark_processed/janssen_bace_bace_ciordia_retro_protein.pdb,542,7.193358,6.9697175,6.76044,6.6403275,7.490581,6.4999113,6.494908,6.926578,6.9590583,6.9309335,6.8865814
543,janssen_bace/bace_ciordia_retro,janssen_bace/bace_ciordia_retro/26,../large_fep_dataset/data/fep_benchmark_processed/janssen_bace_bace_ciordia_retro_26.sdf,../large_fep_dataset/data/fep_benchmark_processed/janssen_bace_bace_ciordia_retro_protein.pdb,543,7.133282,6.6841373,6.902273,6.754019,7.1307216,6.4783907,7.2310057,7.346888,7.1029224,6.9934955,6.9757133
544,janssen_bace/bace_ciordia_retro,janssen_bace/bace_ciordia_retro/27,../large_fep_dataset/data/fep_benchmark_processed/janssen_bace_bace_ciordia_retro_27.sdf,../large_fep_dataset/data/fep_benchmark_processed/janssen_bace_bace_ciordia_retro_protein.pdb,544,6.704747,6.959185,6.7135067,6.66129,6.826575,6.58811,7.348893,7.1720085,6.940134,7.0948477,6.90093
545,janssen_bace/bace_ciordia_retro,janssen_bace/bace_ciordia_retro/28,../large_fep_dataset/data/fep_benchmark_processed/janssen_bace_bace_ciordia_retro_28.sdf,../large_fep_dataset/data/fep_benchmark_processed/janssen_bace_bace_ciordia_retro_protein.pdb,545,6.8384633,7.3005223,6.163013,6.432411,6.8874803,6.7870064,6.717595,6.863511,6.20242,7.000121,6.7192545
546,janssen_bace/bace_ciordia_retro,janssen_bace/bace_ciordia_retro/29,../large_fep_dataset/data/fep_benchmark_processed/janssen_bace_bace_ciordia_retro_29.sdf,../large_fep_dataset/data/fep_benchmark_processed/janssen_bace_bace_ciordia_retro_protein.pdb,546,6.0354934,6.0293903,5.712223,5.664608,6.0398746,5.4812026,5.637272,6.2068033,5.0534153,5.8744626,5.7734747
547,janssen_bace/bace_ciordia_retro,janssen_bace/bace_ciordia_retro/30,../large_fep_dataset/data/fep_benchmark_processed/janssen_bace_bace_ciordia_retro_30.sdf,../large_fep_dataset/data/fep_benchmark_processed/janssen_bace_bace_ciordia_retro_protein.pdb,547,6.771238,6.245024,5.972227,6.2334375,6.110052,6.288576,6.403559,6.5200934,5.990026,6.3023114,6.283654
548,janssen_bace/bace_ciordia_retro,janssen_bace/bace_ciordia_retro/31,../large_fep_dataset/data/fep_benchmark_processed/janssen_bace_bace_ciordia_retro_31.sdf,../large_fep_dataset/data/fep_benchmark_processed/janssen_bace_bace_ciordia_retro_protein.pdb,548,7.5301476,7.199943,6.6732855,7.1323977,7.277649,6.8179593,7.23486,7.1727448,6.759412,7.4630895,7.126149
549,janssen_bace/bace_ciordia_retro,janssen_bace/bace_ciordia_retro/32,../large_fep_dataset/data/fep_benchmark_processed/janssen_bace_bace_ciordia_retro_32.sdf,../large_fep_dataset/data/fep_benchmark_processed/janssen_bace_bace_ciordia_retro_protein.pdb,549,7.415562,7.213691,6.7348948,6.920876,7.1691747,6.5645785,6.959984,7.332477,6.8256793,7.348041,7.0484953
550,janssen_bace/bace_ciordia_retro,janssen_bace/bace_ciordia_retro/33,../large_fep_dataset/data/fep_benchmark_processed/janssen_bace_bace_ciordia_retro_33.sdf,../large_fep_dataset/data/fep_benchmark_processed/janssen_bace_bace_ciordia_retro_protein.pdb,550,7.6950684,7.2333674,6.8029323,7.320878,7.3687835,6.961955,7.2417564,7.260778,6.828949,7.5378513,7.225231
551,janssen_bace/bace_ciordia_retro,janssen_bace/bace_ciordia_retro/34,../large_fep_dataset/data/fep_benchmark_processed/janssen_bace_bace_ciordia_retro_34.sdf,../large_fep_dataset/data/fep_benchmark_processed/janssen_bace_bace_ciordia_retro_protein.pdb,551,7.543825,7.639494,7.1855693,7.159304,7.497756,7.058864,7.2052736,7.466242,6.9798865,7.2424636,7.297868
552,janssen_bace/bace_ciordia_retro,janssen_bace/bace_ciordia_retro/35,../large_fep_dataset/data/fep_benchmark_processed/janssen_bace_bace_ciordia_retro_35.sdf,../large_fep_dataset/data/fep_benchmark_processed/janssen_bace_bace_ciordia_retro_protein.pdb,552,7.4823074,6.9305987,7.393942,6.967698,7.7565117,7.334687,7.195453,7.528749,7.0336895,7.058687,7.268232
553,janssen_bace/bace_ciordia_retro,janssen_bace/bace_ciordia_retro/36,../large_fep_dataset/data/fep_benchmark_processed/janssen_bace_bace_ciordia_retro_36.sdf,../large_fep_dataset/data/fep_benchmark_processed/janssen_bace_bace_ciordia_retro_protein.pdb,553,8.456387,8.4465475,8.056303,7.98396,8.270851,8.1856,7.804468,7.8478775,7.0699754,7.5688543,7.969083
554,janssen_bace/bace_ciordia_retro,janssen_bace/bace_ciordia_retro/37,../large_fep_dataset/data/fep_benchmark_processed/janssen_bace_bace_ciordia_retro_37.sdf,../large_fep_dataset/data/fep_benchmark_processed/janssen_bace_bace_ciordia_retro_protein.pdb,554,7.434082,7.490959,7.2415633,6.9493113,7.4461875,6.797155,7.15827,7.2783375,7.171199,7.3664017,7.233346
555,janssen_bace/bace_ciordia_retro,janssen_bace/bace_ciordia_retro/38,../large_fep_dataset/data/fep_benchmark_processed/janssen_bace_bace_ciordia_retro_38.sdf,../large_fep_dataset/data/fep_benchmark_processed/janssen_bace_bace_ciordia_retro_protein.pdb,555,7.288966,7.421813,7.3641157,6.88243,7.514119,7.0371957,7.4753313,7.4953547,7.122575,7.358855,7.2960753
556,janssen_bace/bace_ciordia_retro,janssen_bace/bace_ciordia_retro/39,../large_fep_dataset/data/fep_benchmark_processed/janssen_bace_bace_ciordia_retro_39.sdf,../large_fep_dataset/data/fep_benchmark_processed/janssen_bace_bace_ciordia_retro_protein.pdb,556,7.1838145,7.458567,6.9510727,7.1651597,7.2437305,6.961031,6.8903885,7.0086255,6.8711643,7.2966986,7.103025
557,janssen_bace/bace_ciordia_retro,janssen_bace/bace_ciordia_retro/40,../large_fep_dataset/data/fep_benchmark_processed/janssen_bace_bace_ciordia_retro_40.sdf,../large_fep_dataset/data/fep_benchmark_processed/janssen_bace_bace_ciordia_retro_protein.pdb,557,7.1307073,6.9899693,7.4649224,7.042947,7.3743944,6.4454203,6.7286334,7.0714583,6.5476456,7.0890136,6.988511
558,janssen_bace/bace_ciordia_retro,janssen_bace/bace_ciordia_retro/41,../large_fep_dataset/data/fep_benchmark_processed/janssen_bace_bace_ciordia_retro_41.sdf,../large_fep_dataset/data/fep_benchmark_processed/janssen_bace_bace_ciordia_retro_protein.pdb,558,7.103336,6.8966866,6.1301384,6.680151,6.72421,6.3790445,6.5238285,6.581218,6.590584,6.687878,6.6297073
559,janssen_bace/bace_ciordia_retro,janssen_bace/bace_ciordia_retro/30_protonated,../large_fep_dataset/data/fep_benchmark_processed/janssen_bace_bace_ciordia_retro_30_protonated.sdf,../large_fep_dataset/data/fep_benchmark_processed/janssen_bace_bace_ciordia_retro_protein.pdb,559,7.025483,6.7418795,5.8514977,6.235302,6.672033,6.704946,6.571651,6.7280536,6.248633,6.9800887,6.575957
560,janssen_bace/bace_p3_arg368_in,janssen_bace/bace_p3_arg368_in/8a,../large_fep_dataset/data/fep_benchmark_processed/janssen_bace_bace_p3_arg368_in_8a.sdf,../large_fep_dataset/data/fep_benchmark_processed/janssen_bace_bace_p3_arg368_in_protein.pdb,560,7.571444,7.1801114,6.877751,7.163972,7.665091,6.7827473,7.3560295,7.6560707,7.3452954,6.5512667,7.2149787
561,janssen_bace/bace_p3_arg368_in,janssen_bace/bace_p3_arg368_in/8b,../large_fep_dataset/data/fep_benchmark_processed/janssen_bace_bace_p3_arg368_in_8b.sdf,../large_fep_dataset/data/fep_benchmark_processed/janssen_bace_bace_p3_arg368_in_protein.pdb,561,7.5066605,7.6901364,7.540707,7.8716536,7.5771527,7.280184,7.6435723,7.8985915,7.303909,7.3831058,7.5695662
562,janssen_bace/bace_p3_arg368_in,janssen_bace/bace_p3_arg368_in/8c,../large_fep_dataset/data/fep_benchmark_processed/janssen_bace_bace_p3_arg368_in_8c.sdf,../large_fep_dataset/data/fep_benchmark_processed/janssen_bace_bace_p3_arg368_in_protein.pdb,562,7.7949195,7.4304047,7.645322,7.5950527,7.1420007,7.4160814,7.1050067,7.5119643,7.6891775,7.2640967,7.4594026
563,janssen_bace/bace_p3_arg368_in,janssen_bace/bace_p3_arg368_in/8d,../large_fep_dataset/data/fep_benchmark_processed/janssen_bace_bace_p3_arg368_in_8d.sdf,../large_fep_dataset/data/fep_benchmark_processed/janssen_bace_bace_p3_arg368_in_protein.pdb,563,7.9251966,7.886181,7.7297063,7.559068,7.9579115,7.05946,7.9326105,7.7392964,7.210079,7.1100945,7.6109605
564,janssen_bace/bace_p3_arg368_in,janssen_bace/bace_p3_arg368_in/8e,../large_fep_dataset/data/fep_benchmark_processed/janssen_bace_bace_p3_arg368_in_8e.sdf,../large_fep_dataset/data/fep_benchmark_processed/janssen_bace_bace_p3_arg368_in_protein.pdb,564,8.107628,7.679162,7.865616,7.553081,7.754671,7.314386,7.4657207,7.693756,7.6383996,7.4419255,7.6514344
565,janssen_bace/bace_p3_arg368_in,janssen_bace/bace_p3_arg368_in/8f,../large_fep_dataset/data/fep_benchmark_processed/janssen_bace_bace_p3_arg368_in_8f.sdf,../large_fep_dataset/data/fep_benchmark_processed/janssen_bace_bace_p3_arg368_in_protein.pdb,565,7.994794,7.9939685,8.0422945,7.407722,8.11359,6.794373,7.56114,8.1098795,7.4359035,7.2010694,7.665474
566,janssen_bace/bace_p3_arg368_in,janssen_bace/bace_p3_arg368_in/8g,../large_fep_dataset/data/fep_benchmark_processed/janssen_bace_bace_p3_arg368_in_8g.sdf,../large_fep_dataset/data/fep_benchmark_processed/janssen_bace_bace_p3_arg368_in_protein.pdb,566,8.093288,7.928159,8.270505,8.1538725,7.4785113,7.0065002,7.5019584,7.873366,7.5062222,6.8960094,7.67084
567,janssen_bace/bace_p3_arg368_in,janssen_bace/bace_p3_arg368_in/17a,../large_fep_dataset/data/fep_benchmark_processed/janssen_bace_bace_p3_arg368_in_17a.sdf,../large_fep_dataset/data/fep_benchmark_processed/janssen_bace_bace_p3_arg368_in_protein.pdb,567,7.6464596,7.593054,7.2337174,7.294245,7.5054283,7.210283,7.6848764,7.779145,7.540825,7.0470247,7.4535055
568,janssen_bace/bace_p3_arg368_in,janssen_bace/bace_p3_arg368_in/17b,../large_fep_dataset/data/fep_benchmark_processed/janssen_bace_bace_p3_arg368_in_17b.sdf,../large_fep_dataset/data/fep_benchmark_processed/janssen_bace_bace_p3_arg368_in_protein.pdb,568,7.6465583,8.237267,7.806433,7.8207917,7.5624924,7.5777545,8.176969,7.965702,7.3371387,7.644404,7.7775507
569,janssen_bace/bace_p3_arg368_in,janssen_bace/bace_p3_arg368_in/17c,../large_fep_dataset/data/fep_benchmark_processed/janssen_bace_bace_p3_arg368_in_17c.sdf,../large_fep_dataset/data/fep_benchmark_processed/janssen_bace_bace_p3_arg368_in_protein.pdb,569,8.075445,7.819449,8.105469,7.8458858,7.419221,7.765652,7.4913135,7.747133,7.4333515,7.5399666,7.724289
570,janssen_bace/bace_p3_arg368_in,janssen_bace/bace_p3_arg368_in/17d,../large_fep_dataset/data/fep_benchmark_processed/janssen_bace_bace_p3_arg368_in_17d.sdf,../large_fep_dataset/data/fep_benchmark_processed/janssen_bace_bace_p3_arg368_in_protein.pdb,570,8.067023,8.172672,7.9291153,7.8195276,7.8330026,7.614824,8.1483555,7.8716497,7.6012464,7.58239,7.863981
571,janssen_bace/bace_p3_arg368_in,janssen_bace/bace_p3_arg368_in/17e,../large_fep_dataset/data/fep_benchmark_processed/janssen_bace_bace_p3_arg368_in_17e.sdf,../large_fep_dataset/data/fep_benchmark_processed/janssen_bace_bace_p3_arg368_in_protein.pdb,571,8.325313,7.869117,7.626455,7.5375166,7.67834,7.615091,7.7685347,7.799742,7.7352805,7.5755634,7.753095
572,janssen_bace/bace_p3_arg368_in,janssen_bace/bace_p3_arg368_in/17f,../large_fep_dataset/data/fep_benchmark_processed/janssen_bace_bace_p3_arg368_in_17f.sdf,../large_fep_dataset/data/fep_benchmark_processed/janssen_bace_bace_p3_arg368_in_protein.pdb,572,8.293192,8.296748,8.346002,7.477966,8.207824,7.1343217,8.165543,8.020475,7.73787,7.3116155,7.8991556
573,janssen_bace/bace_p3_arg368_in,janssen_bace/bace_p3_arg368_in/17g,../large_fep_dataset/data/fep_benchmark_processed/janssen_bace_bace_p3_arg368_in_17g.sdf,../large_fep_dataset/data/fep_benchmark_processed/janssen_bace_bace_p3_arg368_in_protein.pdb,573,8.601649,8.291264,8.504886,8.215567,7.6267033,7.437253,7.862566,7.8417506,7.686555,7.2516875,7.931988
574,janssen_bace/bace_p3_arg368_in,janssen_bace/bace_p3_arg368_in/27a,../large_fep_dataset/data/fep_benchmark_processed/janssen_bace_bace_p3_arg368_in_27a.sdf,../large_fep_dataset/data/fep_benchmark_processed/janssen_bace_bace_p3_arg368_in_protein.pdb,574,7.544781,7.4104366,7.195644,7.1406136,7.8019342,7.2876635,7.4771686,7.825737,7.642119,7.514028,7.4840126
575,janssen_bace/bace_p3_arg368_in,janssen_bace/bace_p3_arg368_in/27b,../large_fep_dataset/data/fep_benchmark_processed/janssen_bace_bace_p3_arg368_in_27b.sdf,../large_fep_dataset/data/fep_benchmark_processed/janssen_bace_bace_p3_arg368_in_protein.pdb,575,7.553091,8.326309,7.8485403,7.7171755,7.893956,7.7093754,7.977619,8.046559,7.4196,8.019788,7.8512015
576,janssen_bace/bace_p3_arg368_in,janssen_bace/bace_p3_arg368_in/27c,../large_fep_dataset/data/fep_benchmark_processed/janssen_bace_bace_p3_arg368_in_27c.sdf,../large_fep_dataset/data/fep_benchmark_processed/janssen_bace_bace_p3_arg368_in_protein.pdb,576,7.585558,7.624504,7.899524,7.6104436,7.664324,7.84841,6.9775248,7.794881,7.371056,7.6134315,7.598966
577,janssen_bace/bace_p3_arg368_in,janssen_bace/bace_p3_arg368_in/27d,../large_fep_dataset/data/fep_benchmark_processed/janssen_bace_bace_p3_arg368_in_27d.sdf,../large_fep_dataset/data/fep_benchmark_processed/janssen_bace_bace_p3_arg368_in_protein.pdb,577,7.910715,8.259631,7.854186,7.773453,8.031474,7.704112,7.92358,7.8364143,7.549872,7.9766564,7.882009
578,janssen_bace/bace_p3_arg368_in,janssen_bace/bace_p3_arg368_in/27e,../large_fep_dataset/data/fep_benchmark_processed/janssen_bace_bace_p3_arg368_in_27e.sdf,../large_fep_dataset/data/fep_benchmark_processed/janssen_bace_bace_p3_arg368_in_protein.pdb,578,7.9492583,7.772381,7.3444886,7.2840867,7.812429,7.6216116,7.3992577,7.791436,7.549371,7.672375,7.61967
579,janssen_bace/bace_p3_arg368_in,janssen_bace/bace_p3_arg368_in/27f,../large_fep_dataset/data/fep_benchmark_processed/janssen_bace_bace_p3_arg368_in_27f.sdf,../large_fep_dataset/data/fep_benchmark_processed/janssen_bace_bace_p3_arg368_in_protein.pdb,579,8.066194,8.105115,8.134702,7.306603,7.974061,7.337749,7.5728464,7.932649,7.532633,7.8317413,7.779429
580,janssen_bace/bace_p3_arg368_in,janssen_bace/bace_p3_arg368_in/27g,../large_fep_dataset/data/fep_benchmark_processed/janssen_bace_bace_p3_arg368_in_27g.sdf,../large_fep_dataset/data/fep_benchmark_processed/janssen_bace_bace_p3_arg368_in_protein.pdb,580,8.264696,8.220345,8.468951,8.114956,7.4327645,7.417835,7.7684956,7.866683,7.459444,7.6223974,7.8636565
581,janssen_bace/bace_ciordia_prospective,janssen_bace/bace_ciordia_prospective/spiro16,../large_fep_dataset/data/fep_benchmark_processed/janssen_bace_bace_ciordia_prospective_spiro16.sdf,../large_fep_dataset/data/fep_benchmark_processed/janssen_bace_bace_ciordia_prospective_protein.pdb,581,8.117682,7.2976437,7.6955047,7.1806064,7.756423,7.574302,7.7813764,7.556638,8.140949,7.3801527,7.648127
582,janssen_bace/bace_ciordia_prospective,janssen_bace/bace_ciordia_prospective/spiro5,../large_fep_dataset/data/fep_benchmark_processed/janssen_bace_bace_ciordia_prospective_spiro5.sdf,../large_fep_dataset/data/fep_benchmark_processed/janssen_bace_bace_ciordia_prospective_protein.pdb,582,6.9196258,6.8902135,6.9818997,6.6244197,7.405466,7.0006065,6.789395,6.7625976,7.0173297,6.835478,6.922703
583,janssen_bace/bace_ciordia_prospective,janssen_bace/bace_ciordia_prospective/spiro2,../large_fep_dataset/data/fep_benchmark_processed/janssen_bace_bace_ciordia_prospective_spiro2.sdf,../large_fep_dataset/data/fep_benchmark_processed/janssen_bace_bace_ciordia_prospective_protein.pdb,583,7.4519286,7.017328,7.522215,7.363302,7.552795,6.890354,6.9981756,6.9384527,6.861066,6.902151,7.1497774
584,janssen_bace/bace_ciordia_prospective,janssen_bace/bace_ciordia_prospective/spiro10,../large_fep_dataset/data/fep_benchmark_processed/janssen_bace_bace_ciordia_prospective_spiro10.sdf,../large_fep_dataset/data/fep_benchmark_processed/janssen_bace_bace_ciordia_prospective_protein.pdb,584,7.591649,7.5939903,7.9773893,7.812448,7.8657894,7.6265154,7.4726043,7.009816,7.4804,7.3414154,7.577202
585,janssen_bace/bace_ciordia_prospective,janssen_bace/bace_ciordia_prospective/spiro3,../large_fep_dataset/data/fep_benchmark_processed/janssen_bace_bace_ciordia_prospective_spiro3.sdf,../large_fep_dataset/data/fep_benchmark_processed/janssen_bace_bace_ciordia_prospective_protein.pdb,585,7.1690283,7.1910105,7.9502063,7.0655074,6.861338,6.9180813,6.570039,7.117464,6.9860296,6.906617,7.073532
586,janssen_bace/bace_ciordia_prospective,janssen_bace/bace_ciordia_prospective/spiro6,../large_fep_dataset/data/fep_benchmark_processed/janssen_bace_bace_ciordia_prospective_spiro6.sdf,../large_fep_dataset/data/fep_benchmark_processed/janssen_bace_bace_ciordia_prospective_protein.pdb,586,8.248576,8.089967,8.379514,7.695302,8.104461,8.108556,8.218703,8.010048,7.57394,7.199686,7.9628744
587,janssen_bace/bace_ciordia_prospective,janssen_bace/bace_ciordia_prospective/spiro4,../large_fep_dataset/data/fep_benchmark_processed/janssen_bace_bace_ciordia_prospective_spiro4.sdf,../large_fep_dataset/data/fep_benchmark_processed/janssen_bace_bace_ciordia_prospective_protein.pdb,587,6.704935,6.5070677,6.681823,6.318724,6.6236014,6.597988,6.0350633,5.993545,6.7909193,6.0807605,6.4334426
588,janssen_bace/bace_ciordia_prospective,janssen_bace/bace_ciordia_prospective/spiro1,../large_fep_dataset/data/fep_benchmark_processed/janssen_bace_bace_ciordia_prospective_spiro1.sdf,../large_fep_dataset/data/fep_benchmark_processed/janssen_bace_bace_ciordia_prospective_protein.pdb,588,8.009953,7.2229505,7.9671707,7.7599225,7.7901335,7.443213,7.99553,7.8250384,7.9249625,7.270068,7.720894
589,janssen_bace/bace_ciordia_prospective,janssen_bace/bace_ciordia_prospective/spiro15,../large_fep_dataset/data/fep_benchmark_processed/janssen_bace_bace_ciordia_prospective_spiro15.sdf,../large_fep_dataset/data/fep_benchmark_processed/janssen_bace_bace_ciordia_prospective_protein.pdb,589,7.7076645,7.306032,7.5285587,7.909449,7.4098306,7.415698,7.693415,7.6882896,7.89858,7.500444,7.605796
590,mcs_docking/renin_customcore,mcs_docking/renin_customcore/b1i5k_xray,../large_fep_dataset/data/fep_benchmark_processed/mcs_docking_renin_customcore_b1i5k_xray.sdf,../large_fep_dataset/data/fep_benchmark_processed/mcs_docking_renin_customcore_protein.pdb,590,7.1805696,6.8684855,7.7459016,7.4512444,7.7442994,7.2905774,7.401625,7.623097,6.8063927,7.230589,7.334279
591,mcs_docking/renin_customcore,mcs_docking/renin_customcore/b1i5j,../large_fep_dataset/data/fep_benchmark_processed/mcs_docking_renin_customcore_b1i5j.sdf,../large_fep_dataset/data/fep_benchmark_processed/mcs_docking_renin_customcore_protein.pdb,591,7.4003987,6.784888,7.545201,7.400014,7.520313,7.193614,7.283158,7.480309,6.888594,7.2983932,7.2794886
592,mcs_docking/renin_customcore,mcs_docking/renin_customcore/b1i2n,../large_fep_dataset/data/fep_benchmark_processed/mcs_docking_renin_customcore_b1i2n.sdf,../large_fep_dataset/data/fep_benchmark_processed/mcs_docking_renin_customcore_protein.pdb,592,6.5305185,6.2915688,6.97813,7.2496715,6.9802485,6.6450586,6.038447,6.636621,6.4336057,7.160237,6.694411
593,mcs_docking/renin_customcore,mcs_docking/renin_customcore/b1i5i,../large_fep_dataset/data/fep_benchmark_processed/mcs_docking_renin_customcore_b1i5i.sdf,../large_fep_dataset/data/fep_benchmark_processed/mcs_docking_renin_customcore_protein.pdb,593,7.3320374,6.8172603,7.3323226,7.3951735,7.10535,7.218665,7.211205,7.2939076,7.000308,7.450873,7.2157106
594,mcs_docking/renin_customcore,mcs_docking/renin_customcore/b1i5h,../large_fep_dataset/data/fep_benchmark_processed/mcs_docking_renin_customcore_b1i5h.sdf,../large_fep_dataset/data/fep_benchmark_processed/mcs_docking_renin_customcore_protein.pdb,594,7.4253907,7.263757,7.1492896,7.4841356,7.290858,7.092983,7.562624,6.902376,7.3982067,7.6731668,7.324279
595,mcs_docking/renin_customcore,mcs_docking/renin_customcore/b1i5l,../large_fep_dataset/data/fep_benchmark_processed/mcs_docking_renin_customcore_b1i5l.sdf,../large_fep_dataset/data/fep_benchmark_processed/mcs_docking_renin_customcore_protein.pdb,595,6.9713717,6.4643354,7.3180876,7.6061296,7.334583,7.0700235,6.7317057,7.381982,7.1661477,7.577995,7.162236
596,mcs_docking/renin_customcore,mcs_docking/renin_customcore/b1i5n,../large_fep_dataset/data/fep_benchmark_processed/mcs_docking_renin_customcore_b1i5n.sdf,../large_fep_dataset/data/fep_benchmark_processed/mcs_docking_renin_customcore_protein.pdb,596,7.271719,7.217264,7.625193,7.649639,7.368891,7.4114485,7.2251096,6.8449063,7.5993233,7.0119653,7.3225455
597,mcs_docking/renin_customcore,mcs_docking/renin_customcore/b1a2m,../large_fep_dataset/data/fep_benchmark_processed/mcs_docking_renin_customcore_b1a2m.sdf,../large_fep_dataset/data/fep_benchmark_processed/mcs_docking_renin_customcore_protein.pdb,597,5.706682,5.902776,4.8234487,6.3835125,6.2161264,5.112649,5.1921015,5.581257,5.9544435,5.835014,5.670801
598,mcs_docking/renin_customcore,mcs_docking/renin_customcore/b1i2o,../large_fep_dataset/data/fep_benchmark_processed/mcs_docking_renin_customcore_b1i2o.sdf,../large_fep_dataset/data/fep_benchmark_processed/mcs_docking_renin_customcore_protein.pdb,598,6.781038,7.092382,6.424314,7.6082673,6.9448576,7.1365147,5.9601183,7.6002445,6.5932374,7.0593963,6.9200373
599,mcs_docking/renin_customcore,mcs_docking/renin_customcore/b1i5o,../large_fep_dataset/data/fep_benchmark_processed/mcs_docking_renin_customcore_b1i5o.sdf,../large_fep_dataset/data/fep_benchmark_processed/mcs_docking_renin_customcore_protein.pdb,599,7.940596,7.6161885,7.621404,7.8631306,7.9542704,7.4404426,7.4656744,7.220548,7.275642,7.6910377,7.6088934
600,mcs_docking/renin_customcore,mcs_docking/renin_customcore/b1i4i,../large_fep_dataset/data/fep_benchmark_processed/mcs_docking_renin_customcore_b1i4i.sdf,../large_fep_dataset/data/fep_benchmark_processed/mcs_docking_renin_customcore_protein.pdb,600,6.9874206,7.456204,7.4919496,7.7831564,7.304351,7.503367,7.072205,7.007155,6.898264,7.615376,7.3119454
601,mcs_docking/renin_customcore,mcs_docking/renin_customcore/b1i4e,../large_fep_dataset/data/fep_benchmark_processed/mcs_docking_renin_customcore_b1i4e.sdf,../large_fep_dataset/data/fep_benchmark_processed/mcs_docking_renin_customcore_protein.pdb,601,6.4401717,6.2195864,6.6168013,6.7256374,6.6659074,7.1130967,5.954765,6.655965,6.2065225,6.315425,6.491388
602,mcs_docking/renin_customcore,mcs_docking/renin_customcore/b1i4g,../large_fep_dataset/data/fep_benchmark_processed/mcs_docking_renin_customcore_b1i4g.sdf,../large_fep_dataset/data/fep_benchmark_processed/mcs_docking_renin_customcore_protein.pdb,602,6.675957,6.21139,7.3945413,6.8088164,6.455277,7.351916,5.9718313,7.2269897,6.51287,6.679803,6.72894
603,mcs_docking/renin_customcore,mcs_docking/renin_customcore/b1i1,../large_fep_dataset/data/fep_benchmark_processed/mcs_docking_renin_customcore_b1i1.sdf,../large_fep_dataset/data/fep_benchmark_processed/mcs_docking_renin_customcore_protein.pdb,603,5.2102647,5.012336,4.771346,5.9070477,5.826316,5.6365047,5.168321,4.587845,5.3475494,5.6587605,5.3126287
604,mcs_docking/renin_customcore,mcs_docking/renin_customcore/b1i2a,../large_fep_dataset/data/fep_benchmark_processed/mcs_docking_renin_customcore_b1i2a.sdf,../large_fep_dataset/data/fep_benchmark_processed/mcs_docking_renin_customcore_protein.pdb,604,5.449214,6.0020337,5.2385354,6.8634505,6.5183635,5.589918,5.0071383,5.8269935,6.187248,6.067478,5.875037
605,mcs_docking/renin_customcore,mcs_docking/renin_customcore/b1i2e,../large_fep_dataset/data/fep_benchmark_processed/mcs_docking_renin_customcore_b1i2e.sdf,../large_fep_dataset/data/fep_benchmark_processed/mcs_docking_renin_customcore_protein.pdb,605,5.634363,6.116548,5.6372895,6.7563777,6.6921263,6.0342,5.290602,5.8266673,6.261469,6.323767,6.057341
606,mcs_docking/renin_customcore,mcs_docking/renin_customcore/b1i2i,../large_fep_dataset/data/fep_benchmark_processed/mcs_docking_renin_customcore_b1i2i.sdf,../large_fep_dataset/data/fep_benchmark_processed/mcs_docking_renin_customcore_protein.pdb,606,5.2024713,6.282861,5.851706,6.4531336,6.863839,6.025932,5.745561,5.879484,6.2222166,6.6970334,6.1224236
607,mcs_docking/renin_customcore,mcs_docking/renin_customcore/b1i2j,../large_fep_dataset/data/fep_benchmark_processed/mcs_docking_renin_customcore_b1i2j.sdf,../large_fep_dataset/data/fep_benchmark_processed/mcs_docking_renin_customcore_protein.pdb,607,6.2462673,6.6659656,6.165039,6.8933296,6.6836348,6.308607,5.748097,6.2205486,6.655298,6.681458,6.426824
608,mcs_docking/renin_customcore,mcs_docking/renin_customcore/b1i5c,../large_fep_dataset/data/fep_benchmark_processed/mcs_docking_renin_customcore_b1i5c.sdf,../large_fep_dataset/data/fep_benchmark_processed/mcs_docking_renin_customcore_protein.pdb,608,7.0448976,6.794932,6.635813,7.11939,7.4424996,6.877692,6.7473397,6.948781,6.937844,6.953436,6.9502625
609,mcs_docking/renin_customcore,mcs_docking/renin_customcore/b1i5b,../large_fep_dataset/data/fep_benchmark_processed/mcs_docking_renin_customcore_b1i5b.sdf,../large_fep_dataset/data/fep_benchmark_processed/mcs_docking_renin_customcore_protein.pdb,609,7.097922,6.8849196,6.728846,7.397858,6.998965,6.9877067,7.295239,7.097094,7.286698,7.088822,7.0864067
610,mcs_docking/renin_customcore,mcs_docking/renin_customcore/b1i2k,../large_fep_dataset/data/fep_benchmark_processed/mcs_docking_renin_customcore_b1i2k.sdf,../large_fep_dataset/data/fep_benchmark_processed/mcs_docking_renin_customcore_protein.pdb,610,6.2218657,6.5430603,6.221872,7.1326995,6.881945,6.3775268,5.825444,6.041234,6.3505416,6.9293785,6.4525557
611,mcs_docking/renin_customcore,mcs_docking/renin_customcore/b1i2h,../large_fep_dataset/data/fep_benchmark_processed/mcs_docking_renin_customcore_b1i2h.sdf,../large_fep_dataset/data/fep_benchmark_processed/mcs_docking_renin_customcore_protein.pdb,611,5.471054,6.465615,5.4080677,6.692094,6.4554706,5.933121,5.295044,6.1863585,6.568328,6.2386513,6.0713806
612,mcs_docking/renin_customcore,mcs_docking/renin_customcore/b1i2g,../large_fep_dataset/data/fep_benchmark_processed/mcs_docking_renin_customcore_b1i2g.sdf,../large_fep_dataset/data/fep_benchmark_processed/mcs_docking_renin_customcore_protein.pdb,612,5.554062,6.190947,5.46754,6.775488,6.3530254,6.05404,5.54413,5.5810666,6.287458,5.939555,5.9747305
613,mcs_docking/renin_customcore,mcs_docking/renin_customcore/b1i4b,../large_fep_dataset/data/fep_benchmark_processed/mcs_docking_renin_customcore_b1i4b.sdf,../large_fep_dataset/data/fep_benchmark_processed/mcs_docking_renin_customcore_protein.pdb,613,6.0114136,6.100169,5.622628,6.5519137,6.648555,5.955233,5.0252504,6.3662677,6.4082503,6.6916227,6.1381307
614,mcs_docking/renin_customcore,mcs_docking/renin_customcore/b1i5a,../large_fep_dataset/data/fep_benchmark_processed/mcs_docking_renin_customcore_b1i5a.sdf,../large_fep_dataset/data/fep_benchmark_processed/mcs_docking_renin_customcore_protein.pdb,614,7.172603,7.0460596,6.3753986,7.019748,7.1757555,7.223346,7.114211,6.4609947,7.391951,7.1235228,7.0103593
615,mcs_docking/renin_customcore,mcs_docking/renin_customcore/b1i2d,../large_fep_dataset/data/fep_benchmark_processed/mcs_docking_renin_customcore_b1i2d.sdf,../large_fep_dataset/data/fep_benchmark_processed/mcs_docking_renin_customcore_protein.pdb,615,6.222839,6.427701,6.193267,6.9480925,6.7152896,6.285316,5.653406,6.042444,6.5017986,6.5323,6.352246
616,mcs_docking/renin_customcore,mcs_docking/renin_customcore/b1i4a,../large_fep_dataset/data/fep_benchmark_processed/mcs_docking_renin_customcore_b1i4a.sdf,../large_fep_dataset/data/fep_benchmark_processed/mcs_docking_renin_customcore_protein.pdb,616,5.5616903,5.773455,5.1472287,6.6306252,6.3074517,5.6709294,4.9553967,6.1412835,6.1471663,6.376267,5.8711495
617,mcs_docking/renin_customcore,mcs_docking/renin_customcore/b1i5d,../large_fep_dataset/data/fep_benchmark_processed/mcs_docking_renin_customcore_b1i5d.sdf,../large_fep_dataset/data/fep_benchmark_processed/mcs_docking_renin_customcore_protein.pdb,617,6.575483,7.0282574,6.892529,7.1444626,7.3257813,7.236911,7.8713317,7.4090285,7.1686926,7.1506643,7.180314
618,mcs_docking/renin_customcore,mcs_docking/renin_customcore/b1i2c,../large_fep_dataset/data/fep_benchmark_processed/mcs_docking_renin_customcore_b1i2c.sdf,../large_fep_dataset/data/fep_benchmark_processed/mcs_docking_renin_customcore_protein.pdb,618,5.587948,7.031315,5.9299846,6.65338,6.7213883,7.0288916,5.771585,6.354225,6.412844,6.8035407,6.4295106
619,mcs_docking/hne,mcs_docking/hne/6,../large_fep_dataset/data/fep_benchmark_processed/mcs_docking_hne_6.sdf,../large_fep_dataset/data/fep_benchmark_processed/mcs_docking_hne_protein.pdb,619,6.9575768,7.0013103,6.816689,7.2236156,6.5084405,6.899535,6.143858,6.8849154,7.1648,6.938373,6.853911
620,mcs_docking/hne,mcs_docking/hne/14,../large_fep_dataset/data/fep_benchmark_processed/mcs_docking_hne_14.sdf,../large_fep_dataset/data/fep_benchmark_processed/mcs_docking_hne_protein.pdb,620,7.606731,7.9883857,8.2730255,7.877364,7.71463,7.5165215,7.7690163,8.054762,7.684523,7.7575874,7.8242555
621,mcs_docking/hne,mcs_docking/hne/15,../large_fep_dataset/data/fep_benchmark_processed/mcs_docking_hne_15.sdf,../large_fep_dataset/data/fep_benchmark_processed/mcs_docking_hne_protein.pdb,621,7.435844,8.109117,8.3777275,7.915926,7.3403687,7.7428966,8.039862,8.149513,7.7729254,7.689924,7.8574104
622,mcs_docking/hne,mcs_docking/hne/16,../large_fep_dataset/data/fep_benchmark_processed/mcs_docking_hne_16.sdf,../large_fep_dataset/data/fep_benchmark_processed/mcs_docking_hne_protein.pdb,622,7.587663,8.101814,8.401052,7.9817495,7.7510824,7.808945,7.8947783,8.262928,7.6722064,7.7184644,7.918069
623,mcs_docking/hne,mcs_docking/hne/17,../large_fep_dataset/data/fep_benchmark_processed/mcs_docking_hne_17.sdf,../large_fep_dataset/data/fep_benchmark_processed/mcs_docking_hne_protein.pdb,623,7.4802117,7.742582,8.156589,7.9697933,7.8749475,7.515981,7.7118955,7.97274,7.6254025,7.3832355,7.743337
624,mcs_docking/hne,mcs_docking/hne/18,../large_fep_dataset/data/fep_benchmark_processed/mcs_docking_hne_18.sdf,../large_fep_dataset/data/fep_benchmark_processed/mcs_docking_hne_protein.pdb,624,7.518985,8.20166,8.396128,7.769815,7.665044,7.6858373,8.012149,7.9902444,7.3769836,7.863434,7.8480287
625,mcs_docking/hne,mcs_docking/hne/19,../large_fep_dataset/data/fep_benchmark_processed/mcs_docking_hne_19.sdf,../large_fep_dataset/data/fep_benchmark_processed/mcs_docking_hne_protein.pdb,625,7.4629393,8.389505,8.556561,7.9584618,7.8468976,7.8632565,8.2102995,8.2395525,7.482285,8.063197,8.007296
626,mcs_docking/hne,mcs_docking/hne/20,../large_fep_dataset/data/fep_benchmark_processed/mcs_docking_hne_20.sdf,../large_fep_dataset/data/fep_benchmark_processed/mcs_docking_hne_protein.pdb,626,7.5256786,8.227034,8.224278,7.9350305,7.7823706,7.773902,8.080172,7.9268126,7.481678,7.9898095,7.894676
627,mcs_docking/hne,mcs_docking/hne/21,../large_fep_dataset/data/fep_benchmark_processed/mcs_docking_hne_21.sdf,../large_fep_dataset/data/fep_benchmark_processed/mcs_docking_hne_protein.pdb,627,7.44311,8.191338,8.1338415,7.7686973,8.273548,8.1246395,8.178958,8.4175205,7.5319905,8.10333,8.016698
628,mcs_docking/hne,mcs_docking/hne/22,../large_fep_dataset/data/fep_benchmark_processed/mcs_docking_hne_22.sdf,../large_fep_dataset/data/fep_benchmark_processed/mcs_docking_hne_protein.pdb,628,7.8666387,8.397675,8.302708,7.591489,7.864395,7.833063,8.092543,7.933559,8.167945,7.9733815,8.002339
629,mcs_docking/hne,mcs_docking/hne/23,../large_fep_dataset/data/fep_benchmark_processed/mcs_docking_hne_23.sdf,../large_fep_dataset/data/fep_benchmark_processed/mcs_docking_hne_protein.pdb,629,7.780463,8.674013,8.638595,7.952838,8.00258,7.9689546,8.433653,8.067283,8.110267,8.0385895,8.166723
630,mcs_docking/hne,mcs_docking/hne/25,../large_fep_dataset/data/fep_benchmark_processed/mcs_docking_hne_25.sdf,../large_fep_dataset/data/fep_benchmark_processed/mcs_docking_hne_protein.pdb,630,7.998938,8.483667,8.454735,7.858434,8.146041,7.860824,8.348738,8.065023,8.19694,8.213281,8.162662
631,mcs_docking/hne,mcs_docking/hne/26,../large_fep_dataset/data/fep_benchmark_processed/mcs_docking_hne_26.sdf,../large_fep_dataset/data/fep_benchmark_processed/mcs_docking_hne_protein.pdb,631,7.9725146,8.258807,8.411163,7.7934427,8.195319,7.707428,8.210686,7.930411,8.439513,8.031024,8.095031
632,mcs_docking/hne,mcs_docking/hne/27,../large_fep_dataset/data/fep_benchmark_processed/mcs_docking_hne_27.sdf,../large_fep_dataset/data/fep_benchmark_processed/mcs_docking_hne_protein.pdb,632,8.185352,8.417395,8.539638,8.064898,8.360103,7.858391,8.429123,8.151093,8.371032,8.214749,8.259178
633,mcs_docking/hne,mcs_docking/hne/28,../large_fep_dataset/data/fep_benchmark_processed/mcs_docking_hne_28.sdf,../large_fep_dataset/data/fep_benchmark_processed/mcs_docking_hne_protein.pdb,633,7.868157,7.7931905,8.315883,7.833611,7.688263,7.5168505,7.762109,7.4864388,8.076028,7.455809,7.779634
634,mcs_docking/hne,mcs_docking/hne/29,../large_fep_dataset/data/fep_benchmark_processed/mcs_docking_hne_29.sdf,../large_fep_dataset/data/fep_benchmark_processed/mcs_docking_hne_protein.pdb,634,8.012487,7.7124367,8.420205,7.870745,7.8090253,7.438598,8.012154,7.573436,8.035962,7.682803,7.856786
635,mcs_docking/hne,mcs_docking/hne/30,../large_fep_dataset/data/fep_benchmark_processed/mcs_docking_hne_30.sdf,../large_fep_dataset/data/fep_benchmark_processed/mcs_docking_hne_protein.pdb,635,8.085052,7.6480618,8.049909,7.7047434,7.8504314,7.467859,7.9645104,7.422513,8.032357,7.595004,7.7820435
636,mcs_docking/hne,mcs_docking/hne/21 neutral,../large_fep_dataset/data/fep_benchmark_processed/mcs_docking_hne_21_neutral.sdf,../large_fep_dataset/data/fep_benchmark_processed/mcs_docking_hne_protein.pdb,636,7.5066133,8.24653,8.353978,8.037208,8.31842,7.8849883,8.344296,8.403728,7.89411,8.145657,8.113553
637,mcs_docking/hne,mcs_docking/hne/19 neutral,../large_fep_dataset/data/fep_benchmark_processed/mcs_docking_hne_19_neutral.sdf,../large_fep_dataset/data/fep_benchmark_processed/mcs_docking_hne_protein.pdb,637,7.517934,8.390713,8.540322,7.8218775,7.7064767,7.904999,8.225641,8.204247,7.308539,7.9617577,7.9582505
638,mcs_docking/hne,mcs_docking/hne/16 neutral,../large_fep_dataset/data/fep_benchmark_processed/mcs_docking_hne_16_neutral.sdf,../large_fep_dataset/data/fep_benchmark_processed/mcs_docking_hne_protein.pdb,638,7.4119177,8.074969,8.257837,7.875163,7.565571,7.7328415,7.8043966,8.3131075,7.717238,7.627853,7.83809
639,misc/hfaah,misc/hfaah/6MRG ligand,../large_fep_dataset/data/fep_benchmark_processed/misc_hfaah_6MRG_ligand.sdf,../large_fep_dataset/data/fep_benchmark_processed/misc_hfaah_protein.pdb,639,6.28854,6.7479453,6.9302006,6.1841054,6.0791516,6.1590867,6.6193576,6.642575,6.3405905,6.011166,6.4002724
640,misc/hfaah,misc/hfaah/fig 3,../large_fep_dataset/data/fep_benchmark_processed/misc_hfaah_fig_3.sdf,../large_fep_dataset/data/fep_benchmark_processed/misc_hfaah_protein.pdb,640,6.048785,6.34444,6.9378524,6.1832714,6.649691,6.6376963,6.375963,6.389862,6.0860596,6.310937,6.3964553
641,misc/hfaah,misc/hfaah/2,../large_fep_dataset/data/fep_benchmark_processed/misc_hfaah_2.sdf,../large_fep_dataset/data/fep_benchmark_processed/misc_hfaah_protein.pdb,641,4.6329675,6.2371573,6.030539,5.201724,6.1816063,5.515219,5.7925825,6.088068,5.958391,5.2397027,5.6877956
642,misc/hfaah,misc/hfaah/4,../large_fep_dataset/data/fep_benchmark_processed/misc_hfaah_4.sdf,../large_fep_dataset/data/fep_benchmark_processed/misc_hfaah_protein.pdb,642,6.2084956,7.5236955,7.0475945,6.1282306,6.9271445,6.3483844,7.5276585,7.1596665,7.1199565,6.806252,6.8797083
643,misc/hfaah,misc/hfaah/6,../large_fep_dataset/data/fep_benchmark_processed/misc_hfaah_6.sdf,../large_fep_dataset/data/fep_benchmark_processed/misc_hfaah_protein.pdb,643,5.65172,6.323513,6.9102645,6.156245,6.5644336,6.292033,6.8461523,6.4804254,6.2657185,6.4865074,6.3977017
644,misc/hfaah,misc/hfaah/9,../large_fep_dataset/data/fep_benchmark_processed/misc_hfaah_9.sdf,../large_fep_dataset/data/fep_benchmark_processed/misc_hfaah_protein.pdb,644,5.840279,6.4881563,6.802581,6.108942,6.5571733,6.7247443,6.222216,6.2434597,6.137537,6.76451,6.3889594
645,misc/hfaah,misc/hfaah/11,../large_fep_dataset/data/fep_benchmark_processed/misc_hfaah_11.sdf,../large_fep_dataset/data/fep_benchmark_processed/misc_hfaah_protein.pdb,645,5.9535947,6.991423,6.7892914,6.318478,6.268858,5.126419,6.602445,6.072004,6.766559,5.74869,6.2637763
646,misc/hfaah,misc/hfaah/12,../large_fep_dataset/data/fep_benchmark_processed/misc_hfaah_12.sdf,../large_fep_dataset/data/fep_benchmark_processed/misc_hfaah_protein.pdb,646,6.326792,6.408521,6.969914,6.2119765,6.518353,6.5623555,6.361188,6.4417624,5.8512545,6.0866904,6.3738804
647,misc/hfaah,misc/hfaah/15,../large_fep_dataset/data/fep_benchmark_processed/misc_hfaah_15.sdf,../large_fep_dataset/data/fep_benchmark_processed/misc_hfaah_protein.pdb,647,4.989716,5.8381085,7.0841613,6.2129517,6.7313256,6.417348,6.4218483,6.8080945,6.576542,5.601572,6.2681665
648,misc/hfaah,misc/hfaah/14,../large_fep_dataset/data/fep_benchmark_processed/misc_hfaah_14.sdf,../large_fep_dataset/data/fep_benchmark_processed/misc_hfaah_protein.pdb,648,4.9377627,6.364392,6.2960696,5.7020645,5.991925,5.3104744,5.837172,6.5747356,6.116988,5.8040934,5.8935676
649,misc/hfaah,misc/hfaah/19,../large_fep_dataset/data/fep_benchmark_processed/misc_hfaah_19.sdf,../large_fep_dataset/data/fep_benchmark_processed/misc_hfaah_protein.pdb,649,5.344838,6.3716917,5.816735,5.8553476,6.2172613,5.91141,6.1385245,5.796337,5.88611,5.6436677,5.8981924
650,misc/hfaah,misc/hfaah/20,../large_fep_dataset/data/fep_benchmark_processed/misc_hfaah_20.sdf,../large_fep_dataset/data/fep_benchmark_processed/misc_hfaah_protein.pdb,650,4.6448755,6.1351,5.993692,5.0989947,6.5769997,5.117713,5.763394,6.020568,5.8485065,5.756191,5.6956034
651,misc/hfaah,misc/hfaah/22,../large_fep_dataset/data/fep_benchmark_processed/misc_hfaah_22.sdf,../large_fep_dataset/data/fep_benchmark_processed/misc_hfaah_protein.pdb,651,6.299945,6.747586,6.552207,6.5465207,6.618326,6.310555,6.8805013,6.3503966,6.537047,6.3671236,6.5210214
652,misc/hfaah,misc/hfaah/23,../large_fep_dataset/data/fep_benchmark_processed/misc_hfaah_23.sdf,../large_fep_dataset/data/fep_benchmark_processed/misc_hfaah_protein.pdb,652,6.390562,7.127728,7.121239,6.8193455,7.1943545,6.9115043,7.2959547,6.7438736,6.3240867,6.593391,6.8522034
653,misc/hfaah,misc/hfaah/24,../large_fep_dataset/data/fep_benchmark_processed/misc_hfaah_24.sdf,../large_fep_dataset/data/fep_benchmark_processed/misc_hfaah_protein.pdb,653,6.407848,6.935742,7.0463715,6.6108427,6.5912876,6.3383117,6.843155,6.4311085,6.592409,6.634068,6.6431146
654,misc/hfaah,misc/hfaah/25,../large_fep_dataset/data/fep_benchmark_processed/misc_hfaah_25.sdf,../large_fep_dataset/data/fep_benchmark_processed/misc_hfaah_protein.pdb,654,5.9212036,5.73032,6.7850165,6.2665997,5.908226,5.656449,7.0322614,6.0661273,6.5093207,5.728485,6.160401
655,misc/hfaah,misc/hfaah/26,../large_fep_dataset/data/fep_benchmark_processed/misc_hfaah_26.sdf,../large_fep_dataset/data/fep_benchmark_processed/misc_hfaah_protein.pdb,655,5.9850636,6.209197,6.775733,6.481935,6.5603223,6.1944375,7.36598,6.5391183,6.487332,6.2752213,6.4874344
656,misc/hfaah,misc/hfaah/27,../large_fep_dataset/data/fep_benchmark_processed/misc_hfaah_27.sdf,../large_fep_dataset/data/fep_benchmark_processed/misc_hfaah_protein.pdb,656,6.5198517,7.0685573,7.37464,6.435911,6.9124618,6.6697803,6.886343,6.189497,7.037935,7.239163,6.8334146
657,misc/hfaah,misc/hfaah/28,../large_fep_dataset/data/fep_benchmark_processed/misc_hfaah_28.sdf,../large_fep_dataset/data/fep_benchmark_processed/misc_hfaah_protein.pdb,657,6.6257396,7.0648823,7.1196404,6.799501,6.764605,6.694482,7.4363956,6.6420193,7.311297,7.1186543,6.9577227
658,misc/hfaah,misc/hfaah/29,../large_fep_dataset/data/fep_benchmark_processed/misc_hfaah_29.sdf,../large_fep_dataset/data/fep_benchmark_processed/misc_hfaah_protein.pdb,658,6.1209846,6.5358706,6.9119253,6.2681913,6.3007336,6.5531893,6.9367204,6.525126,6.100777,6.902074,6.515559
659,misc/hfaah,misc/hfaah/30,../large_fep_dataset/data/fep_benchmark_processed/misc_hfaah_30.sdf,../large_fep_dataset/data/fep_benchmark_processed/misc_hfaah_protein.pdb,659,5.9469595,6.325226,7.150208,6.6272388,6.5762644,6.3425384,6.24536,6.543636,6.2334833,6.4805217,6.4471436
660,misc/hfaah,misc/hfaah/31,../large_fep_dataset/data/fep_benchmark_processed/misc_hfaah_31.sdf,../large_fep_dataset/data/fep_benchmark_processed/misc_hfaah_protein.pdb,660,6.067511,6.5310507,7.2583113,6.5045376,6.253421,6.5051966,6.409649,6.6573386,6.221547,6.9167857,6.532534
661,misc/hfaah,misc/hfaah/33 (Saha 2018),../large_fep_dataset/data/fep_benchmark_processed/misc_hfaah_33_(Saha_2018).sdf,../large_fep_dataset/data/fep_benchmark_processed/misc_hfaah_protein.pdb,661,5.6510816,6.6776166,7.5192657,6.93672,6.2176757,6.66477,6.623157,6.868736,5.861015,6.924658,6.5944695
662,misc/hfaah,misc/hfaah/39,../large_fep_dataset/data/fep_benchmark_processed/misc_hfaah_39.sdf,../large_fep_dataset/data/fep_benchmark_processed/misc_hfaah_protein.pdb,662,5.788053,6.6825585,7.634557,6.816339,6.3193955,6.6859937,6.323123,6.711042,5.720022,6.892461,6.557355
663,misc/hiv_prot_ekegren,misc/hiv_prot_ekegren/1,../large_fep_dataset/data/fep_benchmark_processed/misc_hiv_prot_ekegren_1.sdf,../large_fep_dataset/data/fep_benchmark_processed/misc_hiv_prot_ekegren_protein.pdb,663,8.188669,7.7928467,7.9383407,8.179893,8.1140785,7.9176674,8.163081,8.140677,7.8487425,7.7773275,8.006132
664,misc/hiv_prot_ekegren,misc/hiv_prot_ekegren/9,../large_fep_dataset/data/fep_benchmark_processed/misc_hiv_prot_ekegren_9.sdf,../large_fep_dataset/data/fep_benchmark_processed/misc_hiv_prot_ekegren_protein.pdb,664,7.922,8.093098,7.993825,8.324641,8.164647,8.057672,8.074805,8.150453,7.7787895,7.668156,8.02281
665,misc/hiv_prot_ekegren,misc/hiv_prot_ekegren/10,../large_fep_dataset/data/fep_benchmark_processed/misc_hiv_prot_ekegren_10.sdf,../large_fep_dataset/data/fep_benchmark_processed/misc_hiv_prot_ekegren_protein.pdb,665,8.205152,8.277928,8.335839,8.493288,8.390641,8.138821,8.399741,8.345517,7.9003277,8.011952,8.249922
666,misc/hiv_prot_ekegren,misc/hiv_prot_ekegren/11 (2cen),../large_fep_dataset/data/fep_benchmark_processed/misc_hiv_prot_ekegren_11_(2cen).sdf,../large_fep_dataset/data/fep_benchmark_processed/misc_hiv_prot_ekegren_protein.pdb,666,8.130519,8.19929,8.438402,8.464393,8.307064,8.188553,8.324631,8.288874,7.8513455,8.032758,8.222584
667,misc/hiv_prot_ekegren,misc/hiv_prot_ekegren/12,../large_fep_dataset/data/fep_benchmark_processed/misc_hiv_prot_ekegren_12.sdf,../large_fep_dataset/data/fep_benchmark_processed/misc_hiv_prot_ekegren_protein.pdb,667,8.081721,8.251261,8.430885,8.485383,8.298344,8.187161,8.284671,8.352803,7.883366,8.003997,8.22596
668,misc/hiv_prot_ekegren,misc/hiv_prot_ekegren/13,../large_fep_dataset/data/fep_benchmark_processed/misc_hiv_prot_ekegren_13.sdf,../large_fep_dataset/data/fep_benchmark_processed/misc_hiv_prot_ekegren_protein.pdb,668,7.6611,7.958111,8.182113,7.950992,8.035029,7.9531407,8.218315,7.9695673,7.2340364,7.729761,7.8892164
669,misc/hiv_prot_ekegren,misc/hiv_prot_ekegren/14,../large_fep_dataset/data/fep_benchmark_processed/misc_hiv_prot_ekegren_14.sdf,../large_fep_dataset/data/fep_benchmark_processed/misc_hiv_prot_ekegren_protein.pdb,669,7.894572,8.016079,8.268398,8.133862,8.182492,7.8823037,8.156151,7.81592,7.1180325,7.578537,7.904635
670,misc/hiv_prot_ekegren,misc/hiv_prot_ekegren/15,../large_fep_dataset/data/fep_benchmark_processed/misc_hiv_prot_ekegren_15.sdf,../large_fep_dataset/data/fep_benchmark_processed/misc_hiv_prot_ekegren_protein.pdb,670,8.168963,8.195044,8.382609,8.141682,8.535284,8.1262865,8.426696,7.892663,7.4225755,8.0099945,8.13018
671,misc/hiv_prot_ekegren,misc/hiv_prot_ekegren/16,../large_fep_dataset/data/fep_benchmark_processed/misc_hiv_prot_ekegren_16.sdf,../large_fep_dataset/data/fep_benchmark_processed/misc_hiv_prot_ekegren_protein.pdb,671,8.265885,8.271029,8.465536,8.192489,8.630932,8.18625,8.514732,8.010256,7.5299473,8.098957,8.216601
672,misc/hiv_prot_ekegren,misc/hiv_prot_ekegren/17,../large_fep_dataset/data/fep_benchmark_processed/misc_hiv_prot_ekegren_17.sdf,../large_fep_dataset/data/fep_benchmark_processed/misc_hiv_prot_ekegren_protein.pdb,672,7.9267445,8.763285,7.7990212,8.487002,8.346441,8.3591,8.26664,8.403583,8.099575,7.5882306,8.203962
673,misc/hiv_prot_ekegren,misc/hiv_prot_ekegren/18,../large_fep_dataset/data/fep_benchmark_processed/misc_hiv_prot_ekegren_18.sdf,../large_fep_dataset/data/fep_benchmark_processed/misc_hiv_prot_ekegren_protein.pdb,673,8.1368,8.279003,8.297054,8.408609,8.319883,8.165647,8.537381,8.27047,7.7054157,7.78943,8.190969
674,misc/hiv_prot_ekegren,misc/hiv_prot_ekegren/19,../large_fep_dataset/data/fep_benchmark_processed/misc_hiv_prot_ekegren_19.sdf,../large_fep_dataset/data/fep_benchmark_processed/misc_hiv_prot_ekegren_protein.pdb,674,7.791201,7.953506,7.7725916,8.198908,7.4125957,7.4441686,8.144574,7.5554767,7.720089,7.214684,7.7207794
675,misc/hiv_prot_ekegren,misc/hiv_prot_ekegren/20,../large_fep_dataset/data/fep_benchmark_processed/misc_hiv_prot_ekegren_20.sdf,../large_fep_dataset/data/fep_benchmark_processed/misc_hiv_prot_ekegren_protein.pdb,675,8.232355,8.384099,8.148654,8.556201,8.591302,7.812848,8.484103,8.1625185,8.225358,7.978459,8.25759
676,misc/cdk8_koehler,misc/cdk8_koehler/12,../large_fep_dataset/data/fep_benchmark_processed/misc_cdk8_koehler_12.sdf,../large_fep_dataset/data/fep_benchmark_processed/misc_cdk8_koehler_protein.pdb,676,6.6705027,6.650703,6.2175307,6.132656,6.8855453,5.767758,7.3931694,6.1064954,6.790036,6.532651,6.5147047
677,misc/cdk8_koehler,misc/cdk8_koehler/13,../large_fep_dataset/data/fep_benchmark_processed/misc_cdk8_koehler_13.sdf,../large_fep_dataset/data/fep_benchmark_processed/misc_cdk8_koehler_protein.pdb,677,6.488954,6.484308,5.961906,6.374593,6.453234,5.485025,6.734748,6.3600197,6.393349,6.006941,6.274308
678,misc/cdk8_koehler,misc/cdk8_koehler/14,../large_fep_dataset/data/fep_benchmark_processed/misc_cdk8_koehler_14.sdf,../large_fep_dataset/data/fep_benchmark_processed/misc_cdk8_koehler_protein.pdb,678,6.990655,6.8522906,6.748504,6.8952446,6.9908648,6.9077673,7.4037633,7.377661,7.5962996,6.483539,7.024659
679,misc/cdk8_koehler,misc/cdk8_koehler/15,../large_fep_dataset/data/fep_benchmark_processed/misc_cdk8_koehler_15.sdf,../large_fep_dataset/data/fep_benchmark_processed/misc_cdk8_koehler_protein.pdb,679,6.745691,6.8966055,7.037174,6.790141,7.1462626,6.580092,7.339356,7.021982,7.8544683,6.328187,6.973996
680,misc/cdk8_koehler,misc/cdk8_koehler/16,../large_fep_dataset/data/fep_benchmark_processed/misc_cdk8_koehler_16.sdf,../large_fep_dataset/data/fep_benchmark_processed/misc_cdk8_koehler_protein.pdb,680,7.1982875,7.043875,6.9822774,6.838941,6.9106264,7.1467094,7.5176907,7.526649,7.232094,6.5464983,7.094365
681,misc/cdk8_koehler,misc/cdk8_koehler/17,../large_fep_dataset/data/fep_benchmark_processed/misc_cdk8_koehler_17.sdf,../large_fep_dataset/data/fep_benchmark_processed/misc_cdk8_koehler_protein.pdb,681,7.751658,7.577941,7.876149,7.7560115,7.2964964,7.466884,7.6709967,8.064338,8.026722,7.514522,7.7001715
682,misc/cdk8_koehler,misc/cdk8_koehler/19,../large_fep_dataset/data/fep_benchmark_processed/misc_cdk8_koehler_19.sdf,../large_fep_dataset/data/fep_benchmark_processed/misc_cdk8_koehler_protein.pdb,682,6.1268387,6.450981,5.5841002,5.751085,6.4347844,5.3469152,6.9462714,6.361152,6.0914793,5.9985957,6.1092205
683,misc/cdk8_koehler,misc/cdk8_koehler/20,../large_fep_dataset/data/fep_benchmark_processed/misc_cdk8_koehler_20.sdf,../large_fep_dataset/data/fep_benchmark_processed/misc_cdk8_koehler_protein.pdb,683,6.762704,6.922851,6.978871,6.421077,6.970332,6.605884,7.44414,6.7024937,7.094232,6.4349995,6.8337584
684,misc/cdk8_koehler,misc/cdk8_koehler/21,../large_fep_dataset/data/fep_benchmark_processed/misc_cdk8_koehler_21.sdf,../large_fep_dataset/data/fep_benchmark_processed/misc_cdk8_koehler_protein.pdb,684,7.4592414,6.792117,6.7458224,6.66647,7.3411446,6.4625854,7.4168444,7.195336,7.093537,6.969284,7.014238
685,misc/cdk8_koehler,misc/cdk8_koehler/22,../large_fep_dataset/data/fep_benchmark_processed/misc_cdk8_koehler_22.sdf,../large_fep_dataset/data/fep_benchmark_processed/misc_cdk8_koehler_protein.pdb,685,7.1092505,6.5366073,6.59378,7.0045,6.881594,6.8540773,7.401235,7.596693,7.7292566,6.2718525,6.9978843
686,misc/galectin3_extra,misc/galectin3_extra/18a,../large_fep_dataset/data/fep_benchmark_processed/misc_galectin3_extra_18a.sdf,../large_fep_dataset/data/fep_benchmark_processed/misc_galectin3_extra_protein.pdb,686,6.35337,6.4586606,6.3887424,5.9804506,7.183368,6.0227203,6.6494823,6.2004724,6.3578615,6.3964496,6.399158
687,misc/galectin3_extra,misc/galectin3_extra/18b,../large_fep_dataset/data/fep_benchmark_processed/misc_galectin3_extra_18b.sdf,../large_fep_dataset/data/fep_benchmark_processed/misc_galectin3_extra_protein.pdb,687,6.1832356,6.347514,6.3800435,6.059541,7.042698,5.7702665,6.293486,5.7583137,6.59954,6.356612,6.279125
688,misc/galectin3_extra,misc/galectin3_extra/18d,../large_fep_dataset/data/fep_benchmark_processed/misc_galectin3_extra_18d.sdf,../large_fep_dataset/data/fep_benchmark_processed/misc_galectin3_extra_protein.pdb,688,6.2659664,6.5067115,6.4110084,6.01127,7.3584175,5.7404485,5.981491,6.276088,6.514615,6.0960593,6.3162074
689,misc/galectin3_extra,misc/galectin3_extra/18e,../large_fep_dataset/data/fep_benchmark_processed/misc_galectin3_extra_18e.sdf,../large_fep_dataset/data/fep_benchmark_processed/misc_galectin3_extra_protein.pdb,689,6.289672,6.744801,6.653853,6.3461733,6.9890532,5.5504465,6.361512,6.0849104,6.389704,6.3075604,6.3717685
690,misc/galectin3_extra,misc/galectin3_extra/18f,../large_fep_dataset/data/fep_benchmark_processed/misc_galectin3_extra_18f.sdf,../large_fep_dataset/data/fep_benchmark_processed/misc_galectin3_extra_protein.pdb,690,6.1776767,6.6823506,6.4584885,6.490134,6.82312,5.6165915,6.198979,6.0482383,6.387142,6.211172,6.3093886
691,misc/galectin3_extra,misc/galectin3_extra/18g,../large_fep_dataset/data/fep_benchmark_processed/misc_galectin3_extra_18g.sdf,../large_fep_dataset/data/fep_benchmark_processed/misc_galectin3_extra_protein.pdb,691,6.660966,6.86842,5.822358,6.474141,7.2157726,6.0977,6.3627033,6.4730735,6.3692865,6.731287,6.5075707
692,misc/galectin3_extra,misc/galectin3_extra/18h,../large_fep_dataset/data/fep_benchmark_processed/misc_galectin3_extra_18h.sdf,../large_fep_dataset/data/fep_benchmark_processed/misc_galectin3_extra_protein.pdb,692,6.416663,6.9480014,6.6667166,6.0795407,7.060452,5.649314,6.1556277,6.4487906,6.7621655,6.567435,6.4754705
693,misc/galectin3_extra,misc/galectin3_extra/18i,../large_fep_dataset/data/fep_benchmark_processed/misc_galectin3_extra_18i.sdf,../large_fep_dataset/data/fep_benchmark_processed/misc_galectin3_extra_protein.pdb,693,6.7189183,6.963018,6.7460594,6.2167687,7.257021,6.4342203,6.980363,6.4897766,6.438275,6.9260345,6.717046
694,misc/galectin3_extra,misc/galectin3_extra/17m,../large_fep_dataset/data/fep_benchmark_processed/misc_galectin3_extra_17m.sdf,../large_fep_dataset/data/fep_benchmark_processed/misc_galectin3_extra_protein.pdb,694,5.172189,5.466387,6.1673636,4.783187,5.804433,5.1708016,5.05665,4.7984033,5.4335265,4.5844455,5.2437387
695,misc/galectin3_extra,misc/galectin3_extra/17q,../large_fep_dataset/data/fep_benchmark_processed/misc_galectin3_extra_17q.sdf,../large_fep_dataset/data/fep_benchmark_processed/misc_galectin3_extra_protein.pdb,695,5.88487,6.056365,5.9413123,5.1327124,6.240529,4.9487286,5.010139,5.197621,5.0607023,5.2586007,5.473158
696,misc/galectin3_extra,misc/galectin3_extra/17r,../large_fep_dataset/data/fep_benchmark_processed/misc_galectin3_extra_17r.sdf,../large_fep_dataset/data/fep_benchmark_processed/misc_galectin3_extra_protein.pdb,696,5.682363,6.2213917,5.949077,5.648314,6.222021,5.0295553,5.1265078,5.341526,4.864905,5.055784,5.514145
697,misc/galectin3_extra,misc/galectin3_extra/17n,../large_fep_dataset/data/fep_benchmark_processed/misc_galectin3_extra_17n.sdf,../large_fep_dataset/data/fep_benchmark_processed/misc_galectin3_extra_protein.pdb,697,6.0153074,6.076702,6.2323747,5.136169,5.8674507,5.3829365,5.3561196,5.802201,5.0958533,5.0490746,5.601419
698,misc/galectin3_extra,misc/galectin3_extra/17p,../large_fep_dataset/data/fep_benchmark_processed/misc_galectin3_extra_17p.sdf,../large_fep_dataset/data/fep_benchmark_processed/misc_galectin3_extra_protein.pdb,698,6.0503597,6.679932,6.562368,5.7632556,6.4804645,5.4809146,5.4477243,6.0143986,5.6450195,5.398483,5.952292
699,misc/galectin3_extra,misc/galectin3_extra/17o,../large_fep_dataset/data/fep_benchmark_processed/misc_galectin3_extra_17o.sdf,../large_fep_dataset/data/fep_benchmark_processed/misc_galectin3_extra_protein.pdb,699,5.7980685,6.575386,6.3101263,5.683472,6.2960463,5.2894464,5.2341566,5.6890917,5.3770967,5.15211,5.7405005
700,misc/galectin3_extra,misc/galectin3_extra/17f,../large_fep_dataset/data/fep_benchmark_processed/misc_galectin3_extra_17f.sdf,../large_fep_dataset/data/fep_benchmark_processed/misc_galectin3_extra_protein.pdb,700,6.23208,6.136901,6.3920994,5.9230165,7.0206575,5.702916,5.9260154,6.180413,5.979233,5.9461465,6.1439476
701,misc/galectin3_extra,misc/galectin3_extra/17e,../large_fep_dataset/data/fep_benchmark_processed/misc_galectin3_extra_17e.sdf,../large_fep_dataset/data/fep_benchmark_processed/misc_galectin3_extra_protein.pdb,701,6.324114,6.4375887,6.381113,5.952487,7.1789484,5.9449673,6.0861444,6.0895777,6.262639,5.910814,6.256839
702,misc/galectin3_extra,misc/galectin3_extra/17g,../large_fep_dataset/data/fep_benchmark_processed/misc_galectin3_extra_17g.sdf,../large_fep_dataset/data/fep_benchmark_processed/misc_galectin3_extra_protein.pdb,702,6.239907,6.4705424,6.4558845,6.1220355,7.2004004,5.9575176,6.1865635,6.06028,6.4749312,6.5068107,6.367487
703,misc/galectin3_extra,misc/galectin3_extra/17a,../large_fep_dataset/data/fep_benchmark_processed/misc_galectin3_extra_17a.sdf,../large_fep_dataset/data/fep_benchmark_processed/misc_galectin3_extra_protein.pdb,703,5.5179396,6.0795817,5.649759,5.1297045,6.0222597,5.203995,5.101072,5.075207,5.130371,4.763201,5.3673086
704,misc/galectin3_extra,misc/galectin3_extra/17j,../large_fep_dataset/data/fep_benchmark_processed/misc_galectin3_extra_17j.sdf,../large_fep_dataset/data/fep_benchmark_processed/misc_galectin3_extra_protein.pdb,704,5.338118,6.115581,5.898214,5.1092043,5.849959,5.255925,5.517729,5.071426,5.335992,5.3026557,5.4794803
705,misc/galectin3_extra,misc/galectin3_extra/17l,../large_fep_dataset/data/fep_benchmark_processed/misc_galectin3_extra_17l.sdf,../large_fep_dataset/data/fep_benchmark_processed/misc_galectin3_extra_protein.pdb,705,5.7355003,6.61888,6.323523,5.628895,6.505267,5.1806955,5.300017,5.444148,5.672342,5.279695,5.768896
706,misc/galectin3_extra,misc/galectin3_extra/17c,../large_fep_dataset/data/fep_benchmark_processed/misc_galectin3_extra_17c.sdf,../large_fep_dataset/data/fep_benchmark_processed/misc_galectin3_extra_protein.pdb,706,5.9274287,6.0603423,6.3877616,5.9139585,6.9283476,5.7187104,5.7239428,5.821632,5.8636513,5.429408,5.9775186
707,misc/galectin3_extra,misc/galectin3_extra/17k,../large_fep_dataset/data/fep_benchmark_processed/misc_galectin3_extra_17k.sdf,../large_fep_dataset/data/fep_benchmark_processed/misc_galectin3_extra_protein.pdb,707,5.4922633,6.508868,6.1513534,5.3519516,6.3916516,5.390399,5.9833207,5.4592485,5.867461,5.6787906,5.827531
708,misc/galectin3_extra,misc/galectin3_extra/17b,../large_fep_dataset/data/fep_benchmark_processed/misc_galectin3_extra_17b.sdf,../large_fep_dataset/data/fep_benchmark_processed/misc_galectin3_extra_protein.pdb,708,5.997204,6.2873406,5.8587694,5.753128,6.885309,5.584147,5.72779,5.7081065,5.7194953,5.789756,5.9311047
709,misc/galectin3_extra,misc/galectin3_extra/17h flip,../large_fep_dataset/data/fep_benchmark_processed/misc_galectin3_extra_17h_flip.sdf,../large_fep_dataset/data/fep_benchmark_processed/misc_galectin3_extra_protein.pdb,709,6.1958194,6.203808,6.1710916,5.4070296,7.090932,5.382794,5.437256,5.531528,5.5886264,5.3744016,5.8383284
710,misc/galectin3_extra,misc/galectin3_extra/17i,../large_fep_dataset/data/fep_benchmark_processed/misc_galectin3_extra_17i.sdf,../large_fep_dataset/data/fep_benchmark_processed/misc_galectin3_extra_protein.pdb,710,5.550564,5.983747,6.1368403,5.1230965,6.2035565,5.3072824,5.595842,5.3324075,5.246525,5.234911,5.5714774
711,misc/galectin3_extra,misc/galectin3_extra/17d,../large_fep_dataset/data/fep_benchmark_processed/misc_galectin3_extra_17d.sdf,../large_fep_dataset/data/fep_benchmark_processed/misc_galectin3_extra_protein.pdb,711,6.0106115,6.182129,6.1220827,5.5717473,6.8042035,5.6120405,5.4686136,5.7921834,5.6707416,5.3554945,5.858985
712,misc/btk_extra_flip,misc/btk_extra_flip/2,../large_fep_dataset/data/fep_benchmark_processed/misc_btk_extra_flip_2.sdf,../large_fep_dataset/data/fep_benchmark_processed/misc_btk_extra_flip_protein.pdb,712,6.4716454,5.2963147,6.1487517,5.7832313,5.7266836,5.6970325,5.6023254,5.999572,5.0832906,5.748366,5.7557216
713,misc/btk_extra_flip,misc/btk_extra_flip/7,../large_fep_dataset/data/fep_benchmark_processed/misc_btk_extra_flip_7.sdf,../large_fep_dataset/data/fep_benchmark_processed/misc_btk_extra_flip_protein.pdb,713,7.3377466,6.559721,7.5941076,7.4541287,7.6655903,7.410867,6.7854166,7.395249,6.903846,7.5222,7.262887
714,misc/btk_extra_flip,misc/btk_extra_flip/8,../large_fep_dataset/data/fep_benchmark_processed/misc_btk_extra_flip_8.sdf,../large_fep_dataset/data/fep_benchmark_processed/misc_btk_extra_flip_protein.pdb,714,7.52042,6.6471353,7.7151575,7.3807583,7.261392,7.310534,7.107986,7.108918,6.3375745,7.3069334,7.1696806
715,misc/btk_extra_flip,misc/btk_extra_flip/9 flip,../large_fep_dataset/data/fep_benchmark_processed/misc_btk_extra_flip_9_flip.sdf,../large_fep_dataset/data/fep_benchmark_processed/misc_btk_extra_flip_protein.pdb,715,7.445241,6.7752833,7.4723315,7.6822057,7.70903,6.689592,6.6663814,6.8795104,6.9151516,7.4900556,7.1724787
716,misc/btk_extra_flip,misc/btk_extra_flip/10,../large_fep_dataset/data/fep_benchmark_processed/misc_btk_extra_flip_10.sdf,../large_fep_dataset/data/fep_benchmark_processed/misc_btk_extra_flip_protein.pdb,716,7.4156976,7.0723343,8.151082,8.157037,7.8353963,7.6381593,7.4508047,7.5483775,7.1395035,7.5991383,7.600753
717,misc/btk_extra_flip,misc/btk_extra_flip/11,../large_fep_dataset/data/fep_benchmark_processed/misc_btk_extra_flip_11.sdf,../large_fep_dataset/data/fep_benchmark_processed/misc_btk_extra_flip_protein.pdb,717,7.6524887,7.657006,8.280672,8.318027,8.138372,7.9493737,7.7061343,7.644293,7.391112,7.530574,7.826805
718,opls_stress/cr_bace1,opls_stress/cr_bace1/4,../large_fep_dataset/data/fep_benchmark_processed/opls_stress_cr_bace1_4.sdf,../large_fep_dataset/data/fep_benchmark_processed/opls_stress_cr_bace1_protein.pdb,718,7.462898,7.0125556,7.8113365,7.25117,7.234946,6.773715,7.4014626,6.995433,7.04415,7.479899,7.2467566
719,opls_stress/cr_bace1,opls_stress/cr_bace1/1,../large_fep_dataset/data/fep_benchmark_processed/opls_stress_cr_bace1_1.sdf,../large_fep_dataset/data/fep_benchmark_processed/opls_stress_cr_bace1_protein.pdb,719,7.190841,6.747331,7.5513396,6.9918,7.176592,6.37921,6.8440647,7.031503,6.5975795,7.248877,6.975914
720,opls_stress/cr_bace1,opls_stress/cr_bace1/3,../large_fep_dataset/data/fep_benchmark_processed/opls_stress_cr_bace1_3.sdf,../large_fep_dataset/data/fep_benchmark_processed/opls_stress_cr_bace1_protein.pdb,720,7.1427927,6.7998385,7.275917,7.0325055,7.414351,6.6779294,6.901121,6.5213356,6.817236,7.522389,7.0105414
721,opls_stress/cr_bace1,opls_stress/cr_bace1/7,../large_fep_dataset/data/fep_benchmark_processed/opls_stress_cr_bace1_7.sdf,../large_fep_dataset/data/fep_benchmark_processed/opls_stress_cr_bace1_protein.pdb,721,7.0594473,6.9874253,7.365801,7.081404,6.9294844,6.7788157,7.069732,6.7008386,6.8149285,7.266002,7.005388
722,opls_stress/cr_bace1,opls_stress/cr_bace1/9R,../large_fep_dataset/data/fep_benchmark_processed/opls_stress_cr_bace1_9R.sdf,../large_fep_dataset/data/fep_benchmark_processed/opls_stress_cr_bace1_protein.pdb,722,7.098956,7.059759,7.192756,7.1861587,7.1676545,6.7401257,7.063967,6.546123,6.642605,7.2932296,6.999134
723,opls_stress/cr_bace1,opls_stress/cr_bace1/5,../large_fep_dataset/data/fep_benchmark_processed/opls_stress_cr_bace1_5.sdf,../large_fep_dataset/data/fep_benchmark_processed/opls_stress_cr_bace1_protein.pdb,723,7.10985,6.700465,7.577293,6.9330707,7.2870636,6.364418,6.8605075,6.866142,6.824446,6.944415,6.9467673
724,opls_stress/cr_bace1,opls_stress/cr_bace1/10,../large_fep_dataset/data/fep_benchmark_processed/opls_stress_cr_bace1_10.sdf,../large_fep_dataset/data/fep_benchmark_processed/opls_stress_cr_bace1_protein.pdb,724,6.7492642,6.6205106,7.405744,6.8714194,7.3395123,6.159961,6.557838,6.232609,6.3101845,7.0207453,6.726779
725,opls_stress/cr_bace1,opls_stress/cr_bace1/6,../large_fep_dataset/data/fep_benchmark_processed/opls_stress_cr_bace1_6.sdf,../large_fep_dataset/data/fep_benchmark_processed/opls_stress_cr_bace1_protein.pdb,725,7.5363483,7.414977,7.7775874,7.548478,7.581342,7.0422697,7.7575717,7.312517,6.906181,7.5157876,7.439306
726,opls_stress/cr_bace1,opls_stress/cr_bace1/2,../large_fep_dataset/data/fep_benchmark_processed/opls_stress_cr_bace1_2.sdf,../large_fep_dataset/data/fep_benchmark_processed/opls_stress_cr_bace1_protein.pdb,726,6.9881935,7.060081,7.2890306,7.225452,7.4182744,6.552386,6.6138926,6.935325,6.6909223,7.113422,6.988698
727,opls_stress/cr_bace1,opls_stress/cr_bace1/9S,../large_fep_dataset/data/fep_benchmark_processed/opls_stress_cr_bace1_9S.sdf,../large_fep_dataset/data/fep_benchmark_processed/opls_stress_cr_bace1_protein.pdb,727,6.8502626,6.9334702,7.2739954,7.239095,7.086924,6.5033875,6.869967,6.492544,6.6859303,7.323109,6.925869
728,opls_stress/cr_bace1,opls_stress/cr_bace1/8,../large_fep_dataset/data/fep_benchmark_processed/opls_stress_cr_bace1_8.sdf,../large_fep_dataset/data/fep_benchmark_processed/opls_stress_cr_bace1_protein.pdb,728,6.754608,6.848789,7.1667986,6.86826,6.9986086,6.3592925,6.7496085,6.3446617,6.5090966,6.9122453,6.7511964
729,opls_stress/hc_bace1,opls_stress/hc_bace1/22256_26_0_ligand,../large_fep_dataset/data/fep_benchmark_processed/opls_stress_hc_bace1_22256_26_0_ligand.sdf,../large_fep_dataset/data/fep_benchmark_processed/opls_stress_hc_bace1_protein.pdb,729,7.4294133,7.4077306,7.034149,7.3741927,7.297932,7.577125,6.7625303,7.394205,7.0979924,7.1940145,7.256929
730,opls_stress/hc_bace1,opls_stress/hc_bace1/22250_20_0_ligand,../large_fep_dataset/data/fep_benchmark_processed/opls_stress_hc_bace1_22250_20_0_ligand.sdf,../large_fep_dataset/data/fep_benchmark_processed/opls_stress_hc_bace1_protein.pdb,730,7.119397,7.240107,7.711849,7.216606,7.381075,7.3337,7.0063,7.566102,6.95675,6.682213,7.2214103
731,opls_stress/hc_bace1,opls_stress/hc_bace1/22251_21_0_ligand,../large_fep_dataset/data/fep_benchmark_processed/opls_stress_hc_bace1_22251_21_0_ligand.sdf,../large_fep_dataset/data/fep_benchmark_processed/opls_stress_hc_bace1_protein.pdb,731,7.3412123,7.378411,7.499468,7.093593,7.1685333,7.2797003,7.0185246,7.5293427,7.09566,6.829653,7.223409
732,opls_stress/hc_bace1,opls_stress/hc_bace1/19677_19_0_ligand,../large_fep_dataset/data/fep_benchmark_processed/opls_stress_hc_bace1_19677_19_0_ligand.sdf,../large_fep_dataset/data/fep_benchmark_processed/opls_stress_hc_bace1_protein.pdb,732,7.055524,7.35735,6.869704,7.0938263,7.083353,7.1941266,6.55768,7.276432,6.9297514,6.4902887,6.9908037
733,opls_stress/hc_bace1,opls_stress/hc_bace1/22254_24_0_ligand,../large_fep_dataset/data/fep_benchmark_processed/opls_stress_hc_bace1_22254_24_0_ligand.sdf,../large_fep_dataset/data/fep_benchmark_processed/opls_stress_hc_bace1_protein.pdb,733,7.6489077,7.9005346,7.679693,7.4385743,7.625009,7.751263,6.912584,7.611805,7.250854,6.9231324,7.4742355
734,opls_stress/hc_bace1,opls_stress/hc_bace1/22252_22_0_ligand,../large_fep_dataset/data/fep_benchmark_processed/opls_stress_hc_bace1_22252_22_0_ligand.sdf,../large_fep_dataset/data/fep_benchmark_processed/opls_stress_hc_bace1_protein.pdb,734,7.3143306,7.4877377,7.8935356,7.140875,7.3903728,7.5888085,6.757791,7.281249,7.3365726,6.8996625,7.3090944
735,opls_stress/hc_bace1,opls_stress/hc_bace1/22253_23_0_ligand,../large_fep_dataset/data/fep_benchmark_processed/opls_stress_hc_bace1_22253_23_0_ligand.sdf,../large_fep_dataset/data/fep_benchmark_processed/opls_stress_hc_bace1_protein.pdb,735,7.2091465,7.18193,7.713815,7.243275,7.4676075,7.468169,6.3919816,7.3267355,7.0839214,6.878516,7.1965103
736,opls_stress/fxa_yoshikawa_set,opls_stress/fxa_yoshikawa_set/5f,../large_fep_dataset/data/fep_benchmark_processed/opls_stress_fxa_yoshikawa_set_5f.sdf,../large_fep_dataset/data/fep_benchmark_processed/opls_stress_fxa_yoshikawa_set_protein.pdb,736,8.113,7.8467774,8.2079115,8.287466,7.8463783,8.191562,8.2272215,7.9705462,8.24453,7.9239335,8.085933
737,opls_stress/fxa_yoshikawa_set,opls_stress/fxa_yoshikawa_set/5g,../large_fep_dataset/data/fep_benchmark_processed/opls_stress_fxa_yoshikawa_set_5g.sdf,../large_fep_dataset/data/fep_benchmark_processed/opls_stress_fxa_yoshikawa_set_protein.pdb,737,8.407554,7.6584888,8.88148,8.474109,7.779916,7.847251,8.213392,7.557738,7.9491334,7.8194966,8.058856
738,opls_stress/fxa_yoshikawa_set,opls_stress/fxa_yoshikawa_set/5e,../large_fep_dataset/data/fep_benchmark_processed/opls_stress_fxa_yoshikawa_set_5e.sdf,../large_fep_dataset/data/fep_benchmark_processed/opls_stress_fxa_yoshikawa_set_protein.pdb,738,8.13615,7.893118,8.451127,8.141991,7.8106465,7.9712033,8.255505,8.135987,8.247918,7.964684,8.100833
739,opls_stress/fxa_yoshikawa_set,opls_stress/fxa_yoshikawa_set/5i,../large_fep_dataset/data/fep_benchmark_processed/opls_stress_fxa_yoshikawa_set_5i.sdf,../large_fep_dataset/data/fep_benchmark_processed/opls_stress_fxa_yoshikawa_set_protein.pdb,739,8.138942,7.948876,8.312657,8.0313015,7.8545895,7.877432,8.069094,7.9998336,8.2490225,8.253331,8.073508
740,opls_stress/fxa_yoshikawa_set,opls_stress/fxa_yoshikawa_set/5b,../large_fep_dataset/data/fep_benchmark_processed/opls_stress_fxa_yoshikawa_set_5b.sdf,../large_fep_dataset/data/fep_benchmark_processed/opls_stress_fxa_yoshikawa_set_protein.pdb,740,8.127999,7.8200355,8.21084,8.183572,7.688635,8.044636,8.075488,8.173162,8.1394825,8.252839,8.071669
741,opls_stress/fxa_yoshikawa_set,opls_stress/fxa_yoshikawa_set/5h,../large_fep_dataset/data/fep_benchmark_processed/opls_stress_fxa_yoshikawa_set_5h.sdf,../large_fep_dataset/data/fep_benchmark_processed/opls_stress_fxa_yoshikawa_set_protein.pdb,741,8.08255,7.7381926,7.967342,7.83333,7.7352133,8.074369,8.166602,7.9044952,8.322119,8.081784,7.9906006
742,opls_stress/fxa_yoshikawa_set,opls_stress/fxa_yoshikawa_set/5a,../large_fep_dataset/data/fep_benchmark_processed/opls_stress_fxa_yoshikawa_set_5a.sdf,../large_fep_dataset/data/fep_benchmark_processed/opls_stress_fxa_yoshikawa_set_protein.pdb,742,7.7842646,7.7857866,8.203986,8.093365,7.725613,7.9128094,7.896966,7.9022593,8.252378,8.129439,7.9686866
743,opls_stress/fxa_yoshikawa_set,opls_stress/fxa_yoshikawa_set/5k,../large_fep_dataset/data/fep_benchmark_processed/opls_stress_fxa_yoshikawa_set_5k.sdf,../large_fep_dataset/data/fep_benchmark_processed/opls_stress_fxa_yoshikawa_set_protein.pdb,743,8.386903,8.185814,8.36995,8.054193,7.9471984,8.021191,8.301925,8.049456,8.268662,7.966994,8.155229
744,opls_stress/fxa_yoshikawa_set,opls_stress/fxa_yoshikawa_set/5d,../large_fep_dataset/data/fep_benchmark_processed/opls_stress_fxa_yoshikawa_set_5d.sdf,../large_fep_dataset/data/fep_benchmark_processed/opls_stress_fxa_yoshikawa_set_protein.pdb,744,7.929076,7.8587785,8.464511,8.178299,7.8423405,7.9588494,8.273415,8.079452,8.222602,7.9112864,8.07186
745,opls_stress/fxa_yoshikawa_set,opls_stress/fxa_yoshikawa_set/5c,../large_fep_dataset/data/fep_benchmark_processed/opls_stress_fxa_yoshikawa_set_5c.sdf,../large_fep_dataset/data/fep_benchmark_processed/opls_stress_fxa_yoshikawa_set_protein.pdb,745,8.070772,7.789693,8.491053,8.151003,7.703398,8.006165,8.199401,8.007412,8.269176,8.026246,8.071432
746,opls_stress/fxa_yoshikawa_set,opls_stress/fxa_yoshikawa_set/8e,../large_fep_dataset/data/fep_benchmark_processed/opls_stress_fxa_yoshikawa_set_8e.sdf,../large_fep_dataset/data/fep_benchmark_processed/opls_stress_fxa_yoshikawa_set_protein.pdb,746,8.059686,7.9458995,7.901794,7.5596356,7.6111746,7.568898,7.7296968,7.8047166,8.148992,7.4564147,7.7786913
747,opls_stress/fxa_yoshikawa_set,opls_stress/fxa_yoshikawa_set/8b,../large_fep_dataset/data/fep_benchmark_processed/opls_stress_fxa_yoshikawa_set_8b.sdf,../large_fep_dataset/data/fep_benchmark_processed/opls_stress_fxa_yoshikawa_set_protein.pdb,747,7.9780746,8.009966,8.0083885,7.676916,7.687974,7.738829,7.7165213,7.7166853,8.0898075,7.660829,7.8283997
748,opls_stress/fxa_yoshikawa_set,opls_stress/fxa_yoshikawa_set/8d,../large_fep_dataset/data/fep_benchmark_processed/opls_stress_fxa_yoshikawa_set_8d.sdf,../large_fep_dataset/data/fep_benchmark_processed/opls_stress_fxa_yoshikawa_set_protein.pdb,748,7.8960333,7.8707905,8.0443125,7.7793956,7.4104385,7.511455,7.5811815,7.8949738,8.263998,7.514983,7.7767563
749,opls_stress/fxa_yoshikawa_set,opls_stress/fxa_yoshikawa_set/8c,../large_fep_dataset/data/fep_benchmark_processed/opls_stress_fxa_yoshikawa_set_8c.sdf,../large_fep_dataset/data/fep_benchmark_processed/opls_stress_fxa_yoshikawa_set_protein.pdb,749,7.943987,8.009164,8.003625,7.718432,7.776635,7.816489,7.636911,7.845016,8.076401,7.715195,7.8541856
750,opls_stress/fxa_yoshikawa_set,opls_stress/fxa_yoshikawa_set/8g,../large_fep_dataset/data/fep_benchmark_processed/opls_stress_fxa_yoshikawa_set_8g.sdf,../large_fep_dataset/data/fep_benchmark_processed/opls_stress_fxa_yoshikawa_set_protein.pdb,750,8.230891,7.8930244,7.5909963,7.8022647,7.407205,7.4809556,7.60478,7.443174,7.859613,7.6512628,7.6964164
751,opls_stress/fxa_yoshikawa_set,opls_stress/fxa_yoshikawa_set/A_cor,../large_fep_dataset/data/fep_benchmark_processed/opls_stress_fxa_yoshikawa_set_A_cor.sdf,../large_fep_dataset/data/fep_benchmark_processed/opls_stress_fxa_yoshikawa_set_protein.pdb,751,8.023035,7.9421806,7.772958,7.54343,7.591351,7.4832125,7.779354,7.7529335,7.879898,7.479727,7.7248087
752,opls_stress/fxa_yoshikawa_set,opls_stress/fxa_yoshikawa_set/8f,../large_fep_dataset/data/fep_benchmark_processed/opls_stress_fxa_yoshikawa_set_8f.sdf,../large_fep_dataset/data/fep_benchmark_processed/opls_stress_fxa_yoshikawa_set_protein.pdb,752,8.024526,7.9071836,7.9773216,7.770852,7.392054,7.5390368,7.7870226,7.4095526,7.7257404,7.479552,7.701284
753,opls_stress/fxa_yoshikawa_set,opls_stress/fxa_yoshikawa_set/8a,../large_fep_dataset/data/fep_benchmark_processed/opls_stress_fxa_yoshikawa_set_8a.sdf,../large_fep_dataset/data/fep_benchmark_processed/opls_stress_fxa_yoshikawa_set_protein.pdb,753,8.089901,7.7950296,7.8232055,7.5038533,7.1836743,7.475995,7.6584206,7.7123594,7.915809,7.2571487,7.6415396
754,opls_stress/fxa_yoshikawa_set,opls_stress/fxa_yoshikawa_set/8h,../large_fep_dataset/data/fep_benchmark_processed/opls_stress_fxa_yoshikawa_set_8h.sdf,../large_fep_dataset/data/fep_benchmark_processed/opls_stress_fxa_yoshikawa_set_protein.pdb,754,8.017551,8.171047,7.91354,7.7006626,7.558667,7.69292,7.695733,7.7036357,7.995121,7.9024878,7.8351374
755,opls_stress/fxa_yoshikawa_set,opls_stress/fxa_yoshikawa_set/8i,../large_fep_dataset/data/fep_benchmark_processed/opls_stress_fxa_yoshikawa_set_8i.sdf,../large_fep_dataset/data/fep_benchmark_processed/opls_stress_fxa_yoshikawa_set_protein.pdb,755,8.191836,7.975408,7.9914293,7.551466,7.4018307,7.76737,8.073801,7.794916,8.014352,7.8396206,7.860203
756,opls_stress/fxa_yoshikawa_set,opls_stress/fxa_yoshikawa_set/8j,../large_fep_dataset/data/fep_benchmark_processed/opls_stress_fxa_yoshikawa_set_8j.sdf,../large_fep_dataset/data/fep_benchmark_processed/opls_stress_fxa_yoshikawa_set_protein.pdb,756,8.329537,8.042135,8.4901905,7.7360983,7.7487173,7.6163664,7.767804,7.867911,8.198826,7.9060383,7.9703627
757,opls_stress/fxa_yoshikawa_set,opls_stress/fxa_yoshikawa_set/8k,../large_fep_dataset/data/fep_benchmark_processed/opls_stress_fxa_yoshikawa_set_8k.sdf,../large_fep_dataset/data/fep_benchmark_processed/opls_stress_fxa_yoshikawa_set_protein.pdb,757,8.23457,8.118983,8.02984,7.9182606,7.842666,7.779111,7.7548027,7.7875657,7.957767,7.5384088,7.8961973
758,opls_stress/fxa_yoshikawa_set,opls_stress/fxa_yoshikawa_set/8l,../large_fep_dataset/data/fep_benchmark_processed/opls_stress_fxa_yoshikawa_set_8l.sdf,../large_fep_dataset/data/fep_benchmark_processed/opls_stress_fxa_yoshikawa_set_protein.pdb,758,8.239088,8.273023,8.311508,7.8365436,7.8916345,7.680341,7.6223645,7.865096,8.276724,7.7632923,7.975961
759,opls_stress/fxa_yoshikawa_set,opls_stress/fxa_yoshikawa_set/8m,../large_fep_dataset/data/fep_benchmark_processed/opls_stress_fxa_yoshikawa_set_8m.sdf,../large_fep_dataset/data/fep_benchmark_processed/opls_stress_fxa_yoshikawa_set_protein.pdb,759,7.915281,8.173437,7.643487,7.7291656,7.880019,7.4275575,7.7639494,7.240812,7.6284294,7.562018,7.696416
760,opls_stress/fxa_yoshikawa_set,opls_stress/fxa_yoshikawa_set/8n,../large_fep_dataset/data/fep_benchmark_processed/opls_stress_fxa_yoshikawa_set_8n.sdf,../large_fep_dataset/data/fep_benchmark_processed/opls_stress_fxa_yoshikawa_set_protein.pdb,760,8.061134,8.093011,7.9135003,7.716575,7.794796,7.6498756,7.701092,7.8308444,7.802578,7.6872163,7.8250628
761,opls_stress/fxa_yoshikawa_set,opls_stress/fxa_yoshikawa_set/8o,../large_fep_dataset/data/fep_benchmark_processed/opls_stress_fxa_yoshikawa_set_8o.sdf,../large_fep_dataset/data/fep_benchmark_processed/opls_stress_fxa_yoshikawa_set_protein.pdb,761,7.7201653,7.694403,7.369672,7.156539,7.431354,7.477952,7.930119,7.6339345,7.552969,7.6534276,7.5620537
762,opls_stress/fxa_yoshikawa_set,opls_stress/fxa_yoshikawa_set/8p,../large_fep_dataset/data/fep_benchmark_processed/opls_stress_fxa_yoshikawa_set_8p.sdf,../large_fep_dataset/data/fep_benchmark_processed/opls_stress_fxa_yoshikawa_set_protein.pdb,762,8.030269,7.639646,7.372591,7.537793,7.0254555,7.002222,7.725109,7.1702814,7.705297,7.3800087,7.458867
763,opls_stress/cr_bace2,opls_stress/cr_bace2/22,../large_fep_dataset/data/fep_benchmark_processed/opls_stress_cr_bace2_22.sdf,../large_fep_dataset/data/fep_benchmark_processed/opls_stress_cr_bace2_protein.pdb,763,6.43226,6.536138,7.028901,6.9974046,6.568657,6.3327703,6.4697046,6.247164,6.0599995,7.084491,6.5757484
764,opls_stress/cr_bace2,opls_stress/cr_bace2/16,../large_fep_dataset/data/fep_benchmark_processed/opls_stress_cr_bace2_16.sdf,../large_fep_dataset/data/fep_benchmark_processed/opls_stress_cr_bace2_protein.pdb,764,7.0537424,6.5032706,7.6694717,7.053967,6.9508595,6.729419,6.4931846,6.971416,6.620674,7.252432,6.929844
765,opls_stress/cr_bace2,opls_stress/cr_bace2/11,../large_fep_dataset/data/fep_benchmark_processed/opls_stress_cr_bace2_11.sdf,../large_fep_dataset/data/fep_benchmark_processed/opls_stress_cr_bace2_protein.pdb,765,6.4930015,6.534185,7.3229218,6.674403,6.8263464,6.4314065,6.463672,6.4323907,6.1086693,7.135112,6.642211
766,opls_stress/cr_bace2,opls_stress/cr_bace2/21,../large_fep_dataset/data/fep_benchmark_processed/opls_stress_cr_bace2_21.sdf,../large_fep_dataset/data/fep_benchmark_processed/opls_stress_cr_bace2_protein.pdb,766,6.375393,6.657584,7.547491,6.87274,6.5632377,6.744775,6.351763,6.8363814,6.4472737,7.23034,6.7626977
767,opls_stress/cr_bace2,opls_stress/cr_bace2/24,../large_fep_dataset/data/fep_benchmark_processed/opls_stress_cr_bace2_24.sdf,../large_fep_dataset/data/fep_benchmark_processed/opls_stress_cr_bace2_protein.pdb,767,6.6530156,6.5541673,7.7800245,6.946429,6.878651,6.524215,6.3717456,6.987325,6.4543934,7.229158,6.837912
768,opls_stress/cr_bace2,opls_stress/cr_bace2/12,../large_fep_dataset/data/fep_benchmark_processed/opls_stress_cr_bace2_12.sdf,../large_fep_dataset/data/fep_benchmark_processed/opls_stress_cr_bace2_protein.pdb,768,6.7442317,6.5636296,7.561076,6.9907804,6.7756495,6.6124086,6.482267,6.803368,6.3593183,7.2011647,6.8093896
769,opls_stress/cr_bace2,opls_stress/cr_bace2/20,../large_fep_dataset/data/fep_benchmark_processed/opls_stress_cr_bace2_20.sdf,../large_fep_dataset/data/fep_benchmark_processed/opls_stress_cr_bace2_protein.pdb,769,6.5301795,6.422726,7.310327,6.750411,6.6737146,6.56492,6.4201174,6.5673146,6.1575046,7.0392766,6.643649
770,opls_stress/cr_bace2,opls_stress/cr_bace2/19,../large_fep_dataset/data/fep_benchmark_processed/opls_stress_cr_bace2_19.sdf,../large_fep_dataset/data/fep_benchmark_processed/opls_stress_cr_bace2_protein.pdb,770,6.7265835,6.4384427,7.5581565,6.812987,6.9365907,6.7871113,6.6028,6.787366,6.605913,7.182439,6.843839
771,opls_stress/cr_bace2,opls_stress/cr_bace2/13,../large_fep_dataset/data/fep_benchmark_processed/opls_stress_cr_bace2_13.sdf,../large_fep_dataset/data/fep_benchmark_processed/opls_stress_cr_bace2_protein.pdb,771,6.7485423,6.6024647,7.484555,6.873226,6.989429,6.649311,6.528358,6.724194,6.3709993,7.239268,6.8210344
772,opls_stress/cr_bace2,opls_stress/cr_bace2/23,../large_fep_dataset/data/fep_benchmark_processed/opls_stress_cr_bace2_23.sdf,../large_fep_dataset/data/fep_benchmark_processed/opls_stress_cr_bace2_protein.pdb,772,6.4742866,6.416332,7.1553416,6.518433,6.7964287,6.714936,6.256532,6.6016693,6.2936263,7.240179,6.6467757
773,opls_stress/cr_bace2,opls_stress/cr_bace2/15,../large_fep_dataset/data/fep_benchmark_processed/opls_stress_cr_bace2_15.sdf,../large_fep_dataset/data/fep_benchmark_processed/opls_stress_cr_bace2_protein.pdb,773,7.0300546,6.4981623,7.6122103,6.9685717,7.1154137,6.693711,6.5997767,6.7017064,6.5181975,7.2160864,6.8953886
774,opls_stress/cr_bace2,opls_stress/cr_bace2/14,../large_fep_dataset/data/fep_benchmark_processed/opls_stress_cr_bace2_14.sdf,../large_fep_dataset/data/fep_benchmark_processed/opls_stress_cr_bace2_protein.pdb,774,6.6135855,6.5508165,7.4689374,6.8570504,6.8928657,6.65354,6.526452,6.8992724,6.280181,7.2038827,6.7946587
775,opls_stress/fxa_set3,opls_stress/fxa_set3/20814_6,../large_fep_dataset/data/fep_benchmark_processed/opls_stress_fxa_set3_20814_6.sdf,../large_fep_dataset/data/fep_benchmark_processed/opls_stress_fxa_set3_protein.pdb,775,7.896525,7.9087734,8.177671,8.154593,8.170193,7.429278,7.8577003,7.852549,8.384801,7.8241644,7.965625
776,opls_stress/fxa_set3,opls_stress/fxa_set3/20539_10,../large_fep_dataset/data/fep_benchmark_processed/opls_stress_fxa_set3_20539_10.sdf,../large_fep_dataset/data/fep_benchmark_processed/opls_stress_fxa_set3_protein.pdb,776,8.276743,7.737615,8.195044,8.264903,7.8578897,7.562364,7.9585834,7.515433,8.438423,7.6377726,7.944477
777,opls_stress/fxa_set3,opls_stress/fxa_set3/20820_11,../large_fep_dataset/data/fep_benchmark_processed/opls_stress_fxa_set3_20820_11.sdf,../large_fep_dataset/data/fep_benchmark_processed/opls_stress_fxa_set3_protein.pdb,777,8.122155,7.474428,7.9862337,7.9560776,7.4718037,7.5471997,7.9163613,6.592509,8.072707,7.43793,7.65774
778,opls_stress/fxa_set3,opls_stress/fxa_set3/20819_8,../large_fep_dataset/data/fep_benchmark_processed/opls_stress_fxa_set3_20819_8.sdf,../large_fep_dataset/data/fep_benchmark_processed/opls_stress_fxa_set3_protein.pdb,778,8.157472,7.7716575,8.292172,7.9964294,7.937965,7.5337777,7.839196,7.8179517,8.422403,7.757104,7.952613
779,opls_stress/fxa_set6,opls_stress/fxa_set6/21083,../large_fep_dataset/data/fep_benchmark_processed/opls_stress_fxa_set6_21083.sdf,../large_fep_dataset/data/fep_benchmark_processed/opls_stress_fxa_set6_protein.pdb,779,8.052066,8.552847,7.9343963,8.055681,7.1971426,8.059834,7.8716283,7.439229,8.064535,8.305014,7.953237
780,opls_stress/fxa_set6,opls_stress/fxa_set6/21084,../large_fep_dataset/data/fep_benchmark_processed/opls_stress_fxa_set6_21084.sdf,../large_fep_dataset/data/fep_benchmark_processed/opls_stress_fxa_set6_protein.pdb,780,7.991278,8.424211,7.708114,8.054285,7.7715793,7.818942,8.139465,7.84379,8.08345,8.177842,8.001295
781,opls_stress/fxa_set6,opls_stress/fxa_set6/21085,../large_fep_dataset/data/fep_benchmark_processed/opls_stress_fxa_set6_21085.sdf,../large_fep_dataset/data/fep_benchmark_processed/opls_stress_fxa_set6_protein.pdb,781,8.248149,8.18433,8.107657,8.140496,7.8702,7.692969,8.354865,7.797397,8.254511,8.211076,8.086164
782,opls_stress/fxa_set6,opls_stress/fxa_set6/21086,../large_fep_dataset/data/fep_benchmark_processed/opls_stress_fxa_set6_21086.sdf,../large_fep_dataset/data/fep_benchmark_processed/opls_stress_fxa_set6_protein.pdb,782,8.1643715,8.15546,7.751326,7.953272,8.147873,7.648942,8.114425,8.018083,8.229517,8.145016,8.032827
783,opls_stress/fxa_set6,opls_stress/fxa_set6/20524_2j95_cys,../large_fep_dataset/data/fep_benchmark_processed/opls_stress_fxa_set6_20524_2j95_cys.sdf,../large_fep_dataset/data/fep_benchmark_processed/opls_stress_fxa_set6_protein.pdb,783,8.132482,8.264141,7.983627,8.21191,8.128417,7.7387795,8.289821,7.780824,8.341024,8.338825,8.120985
784,opls_stress/fxa_set6,opls_stress/fxa_set6/21087,../large_fep_dataset/data/fep_benchmark_processed/opls_stress_fxa_set6_21087.sdf,../large_fep_dataset/data/fep_benchmark_processed/opls_stress_fxa_set6_protein.pdb,784,8.142704,8.298216,7.876847,8.028415,8.163887,7.7655497,8.002351,8.200513,8.238879,8.112308,8.082966
785,opls_stress/fxa_set5,opls_stress/fxa_set5/20705_cys,../large_fep_dataset/data/fep_benchmark_processed/opls_stress_fxa_set5_20705_cys.sdf,../large_fep_dataset/data/fep_benchmark_processed/opls_stress_fxa_set5_protein.pdb,785,8.05735,7.7792892,8.183296,8.200646,8.160804,8.115438,8.094275,8.076484,8.30247,7.7805433,8.07506
786,opls_stress/fxa_set5,opls_stress/fxa_set5/21331,../large_fep_dataset/data/fep_benchmark_processed/opls_stress_fxa_set5_21331.sdf,../large_fep_dataset/data/fep_benchmark_processed/opls_stress_fxa_set5_protein.pdb,786,7.830292,7.901066,8.013708,7.998667,8.024913,7.9643674,7.873693,8.009348,8.201955,7.980127,7.9798136
787,opls_stress/hc_bace2,opls_stress/hc_bace2/37_0_ligand,../large_fep_dataset/data/fep_benchmark_processed/opls_stress_hc_bace2_37_0_ligand.sdf,../large_fep_dataset/data/fep_benchmark_processed/opls_stress_hc_bace2_protein.pdb,787,6.990785,6.4157243,6.603378,6.9625773,7.1836586,7.0798974,6.3638425,7.2196636,6.63689,6.540336,6.799675
788,opls_stress/hc_bace2,opls_stress/hc_bace2/35_0_ligand,../large_fep_dataset/data/fep_benchmark_processed/opls_stress_hc_bace2_35_0_ligand.sdf,../large_fep_dataset/data/fep_benchmark_processed/opls_stress_hc_bace2_protein.pdb,788,7.4012513,7.4105377,7.4521904,7.223691,7.2713757,7.8100553,6.8632064,7.8455186,7.5782356,7.731245,7.458731
789,opls_stress/hc_bace2,opls_stress/hc_bace2/39_0_ligand,../large_fep_dataset/data/fep_benchmark_processed/opls_stress_hc_bace2_39_0_ligand.sdf,../large_fep_dataset/data/fep_benchmark_processed/opls_stress_hc_bace2_protein.pdb,789,6.914355,7.4437876,6.9473104,7.0708413,7.4776306,7.967627,6.787267,7.8351464,7.3799396,6.9784784,7.280238
790,opls_stress/hc_bace2,opls_stress/hc_bace2/34_0_ligand,../large_fep_dataset/data/fep_benchmark_processed/opls_stress_hc_bace2_34_0_ligand.sdf,../large_fep_dataset/data/fep_benchmark_processed/opls_stress_hc_bace2_protein.pdb,790,7.4328437,7.5742526,7.458379,7.415404,7.5470185,7.8249016,6.831803,7.615794,7.4054875,7.5687876,7.4674673
791,opls_stress/hc_bace2,opls_stress/hc_bace2/40_0_ligand,../large_fep_dataset/data/fep_benchmark_processed/opls_stress_hc_bace2_40_0_ligand.sdf,../large_fep_dataset/data/fep_benchmark_processed/opls_stress_hc_bace2_protein.pdb,791,7.7078056,7.4283504,7.5370646,7.2851434,7.2915707,8.068578,6.872507,7.909037,7.37731,7.4856524,7.496301
792,opls_stress/hc_bace2,opls_stress/hc_bace2/30_0_ligand,../large_fep_dataset/data/fep_benchmark_processed/opls_stress_hc_bace2_30_0_ligand.sdf,../large_fep_dataset/data/fep_benchmark_processed/opls_stress_hc_bace2_protein.pdb,792,6.934432,6.4278045,6.5162883,6.890733,7.2188005,6.9181986,6.363129,7.2091565,6.800861,6.707041,6.798644
793,opls_stress/hc_bace2,opls_stress/hc_bace2/33_0_ligand,../large_fep_dataset/data/fep_benchmark_processed/opls_stress_hc_bace2_33_0_ligand.sdf,../large_fep_dataset/data/fep_benchmark_processed/opls_stress_hc_bace2_protein.pdb,793,7.003674,7.573672,7.2616906,7.0134974,7.566401,7.737805,6.8905783,7.779581,7.5069838,7.093783,7.342767
794,opls_stress/hc_bace2,opls_stress/hc_bace2/41_0_ligand,../large_fep_dataset/data/fep_benchmark_processed/opls_stress_hc_bace2_41_0_ligand.sdf,../large_fep_dataset/data/fep_benchmark_processed/opls_stress_hc_bace2_protein.pdb,794,7.2714047,7.5498424,7.345214,7.337349,7.2928643,8.003162,6.788845,7.8462315,7.3164134,7.5365148,7.4287844
795,opls_stress/hc_bace2,opls_stress/hc_bace2/42_0_ligand,../large_fep_dataset/data/fep_benchmark_processed/opls_stress_hc_bace2_42_0_ligand.sdf,../large_fep_dataset/data/fep_benchmark_processed/opls_stress_hc_bace2_protein.pdb,795,7.585225,7.583011,7.653747,7.422932,7.8279896,8.059513,7.138037,8.135783,7.5151916,7.7541714,7.6675606
796,opls_stress/hc_bace2,opls_stress/hc_bace2/44_0_ligand,../large_fep_dataset/data/fep_benchmark_processed/opls_stress_hc_bace2_44_0_ligand.sdf,../large_fep_dataset/data/fep_benchmark_processed/opls_stress_hc_bace2_protein.pdb,796,7.087963,7.2675276,7.3320637,6.8668623,7.4905605,7.4586716,6.9677596,7.8267617,7.177785,7.0653915,7.254134
797,opls_stress/fxa_set4,opls_stress/fxa_set4/1s,../large_fep_dataset/data/fep_benchmark_processed/opls_stress_fxa_set4_1s.sdf,../large_fep_dataset/data/fep_benchmark_processed/opls_stress_fxa_set4_protein.pdb,797,7.8213525,7.9209647,8.036633,7.709887,7.3285546,7.5213766,7.959192,7.9891796,7.614318,7.872784,7.777425
798,opls_stress/fxa_set4,opls_stress/fxa_set4/21080_1j,../large_fep_dataset/data/fep_benchmark_processed/opls_stress_fxa_set4_21080_1j.sdf,../large_fep_dataset/data/fep_benchmark_processed/opls_stress_fxa_set4_protein.pdb,798,8.305825,8.4864235,8.200386,8.402747,8.266712,8.113668,8.387019,8.448373,8.647239,8.354644,8.361304
799,opls_stress/fxa_set4,opls_stress/fxa_set4/21030_1o,../large_fep_dataset/data/fep_benchmark_processed/opls_stress_fxa_set4_21030_1o.sdf,../large_fep_dataset/data/fep_benchmark_processed/opls_stress_fxa_set4_protein.pdb,799,8.140663,8.312222,8.291881,8.229178,7.4052453,8.030078,8.228606,8.015892,7.837243,8.01991,8.051092
800,opls_stress/fxa_set4,opls_stress/fxa_set4/21028_1r,../large_fep_dataset/data/fep_benchmark_processed/opls_stress_fxa_set4_21028_1r.sdf,../large_fep_dataset/data/fep_benchmark_processed/opls_stress_fxa_set4_protein.pdb,800,8.144081,8.465346,8.050722,8.415613,7.8384886,8.123131,8.4456415,8.364095,8.390528,7.804783,8.204244
801,opls_stress/fxa_set4,opls_stress/fxa_set4/21027_1q,../large_fep_dataset/data/fep_benchmark_processed/opls_stress_fxa_set4_21027_1q.sdf,../large_fep_dataset/data/fep_benchmark_processed/opls_stress_fxa_set4_protein.pdb,801,8.357767,8.353647,8.432855,8.382031,8.024273,8.064675,8.460626,8.616108,8.293784,7.9932475,8.297901
802,opls_stress/fxa_set4,opls_stress/fxa_set4/1t,../large_fep_dataset/data/fep_benchmark_processed/opls_stress_fxa_set4_1t.sdf,../large_fep_dataset/data/fep_benchmark_processed/opls_stress_fxa_set4_protein.pdb,802,7.8016458,7.9710336,7.9888897,7.786868,7.3532205,7.550276,7.852686,7.8925614,7.6336226,7.8562207,7.7687025
803,opls_stress/fxa_set4,opls_stress/fxa_set4/16352_1e,../large_fep_dataset/data/fep_benchmark_processed/opls_stress_fxa_set4_16352_1e.sdf,../large_fep_dataset/data/fep_benchmark_processed/opls_stress_fxa_set4_protein.pdb,803,8.299029,8.282693,8.528559,8.662312,8.029519,8.202335,8.561402,8.443382,8.225749,8.306798,8.354177
804,opls_stress/fxa_set4,opls_stress/fxa_set4/21081_1k,../large_fep_dataset/data/fep_benchmark_processed/opls_stress_fxa_set4_21081_1k.sdf,../large_fep_dataset/data/fep_benchmark_processed/opls_stress_fxa_set4_protein.pdb,804,8.255172,8.447615,8.151574,8.282775,8.0807295,8.233172,8.472695,8.715416,8.459585,7.9676275,8.306636
805,opls_stress/fxa_set4,opls_stress/fxa_set4/21031_1p,../large_fep_dataset/data/fep_benchmark_processed/opls_stress_fxa_set4_21031_1p.sdf,../large_fep_dataset/data/fep_benchmark_processed/opls_stress_fxa_set4_protein.pdb,805,8.300531,8.154348,8.388793,8.169265,7.495434,7.786914,8.338957,8.162645,7.8935013,8.179567,8.086996
806,opls_stress/fxa_set4,opls_stress/fxa_set4/16353_1d,../large_fep_dataset/data/fep_benchmark_processed/opls_stress_fxa_set4_16353_1d.sdf,../large_fep_dataset/data/fep_benchmark_processed/opls_stress_fxa_set4_protein.pdb,806,8.310692,8.379677,8.3854885,8.744677,8.089311,8.1111,8.583782,8.485653,8.2724495,8.2745905,8.363741
807,opls_stress/fxa_set4,opls_stress/fxa_set4/21082_1l,../large_fep_dataset/data/fep_benchmark_processed/opls_stress_fxa_set4_21082_1l.sdf,../large_fep_dataset/data/fep_benchmark_processed/opls_stress_fxa_set4_protein.pdb,807,8.44862,8.307268,8.497043,8.461109,8.052519,8.171584,8.39645,8.536753,8.388227,8.056029,8.33156
808,opls_stress/chk1_set2,opls_stress/chk1_set2/17374_cys,../large_fep_dataset/data/fep_benchmark_processed/opls_stress_chk1_set2_17374_cys.sdf,../large_fep_dataset/data/fep_benchmark_processed/opls_stress_chk1_set2_protein.pdb,808,8.235114,8.114177,8.203889,8.389694,8.791323,7.891295,7.7819395,7.6108403,7.7760186,8.472836,8.126714
809,opls_stress/chk1_set2,opls_stress/chk1_set2/17509,../large_fep_dataset/data/fep_benchmark_processed/opls_stress_chk1_set2_17509.sdf,../large_fep_dataset/data/fep_benchmark_processed/opls_stress_chk1_set2_protein.pdb,809,8.101615,7.7995725,7.697826,8.402435,7.9362173,7.5081134,7.3906674,7.724833,7.728984,8.630878,7.892114
810,opls_stress/chk1_set3,opls_stress/chk1_set3/23882,../large_fep_dataset/data/fep_benchmark_processed/opls_stress_chk1_set3_23882.sdf,../large_fep_dataset/data/fep_benchmark_processed/opls_stress_chk1_set3_protein.pdb,810,7.127821,8.278159,7.5659184,7.431296,8.112864,7.3644104,7.431973,7.137834,8.108036,7.270139,7.582845
811,opls_stress/chk1_set3,opls_stress/chk1_set3/23703_cys,../large_fep_dataset/data/fep_benchmark_processed/opls_stress_chk1_set3_23703_cys.sdf,../large_fep_dataset/data/fep_benchmark_processed/opls_stress_chk1_set3_protein.pdb,811,8.103873,8.282276,7.6738305,8.181837,8.145334,7.547082,8.124011,7.2715397,8.318829,7.4028563,7.9051476
812,opls_stress/chk1_set3,opls_stress/chk1_set3/23864,../large_fep_dataset/data/fep_benchmark_processed/opls_stress_chk1_set3_23864.sdf,../large_fep_dataset/data/fep_benchmark_processed/opls_stress_chk1_set3_protein.pdb,812,8.0727,7.3902044,6.9438443,7.250464,7.147575,6.8799977,7.5293784,6.847142,8.106918,7.355513,7.3523736
813,opls_stress/chk1_set3,opls_stress/chk1_set3/23863,../large_fep_dataset/data/fep_benchmark_processed/opls_stress_chk1_set3_23863.sdf,../large_fep_dataset/data/fep_benchmark_processed/opls_stress_chk1_set3_protein.pdb,813,8.104356,7.423534,7.0070415,7.2353306,7.1474843,6.814343,7.465778,6.8982897,8.053418,7.0705576,7.322013
814,opls_stress/chk1_set7,opls_stress/chk1_set7/19997,../large_fep_dataset/data/fep_benchmark_processed/opls_stress_chk1_set7_19997.sdf,../large_fep_dataset/data/fep_benchmark_processed/opls_stress_chk1_set7_protein.pdb,814,7.7112646,7.8505006,8.128672,7.88938,7.5682554,8.134234,7.380488,7.5108333,7.4910445,7.7412257,7.74059
815,opls_stress/chk1_set7,opls_stress/chk1_set7/19998,../large_fep_dataset/data/fep_benchmark_processed/opls_stress_chk1_set7_19998.sdf,../large_fep_dataset/data/fep_benchmark_processed/opls_stress_chk1_set7_protein.pdb,815,7.563691,7.9002,8.085532,8.121738,7.8555317,8.041032,7.450993,7.4758263,7.328252,7.583862,7.7406664
816,opls_stress/chk1_set7,opls_stress/chk1_set7/19934_cys,../large_fep_dataset/data/fep_benchmark_processed/opls_stress_chk1_set7_19934_cys.sdf,../large_fep_dataset/data/fep_benchmark_processed/opls_stress_chk1_set7_protein.pdb,816,7.7936783,7.846828,8.068652,7.787278,7.572637,8.106853,7.3076696,7.4269466,7.489676,7.6397753,7.704
817,opls_stress/chk1_set6,opls_stress/chk1_set6/23708_cys,../large_fep_dataset/data/fep_benchmark_processed/opls_stress_chk1_set6_23708_cys.sdf,../large_fep_dataset/data/fep_benchmark_processed/opls_stress_chk1_set6_protein.pdb,817,7.9037395,8.021989,6.9965687,7.857208,7.856871,7.4973674,7.648834,8.4040165,7.5906105,8.005189,7.7782393
818,opls_stress/chk1_set6,opls_stress/chk1_set6/13,../large_fep_dataset/data/fep_benchmark_processed/opls_stress_chk1_set6_13.sdf,../large_fep_dataset/data/fep_benchmark_processed/opls_stress_chk1_set6_protein.pdb,818,7.389915,7.9310174,7.242098,7.943024,7.5303483,7.3821416,7.4266405,7.945459,7.891758,7.4241037,7.6106505
819,opls_stress/chk1_set6,opls_stress/chk1_set6/15,../large_fep_dataset/data/fep_benchmark_processed/opls_stress_chk1_set6_15.sdf,../large_fep_dataset/data/fep_benchmark_processed/opls_stress_chk1_set6_protein.pdb,819,7.5826726,7.8059673,6.2829466,7.7801833,7.6351624,7.743616,7.3410125,7.943482,7.1618624,7.941061,7.521796
820,opls_stress/chk1_set4,opls_stress/chk1_set4/23704_cys,../large_fep_dataset/data/fep_benchmark_processed/opls_stress_chk1_set4_23704_cys.sdf,../large_fep_dataset/data/fep_benchmark_processed/opls_stress_chk1_set4_protein.pdb,820,7.3056126,7.926992,8.029956,8.183392,8.04471,8.019526,7.788658,7.783515,8.467422,7.7286043,7.927839
821,opls_stress/chk1_set4,opls_stress/chk1_set4/23873,../large_fep_dataset/data/fep_benchmark_processed/opls_stress_chk1_set4_23873.sdf,../large_fep_dataset/data/fep_benchmark_processed/opls_stress_chk1_set4_protein.pdb,821,8.023436,8.148862,7.5896845,8.351494,7.9126153,7.939384,8.1229,7.828995,8.719087,8.036267,8.067273
822,opls_stress/chk1_set5,opls_stress/chk1_set5/20315,../large_fep_dataset/data/fep_benchmark_processed/opls_stress_chk1_set5_20315.sdf,../large_fep_dataset/data/fep_benchmark_processed/opls_stress_chk1_set5_protein.pdb,822,7.7110314,7.584154,7.0763283,7.3496356,7.1699376,7.15262,7.7389145,6.797718,7.745881,7.920046,7.4246264
823,opls_stress/chk1_set5,opls_stress/chk1_set5/19939_cys,../large_fep_dataset/data/fep_benchmark_processed/opls_stress_chk1_set5_19939_cys.sdf,../large_fep_dataset/data/fep_benchmark_processed/opls_stress_chk1_set5_protein.pdb,823,7.9837,7.638854,7.7226863,7.7635756,7.6160436,6.9857335,8.295974,7.551351,7.896464,8.208348,7.7662725
824,opls_stress/chk1_set5,opls_stress/chk1_set5/19940,../large_fep_dataset/data/fep_benchmark_processed/opls_stress_chk1_set5_19940.sdf,../large_fep_dataset/data/fep_benchmark_processed/opls_stress_chk1_set5_protein.pdb,824,7.878323,7.4469523,7.550163,8.032333,7.7718053,7.12119,8.019111,7.5589314,8.17007,8.152934,7.7701807
825,opls_stress/pb_bace3,opls_stress/pb_bace3/22316,../large_fep_dataset/data/fep_benchmark_processed/opls_stress_pb_bace3_22316.sdf,../large_fep_dataset/data/fep_benchmark_processed/opls_stress_pb_bace3_protein.pdb,825,7.638475,8.024059,7.7192893,7.7468805,8.177503,7.6068025,7.675905,7.622598,7.9939814,7.605256,7.7810745
826,opls_stress/pb_bace3,opls_stress/pb_bace3/22320,../large_fep_dataset/data/fep_benchmark_processed/opls_stress_pb_bace3_22320.sdf,../large_fep_dataset/data/fep_benchmark_processed/opls_stress_pb_bace3_protein.pdb,826,7.602368,7.7173924,7.8402877,7.779329,7.8508663,7.510814,7.6785274,7.8898816,7.720028,8.155673,7.774516
827,opls_stress/pb_bace3,opls_stress/pb_bace3/22319,../large_fep_dataset/data/fep_benchmark_processed/opls_stress_pb_bace3_22319.sdf,../large_fep_dataset/data/fep_benchmark_processed/opls_stress_pb_bace3_protein.pdb,827,7.5859137,7.973587,7.7042594,7.8862576,7.8739095,7.900587,7.842597,7.9566264,7.74137,8.020405,7.8485518
828,opls_stress/pb_bace3,opls_stress/pb_bace3/19678_cys,../large_fep_dataset/data/fep_benchmark_processed/opls_stress_pb_bace3_19678_cys.sdf,../large_fep_dataset/data/fep_benchmark_processed/opls_stress_pb_bace3_protein.pdb,828,7.666394,7.999094,7.8479333,8.00762,8.229736,7.6147213,7.7002473,7.4445252,7.7356644,8.090274,7.833621
829,opls_stress/chk1_set1,opls_stress/chk1_set1/19967,../large_fep_dataset/data/fep_benchmark_processed/opls_stress_chk1_set1_19967.sdf,../large_fep_dataset/data/fep_benchmark_processed/opls_stress_chk1_set1_protein.pdb,829,7.392475,7.6731668,6.8648763,6.9425516,7.381385,7.7503448,7.059005,6.83819,7.277992,7.428969,7.2608957
830,opls_stress/chk1_set1,opls_stress/chk1_set1/17353_cys,../large_fep_dataset/data/fep_benchmark_processed/opls_stress_chk1_set1_17353_cys.sdf,../large_fep_dataset/data/fep_benchmark_processed/opls_stress_chk1_set1_protein.pdb,830,7.4744263,7.6595445,6.7668643,7.4596577,6.758159,7.1047783,6.7879167,6.6817203,7.3025494,6.9815154,7.0977135
831,opls_stress/chk1_set1,opls_stress/chk1_set1/19971,../large_fep_dataset/data/fep_benchmark_processed/opls_stress_chk1_set1_19971.sdf,../large_fep_dataset/data/fep_benchmark_processed/opls_stress_chk1_set1_protein.pdb,831,7.19249,7.7796316,7.2419934,7.5399537,7.302508,7.165932,7.074149,7.1679764,7.0709267,6.9075413,7.24431
832,merck/pfkfb3_automap,merck/pfkfb3_automap/43,../large_fep_dataset/data/fep_benchmark_processed/merck_pfkfb3_automap_43.sdf,../large_fep_dataset/data/fep_benchmark_processed/merck_pfkfb3_automap_protein.pdb,832,7.353098,6.769703,7.2743216,7.48661,7.133201,7.581561,7.3776283,7.1897264,6.8280334,7.433469,7.2427354
833,merck/pfkfb3_automap,merck/pfkfb3_automap/30 flip b,../large_fep_dataset/data/fep_benchmark_processed/merck_pfkfb3_automap_30_flip_b.sdf,../large_fep_dataset/data/fep_benchmark_processed/merck_pfkfb3_automap_protein.pdb,833,7.772963,7.614709,7.3580813,7.706315,7.4556627,6.9623194,7.637754,7.8718486,8.216288,7.3594337,7.5955377
834,merck/pfkfb3_automap,merck/pfkfb3_automap/65,../large_fep_dataset/data/fep_benchmark_processed/merck_pfkfb3_automap_65.sdf,../large_fep_dataset/data/fep_benchmark_processed/merck_pfkfb3_automap_protein.pdb,834,8.133005,7.5409937,7.4900007,7.9801292,8.496058,7.738327,8.387581,7.9981947,8.22073,8.028032,8.001305
835,merck/pfkfb3_automap,merck/pfkfb3_automap/49,../large_fep_dataset/data/fep_benchmark_processed/merck_pfkfb3_automap_49.sdf,../large_fep_dataset/data/fep_benchmark_processed/merck_pfkfb3_automap_protein.pdb,835,7.239665,6.710924,7.4256086,7.6797004,7.099528,6.532974,7.700751,7.1062856,7.1490765,7.347025,7.199154
836,merck/pfkfb3_automap,merck/pfkfb3_automap/24,../large_fep_dataset/data/fep_benchmark_processed/merck_pfkfb3_automap_24.sdf,../large_fep_dataset/data/fep_benchmark_processed/merck_pfkfb3_automap_protein.pdb,836,7.6248336,7.411305,8.162734,7.6997933,6.6626205,7.316498,7.9318786,7.479123,7.8455415,7.7693925,7.5903716
837,merck/pfkfb3_automap,merck/pfkfb3_automap/67,../large_fep_dataset/data/fep_benchmark_processed/merck_pfkfb3_automap_67.sdf,../large_fep_dataset/data/fep_benchmark_processed/merck_pfkfb3_automap_protein.pdb,837,8.505672,7.4009857,7.6406517,7.7420855,7.9496756,7.692534,8.244191,7.9389467,7.9681377,8.086353,7.9169235
838,merck/pfkfb3_automap,merck/pfkfb3_automap/62 flip,../large_fep_dataset/data/fep_benchmark_processed/merck_pfkfb3_automap_62_flip.sdf,../large_fep_dataset/data/fep_benchmark_processed/merck_pfkfb3_automap_protein.pdb,838,8.252275,7.4353576,8.001993,7.836874,8.308093,8.129833,7.672442,8.3699465,7.970819,8.037898,8.001554
839,merck/pfkfb3_automap,merck/pfkfb3_automap/56,../large_fep_dataset/data/fep_benchmark_processed/merck_pfkfb3_automap_56.sdf,../large_fep_dataset/data/fep_benchmark_processed/merck_pfkfb3_automap_protein.pdb,839,7.614139,7.312142,7.720104,7.8537483,7.494182,7.729438,8.298782,7.5751925,7.7252593,7.580989,7.6903977
840,merck/pfkfb3_automap,merck/pfkfb3_automap/59,../large_fep_dataset/data/fep_benchmark_processed/merck_pfkfb3_automap_59.sdf,../large_fep_dataset/data/fep_benchmark_processed/merck_pfkfb3_automap_protein.pdb,840,8.210837,7.2308807,7.6595006,8.018221,7.754858,7.660414,7.920162,7.374415,7.957487,7.599696,7.7386475
841,merck/pfkfb3_automap,merck/pfkfb3_automap/38,../large_fep_dataset/data/fep_benchmark_processed/merck_pfkfb3_automap_38.sdf,../large_fep_dataset/data/fep_benchmark_processed/merck_pfkfb3_automap_protein.pdb,841,7.1120973,6.9525723,7.7862473,7.6025057,7.3501573,7.4286766,8.238605,7.753833,7.735605,7.2659936,7.5226297
842,merck/pfkfb3_automap,merck/pfkfb3_automap/31,../large_fep_dataset/data/fep_benchmark_processed/merck_pfkfb3_automap_31.sdf,../large_fep_dataset/data/fep_benchmark_processed/merck_pfkfb3_automap_protein.pdb,842,7.611767,7.352711,7.3698673,7.3067145,6.799469,6.7584476,7.7097,7.7580066,7.79154,7.223769,7.3681993
843,merck/pfkfb3_automap,merck/pfkfb3_automap/48,../large_fep_dataset/data/fep_benchmark_processed/merck_pfkfb3_automap_48.sdf,../large_fep_dataset/data/fep_benchmark_processed/merck_pfkfb3_automap_protein.pdb,843,7.648031,7.409412,7.11114,8.080385,7.584522,7.3362784,8.027327,7.842639,7.0624375,7.5507207,7.5652885
844,merck/pfkfb3_automap,merck/pfkfb3_automap/58,../large_fep_dataset/data/fep_benchmark_processed/merck_pfkfb3_automap_58.sdf,../large_fep_dataset/data/fep_benchmark_processed/merck_pfkfb3_automap_protein.pdb,844,8.212917,7.2510552,7.637107,7.972736,7.9534698,7.6573625,8.162709,7.45846,8.0889,7.853395,7.824811
845,merck/pfkfb3_automap,merck/pfkfb3_automap/41,../large_fep_dataset/data/fep_benchmark_processed/merck_pfkfb3_automap_41.sdf,../large_fep_dataset/data/fep_benchmark_processed/merck_pfkfb3_automap_protein.pdb,845,8.211055,8.181788,8.329904,8.341183,7.457605,7.934347,8.124141,7.908099,7.869265,8.095194,8.045258
846,merck/pfkfb3_automap,merck/pfkfb3_automap/29,../large_fep_dataset/data/fep_benchmark_processed/merck_pfkfb3_automap_29.sdf,../large_fep_dataset/data/fep_benchmark_processed/merck_pfkfb3_automap_protein.pdb,846,7.202342,7.4979806,7.4462404,7.50207,7.4978786,6.8559184,8.325141,7.6172857,7.7710085,7.4953346,7.5211196
847,merck/pfkfb3_automap,merck/pfkfb3_automap/54,../large_fep_dataset/data/fep_benchmark_processed/merck_pfkfb3_automap_54.sdf,../large_fep_dataset/data/fep_benchmark_processed/merck_pfkfb3_automap_protein.pdb,847,7.07344,7.2821283,7.599119,7.696528,7.7536883,7.4513426,8.555704,7.4553695,7.8099256,7.589531,7.6266775
848,merck/pfkfb3_automap,merck/pfkfb3_automap/47,../large_fep_dataset/data/fep_benchmark_processed/merck_pfkfb3_automap_47.sdf,../large_fep_dataset/data/fep_benchmark_processed/merck_pfkfb3_automap_protein.pdb,848,6.95411,7.3335476,7.4789906,7.6194305,7.5102463,7.5745,7.9813466,7.416409,7.2184925,7.2977786,7.438485
849,merck/pfkfb3_automap,merck/pfkfb3_automap/26,../large_fep_dataset/data/fep_benchmark_processed/merck_pfkfb3_automap_26.sdf,../large_fep_dataset/data/fep_benchmark_processed/merck_pfkfb3_automap_protein.pdb,849,7.1723685,7.3301153,7.7397556,7.246292,7.1336546,6.823993,7.7658286,7.720063,7.4912367,7.2606807,7.368398
850,merck/pfkfb3_automap,merck/pfkfb3_automap/55,../large_fep_dataset/data/fep_benchmark_processed/merck_pfkfb3_automap_55.sdf,../large_fep_dataset/data/fep_benchmark_processed/merck_pfkfb3_automap_protein.pdb,850,8.428143,7.1848145,7.986063,8.149541,7.9703608,7.71874,8.483783,7.6104674,8.184062,8.137323,7.9853296
851,merck/pfkfb3_automap,merck/pfkfb3_automap/20,../large_fep_dataset/data/fep_benchmark_processed/merck_pfkfb3_automap_20.sdf,../large_fep_dataset/data/fep_benchmark_processed/merck_pfkfb3_automap_protein.pdb,851,7.8074436,7.2124243,7.372722,8.052078,7.4376507,7.3597107,7.6954603,7.2114825,7.0149627,7.4491744,7.4613104
852,merck/pfkfb3_automap,merck/pfkfb3_automap/57,../large_fep_dataset/data/fep_benchmark_processed/merck_pfkfb3_automap_57.sdf,../large_fep_dataset/data/fep_benchmark_processed/merck_pfkfb3_automap_protein.pdb,852,8.870331,8.30391,9.031979,8.558133,8.637904,8.264356,8.70738,8.661635,8.577231,8.254769,8.586763
853,merck/pfkfb3_automap,merck/pfkfb3_automap/42,../large_fep_dataset/data/fep_benchmark_processed/merck_pfkfb3_automap_42.sdf,../large_fep_dataset/data/fep_benchmark_processed/merck_pfkfb3_automap_protein.pdb,853,7.5932684,7.488772,7.6975584,7.828837,7.267078,7.753285,7.6127563,7.6469536,7.1894546,7.416984,7.5494943
854,merck/pfkfb3_automap,merck/pfkfb3_automap/35,../large_fep_dataset/data/fep_benchmark_processed/merck_pfkfb3_automap_35.sdf,../large_fep_dataset/data/fep_benchmark_processed/merck_pfkfb3_automap_protein.pdb,854,7.504836,7.2968273,7.444274,7.5337486,7.394281,7.1412168,8.18708,7.5487275,7.8881245,7.549107,7.548823
855,merck/pfkfb3_automap,merck/pfkfb3_automap/44,../large_fep_dataset/data/fep_benchmark_processed/merck_pfkfb3_automap_44.sdf,../large_fep_dataset/data/fep_benchmark_processed/merck_pfkfb3_automap_protein.pdb,855,7.3200707,6.6848865,7.5194936,7.4572873,7.2613835,7.6573668,7.564475,7.3404455,7.217938,7.540483,7.3563833
856,merck/pfkfb3_automap,merck/pfkfb3_automap/63,../large_fep_dataset/data/fep_benchmark_processed/merck_pfkfb3_automap_63.sdf,../large_fep_dataset/data/fep_benchmark_processed/merck_pfkfb3_automap_protein.pdb,856,8.825053,7.1769648,7.7509146,7.8629684,8.4959135,8.017884,7.8358917,8.047141,8.143694,8.436316,8.059275
857,merck/pfkfb3_automap,merck/pfkfb3_automap/69,../large_fep_dataset/data/fep_benchmark_processed/merck_pfkfb3_automap_69.sdf,../large_fep_dataset/data/fep_benchmark_processed/merck_pfkfb3_automap_protein.pdb,857,7.7474937,7.252671,7.4559226,7.7249827,8.142502,7.787823,8.186958,7.8667426,7.503364,7.637124,7.730558
858,merck/pfkfb3_automap,merck/pfkfb3_automap/52,../large_fep_dataset/data/fep_benchmark_processed/merck_pfkfb3_automap_52.sdf,../large_fep_dataset/data/fep_benchmark_processed/merck_pfkfb3_automap_protein.pdb,858,7.329048,7.456789,7.6517215,7.8319774,7.5414257,7.299767,8.309776,7.6713886,7.820937,7.51486,7.64277
859,merck/pfkfb3_automap,merck/pfkfb3_automap/19,../large_fep_dataset/data/fep_benchmark_processed/merck_pfkfb3_automap_19.sdf,../large_fep_dataset/data/fep_benchmark_processed/merck_pfkfb3_automap_protein.pdb,859,7.2894263,7.1930304,7.4062085,7.203101,6.7142506,6.1849337,6.872418,6.8320637,7.2564855,6.914272,6.986618
860,merck/pfkfb3_automap,merck/pfkfb3_automap/68,../large_fep_dataset/data/fep_benchmark_processed/merck_pfkfb3_automap_68.sdf,../large_fep_dataset/data/fep_benchmark_processed/merck_pfkfb3_automap_protein.pdb,860,8.029659,7.220851,7.3665137,7.6770344,7.8643074,7.595262,8.245959,7.969521,7.762807,7.8470883,7.7579
861,merck/pfkfb3_automap,merck/pfkfb3_automap/33,../large_fep_dataset/data/fep_benchmark_processed/merck_pfkfb3_automap_33.sdf,../large_fep_dataset/data/fep_benchmark_processed/merck_pfkfb3_automap_protein.pdb,861,7.5322037,7.429497,8.0393915,7.77659,6.687753,7.3059053,8.01208,7.5953627,7.9254146,7.516234,7.5820436
862,merck/pfkfb3_automap,merck/pfkfb3_automap/70,../large_fep_dataset/data/fep_benchmark_processed/merck_pfkfb3_automap_70.sdf,../large_fep_dataset/data/fep_benchmark_processed/merck_pfkfb3_automap_protein.pdb,862,7.627212,7.3189116,7.5433292,8.122029,7.749811,7.819545,7.905026,7.4429793,7.1978464,7.731363,7.6458044
863,merck/pfkfb3_automap,merck/pfkfb3_automap/53,../large_fep_dataset/data/fep_benchmark_processed/merck_pfkfb3_automap_53.sdf,../large_fep_dataset/data/fep_benchmark_processed/merck_pfkfb3_automap_protein.pdb,863,7.439431,7.1507726,7.8431406,7.769429,7.5084662,7.767459,8.055929,7.4108944,7.926125,7.537758,7.6409407
864,merck/pfkfb3_automap,merck/pfkfb3_automap/64,../large_fep_dataset/data/fep_benchmark_processed/merck_pfkfb3_automap_64.sdf,../large_fep_dataset/data/fep_benchmark_processed/merck_pfkfb3_automap_protein.pdb,864,8.166172,7.657121,7.5475836,7.971266,8.494879,7.690271,8.194466,8.00617,8.250132,7.998273,7.9976335
865,merck/pfkfb3_automap,merck/pfkfb3_automap/39,../large_fep_dataset/data/fep_benchmark_processed/merck_pfkfb3_automap_39.sdf,../large_fep_dataset/data/fep_benchmark_processed/merck_pfkfb3_automap_protein.pdb,865,7.0123916,6.5580544,7.3981805,7.4240317,7.177363,6.702133,7.509661,7.1258883,7.1622634,7.1798,7.124977
866,merck/pfkfb3_automap,merck/pfkfb3_automap/37,../large_fep_dataset/data/fep_benchmark_processed/merck_pfkfb3_automap_37.sdf,../large_fep_dataset/data/fep_benchmark_processed/merck_pfkfb3_automap_protein.pdb,866,8.624202,7.717251,8.150814,8.153018,7.8010225,7.5699883,8.737381,8.3010235,7.9360995,8.214667,8.120546
867,merck/pfkfb3_automap,merck/pfkfb3_automap/23,../large_fep_dataset/data/fep_benchmark_processed/merck_pfkfb3_automap_23.sdf,../large_fep_dataset/data/fep_benchmark_processed/merck_pfkfb3_automap_protein.pdb,867,7.434859,7.1866455,7.350584,7.583423,6.7053514,6.4270725,7.1040926,7.2979026,7.595728,7.1606593,7.1846313
868,merck/pfkfb3_automap,merck/pfkfb3_automap/60 adjust,../large_fep_dataset/data/fep_benchmark_processed/merck_pfkfb3_automap_60_adjust.sdf,../large_fep_dataset/data/fep_benchmark_processed/merck_pfkfb3_automap_protein.pdb,868,8.079813,7.0973024,7.5259657,8.120148,7.7398596,7.7255077,8.85263,8.112388,8.005117,7.8619595,7.91207
869,merck/pfkfb3_automap,merck/pfkfb3_automap/34,../large_fep_dataset/data/fep_benchmark_processed/merck_pfkfb3_automap_34.sdf,../large_fep_dataset/data/fep_benchmark_processed/merck_pfkfb3_automap_protein.pdb,869,7.1689906,7.5193243,7.804922,7.295679,7.5038137,7.060415,7.8836308,7.7774053,7.603061,7.2533107,7.4870543
870,merck/pfkfb3_automap,merck/pfkfb3_automap/36,../large_fep_dataset/data/fep_benchmark_processed/merck_pfkfb3_automap_36.sdf,../large_fep_dataset/data/fep_benchmark_processed/merck_pfkfb3_automap_protein.pdb,870,7.2941833,7.5904956,7.2124767,7.820556,7.028555,6.722771,7.897192,7.3245225,7.7235107,7.0751095,7.3689375
871,merck/pfkfb3_automap,merck/pfkfb3_automap/46,../large_fep_dataset/data/fep_benchmark_processed/merck_pfkfb3_automap_46.sdf,../large_fep_dataset/data/fep_benchmark_processed/merck_pfkfb3_automap_protein.pdb,871,8.724039,8.302439,8.70253,8.363923,7.9613585,7.8230963,8.53885,8.379772,8.208783,7.934097,8.293889
872,merck/shp2,merck/shp2/SHP099-1/Example 7,../large_fep_dataset/data/fep_benchmark_processed/merck_shp2_SHP099-1_Example_7.sdf,../large_fep_dataset/data/fep_benchmark_processed/merck_shp2_protein.pdb,872,6.2187123,6.382832,6.5802116,6.6764784,6.8910184,6.06098,6.594082,6.69986,6.7289076,6.750199,6.558328
873,merck/shp2,merck/shp2/Example 22,../large_fep_dataset/data/fep_benchmark_processed/merck_shp2_Example_22.sdf,../large_fep_dataset/data/fep_benchmark_processed/merck_shp2_protein.pdb,873,6.8158298,6.6220565,6.7021384,6.9372563,6.9223666,6.39843,6.8998685,6.4889235,6.661658,6.9967804,6.7445307
874,merck/shp2,merck/shp2/Example 29,../large_fep_dataset/data/fep_benchmark_processed/merck_shp2_Example_29.sdf,../large_fep_dataset/data/fep_benchmark_processed/merck_shp2_protein.pdb,874,6.2258058,6.365557,6.5182276,6.4766393,6.1877656,5.748999,6.692126,6.511332,6.091229,6.2808137,6.3098497
875,merck/shp2,merck/shp2/11,../large_fep_dataset/data/fep_benchmark_processed/merck_shp2_11.sdf,../large_fep_dataset/data/fep_benchmark_processed/merck_shp2_protein.pdb,875,7.410811,7.0040126,6.5526333,7.1109385,6.805171,7.4124355,6.9094534,6.901602,7.2427344,7.2541966,7.0603995
876,merck/shp2,merck/shp2/4,../large_fep_dataset/data/fep_benchmark_processed/merck_shp2_4.sdf,../large_fep_dataset/data/fep_benchmark_processed/merck_shp2_protein.pdb,876,6.1145205,6.2612457,6.392628,6.363662,6.2026863,5.6138573,5.9244213,6.5084915,6.3234453,6.049022,6.1753983
877,merck/shp2,merck/shp2/Example 2,../large_fep_dataset/data/fep_benchmark_processed/merck_shp2_Example_2.sdf,../large_fep_dataset/data/fep_benchmark_processed/merck_shp2_protein.pdb,877,6.273745,6.6884465,7.0974703,6.586099,6.931897,6.363306,6.5687046,6.7977743,6.221627,6.7657456,6.6294813
878,merck/shp2,merck/shp2/Example 14,../large_fep_dataset/data/fep_benchmark_processed/merck_shp2_Example_14.sdf,../large_fep_dataset/data/fep_benchmark_processed/merck_shp2_protein.pdb,878,6.0451093,6.1742163,6.1380863,5.803233,6.1949925,5.9272513,7.010196,6.3409386,6.60654,6.6754355,6.2915998
879,merck/shp2,merck/shp2/Example 26,../large_fep_dataset/data/fep_benchmark_processed/merck_shp2_Example_26.sdf,../large_fep_dataset/data/fep_benchmark_processed/merck_shp2_protein.pdb,879,7.406355,7.1490135,6.930694,6.922944,7.2374935,6.462595,7.75167,6.8036876,7.193456,7.514011,7.137192
880,merck/shp2,merck/shp2/SHP836-2,../large_fep_dataset/data/fep_benchmark_processed/merck_shp2_SHP836-2.sdf,../large_fep_dataset/data/fep_benchmark_processed/merck_shp2_protein.pdb,880,5.948936,6.1389894,6.235861,6.1880097,6.405202,5.8571367,6.176103,6.470143,6.4639997,6.508055,6.2392435
881,merck/shp2,merck/shp2/Example 6,../large_fep_dataset/data/fep_benchmark_processed/merck_shp2_Example_6.sdf,../large_fep_dataset/data/fep_benchmark_processed/merck_shp2_protein.pdb,881,6.9943776,6.7880263,7.7250333,6.9980564,7.6087213,7.0226097,7.026667,7.282429,7.271396,7.021823,7.1739135
882,merck/shp2,merck/shp2/Example 1,../large_fep_dataset/data/fep_benchmark_processed/merck_shp2_Example_1.sdf,../large_fep_dataset/data/fep_benchmark_processed/merck_shp2_protein.pdb,882,6.186301,6.590841,7.209857,6.6730065,7.071747,6.361578,6.7039294,6.792194,6.6777716,6.819465,6.708669
883,merck/shp2,merck/shp2/3,../large_fep_dataset/data/fep_benchmark_processed/merck_shp2_3.sdf,../large_fep_dataset/data/fep_benchmark_processed/merck_shp2_protein.pdb,883,5.591842,5.4921246,6.0597796,6.125352,5.9456205,4.9545383,5.549089,5.7080936,5.828838,5.209965,5.646524
884,merck/shp2,merck/shp2/Example 9,../large_fep_dataset/data/fep_benchmark_processed/merck_shp2_Example_9.sdf,../large_fep_dataset/data/fep_benchmark_processed/merck_shp2_protein.pdb,884,6.1281905,6.057204,5.6799693,5.9906993,6.121138,6.0599246,6.5555573,6.2507987,6.6510873,6.4335523,6.192812
885,merck/shp2,merck/shp2/Example 8,../large_fep_dataset/data/fep_benchmark_processed/merck_shp2_Example_8.sdf,../large_fep_dataset/data/fep_benchmark_processed/merck_shp2_protein.pdb,885,6.630629,6.526342,5.675245,6.441999,6.6266456,6.1823955,7.001032,6.5053544,6.8169365,6.7949715,6.5201554
886,merck/shp2,merck/shp2/7,../large_fep_dataset/data/fep_benchmark_processed/merck_shp2_7.sdf,../large_fep_dataset/data/fep_benchmark_processed/merck_shp2_protein.pdb,886,6.200302,6.6365147,6.8418846,6.283746,6.4973526,6.589427,6.4918733,6.370946,7.0568843,6.682419,6.565135
887,merck/shp2,merck/shp2/Example 24,../large_fep_dataset/data/fep_benchmark_processed/merck_shp2_Example_24.sdf,../large_fep_dataset/data/fep_benchmark_processed/merck_shp2_protein.pdb,887,6.494468,7.174202,6.843703,7.1853666,7.186481,5.7594094,7.72209,6.890151,6.863818,6.8540516,6.8973746
888,merck/shp2,merck/shp2/Example 28,../large_fep_dataset/data/fep_benchmark_processed/merck_shp2_Example_28.sdf,../large_fep_dataset/data/fep_benchmark_processed/merck_shp2_protein.pdb,888,5.5712366,6.4999533,5.83701,7.0520015,6.059888,5.3465877,5.999731,5.680175,5.946112,6.267987,6.0260687
889,merck/shp2,merck/shp2/10,../large_fep_dataset/data/fep_benchmark_processed/merck_shp2_10.sdf,../large_fep_dataset/data/fep_benchmark_processed/merck_shp2_protein.pdb,889,6.4634147,6.5387444,6.5046496,6.6237645,6.839817,6.3844385,6.7024198,6.49951,6.5294375,6.880558,6.596675
890,merck/shp2,merck/shp2/Example 25,../large_fep_dataset/data/fep_benchmark_processed/merck_shp2_Example_25.sdf,../large_fep_dataset/data/fep_benchmark_processed/merck_shp2_protein.pdb,890,6.8715997,6.9772496,6.6095724,6.919319,7.2836695,6.44503,6.672353,7.0668864,7.6840205,7.105189,6.9634886
891,merck/shp2,merck/shp2/Example 27,../large_fep_dataset/data/fep_benchmark_processed/merck_shp2_Example_27.sdf,../large_fep_dataset/data/fep_benchmark_processed/merck_shp2_protein.pdb,891,6.025628,5.984007,5.75722,6.1532993,6.313782,5.76879,5.9107785,6.5042205,6.561425,6.681637,6.1660786
892,merck/shp2,merck/shp2/6,../large_fep_dataset/data/fep_benchmark_processed/merck_shp2_6.sdf,../large_fep_dataset/data/fep_benchmark_processed/merck_shp2_protein.pdb,892,5.544535,5.959911,6.8274193,6.248099,6.4961147,6.053413,6.1212153,6.113324,6.671471,6.3879356,6.2423434
893,merck/shp2,merck/shp2/Example 30,../large_fep_dataset/data/fep_benchmark_processed/merck_shp2_Example_30.sdf,../large_fep_dataset/data/fep_benchmark_processed/merck_shp2_protein.pdb,893,6.127362,6.292605,6.944139,6.686725,7.0013227,6.1635795,6.3159895,6.766339,6.268473,6.59374,6.516028
894,merck/shp2,merck/shp2/Example 5,../large_fep_dataset/data/fep_benchmark_processed/merck_shp2_Example_5.sdf,../large_fep_dataset/data/fep_benchmark_processed/merck_shp2_protein.pdb,894,6.5600586,7.0527554,6.9430933,7.058775,7.3434677,6.5016894,6.3411508,6.9240527,6.8058724,7.339005,6.8869925
895,merck/shp2,merck/shp2/Example 4,../large_fep_dataset/data/fep_benchmark_processed/merck_shp2_Example_4.sdf,../large_fep_dataset/data/fep_benchmark_processed/merck_shp2_protein.pdb,895,5.8313394,5.9796863,6.623319,6.864011,6.24028,5.258529,5.500786,6.500191,6.269376,6.0396476,6.1107163
896,merck/shp2,merck/shp2/Example 23,../large_fep_dataset/data/fep_benchmark_processed/merck_shp2_Example_23.sdf,../large_fep_dataset/data/fep_benchmark_processed/merck_shp2_protein.pdb,896,6.5216227,6.222126,6.3522515,6.8198075,6.8016977,6.049912,6.5990167,6.4497805,6.384966,6.730917,6.49321
897,merck/shp2,merck/shp2/Example 3,../large_fep_dataset/data/fep_benchmark_processed/merck_shp2_Example_3.sdf,../large_fep_dataset/data/fep_benchmark_processed/merck_shp2_protein.pdb,897,6.371791,6.516665,6.971955,6.949712,6.708397,6.0567894,6.425265,6.9477024,6.4881787,6.660272,6.6096735
898,merck/cmet,merck/cmet/CHEMBL3402753_200,../large_fep_dataset/data/fep_benchmark_processed/merck_cmet_CHEMBL3402753_200.sdf,../large_fep_dataset/data/fep_benchmark_processed/merck_cmet_protein.pdb,898,6.7307158,7.063871,7.2294393,7.113378,7.3491488,6.884702,7.7506266,7.182965,6.554856,7.3474526,7.120715
899,merck/cmet,merck/cmet/CHEMBL3402747_3400,../large_fep_dataset/data/fep_benchmark_processed/merck_cmet_CHEMBL3402747_3400.sdf,../large_fep_dataset/data/fep_benchmark_processed/merck_cmet_protein.pdb,899,6.9376264,6.9962316,6.5027113,7.581651,7.212108,6.6188765,7.156787,7.2196207,6.5703936,7.021267,6.9817276
900,merck/cmet,merck/cmet/CHEMBL3402744_300,../large_fep_dataset/data/fep_benchmark_processed/merck_cmet_CHEMBL3402744_300.sdf,../large_fep_dataset/data/fep_benchmark_processed/merck_cmet_protein.pdb,900,6.990476,7.320219,7.4194345,7.448691,7.1040945,6.236022,7.7624373,7.184745,6.9805717,6.9348507,7.138154
901,merck/cmet,merck/cmet/CHEMBL3402745_200,../large_fep_dataset/data/fep_benchmark_processed/merck_cmet_CHEMBL3402745_200.sdf,../large_fep_dataset/data/fep_benchmark_processed/merck_cmet_protein.pdb,901,7.011674,7.121725,7.164286,7.3600144,6.904716,6.4027944,7.0013056,6.7207766,6.7433696,6.3064795,6.8737135
902,merck/cmet,merck/cmet/CHEMBL3402750_400,../large_fep_dataset/data/fep_benchmark_processed/merck_cmet_CHEMBL3402750_400.sdf,../large_fep_dataset/data/fep_benchmark_processed/merck_cmet_protein.pdb,902,7.0912538,6.85545,6.7647104,6.9460306,7.190862,6.828647,7.4983087,7.15498,7.140507,6.844387,7.031514
903,merck/cmet,merck/cmet/CHEMBL3402743_42,../large_fep_dataset/data/fep_benchmark_processed/merck_cmet_CHEMBL3402743_42.sdf,../large_fep_dataset/data/fep_benchmark_processed/merck_cmet_protein.pdb,903,6.8697567,7.0910664,7.1152534,6.807174,7.3575745,7.435733,7.276718,6.999005,7.099688,7.003322,7.105529
904,merck/cmet,merck/cmet/CHEMBL3402752_30000,../large_fep_dataset/data/fep_benchmark_processed/merck_cmet_CHEMBL3402752_30000.sdf,../large_fep_dataset/data/fep_benchmark_processed/merck_cmet_protein.pdb,904,7.041993,6.727819,7.054541,7.3311405,7.683591,6.959202,7.479121,6.957757,7.696512,6.985852,7.1917534
905,merck/cmet,merck/cmet/CHEMBL3402755_4200,../large_fep_dataset/data/fep_benchmark_processed/merck_cmet_CHEMBL3402755_4200.sdf,../large_fep_dataset/data/fep_benchmark_processed/merck_cmet_protein.pdb,905,6.853055,7.2317433,6.847294,6.984356,7.094797,6.4142747,7.4957514,6.825589,6.4061866,7.4057403,6.9558783
906,merck/cmet,merck/cmet/CHEMBL3402749_500,../large_fep_dataset/data/fep_benchmark_processed/merck_cmet_CHEMBL3402749_500.sdf,../large_fep_dataset/data/fep_benchmark_processed/merck_cmet_protein.pdb,906,6.569154,6.6289754,6.3703065,7.535368,7.023817,6.218272,7.0883636,6.5616403,6.690113,6.915094,6.7601104
907,merck/cmet,merck/cmet/CHEMBL3402765_11-charged-pKa-8.1,../large_fep_dataset/data/fep_benchmark_processed/merck_cmet_CHEMBL3402765_11-charged-pKa-8.1.sdf,../large_fep_dataset/data/fep_benchmark_processed/merck_cmet_protein.pdb,907,6.866953,7.244618,7.318774,7.6143413,7.5561304,7.3808312,7.5620413,7.248824,7.7230268,7.704736,7.4220276
908,merck/cmet,merck/cmet/CHEMBL3402742_23,../large_fep_dataset/data/fep_benchmark_processed/merck_cmet_CHEMBL3402742_23.sdf,../large_fep_dataset/data/fep_benchmark_processed/merck_cmet_protein.pdb,908,6.7586718,6.9827495,7.2946906,7.0928574,7.2306743,8.063252,7.596365,7.2740707,7.2980347,6.995272,7.258663
909,merck/cmet,merck/cmet/CHEMBL3402754_40,../large_fep_dataset/data/fep_benchmark_processed/merck_cmet_CHEMBL3402754_40.sdf,../large_fep_dataset/data/fep_benchmark_processed/merck_cmet_protein.pdb,909,7.2551045,7.1323814,7.319433,7.319815,7.5392175,6.9999714,7.9839993,7.2430487,6.67179,6.9566946,7.2421465
910,merck/cmet,merck/cmet/CHEMBL3402748_5300,../large_fep_dataset/data/fep_benchmark_processed/merck_cmet_CHEMBL3402748_5300.sdf,../large_fep_dataset/data/fep_benchmark_processed/merck_cmet_protein.pdb,910,6.353587,6.65691,7.341421,6.932703,7.2606826,6.2755194,6.8447084,6.9474998,6.6777034,7.0471187,6.833785
911,merck/cmet,merck/cmet/CHEMBL3402741_400,../large_fep_dataset/data/fep_benchmark_processed/merck_cmet_CHEMBL3402741_400.sdf,../large_fep_dataset/data/fep_benchmark_processed/merck_cmet_protein.pdb,911,7.2929826,7.417774,6.642827,7.066059,7.6021166,7.2859726,7.2864456,6.9094687,6.982691,6.9652405,7.145158
912,merck/cmet,merck/cmet/CHEMBL3402763_90,../large_fep_dataset/data/fep_benchmark_processed/merck_cmet_CHEMBL3402763_90.sdf,../large_fep_dataset/data/fep_benchmark_processed/merck_cmet_protein.pdb,912,7.0840464,7.3150015,7.2284822,7.395084,6.9758887,7.2211146,7.481934,6.869847,7.4203415,7.0035667,7.19953
913,merck/cmet,merck/cmet/CHEMBL3402764_90,../large_fep_dataset/data/fep_benchmark_processed/merck_cmet_CHEMBL3402764_90.sdf,../large_fep_dataset/data/fep_benchmark_processed/merck_cmet_protein.pdb,913,6.8633504,7.2127485,7.129698,6.366469,7.062141,7.438377,6.6980085,7.07641,6.854601,6.8637233,6.956553
914,merck/cmet,merck/cmet/CHEMBL3402751_2100,../large_fep_dataset/data/fep_benchmark_processed/merck_cmet_CHEMBL3402751_2100.sdf,../large_fep_dataset/data/fep_benchmark_processed/merck_cmet_protein.pdb,914,6.9688435,6.6702137,6.8966722,7.1629143,7.1873174,6.758087,7.884113,6.799698,7.6058307,7.1712646,7.110495
915,merck/cmet,merck/cmet/CHEMBL3402756_2.7 redocked,../large_fep_dataset/data/fep_benchmark_processed/merck_cmet_CHEMBL3402756_2.7_redocked.sdf,../large_fep_dataset/data/fep_benchmark_processed/merck_cmet_protein.pdb,915,6.572481,7.067661,6.5986867,7.0844817,7.2204866,6.9911556,7.1543884,7.462073,7.304089,7.3634367,7.081894
916,merck/cmet,merck/cmet/CHEMBL3402762_1 redocked,../large_fep_dataset/data/fep_benchmark_processed/merck_cmet_CHEMBL3402762_1_redocked.sdf,../large_fep_dataset/data/fep_benchmark_processed/merck_cmet_protein.pdb,916,8.459992,7.902014,8.051886,7.638131,8.61871,7.9316034,8.166193,7.888456,7.7999353,8.512617,8.096954
917,merck/cmet,merck/cmet/CHEMBL3402760_1 redocked,../large_fep_dataset/data/fep_benchmark_processed/merck_cmet_CHEMBL3402760_1_redocked.sdf,../large_fep_dataset/data/fep_benchmark_processed/merck_cmet_protein.pdb,917,7.3123565,7.2957683,8.09538,7.700184,8.250262,7.7763095,7.6451135,7.9189925,7.406821,8.306805,7.770799
918,merck/cmet,merck/cmet/CHEMBL3402757_6.5 redocked,../large_fep_dataset/data/fep_benchmark_processed/merck_cmet_CHEMBL3402757_6.5_redocked.sdf,../large_fep_dataset/data/fep_benchmark_processed/merck_cmet_protein.pdb,918,6.479074,7.311894,6.7268453,6.9906154,7.0066156,7.2396116,6.817733,7.611614,7.0999904,7.2706733,7.055467
919,merck/cmet,merck/cmet/CHEMBL3402761_1 redocked,../large_fep_dataset/data/fep_benchmark_processed/merck_cmet_CHEMBL3402761_1_redocked.sdf,../large_fep_dataset/data/fep_benchmark_processed/merck_cmet_protein.pdb,919,8.445308,7.374368,7.743018,8.01372,8.466881,7.687561,8.031529,7.62721,7.848314,8.220084,7.9457994
920,merck/cmet,merck/cmet/CHEMBL3402758_10 redocked,../large_fep_dataset/data/fep_benchmark_processed/merck_cmet_CHEMBL3402758_10_redocked.sdf,../large_fep_dataset/data/fep_benchmark_processed/merck_cmet_protein.pdb,920,6.6705775,6.9419703,6.9483466,7.2427826,7.128064,6.5714164,6.417204,7.115645,7.3207316,6.7042007,6.9060936
921,merck/cmet,merck/cmet/CHEMBL3402759_5.7 redocked,../large_fep_dataset/data/fep_benchmark_processed/merck_cmet_CHEMBL3402759_5.7_redocked.sdf,../large_fep_dataset/data/fep_benchmark_processed/merck_cmet_protein.pdb,921,6.6306777,7.4900026,7.263818,6.852221,7.4397144,7.188065,6.589712,7.596704,7.0528,6.974132,7.1077843
922,merck/eg5_extraprotomers,merck/eg5_extraprotomers/CHEMBL1078774,../large_fep_dataset/data/fep_benchmark_processed/merck_eg5_extraprotomers_CHEMBL1078774.sdf,../large_fep_dataset/data/fep_benchmark_processed/merck_eg5_extraprotomers_protein.pdb,922,6.070578,7.1381984,6.985675,7.3211317,6.650568,7.1024284,7.276779,7.288476,7.376971,6.9487147,7.015952
923,merck/eg5_extraprotomers,merck/eg5_extraprotomers/CHEMBL1093087,../large_fep_dataset/data/fep_benchmark_processed/merck_eg5_extraprotomers_CHEMBL1093087.sdf,../large_fep_dataset/data/fep_benchmark_processed/merck_eg5_extraprotomers_protein.pdb,923,6.274017,5.6496053,5.133095,6.2843323,5.653562,4.487954,5.589761,5.189,5.227163,6.0315123,5.552
924,merck/eg5_extraprotomers,merck/eg5_extraprotomers/CHEMBL1082249,../large_fep_dataset/data/fep_benchmark_processed/merck_eg5_extraprotomers_CHEMBL1082249.sdf,../large_fep_dataset/data/fep_benchmark_processed/merck_eg5_extraprotomers_protein.pdb,924,6.3703613,7.4451575,7.136279,6.9523487,6.339191,5.873982,7.3388467,6.883745,7.377551,7.0302405,6.87477
925,merck/eg5_extraprotomers,merck/eg5_extraprotomers/CHEMBL1089393,../large_fep_dataset/data/fep_benchmark_processed/merck_eg5_extraprotomers_CHEMBL1089393.sdf,../large_fep_dataset/data/fep_benchmark_processed/merck_eg5_extraprotomers_protein.pdb,925,5.9278154,6.755165,6.2667294,5.812872,5.374997,5.5267625,5.401753,6.317454,6.406645,5.5020447,5.9292245
926,merck/eg5_extraprotomers,merck/eg5_extraprotomers/CHEMBL1078691,../large_fep_dataset/data/fep_benchmark_processed/merck_eg5_extraprotomers_CHEMBL1078691.sdf,../large_fep_dataset/data/fep_benchmark_processed/merck_eg5_extraprotomers_protein.pdb,926,5.9949975,6.9858947,6.824237,6.634889,6.443591,6.689534,6.885196,7.061587,6.8182445,6.788477,6.7126646
927,merck/eg5_extraprotomers,merck/eg5_extraprotomers/CHEMBL1086409,../large_fep_dataset/data/fep_benchmark_processed/merck_eg5_extraprotomers_CHEMBL1086409.sdf,../large_fep_dataset/data/fep_benchmark_processed/merck_eg5_extraprotomers_protein.pdb,927,6.198632,5.663813,5.560284,6.1959834,5.5449467,5.340393,5.716018,6.0761456,5.7509327,6.1877837,5.823493
928,merck/eg5_extraprotomers,merck/eg5_extraprotomers/CHEMBL1082248,../large_fep_dataset/data/fep_benchmark_processed/merck_eg5_extraprotomers_CHEMBL1082248.sdf,../large_fep_dataset/data/fep_benchmark_processed/merck_eg5_extraprotomers_protein.pdb,928,6.688605,7.0016756,5.588457,6.752065,5.574821,5.357408,6.3348927,6.2892075,6.613488,6.6435747,6.284419
929,merck/eg5_extraprotomers,merck/eg5_extraprotomers/CHEMBL1084678,../large_fep_dataset/data/fep_benchmark_processed/merck_eg5_extraprotomers_CHEMBL1084678.sdf,../large_fep_dataset/data/fep_benchmark_processed/merck_eg5_extraprotomers_protein.pdb,929,6.6037254,6.027737,5.9072614,6.8828583,6.462133,5.3757863,6.3582597,6.285723,6.1665363,6.357428,6.2427454
930,merck/eg5_extraprotomers,merck/eg5_extraprotomers/CHEMBL1084115,../large_fep_dataset/data/fep_benchmark_processed/merck_eg5_extraprotomers_CHEMBL1084115.sdf,../large_fep_dataset/data/fep_benchmark_processed/merck_eg5_extraprotomers_protein.pdb,930,5.8857784,5.8988504,6.3213654,6.0399394,6.068259,5.4182944,6.3809342,6.1682506,6.042299,6.280622,6.0504594
931,merck/eg5_extraprotomers,merck/eg5_extraprotomers/CHEMBL1084431,../large_fep_dataset/data/fep_benchmark_processed/merck_eg5_extraprotomers_CHEMBL1084431.sdf,../large_fep_dataset/data/fep_benchmark_processed/merck_eg5_extraprotomers_protein.pdb,931,6.796181,6.993395,7.020198,6.8951793,7.0899124,6.067551,6.431579,6.345585,6.7154093,7.088211,6.74432
932,merck/eg5_extraprotomers,merck/eg5_extraprotomers/CHEMBL1085895,../large_fep_dataset/data/fep_benchmark_processed/merck_eg5_extraprotomers_CHEMBL1085895.sdf,../large_fep_dataset/data/fep_benchmark_processed/merck_eg5_extraprotomers_protein.pdb,932,6.4213696,7.3843975,6.9268665,7.173453,7.483033,5.997692,6.5063944,5.7473526,6.2346745,5.9356403,6.5810866
933,merck/eg5_extraprotomers,merck/eg5_extraprotomers/CHEMBL1084677,../large_fep_dataset/data/fep_benchmark_processed/merck_eg5_extraprotomers_CHEMBL1084677.sdf,../large_fep_dataset/data/fep_benchmark_processed/merck_eg5_extraprotomers_protein.pdb,933,6.3733463,6.0623612,5.417693,6.6962013,6.1297784,5.347889,5.9571605,6.137032,5.972489,6.119114,6.021306
934,merck/eg5_extraprotomers,merck/eg5_extraprotomers/CHEMBL1077227,../large_fep_dataset/data/fep_benchmark_processed/merck_eg5_extraprotomers_CHEMBL1077227.sdf,../large_fep_dataset/data/fep_benchmark_processed/merck_eg5_extraprotomers_protein.pdb,934,6.818722,6.5537477,6.677817,6.4585066,5.679202,6.4597726,6.671147,5.8411813,6.21214,6.1926827,6.356492
935,merck/eg5_extraprotomers,merck/eg5_extraprotomers/CHEMBL1086410,../large_fep_dataset/data/fep_benchmark_processed/merck_eg5_extraprotomers_CHEMBL1086410.sdf,../large_fep_dataset/data/fep_benchmark_processed/merck_eg5_extraprotomers_protein.pdb,935,7.1588993,6.8635144,6.7896967,7.3832054,5.68001,6.222104,6.721768,6.1667604,6.5404735,6.5589595,6.6085386
936,merck/eg5_extraprotomers,merck/eg5_extraprotomers/CHEMBL1083517,../large_fep_dataset/data/fep_benchmark_processed/merck_eg5_extraprotomers_CHEMBL1083517.sdf,../large_fep_dataset/data/fep_benchmark_processed/merck_eg5_extraprotomers_protein.pdb,936,6.0948215,6.3342,5.109845,6.599623,6.6109548,6.1793337,5.9889503,5.8125973,6.601944,6.394558,6.172683
937,merck/eg5_extraprotomers,merck/eg5_extraprotomers/CHEMBL1096003,../large_fep_dataset/data/fep_benchmark_processed/merck_eg5_extraprotomers_CHEMBL1096003.sdf,../large_fep_dataset/data/fep_benchmark_processed/merck_eg5_extraprotomers_protein.pdb,937,6.46614,7.2428403,7.083666,7.5588765,6.3366785,6.6329694,6.449346,6.9275193,7.583553,7.0247507,6.9306345
938,merck/eg5_extraprotomers,merck/eg5_extraprotomers/CHEMBL1077204,../large_fep_dataset/data/fep_benchmark_processed/merck_eg5_extraprotomers_CHEMBL1077204.sdf,../large_fep_dataset/data/fep_benchmark_processed/merck_eg5_extraprotomers_protein.pdb,938,6.9817443,6.330228,6.5954685,7.7547107,6.321688,5.21602,6.0741506,5.9795423,6.6035237,6.31402,6.4171095
939,merck/eg5_extraprotomers,merck/eg5_extraprotomers/CHEMBL1083836,../large_fep_dataset/data/fep_benchmark_processed/merck_eg5_extraprotomers_CHEMBL1083836.sdf,../large_fep_dataset/data/fep_benchmark_processed/merck_eg5_extraprotomers_protein.pdb,939,6.9114423,6.30976,5.971498,6.8953376,5.538467,5.8025155,6.358842,6.3471155,6.3602533,5.636388,6.213162
940,merck/eg5_extraprotomers,merck/eg5_extraprotomers/CHEMBL1085666,../large_fep_dataset/data/fep_benchmark_processed/merck_eg5_extraprotomers_CHEMBL1085666.sdf,../large_fep_dataset/data/fep_benchmark_processed/merck_eg5_extraprotomers_protein.pdb,940,6.7355657,5.8008304,6.27122,6.8058667,5.041026,5.466282,5.183599,5.8225756,6.101508,5.6645384,5.8893013
941,merck/eg5_extraprotomers,merck/eg5_extraprotomers/CHEMBL1085692,../large_fep_dataset/data/fep_benchmark_processed/merck_eg5_extraprotomers_CHEMBL1085692.sdf,../large_fep_dataset/data/fep_benchmark_processed/merck_eg5_extraprotomers_protein.pdb,941,6.2770977,7.6275067,6.577542,7.101873,6.142297,5.7675676,6.736245,7.064566,7.144014,6.887871,6.7326574
942,merck/eg5_extraprotomers,merck/eg5_extraprotomers/CHEMBL1084143,../large_fep_dataset/data/fep_benchmark_processed/merck_eg5_extraprotomers_CHEMBL1084143.sdf,../large_fep_dataset/data/fep_benchmark_processed/merck_eg5_extraprotomers_protein.pdb,942,6.4760017,7.157816,7.586803,7.5329227,6.9244103,6.5195284,6.6748815,7.2716594,7.6189256,7.094836,7.0857787
943,merck/eg5_extraprotomers,merck/eg5_extraprotomers/CHEMBL1096002,../large_fep_dataset/data/fep_benchmark_processed/merck_eg5_extraprotomers_CHEMBL1096002.sdf,../large_fep_dataset/data/fep_benchmark_processed/merck_eg5_extraprotomers_protein.pdb,943,6.3732405,7.2723675,7.0764337,7.26381,6.340665,5.772663,6.8027472,6.619389,7.4320984,7.063139,6.801655
944,merck/eg5_extraprotomers,merck/eg5_extraprotomers/CHEMBL1089056,../large_fep_dataset/data/fep_benchmark_processed/merck_eg5_extraprotomers_CHEMBL1089056.sdf,../large_fep_dataset/data/fep_benchmark_processed/merck_eg5_extraprotomers_protein.pdb,944,6.376563,7.2638097,6.3193393,6.123524,6.0999064,5.835401,6.51117,6.552968,6.636307,6.465362,6.418435
945,merck/eg5_extraprotomers,merck/eg5_extraprotomers/CHEMBL1093088,../large_fep_dataset/data/fep_benchmark_processed/merck_eg5_extraprotomers_CHEMBL1093088.sdf,../large_fep_dataset/data/fep_benchmark_processed/merck_eg5_extraprotomers_protein.pdb,945,7.6415076,7.609841,6.672693,7.4364777,7.0034385,6.6618247,7.3832517,6.984831,7.526768,7.302483,7.2223115
946,merck/eg5_extraprotomers,merck/eg5_extraprotomers/CHEMBL1084676,../large_fep_dataset/data/fep_benchmark_processed/merck_eg5_extraprotomers_CHEMBL1084676.sdf,../large_fep_dataset/data/fep_benchmark_processed/merck_eg5_extraprotomers_protein.pdb,946,7.0050664,6.581542,6.6321993,7.5097313,6.2507606,6.029006,6.188227,5.9148164,6.7735476,6.6938763,6.5578775
947,merck/eg5_extraprotomers,merck/eg5_extraprotomers/CHEMBL1084935,../large_fep_dataset/data/fep_benchmark_processed/merck_eg5_extraprotomers_CHEMBL1084935.sdf,../large_fep_dataset/data/fep_benchmark_processed/merck_eg5_extraprotomers_protein.pdb,947,6.913344,6.4221497,7.668138,7.336655,6.788952,6.401005,7.0484204,6.8648787,6.63767,7.1055326,6.9186745
948,merck/eg5_extraprotomers,merck/eg5_extraprotomers/CHEMBL1078998,../large_fep_dataset/data/fep_benchmark_processed/merck_eg5_extraprotomers_CHEMBL1078998.sdf,../large_fep_dataset/data/fep_benchmark_processed/merck_eg5_extraprotomers_protein.pdb,948,5.6714587,6.166644,6.1767616,5.930865,5.820599,5.640434,6.438814,6.11944,6.0952287,6.2622337,6.0322475
949,merck/eg5_extraprotomers,merck/eg5_extraprotomers/CHEMBL1088740,../large_fep_dataset/data/fep_benchmark_processed/merck_eg5_extraprotomers_CHEMBL1088740.sdf,../large_fep_dataset/data/fep_benchmark_processed/merck_eg5_extraprotomers_protein.pdb,949,6.016126,6.8789783,6.589271,5.557941,5.568277,5.897672,4.896508,6.404249,6.3661113,5.4625463,5.963768
950,merck/eg5_extraprotomers,merck/eg5_extraprotomers/CHEMBL1084143_1,../large_fep_dataset/data/fep_benchmark_processed/merck_eg5_extraprotomers_CHEMBL1084143_1.sdf,../large_fep_dataset/data/fep_benchmark_processed/merck_eg5_extraprotomers_protein.pdb,950,6.773465,7.5143147,7.623117,7.622495,7.399188,6.7697983,7.046539,7.494943,7.586234,7.059833,7.2889924
951,merck/eg5_extraprotomers,merck/eg5_extraprotomers/CHEMBL1096003_1,../large_fep_dataset/data/fep_benchmark_processed/merck_eg5_extraprotomers_CHEMBL1096003_1.sdf,../large_fep_dataset/data/fep_benchmark_processed/merck_eg5_extraprotomers_protein.pdb,951,6.9059935,7.7198677,7.5497646,7.6069717,6.5872474,6.8963656,6.85595,7.1951447,7.8842587,7.0513926,7.225295
952,merck/eg5_extraprotomers,merck/eg5_extraprotomers/CHEMBL1096002_1,../large_fep_dataset/data/fep_benchmark_processed/merck_eg5_extraprotomers_CHEMBL1096002_1.sdf,../large_fep_dataset/data/fep_benchmark_processed/merck_eg5_extraprotomers_protein.pdb,952,6.4293575,7.6392107,7.519703,7.285734,6.165713,5.902485,7.1132383,6.6963053,7.640461,6.993828,6.9386034
953,merck/eg5_extraprotomers,merck/eg5_extraprotomers/CHEMBL1084676_1,../large_fep_dataset/data/fep_benchmark_processed/merck_eg5_extraprotomers_CHEMBL1084676_1.sdf,../large_fep_dataset/data/fep_benchmark_processed/merck_eg5_extraprotomers_protein.pdb,953,6.777427,6.4135413,7.0480566,7.5581203,6.5569105,6.4215584,6.723748,6.261395,6.76961,6.598595,6.712897
954,merck/eg5_extraprotomers,merck/eg5_extraprotomers/CHEMBL1084677_1,../large_fep_dataset/data/fep_benchmark_processed/merck_eg5_extraprotomers_CHEMBL1084677_1.sdf,../large_fep_dataset/data/fep_benchmark_processed/merck_eg5_extraprotomers_protein.pdb,954,6.920733,6.8876896,6.411022,7.4728007,6.370302,5.578741,6.2095904,6.631935,6.6561494,6.2548614,6.539383
955,merck/eg5_extraprotomers,merck/eg5_extraprotomers/CHEMBL1084935_1,../large_fep_dataset/data/fep_benchmark_processed/merck_eg5_extraprotomers_CHEMBL1084935_1.sdf,../large_fep_dataset/data/fep_benchmark_processed/merck_eg5_extraprotomers_protein.pdb,955,7.4052196,7.0052695,7.5961323,7.518848,6.9975057,6.5172286,6.445264,7.1750007,6.9161673,7.281403,7.085804
956,merck/syk_4puz_fullmap,merck/syk_4puz_fullmap/CHEMBL3265014,../large_fep_dataset/data/fep_benchmark_processed/merck_syk_4puz_fullmap_CHEMBL3265014.sdf,../large_fep_dataset/data/fep_benchmark_processed/merck_syk_4puz_fullmap_protein.pdb,956,7.514235,8.258003,8.1140175,8.156004,7.9031467,8.138522,7.8131123,7.42159,8.049144,7.680885,7.904866
957,merck/syk_4puz_fullmap,merck/syk_4puz_fullmap/CHEMBL3265036,../large_fep_dataset/data/fep_benchmark_processed/merck_syk_4puz_fullmap_CHEMBL3265036.sdf,../large_fep_dataset/data/fep_benchmark_processed/merck_syk_4puz_fullmap_protein.pdb,957,7.69594,7.4825945,7.492974,7.7910805,7.8634944,7.786679,7.428574,7.334882,8.017219,7.460423,7.635386
958,merck/syk_4puz_fullmap,merck/syk_4puz_fullmap/CHEMBL3265020,../large_fep_dataset/data/fep_benchmark_processed/merck_syk_4puz_fullmap_CHEMBL3265020.sdf,../large_fep_dataset/data/fep_benchmark_processed/merck_syk_4puz_fullmap_protein.pdb,958,7.703066,7.1732945,7.9155025,7.850652,7.610388,7.3910246,7.277147,7.6004567,8.0463085,7.430875,7.5998716
959,merck/syk_4puz_fullmap,merck/syk_4puz_fullmap/CHEMBL3265023,../large_fep_dataset/data/fep_benchmark_processed/merck_syk_4puz_fullmap_CHEMBL3265023.sdf,../large_fep_dataset/data/fep_benchmark_processed/merck_syk_4puz_fullmap_protein.pdb,959,7.664462,7.9314747,8.18085,8.013669,7.934387,7.720699,7.3644185,8.041707,8.260132,7.529401,7.8641205
960,merck/syk_4puz_fullmap,merck/syk_4puz_fullmap/CHEMBL3265033,../large_fep_dataset/data/fep_benchmark_processed/merck_syk_4puz_fullmap_CHEMBL3265033.sdf,../large_fep_dataset/data/fep_benchmark_processed/merck_syk_4puz_fullmap_protein.pdb,960,7.1138997,8.014205,8.063908,7.726075,7.5680723,7.6379204,6.742299,7.4087934,7.822733,7.795557,7.5893464
961,merck/syk_4puz_fullmap,merck/syk_4puz_fullmap/CHEMBL3265027,../large_fep_dataset/data/fep_benchmark_processed/merck_syk_4puz_fullmap_CHEMBL3265027.sdf,../large_fep_dataset/data/fep_benchmark_processed/merck_syk_4puz_fullmap_protein.pdb,961,7.636477,7.7493744,7.123906,7.151647,7.205643,7.5018983,6.7510867,7.5277143,7.9746594,7.538406,7.416082
962,merck/syk_4puz_fullmap,merck/syk_4puz_fullmap/CHEMBL3265028,../large_fep_dataset/data/fep_benchmark_processed/merck_syk_4puz_fullmap_CHEMBL3265028.sdf,../large_fep_dataset/data/fep_benchmark_processed/merck_syk_4puz_fullmap_protein.pdb,962,7.762917,7.65523,7.816161,7.604055,7.9029865,7.8683352,6.892383,7.607395,8.313025,7.057043,7.647953
963,merck/syk_4puz_fullmap,merck/syk_4puz_fullmap/CHEMBL3265032,../large_fep_dataset/data/fep_benchmark_processed/merck_syk_4puz_fullmap_CHEMBL3265032.sdf,../large_fep_dataset/data/fep_benchmark_processed/merck_syk_4puz_fullmap_protein.pdb,963,7.84815,7.5576835,7.7024574,7.8503923,7.743319,7.725768,7.3352313,7.4237485,7.8548512,7.5709157,7.661252
964,merck/syk_4puz_fullmap,merck/syk_4puz_fullmap/CHEMBL3265031,../large_fep_dataset/data/fep_benchmark_processed/merck_syk_4puz_fullmap_CHEMBL3265031.sdf,../large_fep_dataset/data/fep_benchmark_processed/merck_syk_4puz_fullmap_protein.pdb,964,7.8130345,7.8312907,7.5962405,7.7242956,8.093079,7.7411695,7.3709884,7.6918063,8.199106,7.513188,7.7574205
965,merck/syk_4puz_fullmap,merck/syk_4puz_fullmap/CHEMBL3265037,../large_fep_dataset/data/fep_benchmark_processed/merck_syk_4puz_fullmap_CHEMBL3265037.sdf,../large_fep_dataset/data/fep_benchmark_processed/merck_syk_4puz_fullmap_protein.pdb,965,7.698665,7.884444,8.225228,7.866076,8.175543,8.381857,7.6679125,7.381382,7.903825,7.652184,7.8837113
966,merck/syk_4puz_fullmap,merck/syk_4puz_fullmap/CHEMBL3265026,../large_fep_dataset/data/fep_benchmark_processed/merck_syk_4puz_fullmap_CHEMBL3265026.sdf,../large_fep_dataset/data/fep_benchmark_processed/merck_syk_4puz_fullmap_protein.pdb,966,7.734982,7.3352633,8.139654,8.006797,7.4481144,7.638119,7.5246015,7.5849047,7.893552,7.384482,7.669047
967,merck/syk_4puz_fullmap,merck/syk_4puz_fullmap/CHEMBL3265012,../large_fep_dataset/data/fep_benchmark_processed/merck_syk_4puz_fullmap_CHEMBL3265012.sdf,../large_fep_dataset/data/fep_benchmark_processed/merck_syk_4puz_fullmap_protein.pdb,967,7.787471,8.048819,8.070786,8.617375,8.051174,8.324258,7.9510355,7.6927767,7.9409313,7.7785892,8.026321
968,merck/syk_4puz_fullmap,merck/syk_4puz_fullmap/CHEMBL3265029,../large_fep_dataset/data/fep_benchmark_processed/merck_syk_4puz_fullmap_CHEMBL3265029.sdf,../large_fep_dataset/data/fep_benchmark_processed/merck_syk_4puz_fullmap_protein.pdb,968,7.8314285,7.541944,6.999836,7.2682114,7.412454,7.7449574,6.886243,7.598855,7.937789,7.1688547,7.4390574
969,merck/syk_4puz_fullmap,merck/syk_4puz_fullmap/CHEMBL3265035,../large_fep_dataset/data/fep_benchmark_processed/merck_syk_4puz_fullmap_CHEMBL3265035.sdf,../large_fep_dataset/data/fep_benchmark_processed/merck_syk_4puz_fullmap_protein.pdb,969,7.485,7.588152,7.82522,7.779897,7.9818983,7.3402076,7.223032,7.6582046,7.833639,7.457267,7.6172514
970,merck/syk_4puz_fullmap,merck/syk_4puz_fullmap/CHEMBL3265024,../large_fep_dataset/data/fep_benchmark_processed/merck_syk_4puz_fullmap_CHEMBL3265024.sdf,../large_fep_dataset/data/fep_benchmark_processed/merck_syk_4puz_fullmap_protein.pdb,970,7.8126273,8.235941,7.9116454,8.12647,8.251646,8.012421,7.9033527,7.987082,7.8899803,7.8056536,7.993682
971,merck/syk_4puz_fullmap,merck/syk_4puz_fullmap/CHEMBL3265018,../large_fep_dataset/data/fep_benchmark_processed/merck_syk_4puz_fullmap_CHEMBL3265018.sdf,../large_fep_dataset/data/fep_benchmark_processed/merck_syk_4puz_fullmap_protein.pdb,971,7.7818336,7.769042,7.981876,7.9196033,8.3246,7.959447,7.221603,7.898777,8.222328,7.6227407,7.870185
972,merck/syk_4puz_fullmap,merck/syk_4puz_fullmap/CHEMBL3265008,../large_fep_dataset/data/fep_benchmark_processed/merck_syk_4puz_fullmap_CHEMBL3265008.sdf,../large_fep_dataset/data/fep_benchmark_processed/merck_syk_4puz_fullmap_protein.pdb,972,7.6355247,8.429251,7.8277354,8.822403,8.031327,8.283497,7.7941113,7.559747,7.7915845,7.5125327,7.9687715
973,merck/syk_4puz_fullmap,merck/syk_4puz_fullmap/CHEMBL3265016,../large_fep_dataset/data/fep_benchmark_processed/merck_syk_4puz_fullmap_CHEMBL3265016.sdf,../large_fep_dataset/data/fep_benchmark_processed/merck_syk_4puz_fullmap_protein.pdb,973,7.6718607,7.2578454,7.964831,7.908783,7.7315693,7.4204216,7.3669014,7.6862955,8.085054,7.4642982,7.655786
974,merck/syk_4puz_fullmap,merck/syk_4puz_fullmap/CHEMBL3265025 flip,../large_fep_dataset/data/fep_benchmark_processed/merck_syk_4puz_fullmap_CHEMBL3265025_flip.sdf,../large_fep_dataset/data/fep_benchmark_processed/merck_syk_4puz_fullmap_protein.pdb,974,7.7131333,7.9003778,8.409867,8.148129,7.9137487,7.976213,7.415781,8.046248,7.236521,7.474625,7.8234644
975,merck/syk_4puz_fullmap,merck/syk_4puz_fullmap/CHEMBL3265013,../large_fep_dataset/data/fep_benchmark_processed/merck_syk_4puz_fullmap_CHEMBL3265013.sdf,../large_fep_dataset/data/fep_benchmark_processed/merck_syk_4puz_fullmap_protein.pdb,975,7.5827985,8.197514,8.037983,8.137821,7.7656164,7.9805365,7.7675276,7.9747715,7.6413627,7.468179,7.8554115
976,merck/syk_4puz_fullmap,merck/syk_4puz_fullmap/CHEMBL3259820,../large_fep_dataset/data/fep_benchmark_processed/merck_syk_4puz_fullmap_CHEMBL3259820.sdf,../large_fep_dataset/data/fep_benchmark_processed/merck_syk_4puz_fullmap_protein.pdb,976,7.6833334,7.828585,8.3769655,8.061487,7.727541,7.9779916,7.3705993,7.8647313,7.787965,7.4582934,7.813749
977,merck/syk_4puz_fullmap,merck/syk_4puz_fullmap/CHEMBL3265006,../large_fep_dataset/data/fep_benchmark_processed/merck_syk_4puz_fullmap_CHEMBL3265006.sdf,../large_fep_dataset/data/fep_benchmark_processed/merck_syk_4puz_fullmap_protein.pdb,977,7.785561,8.071592,8.376337,8.397092,8.409013,8.542617,7.7001996,7.9152994,7.862543,7.914429,8.097467
978,merck/syk_4puz_fullmap,merck/syk_4puz_fullmap/CHEMBL3265030_n,../large_fep_dataset/data/fep_benchmark_processed/merck_syk_4puz_fullmap_CHEMBL3265030_n.sdf,../large_fep_dataset/data/fep_benchmark_processed/merck_syk_4puz_fullmap_protein.pdb,978,7.6511364,8.146095,7.7013235,7.9327083,7.958084,7.46859,7.348317,7.7914677,8.145056,7.538651,7.7681427
979,merck/syk_4puz_fullmap,merck/syk_4puz_fullmap/CHEMBL3265022,../large_fep_dataset/data/fep_benchmark_processed/merck_syk_4puz_fullmap_CHEMBL3265022.sdf,../large_fep_dataset/data/fep_benchmark_processed/merck_syk_4puz_fullmap_protein.pdb,979,7.597207,7.6409116,8.32032,8.10059,7.987624,7.9875774,7.7181706,8.094854,8.162632,7.579577,7.9189467
980,merck/syk_4puz_fullmap,merck/syk_4puz_fullmap/CHEMBL3265019,../large_fep_dataset/data/fep_benchmark_processed/merck_syk_4puz_fullmap_CHEMBL3265019.sdf,../large_fep_dataset/data/fep_benchmark_processed/merck_syk_4puz_fullmap_protein.pdb,980,7.7275248,8.166786,8.333999,7.9787793,8.628579,8.187556,7.522816,8.165417,8.253571,7.950784,8.091581
981,merck/syk_4puz_fullmap,merck/syk_4puz_fullmap/CHEMBL3265009,../large_fep_dataset/data/fep_benchmark_processed/merck_syk_4puz_fullmap_CHEMBL3265009.sdf,../large_fep_dataset/data/fep_benchmark_processed/merck_syk_4puz_fullmap_protein.pdb,981,7.951496,8.039372,7.9459367,8.545169,8.224168,8.289305,7.706249,8.135117,8.209879,7.4459615,8.049265
982,merck/syk_4puz_fullmap,merck/syk_4puz_fullmap/CHEMBL3265021,../large_fep_dataset/data/fep_benchmark_processed/merck_syk_4puz_fullmap_CHEMBL3265021.sdf,../large_fep_dataset/data/fep_benchmark_processed/merck_syk_4puz_fullmap_protein.pdb,982,7.6838374,7.844768,8.108086,7.824389,8.319265,8.076392,7.4188905,7.9652524,8.371416,7.7507997,7.93631
983,merck/syk_4puz_fullmap,merck/syk_4puz_fullmap/CHEMBL3265005,../large_fep_dataset/data/fep_benchmark_processed/merck_syk_4puz_fullmap_CHEMBL3265005.sdf,../large_fep_dataset/data/fep_benchmark_processed/merck_syk_4puz_fullmap_protein.pdb,983,7.8157477,7.9388566,8.081389,8.448612,8.080576,8.217702,7.7357717,7.808305,7.9470716,7.6629367,7.9736967
984,merck/syk_4puz_fullmap,merck/syk_4puz_fullmap/CHEMBL3265017,../large_fep_dataset/data/fep_benchmark_processed/merck_syk_4puz_fullmap_CHEMBL3265017.sdf,../large_fep_dataset/data/fep_benchmark_processed/merck_syk_4puz_fullmap_protein.pdb,984,7.7064505,7.9059505,8.104208,7.880877,8.228753,8.090727,7.364261,8.006773,8.297474,7.733925,7.9319406
985,merck/syk_4puz_fullmap,merck/syk_4puz_fullmap/CHEMBL3265010,../large_fep_dataset/data/fep_benchmark_processed/merck_syk_4puz_fullmap_CHEMBL3265010.sdf,../large_fep_dataset/data/fep_benchmark_processed/merck_syk_4puz_fullmap_protein.pdb,985,7.847524,8.097492,7.8325686,8.672157,7.7889967,7.875652,7.7450233,7.906082,7.7740607,7.4764504,7.901601
986,merck/syk_4puz_fullmap,merck/syk_4puz_fullmap/CHEMBL3265034,../large_fep_dataset/data/fep_benchmark_processed/merck_syk_4puz_fullmap_CHEMBL3265034.sdf,../large_fep_dataset/data/fep_benchmark_processed/merck_syk_4puz_fullmap_protein.pdb,986,7.703399,7.6811123,7.7472544,8.08203,7.793817,7.6175013,7.266481,7.4802423,8.002511,7.463074,7.6837425
987,merck/syk_4puz_fullmap,merck/syk_4puz_fullmap/CHEMBL3265011 flip,../large_fep_dataset/data/fep_benchmark_processed/merck_syk_4puz_fullmap_CHEMBL3265011_flip.sdf,../large_fep_dataset/data/fep_benchmark_processed/merck_syk_4puz_fullmap_protein.pdb,987,7.893935,7.9579396,7.801907,8.405721,8.403348,8.1464,8.128886,8.118779,8.039312,7.6339808,8.053021
988,merck/syk_4puz_fullmap,merck/syk_4puz_fullmap/CHEMBL3265015 flip,../large_fep_dataset/data/fep_benchmark_processed/merck_syk_4puz_fullmap_CHEMBL3265015_flip.sdf,../large_fep_dataset/data/fep_benchmark_processed/merck_syk_4puz_fullmap_protein.pdb,988,7.7687387,7.7341204,8.241831,8.113048,8.103725,7.7765117,7.03292,7.816784,7.6423097,7.297974,7.752796
989,merck/syk_4puz_fullmap,merck/syk_4puz_fullmap/CHEMBL3265002,../large_fep_dataset/data/fep_benchmark_processed/merck_syk_4puz_fullmap_CHEMBL3265002.sdf,../large_fep_dataset/data/fep_benchmark_processed/merck_syk_4puz_fullmap_protein.pdb,989,7.4586735,8.196061,8.02259,8.297936,8.223868,8.209511,7.0100493,7.4551272,7.952572,7.785083,7.8611465
990,merck/syk_4puz_fullmap,merck/syk_4puz_fullmap/docked CHEMBL3264998,../large_fep_dataset/data/fep_benchmark_processed/merck_syk_4puz_fullmap_docked_CHEMBL3264998.sdf,../large_fep_dataset/data/fep_benchmark_processed/merck_syk_4puz_fullmap_protein.pdb,990,7.4931593,7.948834,7.4574623,8.049886,7.755212,7.7832336,7.4044986,6.954065,6.9238377,7.718261,7.548845
991,merck/syk_4puz_fullmap,merck/syk_4puz_fullmap/CHEMBL3264997,../large_fep_dataset/data/fep_benchmark_processed/merck_syk_4puz_fullmap_CHEMBL3264997.sdf,../large_fep_dataset/data/fep_benchmark_processed/merck_syk_4puz_fullmap_protein.pdb,991,7.594631,8.57863,8.110676,8.323247,7.998249,8.000979,7.898546,7.016975,7.3806086,8.037682,7.8940225
992,merck/syk_4puz_fullmap,merck/syk_4puz_fullmap/docked CHEMBL3264994,../large_fep_dataset/data/fep_benchmark_processed/merck_syk_4puz_fullmap_docked_CHEMBL3264994.sdf,../large_fep_dataset/data/fep_benchmark_processed/merck_syk_4puz_fullmap_protein.pdb,992,7.8541713,8.2491665,7.826064,7.787674,7.401441,7.310966,7.524203,7.764135,7.3865795,8.358049,7.746245
993,merck/syk_4puz_fullmap,merck/syk_4puz_fullmap/CHEMBL3264995,../large_fep_dataset/data/fep_benchmark_processed/merck_syk_4puz_fullmap_CHEMBL3264995.sdf,../large_fep_dataset/data/fep_benchmark_processed/merck_syk_4puz_fullmap_protein.pdb,993,8.248312,8.766257,8.375445,8.5716715,8.022806,8.281503,7.8194914,7.293167,7.764366,8.199559,8.134257
994,merck/syk_4puz_fullmap,merck/syk_4puz_fullmap/docked CHEMBL3265004,../large_fep_dataset/data/fep_benchmark_processed/merck_syk_4puz_fullmap_docked_CHEMBL3265004.sdf,../large_fep_dataset/data/fep_benchmark_processed/merck_syk_4puz_fullmap_protein.pdb,994,7.6806726,8.131186,7.950097,7.7186418,8.127491,7.973882,7.037658,7.4327106,7.662054,8.103161,7.781755
995,merck/syk_4puz_fullmap,merck/syk_4puz_fullmap/CHEMBL3265001,../large_fep_dataset/data/fep_benchmark_processed/merck_syk_4puz_fullmap_CHEMBL3265001.sdf,../large_fep_dataset/data/fep_benchmark_processed/merck_syk_4puz_fullmap_protein.pdb,995,8.06958,8.8185,8.200314,8.705426,8.168586,7.911544,7.717911,7.952019,7.6735334,8.046607,8.126402
996,merck/syk_4puz_fullmap,merck/syk_4puz_fullmap/CHEMBL3264996,../large_fep_dataset/data/fep_benchmark_processed/merck_syk_4puz_fullmap_CHEMBL3264996.sdf,../large_fep_dataset/data/fep_benchmark_processed/merck_syk_4puz_fullmap_protein.pdb,996,7.84023,8.595822,8.251712,8.048422,8.088651,8.516037,7.786623,7.1718454,7.8801293,7.92696,8.010643
997,merck/syk_4puz_fullmap,merck/syk_4puz_fullmap/docked CHEMBL3264999 adjust,../large_fep_dataset/data/fep_benchmark_processed/merck_syk_4puz_fullmap_docked_CHEMBL3264999_adjust.sdf,../large_fep_dataset/data/fep_benchmark_processed/merck_syk_4puz_fullmap_protein.pdb,997,7.7092466,8.768065,8.372311,8.336472,8.001361,8.241864,7.811646,7.3073635,7.707232,7.7976427,8.005321
998,merck/syk_4puz_fullmap,merck/syk_4puz_fullmap/redocked CHEMBL3265000 ground state,../large_fep_dataset/data/fep_benchmark_processed/merck_syk_4puz_fullmap_redocked_CHEMBL3265000_ground_state.sdf,../large_fep_dataset/data/fep_benchmark_processed/merck_syk_4puz_fullmap_protein.pdb,998,7.396466,7.6775103,7.679593,8.250372,7.5584087,7.0393157,7.366346,7.2643385,7.3621936,7.462835,7.5057383
999,merck/syk_4puz_fullmap,merck/syk_4puz_fullmap/redocked CHEMBL3265000,../large_fep_dataset/data/fep_benchmark_processed/merck_syk_4puz_fullmap_redocked_CHEMBL3265000.sdf,../large_fep_dataset/data/fep_benchmark_processed/merck_syk_4puz_fullmap_protein.pdb,999,7.415906,7.61092,7.71551,8.167855,7.228533,6.996734,7.79315,7.0435333,7.075895,7.3398433,7.4387884
1000,merck/syk_4puz_fullmap,merck/syk_4puz_fullmap/CHEMBL3265003 tautomer 1,../large_fep_dataset/data/fep_benchmark_processed/merck_syk_4puz_fullmap_CHEMBL3265003_tautomer_1.sdf,../large_fep_dataset/data/fep_benchmark_processed/merck_syk_4puz_fullmap_protein.pdb,1000,7.788308,8.317544,8.46019,8.148977,8.403191,8.134946,7.09325,7.5200887,7.8033824,8.211583,7.9881463
1001,merck/syk_4puz_fullmap,merck/syk_4puz_fullmap/CHEMBL3265003 tautomer 2,../large_fep_dataset/data/fep_benchmark_processed/merck_syk_4puz_fullmap_CHEMBL3265003_tautomer_2.sdf,../large_fep_dataset/data/fep_benchmark_processed/merck_syk_4puz_fullmap_protein.pdb,1001,7.770077,8.239008,8.4186325,8.112337,8.277915,8.075489,7.045635,7.483827,7.696986,8.150418,7.9270325
1002,merck/hif2a_automap,merck/hif2a_automap/338,../large_fep_dataset/data/fep_benchmark_processed/merck_hif2a_automap_338.sdf,../large_fep_dataset/data/fep_benchmark_processed/merck_hif2a_automap_protein.pdb,1002,7.6879544,7.841062,7.9159656,7.654984,7.2057734,7.818634,7.467443,8.258374,7.8032565,8.37377,7.8027215
1003,merck/hif2a_automap,merck/hif2a_automap/43,../large_fep_dataset/data/fep_benchmark_processed/merck_hif2a_automap_43.sdf,../large_fep_dataset/data/fep_benchmark_processed/merck_hif2a_automap_protein.pdb,1003,7.7053833,7.799456,7.646429,7.567181,7.2291117,7.6372986,7.927467,7.8803883,7.871563,8.13189,7.7396173
1004,merck/hif2a_automap,merck/hif2a_automap/235,../large_fep_dataset/data/fep_benchmark_processed/merck_hif2a_automap_235.sdf,../large_fep_dataset/data/fep_benchmark_processed/merck_hif2a_automap_protein.pdb,1004,8.121791,8.18843,8.130763,8.093948,7.486069,8.161378,8.186255,8.4992075,8.170309,8.024478,8.106263
1005,merck/hif2a_automap,merck/hif2a_automap/234,../large_fep_dataset/data/fep_benchmark_processed/merck_hif2a_automap_234.sdf,../large_fep_dataset/data/fep_benchmark_processed/merck_hif2a_automap_protein.pdb,1005,8.163881,8.818649,8.444976,7.826133,8.233743,8.192055,7.9308677,8.589902,8.197746,9.076102,8.347405
1006,merck/hif2a_automap,merck/hif2a_automap/30,../large_fep_dataset/data/fep_benchmark_processed/merck_hif2a_automap_30.sdf,../large_fep_dataset/data/fep_benchmark_processed/merck_hif2a_automap_protein.pdb,1006,7.5147038,7.85714,7.1713653,7.5891914,6.810146,7.3030515,7.5681825,7.898295,7.4792633,7.934034,7.512538
1007,merck/hif2a_automap,merck/hif2a_automap/1,../large_fep_dataset/data/fep_benchmark_processed/merck_hif2a_automap_1.sdf,../large_fep_dataset/data/fep_benchmark_processed/merck_hif2a_automap_protein.pdb,1007,7.983698,7.9699736,7.1905756,7.634632,7.7984877,7.1004324,6.8666477,6.9835258,7.8546896,7.625161,7.500782
1008,merck/hif2a_automap,merck/hif2a_automap/237,../large_fep_dataset/data/fep_benchmark_processed/merck_hif2a_automap_237.sdf,../large_fep_dataset/data/fep_benchmark_processed/merck_hif2a_automap_protein.pdb,1008,7.897682,8.097201,7.6157103,7.756334,6.9466996,7.9403214,7.9487085,8.119132,8.213476,8.131232,7.8666506
1009,merck/hif2a_automap,merck/hif2a_automap/227,../large_fep_dataset/data/fep_benchmark_processed/merck_hif2a_automap_227.sdf,../large_fep_dataset/data/fep_benchmark_processed/merck_hif2a_automap_protein.pdb,1009,8.054968,8.438193,8.091486,7.8381076,7.4771247,7.8297195,7.952398,8.455208,8.102432,7.912036,8.015166
1010,merck/hif2a_automap,merck/hif2a_automap/266,../large_fep_dataset/data/fep_benchmark_processed/merck_hif2a_automap_266.sdf,../large_fep_dataset/data/fep_benchmark_processed/merck_hif2a_automap_protein.pdb,1010,7.3315587,7.867592,7.304259,7.5919228,7.5987835,7.373654,6.937383,7.0476336,6.765257,7.2389684,7.305701
1011,merck/hif2a_automap,merck/hif2a_automap/206,../large_fep_dataset/data/fep_benchmark_processed/merck_hif2a_automap_206.sdf,../large_fep_dataset/data/fep_benchmark_processed/merck_hif2a_automap_protein.pdb,1011,7.8371186,7.8524737,7.481036,7.6319723,7.400557,7.7510962,7.8288302,7.931264,7.6868124,7.9936624,7.739482
1012,merck/hif2a_automap,merck/hif2a_automap/67,../large_fep_dataset/data/fep_benchmark_processed/merck_hif2a_automap_67.sdf,../large_fep_dataset/data/fep_benchmark_processed/merck_hif2a_automap_protein.pdb,1012,7.2316504,7.1541495,7.0914826,6.892493,6.6333447,7.663063,8.035934,6.653175,7.6340494,7.231648,7.2220993
1013,merck/hif2a_automap,merck/hif2a_automap/156,../large_fep_dataset/data/fep_benchmark_processed/merck_hif2a_automap_156.sdf,../large_fep_dataset/data/fep_benchmark_processed/merck_hif2a_automap_protein.pdb,1013,7.6747785,7.82731,7.3256507,7.5703597,7.306733,7.562794,7.7787895,7.9319234,8.031908,8.437645,7.744789
1014,merck/hif2a_automap,merck/hif2a_automap/31,../large_fep_dataset/data/fep_benchmark_processed/merck_hif2a_automap_31.sdf,../large_fep_dataset/data/fep_benchmark_processed/merck_hif2a_automap_protein.pdb,1014,7.361201,7.158817,6.880673,7.6987147,6.9463634,7.16658,7.864304,7.362419,7.69936,8.146733,7.4285164
1015,merck/hif2a_automap,merck/hif2a_automap/289,../large_fep_dataset/data/fep_benchmark_processed/merck_hif2a_automap_289.sdf,../large_fep_dataset/data/fep_benchmark_processed/merck_hif2a_automap_protein.pdb,1015,7.6908293,8.038847,7.708053,7.527765,7.0874276,8.043614,7.497254,8.164026,7.861829,7.859794,7.747944
1016,merck/hif2a_automap,merck/hif2a_automap/61,../large_fep_dataset/data/fep_benchmark_processed/merck_hif2a_automap_61.sdf,../large_fep_dataset/data/fep_benchmark_processed/merck_hif2a_automap_protein.pdb,1016,7.6882925,7.64984,7.364456,7.708745,7.7732487,6.9227605,6.7962756,6.711502,7.698967,7.201919,7.3516006
1017,merck/hif2a_automap,merck/hif2a_automap/167,../large_fep_dataset/data/fep_benchmark_processed/merck_hif2a_automap_167.sdf,../large_fep_dataset/data/fep_benchmark_processed/merck_hif2a_automap_protein.pdb,1017,7.931501,8.066356,7.923281,7.8803735,7.5754757,8.091527,7.9657545,8.187902,8.126436,8.853056,8.060166
1018,merck/hif2a_automap,merck/hif2a_automap/165,../large_fep_dataset/data/fep_benchmark_processed/merck_hif2a_automap_165.sdf,../large_fep_dataset/data/fep_benchmark_processed/merck_hif2a_automap_protein.pdb,1018,7.8210196,8.451829,8.158113,7.7529554,7.7599535,7.7660537,8.060416,8.089656,8.096988,8.690027,8.064701
1019,merck/hif2a_automap,merck/hif2a_automap/41,../large_fep_dataset/data/fep_benchmark_processed/merck_hif2a_automap_41.sdf,../large_fep_dataset/data/fep_benchmark_processed/merck_hif2a_automap_protein.pdb,1019,6.9930973,7.4624047,7.213987,7.2791424,7.4598975,6.35315,7.0478134,7.7048717,7.1481466,7.2720237,7.1934533
1020,merck/hif2a_automap,merck/hif2a_automap/7b,../large_fep_dataset/data/fep_benchmark_processed/merck_hif2a_automap_7b.sdf,../large_fep_dataset/data/fep_benchmark_processed/merck_hif2a_automap_protein.pdb,1020,7.8329864,7.955499,7.3827405,7.644465,7.668331,7.5162826,7.3816137,7.065947,7.7066283,8.072522,7.622702
1021,merck/hif2a_automap,merck/hif2a_automap/54,../large_fep_dataset/data/fep_benchmark_processed/merck_hif2a_automap_54.sdf,../large_fep_dataset/data/fep_benchmark_processed/merck_hif2a_automap_protein.pdb,1021,7.735609,8.051322,8.123031,7.1190896,7.6849494,7.2506475,7.0733604,7.5121975,7.798562,7.74666,7.609543
1022,merck/hif2a_automap,merck/hif2a_automap/215,../large_fep_dataset/data/fep_benchmark_processed/merck_hif2a_automap_215.sdf,../large_fep_dataset/data/fep_benchmark_processed/merck_hif2a_automap_protein.pdb,1022,7.5562353,7.8902464,7.2742066,7.281109,6.979979,7.682119,7.8712587,8.198767,7.957355,7.6035466,7.6294813
1023,merck/hif2a_automap,merck/hif2a_automap/57,../large_fep_dataset/data/fep_benchmark_processed/merck_hif2a_automap_57.sdf,../large_fep_dataset/data/fep_benchmark_processed/merck_hif2a_automap_protein.pdb,1023,8.025367,8.306526,7.3540616,7.5994983,7.6769958,7.644452,7.7505503,8.197998,7.9733996,8.051384,7.858023
1024,merck/hif2a_automap,merck/hif2a_automap/42,../large_fep_dataset/data/fep_benchmark_processed/merck_hif2a_automap_42.sdf,../large_fep_dataset/data/fep_benchmark_processed/merck_hif2a_automap_protein.pdb,1024,7.7356195,8.118241,7.594323,7.6098886,7.292429,7.712036,7.8484063,7.954646,7.8419075,7.800341,7.7507844
1025,merck/hif2a_automap,merck/hif2a_automap/252,../large_fep_dataset/data/fep_benchmark_processed/merck_hif2a_automap_252.sdf,../large_fep_dataset/data/fep_benchmark_processed/merck_hif2a_automap_protein.pdb,1025,7.5872173,8.092152,7.8140063,7.5740533,7.1800847,7.7645507,7.827534,8.188064,7.8028145,8.299628,7.81301
1026,merck/hif2a_automap,merck/hif2a_automap/336,../large_fep_dataset/data/fep_benchmark_processed/merck_hif2a_automap_336.sdf,../large_fep_dataset/data/fep_benchmark_processed/merck_hif2a_automap_protein.pdb,1026,7.638605,8.268815,7.5747666,7.4463425,7.0337462,7.9359612,7.6292806,8.327477,7.6749444,7.7042623,7.72342
1027,merck/hif2a_automap,merck/hif2a_automap/290,../large_fep_dataset/data/fep_benchmark_processed/merck_hif2a_automap_290.sdf,../large_fep_dataset/data/fep_benchmark_processed/merck_hif2a_automap_protein.pdb,1027,8.118429,8.1341,7.858538,7.9501657,7.6020617,7.7758684,8.134483,8.181527,8.144883,8.263261,8.016332
1028,merck/hif2a_automap,merck/hif2a_automap/155,../large_fep_dataset/data/fep_benchmark_processed/merck_hif2a_automap_155.sdf,../large_fep_dataset/data/fep_benchmark_processed/merck_hif2a_automap_protein.pdb,1028,7.8362336,8.052687,7.3374023,7.6884823,7.3949456,7.715437,7.8505588,7.942045,8.031123,8.140058,7.798897
1029,merck/hif2a_automap,merck/hif2a_automap/164,../large_fep_dataset/data/fep_benchmark_processed/merck_hif2a_automap_164.sdf,../large_fep_dataset/data/fep_benchmark_processed/merck_hif2a_automap_protein.pdb,1029,7.7475758,8.468575,8.011835,7.812277,7.739354,7.787709,8.12801,7.998592,8.097099,8.728139,8.051916
1030,merck/hif2a_automap,merck/hif2a_automap/7a,../large_fep_dataset/data/fep_benchmark_processed/merck_hif2a_automap_7a.sdf,../large_fep_dataset/data/fep_benchmark_processed/merck_hif2a_automap_protein.pdb,1030,8.023502,7.883572,7.2558184,7.871552,7.9421573,7.3828764,7.081157,6.9847713,7.625682,8.0113325,7.6062417
1031,merck/hif2a_automap,merck/hif2a_automap/224,../large_fep_dataset/data/fep_benchmark_processed/merck_hif2a_automap_224.sdf,../large_fep_dataset/data/fep_benchmark_processed/merck_hif2a_automap_protein.pdb,1031,7.285333,7.8379273,6.846935,7.159091,7.575145,7.6533003,7.0071535,7.348673,6.5357213,7.309536,7.2558823
1032,merck/hif2a_automap,merck/hif2a_automap/84,../large_fep_dataset/data/fep_benchmark_processed/merck_hif2a_automap_84.sdf,../large_fep_dataset/data/fep_benchmark_processed/merck_hif2a_automap_protein.pdb,1032,7.2526445,7.4836397,7.244009,7.1582885,7.337014,6.93468,6.5028186,7.05554,6.9413934,7.1818924,7.109192
1033,merck/hif2a_automap,merck/hif2a_automap/254,../large_fep_dataset/data/fep_benchmark_processed/merck_hif2a_automap_254.sdf,../large_fep_dataset/data/fep_benchmark_processed/merck_hif2a_automap_protein.pdb,1033,7.5187573,7.6910877,7.6440926,7.401036,7.066469,7.682631,8.034162,8.012671,7.7688484,8.091506,7.6911263
1034,merck/hif2a_automap,merck/hif2a_automap/23,../large_fep_dataset/data/fep_benchmark_processed/merck_hif2a_automap_23.sdf,../large_fep_dataset/data/fep_benchmark_processed/merck_hif2a_automap_protein.pdb,1034,7.7434263,7.1698728,6.937882,7.4481707,7.136885,6.4116464,6.5477085,6.9066334,7.123861,7.140119,7.05662
1035,merck/hif2a_automap,merck/hif2a_automap/251,../large_fep_dataset/data/fep_benchmark_processed/merck_hif2a_automap_251.sdf,../large_fep_dataset/data/fep_benchmark_processed/merck_hif2a_automap_protein.pdb,1035,7.5190516,7.4440026,7.1892643,6.979652,6.715223,6.896702,7.532662,6.919139,6.9760413,7.321688,7.1493425
1036,merck/hif2a_automap,merck/hif2a_automap/256,../large_fep_dataset/data/fep_benchmark_processed/merck_hif2a_automap_256.sdf,../large_fep_dataset/data/fep_benchmark_processed/merck_hif2a_automap_protein.pdb,1036,7.505774,7.402678,7.083685,6.698841,6.3437634,7.4646597,7.1050534,6.9172883,6.9673667,7.478204,7.0967317
1037,merck/hif2a_automap,merck/hif2a_automap/50,../large_fep_dataset/data/fep_benchmark_processed/merck_hif2a_automap_50.sdf,../large_fep_dataset/data/fep_benchmark_processed/merck_hif2a_automap_protein.pdb,1037,7.360835,7.974503,7.4501977,7.580797,8.231732,7.0210257,7.170083,7.172298,7.686752,7.8126907,7.5460916
1038,merck/hif2a_automap,merck/hif2a_automap/231,../large_fep_dataset/data/fep_benchmark_processed/merck_hif2a_automap_231.sdf,../large_fep_dataset/data/fep_benchmark_processed/merck_hif2a_automap_protein.pdb,1038,7.990577,8.3612,7.724692,7.534328,7.5213413,8.008854,7.89165,8.366649,7.8690133,8.146078,7.941439
1039,merck/hif2a_automap,merck/hif2a_automap/15,../large_fep_dataset/data/fep_benchmark_processed/merck_hif2a_automap_15.sdf,../large_fep_dataset/data/fep_benchmark_processed/merck_hif2a_automap_protein.pdb,1039,7.930794,7.895805,7.5835905,7.8130565,7.2996244,7.9985948,8.014425,8.084371,8.194611,8.236503,7.9051385
1040,merck/hif2a_automap,merck/hif2a_automap/124,../large_fep_dataset/data/fep_benchmark_processed/merck_hif2a_automap_124.sdf,../large_fep_dataset/data/fep_benchmark_processed/merck_hif2a_automap_protein.pdb,1040,6.9808416,7.1794024,7.000194,6.449544,7.641386,6.445177,6.4833336,6.8751154,6.9450855,6.7206416,6.8720717
1041,merck/hif2a_automap,merck/hif2a_automap/25,../large_fep_dataset/data/fep_benchmark_processed/merck_hif2a_automap_25.sdf,../large_fep_dataset/data/fep_benchmark_processed/merck_hif2a_automap_protein.pdb,1041,7.721216,7.9470305,7.5879474,7.3827157,7.0360794,7.326557,7.1242967,7.385902,7.533093,7.9056606,7.49505
1042,merck/hif2a_automap,merck/hif2a_automap/163,../large_fep_dataset/data/fep_benchmark_processed/merck_hif2a_automap_163.sdf,../large_fep_dataset/data/fep_benchmark_processed/merck_hif2a_automap_protein.pdb,1042,7.84471,8.250051,7.997431,7.553199,7.4892926,7.8506355,7.8129992,8.197394,8.04875,8.579468,7.9623933
1043,merck/tnks2_fullmap,merck/tnks2_fullmap/1a,../large_fep_dataset/data/fep_benchmark_processed/merck_tnks2_fullmap_1a.sdf,../large_fep_dataset/data/fep_benchmark_processed/merck_tnks2_fullmap_protein.pdb,1043,6.374469,6.380126,6.9384847,6.9229207,6.7035713,6.2185903,6.502723,6.1571155,6.543443,6.54858,6.529002
1044,merck/tnks2_fullmap,merck/tnks2_fullmap/1b,../large_fep_dataset/data/fep_benchmark_processed/merck_tnks2_fullmap_1b.sdf,../large_fep_dataset/data/fep_benchmark_processed/merck_tnks2_fullmap_protein.pdb,1044,7.416877,7.1056514,7.6285315,7.5636063,7.5933566,6.748495,7.5297546,7.0455484,7.6867876,7.1218033,7.3440413
1045,merck/tnks2_fullmap,merck/tnks2_fullmap/3a,../large_fep_dataset/data/fep_benchmark_processed/merck_tnks2_fullmap_3a.sdf,../large_fep_dataset/data/fep_benchmark_processed/merck_tnks2_fullmap_protein.pdb,1045,7.6029115,7.9030733,7.712799,7.396791,7.072206,7.1765656,7.305434,7.7618585,7.950335,7.1597524,7.5041733
1046,merck/tnks2_fullmap,merck/tnks2_fullmap/3b,../large_fep_dataset/data/fep_benchmark_processed/merck_tnks2_fullmap_3b.sdf,../large_fep_dataset/data/fep_benchmark_processed/merck_tnks2_fullmap_protein.pdb,1046,7.3396544,7.540701,7.831554,7.318529,7.125816,7.3630204,7.1475015,7.8566003,7.9506683,7.2381196,7.4712167
1047,merck/tnks2_fullmap,merck/tnks2_fullmap/5f,../large_fep_dataset/data/fep_benchmark_processed/merck_tnks2_fullmap_5f.sdf,../large_fep_dataset/data/fep_benchmark_processed/merck_tnks2_fullmap_protein.pdb,1047,7.0291243,8.036307,7.6620913,7.726141,7.53023,7.6106415,7.823083,7.607721,8.03105,7.059223,7.611562
1048,merck/tnks2_fullmap,merck/tnks2_fullmap/5l,../large_fep_dataset/data/fep_benchmark_processed/merck_tnks2_fullmap_5l.sdf,../large_fep_dataset/data/fep_benchmark_processed/merck_tnks2_fullmap_protein.pdb,1048,6.975013,7.9774637,7.810296,7.496784,7.2525754,7.4359217,7.6902328,7.356863,7.4671297,7.306991,7.4769273
1049,merck/tnks2_fullmap,merck/tnks2_fullmap/5g,../large_fep_dataset/data/fep_benchmark_processed/merck_tnks2_fullmap_5g.sdf,../large_fep_dataset/data/fep_benchmark_processed/merck_tnks2_fullmap_protein.pdb,1049,7.1491213,7.6305194,7.4115605,7.40578,6.816327,7.29823,7.533884,7.7748795,7.6607523,6.6270976,7.3308153
1050,merck/tnks2_fullmap,merck/tnks2_fullmap/5e,../large_fep_dataset/data/fep_benchmark_processed/merck_tnks2_fullmap_5e.sdf,../large_fep_dataset/data/fep_benchmark_processed/merck_tnks2_fullmap_protein.pdb,1050,6.7196455,7.5392776,7.2435284,7.292959,6.8877945,6.998949,7.1485076,7.4894843,7.2645254,5.959932,7.0544596
1051,merck/tnks2_fullmap,merck/tnks2_fullmap/5i,../large_fep_dataset/data/fep_benchmark_processed/merck_tnks2_fullmap_5i.sdf,../large_fep_dataset/data/fep_benchmark_processed/merck_tnks2_fullmap_protein.pdb,1051,7.644731,8.185647,7.971854,7.9265957,7.9962783,7.820125,7.842493,8.041618,7.865251,7.147367,7.8441963
1052,merck/tnks2_fullmap,merck/tnks2_fullmap/5b,../large_fep_dataset/data/fep_benchmark_processed/merck_tnks2_fullmap_5b.sdf,../large_fep_dataset/data/fep_benchmark_processed/merck_tnks2_fullmap_protein.pdb,1052,6.6479654,7.7242875,7.591309,7.672917,6.9606886,7.299622,7.6554914,7.312379,7.3699203,6.666887,7.290147
1053,merck/tnks2_fullmap,merck/tnks2_fullmap/5h,../large_fep_dataset/data/fep_benchmark_processed/merck_tnks2_fullmap_5h.sdf,../large_fep_dataset/data/fep_benchmark_processed/merck_tnks2_fullmap_protein.pdb,1053,6.9659324,7.91674,7.4580154,7.4622717,7.6018744,7.356571,7.3509645,7.3961844,7.69229,6.8807893,7.4081635
1054,merck/tnks2_fullmap,merck/tnks2_fullmap/5a,../large_fep_dataset/data/fep_benchmark_processed/merck_tnks2_fullmap_5a.sdf,../large_fep_dataset/data/fep_benchmark_processed/merck_tnks2_fullmap_protein.pdb,1054,7.069799,7.7732706,7.6673822,7.6425138,7.324241,7.1141624,7.2131863,7.4713993,7.629826,6.6557984,7.3561583
1055,merck/tnks2_fullmap,merck/tnks2_fullmap/5k,../large_fep_dataset/data/fep_benchmark_processed/merck_tnks2_fullmap_5k.sdf,../large_fep_dataset/data/fep_benchmark_processed/merck_tnks2_fullmap_protein.pdb,1055,7.477123,7.855925,7.6786566,7.7322636,7.1923037,7.51234,7.941193,7.6777353,7.830602,7.199473,7.609761
1056,merck/tnks2_fullmap,merck/tnks2_fullmap/5p,../large_fep_dataset/data/fep_benchmark_processed/merck_tnks2_fullmap_5p.sdf,../large_fep_dataset/data/fep_benchmark_processed/merck_tnks2_fullmap_protein.pdb,1056,7.1915827,7.7726817,7.7852893,7.388984,7.0502067,7.298051,7.760623,7.61176,7.619594,6.565283,7.404405
1057,merck/tnks2_fullmap,merck/tnks2_fullmap/5j,../large_fep_dataset/data/fep_benchmark_processed/merck_tnks2_fullmap_5j.sdf,../large_fep_dataset/data/fep_benchmark_processed/merck_tnks2_fullmap_protein.pdb,1057,6.886085,7.75427,8.022676,7.6575828,7.2214885,7.4751854,8.060633,7.546398,7.276003,7.128725,7.5029044
1058,merck/tnks2_fullmap,merck/tnks2_fullmap/5d,../large_fep_dataset/data/fep_benchmark_processed/merck_tnks2_fullmap_5d.sdf,../large_fep_dataset/data/fep_benchmark_processed/merck_tnks2_fullmap_protein.pdb,1058,7.0044694,7.4269,7.5072083,7.7262335,6.9879694,7.253525,7.384518,7.5678983,7.66835,6.624411,7.3151484
1059,merck/tnks2_fullmap,merck/tnks2_fullmap/5m,../large_fep_dataset/data/fep_benchmark_processed/merck_tnks2_fullmap_5m.sdf,../large_fep_dataset/data/fep_benchmark_processed/merck_tnks2_fullmap_protein.pdb,1059,7.5031643,7.6195993,7.8657207,7.8934264,7.575414,7.8690715,7.969777,7.8193793,8.057344,7.1541643,7.7327065
1060,merck/tnks2_fullmap,merck/tnks2_fullmap/5n,../large_fep_dataset/data/fep_benchmark_processed/merck_tnks2_fullmap_5n.sdf,../large_fep_dataset/data/fep_benchmark_processed/merck_tnks2_fullmap_protein.pdb,1060,7.269618,7.705797,7.8342776,7.6801853,7.104209,7.155315,7.7104697,7.688219,7.7316976,6.43076,7.4310546
1061,merck/tnks2_fullmap,merck/tnks2_fullmap/5c,../large_fep_dataset/data/fep_benchmark_processed/merck_tnks2_fullmap_5c.sdf,../large_fep_dataset/data/fep_benchmark_processed/merck_tnks2_fullmap_protein.pdb,1061,6.867237,7.835816,7.0141153,7.149634,6.804933,7.128239,7.5739727,7.258532,7.0111585,6.610817,7.1254454
1062,merck/tnks2_fullmap,merck/tnks2_fullmap/7,../large_fep_dataset/data/fep_benchmark_processed/merck_tnks2_fullmap_7.sdf,../large_fep_dataset/data/fep_benchmark_processed/merck_tnks2_fullmap_protein.pdb,1062,6.889404,7.638916,7.429765,7.350188,6.7698035,6.771073,7.0943713,7.5107517,7.346531,6.3200264,7.112082
1063,merck/tnks2_fullmap,merck/tnks2_fullmap/8a neutral,../large_fep_dataset/data/fep_benchmark_processed/merck_tnks2_fullmap_8a_neutral.sdf,../large_fep_dataset/data/fep_benchmark_processed/merck_tnks2_fullmap_protein.pdb,1063,7.6679873,7.7422028,8.384872,7.8695774,7.7657766,7.7528267,8.201572,7.5994177,7.6378164,7.547537,7.8169584
1064,merck/tnks2_fullmap,merck/tnks2_fullmap/8b neutral,../large_fep_dataset/data/fep_benchmark_processed/merck_tnks2_fullmap_8b_neutral.sdf,../large_fep_dataset/data/fep_benchmark_processed/merck_tnks2_fullmap_protein.pdb,1064,8.262849,7.7577963,8.325245,7.8617916,7.958803,7.954743,7.996994,7.7354035,7.598536,7.710707,7.9162865
1065,merck/tnks2_fullmap,merck/tnks2_fullmap/8c adjust,../large_fep_dataset/data/fep_benchmark_processed/merck_tnks2_fullmap_8c_adjust.sdf,../large_fep_dataset/data/fep_benchmark_processed/merck_tnks2_fullmap_protein.pdb,1065,7.370997,7.459313,7.671977,7.553551,7.499362,7.272379,7.4289746,7.712204,7.2327332,7.441202,7.4642687
1066,merck/tnks2_fullmap,merck/tnks2_fullmap/8d,../large_fep_dataset/data/fep_benchmark_processed/merck_tnks2_fullmap_8d.sdf,../large_fep_dataset/data/fep_benchmark_processed/merck_tnks2_fullmap_protein.pdb,1066,7.3722725,6.8525157,7.416079,7.5170383,7.603425,7.182898,7.4143214,7.6482797,6.878951,7.33519,7.322097
1067,merck/tnks2_fullmap,merck/tnks2_fullmap/8e adjust neutral,../large_fep_dataset/data/fep_benchmark_processed/merck_tnks2_fullmap_8e_adjust_neutral.sdf,../large_fep_dataset/data/fep_benchmark_processed/merck_tnks2_fullmap_protein.pdb,1067,7.6417313,8.285742,8.453848,8.227243,7.743314,7.870709,7.910465,7.924975,7.6531587,7.7193375,7.943053
1068,merck/tnks2_fullmap,merck/tnks2_fullmap/8f neutral,../large_fep_dataset/data/fep_benchmark_processed/merck_tnks2_fullmap_8f_neutral.sdf,../large_fep_dataset/data/fep_benchmark_processed/merck_tnks2_fullmap_protein.pdb,1068,7.9173737,7.642722,8.36207,8.108154,8.033957,7.7624598,7.859674,7.7538133,7.5397134,7.651799,7.8631735
1069,merck/tnks2_fullmap,merck/tnks2_fullmap/8d neutral equitorial,../large_fep_dataset/data/fep_benchmark_processed/merck_tnks2_fullmap_8d_neutral_equitorial.sdf,../large_fep_dataset/data/fep_benchmark_processed/merck_tnks2_fullmap_protein.pdb,1069,7.374619,6.955779,8.037503,7.8977876,7.743443,7.3295593,7.567301,7.6134553,7.079597,7.2236624,7.4822707
1070,merck/tnks2_fullmap,merck/tnks2_fullmap/8c neutral equitorial,../large_fep_dataset/data/fep_benchmark_processed/merck_tnks2_fullmap_8c_neutral_equitorial.sdf,../large_fep_dataset/data/fep_benchmark_processed/merck_tnks2_fullmap_protein.pdb,1070,7.35298,7.796372,8.152208,7.9793344,7.463123,7.4580483,7.7724037,7.5761423,7.409573,7.3421965,7.6302376
1071,merck/tnks2_fullmap,merck/tnks2_fullmap/5o adjust,../large_fep_dataset/data/fep_benchmark_processed/merck_tnks2_fullmap_5o_adjust.sdf,../large_fep_dataset/data/fep_benchmark_processed/merck_tnks2_fullmap_protein.pdb,1071,7.5600104,7.9185433,8.413352,7.810461,7.734754,7.28313,8.951804,8.1309185,7.8261833,7.1229963,7.875216
1072,merck/tnks2_fullmap,merck/tnks2_fullmap/8f,../large_fep_dataset/data/fep_benchmark_processed/merck_tnks2_fullmap_8f.sdf,../large_fep_dataset/data/fep_benchmark_processed/merck_tnks2_fullmap_protein.pdb,1072,7.0439863,6.990341,7.6818275,7.470388,7.243996,7.2193866,7.2205324,7.6344066,7.1839666,7.237261,7.292609
1073,merck/tnks2_fullmap,merck/tnks2_fullmap/8b,../large_fep_dataset/data/fep_benchmark_processed/merck_tnks2_fullmap_8b.sdf,../large_fep_dataset/data/fep_benchmark_processed/merck_tnks2_fullmap_protein.pdb,1073,7.670142,7.271406,7.797133,7.3817444,7.337822,7.4597073,7.2567353,7.7147365,7.1725106,7.2914853,7.4353423
1074,merck/tnks2_fullmap,merck/tnks2_fullmap/8e,../large_fep_dataset/data/fep_benchmark_processed/merck_tnks2_fullmap_8e.sdf,../large_fep_dataset/data/fep_benchmark_processed/merck_tnks2_fullmap_protein.pdb,1074,7.087206,7.8168817,7.7770643,7.6334662,7.3535185,7.328452,6.92729,7.649274,7.4657207,7.5406103,7.457948
1075,merck/tnks2_fullmap,merck/tnks2_fullmap/8a,../large_fep_dataset/data/fep_benchmark_processed/merck_tnks2_fullmap_8a.sdf,../large_fep_dataset/data/fep_benchmark_processed/merck_tnks2_fullmap_protein.pdb,1075,7.4784184,7.3319306,7.7143655,7.4772058,7.4626083,7.6581874,7.401793,7.893233,7.340536,7.718286,7.547656
1076,merck/cdk8_5cei_new_helix_loop_extra,merck/cdk8_5cei_new_helix_loop_extra/43,../large_fep_dataset/data/fep_benchmark_processed/merck_cdk8_5cei_new_helix_loop_extra_43.sdf,../large_fep_dataset/data/fep_benchmark_processed/merck_cdk8_5cei_new_helix_loop_extra_protein.pdb,1076,7.7795043,8.375887,8.106123,8.1721735,7.9718394,7.7112627,7.7986293,7.694443,7.642369,7.69542,7.8947654
1077,merck/cdk8_5cei_new_helix_loop_extra,merck/cdk8_5cei_new_helix_loop_extra/22,../large_fep_dataset/data/fep_benchmark_processed/merck_cdk8_5cei_new_helix_loop_extra_22.sdf,../large_fep_dataset/data/fep_benchmark_processed/merck_cdk8_5cei_new_helix_loop_extra_protein.pdb,1077,6.567903,6.6357875,6.921146,6.9448643,6.615239,6.894482,7.5400224,6.7427435,6.9332643,7.0599155,6.885537
1078,merck/cdk8_5cei_new_helix_loop_extra,merck/cdk8_5cei_new_helix_loop_extra/30,../large_fep_dataset/data/fep_benchmark_processed/merck_cdk8_5cei_new_helix_loop_extra_30.sdf,../large_fep_dataset/data/fep_benchmark_processed/merck_cdk8_5cei_new_helix_loop_extra_protein.pdb,1078,7.1588173,8.251673,7.550033,8.022762,7.439662,7.4401007,7.7316628,7.7467384,7.9708962,7.529442,7.684179
1079,merck/cdk8_5cei_new_helix_loop_extra,merck/cdk8_5cei_new_helix_loop_extra/21,../large_fep_dataset/data/fep_benchmark_processed/merck_cdk8_5cei_new_helix_loop_extra_21.sdf,../large_fep_dataset/data/fep_benchmark_processed/merck_cdk8_5cei_new_helix_loop_extra_protein.pdb,1079,6.6034746,6.8205047,7.39705,7.2986426,6.665383,7.0353875,7.8947997,6.9270806,6.688184,7.1614537,7.0491967
1080,merck/cdk8_5cei_new_helix_loop_extra,merck/cdk8_5cei_new_helix_loop_extra/24,../large_fep_dataset/data/fep_benchmark_processed/merck_cdk8_5cei_new_helix_loop_extra_24.sdf,../large_fep_dataset/data/fep_benchmark_processed/merck_cdk8_5cei_new_helix_loop_extra_protein.pdb,1080,6.6135993,6.9231796,7.638891,7.246543,7.3400393,7.3859,7.4604473,7.2107224,7.172849,7.3244176,7.231659
1081,merck/cdk8_5cei_new_helix_loop_extra,merck/cdk8_5cei_new_helix_loop_extra/38,../large_fep_dataset/data/fep_benchmark_processed/merck_cdk8_5cei_new_helix_loop_extra_38.sdf,../large_fep_dataset/data/fep_benchmark_processed/merck_cdk8_5cei_new_helix_loop_extra_protein.pdb,1081,7.3613133,8.323668,8.118701,8.243365,7.573881,7.5756707,7.7041,7.4034295,7.4500403,7.6859236,7.7440095
1082,merck/cdk8_5cei_new_helix_loop_extra,merck/cdk8_5cei_new_helix_loop_extra/31,../large_fep_dataset/data/fep_benchmark_processed/merck_cdk8_5cei_new_helix_loop_extra_31.sdf,../large_fep_dataset/data/fep_benchmark_processed/merck_cdk8_5cei_new_helix_loop_extra_protein.pdb,1082,7.1185293,8.032827,7.5295305,7.8648458,7.439699,7.0423064,7.6108522,7.625104,7.7517505,7.4969425,7.551238
1083,merck/cdk8_5cei_new_helix_loop_extra,merck/cdk8_5cei_new_helix_loop_extra/41,../large_fep_dataset/data/fep_benchmark_processed/merck_cdk8_5cei_new_helix_loop_extra_41.sdf,../large_fep_dataset/data/fep_benchmark_processed/merck_cdk8_5cei_new_helix_loop_extra_protein.pdb,1083,6.798672,7.358467,7.4645605,7.8980346,7.469672,6.9811783,7.2861633,7.406107,7.1021867,6.900743,7.2665787
1084,merck/cdk8_5cei_new_helix_loop_extra,merck/cdk8_5cei_new_helix_loop_extra/29,../large_fep_dataset/data/fep_benchmark_processed/merck_cdk8_5cei_new_helix_loop_extra_29.sdf,../large_fep_dataset/data/fep_benchmark_processed/merck_cdk8_5cei_new_helix_loop_extra_protein.pdb,1084,6.729935,7.423548,7.7478104,7.8438606,7.0101414,6.899637,7.8531346,7.188295,7.357219,7.113706,7.316728
1085,merck/cdk8_5cei_new_helix_loop_extra,merck/cdk8_5cei_new_helix_loop_extra/26,../large_fep_dataset/data/fep_benchmark_processed/merck_cdk8_5cei_new_helix_loop_extra_26.sdf,../large_fep_dataset/data/fep_benchmark_processed/merck_cdk8_5cei_new_helix_loop_extra_protein.pdb,1085,7.646785,7.6530724,8.008046,7.8920093,7.6383657,7.4939084,8.105575,8.344713,7.231173,7.7116976,7.772535
1086,merck/cdk8_5cei_new_helix_loop_extra,merck/cdk8_5cei_new_helix_loop_extra/20,../large_fep_dataset/data/fep_benchmark_processed/merck_cdk8_5cei_new_helix_loop_extra_20.sdf,../large_fep_dataset/data/fep_benchmark_processed/merck_cdk8_5cei_new_helix_loop_extra_protein.pdb,1086,8.156897,8.327623,7.8123984,7.9648066,7.9133554,8.551966,8.015342,7.756427,7.901682,7.706534,8.010703
1087,merck/cdk8_5cei_new_helix_loop_extra,merck/cdk8_5cei_new_helix_loop_extra/35,../large_fep_dataset/data/fep_benchmark_processed/merck_cdk8_5cei_new_helix_loop_extra_35.sdf,../large_fep_dataset/data/fep_benchmark_processed/merck_cdk8_5cei_new_helix_loop_extra_protein.pdb,1087,6.3407,7.4208083,7.153929,7.558353,7.2836885,6.8087673,7.50496,7.37913,7.7340627,7.3396797,7.252408
1088,merck/cdk8_5cei_new_helix_loop_extra,merck/cdk8_5cei_new_helix_loop_extra/40,../large_fep_dataset/data/fep_benchmark_processed/merck_cdk8_5cei_new_helix_loop_extra_40.sdf,../large_fep_dataset/data/fep_benchmark_processed/merck_cdk8_5cei_new_helix_loop_extra_protein.pdb,1088,6.630701,6.9737,7.4215927,7.925147,7.1899533,7.013606,7.2896714,7.2341113,7.2224402,6.895265,7.179619
1089,merck/cdk8_5cei_new_helix_loop_extra,merck/cdk8_5cei_new_helix_loop_extra/19,../large_fep_dataset/data/fep_benchmark_processed/merck_cdk8_5cei_new_helix_loop_extra_19.sdf,../large_fep_dataset/data/fep_benchmark_processed/merck_cdk8_5cei_new_helix_loop_extra_protein.pdb,1089,7.3855543,7.7014894,7.572766,7.362041,7.7107363,7.434104,7.4015207,7.223375,7.3579183,7.1787305,7.432824
1090,merck/cdk8_5cei_new_helix_loop_extra,merck/cdk8_5cei_new_helix_loop_extra/33,../large_fep_dataset/data/fep_benchmark_processed/merck_cdk8_5cei_new_helix_loop_extra_33.sdf,../large_fep_dataset/data/fep_benchmark_processed/merck_cdk8_5cei_new_helix_loop_extra_protein.pdb,1090,7.4895086,7.960801,7.7475796,8.154527,7.4952397,7.2234344,8.056345,7.426858,8.044067,7.528204,7.7126565
1091,merck/cdk8_5cei_new_helix_loop_extra,merck/cdk8_5cei_new_helix_loop_extra/27,../large_fep_dataset/data/fep_benchmark_processed/merck_cdk8_5cei_new_helix_loop_extra_27.sdf,../large_fep_dataset/data/fep_benchmark_processed/merck_cdk8_5cei_new_helix_loop_extra_protein.pdb,1091,6.8960943,6.894464,7.6954327,7.186144,7.443869,6.6524343,6.9772067,7.369431,7.474192,6.921626,7.1510897
1092,merck/cdk8_5cei_new_helix_loop_extra,merck/cdk8_5cei_new_helix_loop_extra/13,../large_fep_dataset/data/fep_benchmark_processed/merck_cdk8_5cei_new_helix_loop_extra_13.sdf,../large_fep_dataset/data/fep_benchmark_processed/merck_cdk8_5cei_new_helix_loop_extra_protein.pdb,1092,7.6421256,8.198906,7.4108987,7.3843737,7.3453026,7.3933506,7.4537263,7.1642985,6.9721494,7.22497,7.41901
1093,merck/cdk8_5cei_new_helix_loop_extra,merck/cdk8_5cei_new_helix_loop_extra/39,../large_fep_dataset/data/fep_benchmark_processed/merck_cdk8_5cei_new_helix_loop_extra_39.sdf,../large_fep_dataset/data/fep_benchmark_processed/merck_cdk8_5cei_new_helix_loop_extra_protein.pdb,1093,6.7028027,7.4006124,7.619636,7.7602253,7.0676575,6.7731404,7.0546227,7.189588,7.437993,6.966122,7.1972404
1094,merck/cdk8_5cei_new_helix_loop_extra,merck/cdk8_5cei_new_helix_loop_extra/32,../large_fep_dataset/data/fep_benchmark_processed/merck_cdk8_5cei_new_helix_loop_extra_32.sdf,../large_fep_dataset/data/fep_benchmark_processed/merck_cdk8_5cei_new_helix_loop_extra_protein.pdb,1094,6.2502394,7.4835234,7.163299,7.2584486,7.0987935,6.7916894,6.780052,7.028839,6.763872,6.493,6.9111757
1095,merck/cdk8_5cei_new_helix_loop_extra,merck/cdk8_5cei_new_helix_loop_extra/37,../large_fep_dataset/data/fep_benchmark_processed/merck_cdk8_5cei_new_helix_loop_extra_37.sdf,../large_fep_dataset/data/fep_benchmark_processed/merck_cdk8_5cei_new_helix_loop_extra_protein.pdb,1095,6.8717747,7.603034,7.6190224,7.9295106,7.289123,7.1310096,7.4326525,7.364166,7.676489,7.390977,7.4307756
1096,merck/cdk8_5cei_new_helix_loop_extra,merck/cdk8_5cei_new_helix_loop_extra/23,../large_fep_dataset/data/fep_benchmark_processed/merck_cdk8_5cei_new_helix_loop_extra_23.sdf,../large_fep_dataset/data/fep_benchmark_processed/merck_cdk8_5cei_new_helix_loop_extra_protein.pdb,1096,6.474219,6.97737,7.4814014,7.2229834,7.2929177,7.153249,8.051739,7.07286,6.766526,7.34463,7.1837897
1097,merck/cdk8_5cei_new_helix_loop_extra,merck/cdk8_5cei_new_helix_loop_extra/15,../large_fep_dataset/data/fep_benchmark_processed/merck_cdk8_5cei_new_helix_loop_extra_15.sdf,../large_fep_dataset/data/fep_benchmark_processed/merck_cdk8_5cei_new_helix_loop_extra_protein.pdb,1097,7.6029954,7.2864923,7.4606705,7.2475643,7.5936737,7.909687,6.4658923,7.481815,7.247095,6.597887,7.2893777
1098,merck/cdk8_5cei_new_helix_loop_extra,merck/cdk8_5cei_new_helix_loop_extra/34,../large_fep_dataset/data/fep_benchmark_processed/merck_cdk8_5cei_new_helix_loop_extra_34.sdf,../large_fep_dataset/data/fep_benchmark_processed/merck_cdk8_5cei_new_helix_loop_extra_protein.pdb,1098,7.0905724,7.9678593,7.9443483,8.093882,7.291769,7.2506146,7.417678,7.206885,7.275887,7.4134107,7.495291
1099,merck/cdk8_5cei_new_helix_loop_extra,merck/cdk8_5cei_new_helix_loop_extra/25,../large_fep_dataset/data/fep_benchmark_processed/merck_cdk8_5cei_new_helix_loop_extra_25.sdf,../large_fep_dataset/data/fep_benchmark_processed/merck_cdk8_5cei_new_helix_loop_extra_protein.pdb,1099,6.8307395,7.2991576,7.718081,7.4456244,7.3150573,6.6071467,7.4299736,7.2187786,6.816986,7.171954,7.1853495
1100,merck/cdk8_5cei_new_helix_loop_extra,merck/cdk8_5cei_new_helix_loop_extra/14,../large_fep_dataset/data/fep_benchmark_processed/merck_cdk8_5cei_new_helix_loop_extra_14.sdf,../large_fep_dataset/data/fep_benchmark_processed/merck_cdk8_5cei_new_helix_loop_extra_protein.pdb,1100,7.2512717,6.6001253,7.268428,6.5090055,7.2644496,7.0547147,6.610395,6.6241584,6.6537027,6.4517336,6.828798
1101,merck/cdk8_5cei_new_helix_loop_extra,merck/cdk8_5cei_new_helix_loop_extra/36,../large_fep_dataset/data/fep_benchmark_processed/merck_cdk8_5cei_new_helix_loop_extra_36.sdf,../large_fep_dataset/data/fep_benchmark_processed/merck_cdk8_5cei_new_helix_loop_extra_protein.pdb,1101,6.1643543,7.659679,7.4146814,7.6899633,7.229107,7.1768756,7.5158987,7.39885,7.6413903,6.997402,7.28882
1102,merck/cdk8_5cei_new_helix_loop_extra,merck/cdk8_5cei_new_helix_loop_extra/18 flipped,../large_fep_dataset/data/fep_benchmark_processed/merck_cdk8_5cei_new_helix_loop_extra_18_flipped.sdf,../large_fep_dataset/data/fep_benchmark_processed/merck_cdk8_5cei_new_helix_loop_extra_protein.pdb,1102,7.724777,7.6694465,7.5918036,7.3505716,7.619764,7.5861783,7.2564864,7.3519707,7.1179504,6.889446,7.4158387
1103,merck/cdk8_5cei_new_helix_loop_extra,merck/cdk8_5cei_new_helix_loop_extra/16 flipped,../large_fep_dataset/data/fep_benchmark_processed/merck_cdk8_5cei_new_helix_loop_extra_16_flipped.sdf,../large_fep_dataset/data/fep_benchmark_processed/merck_cdk8_5cei_new_helix_loop_extra_protein.pdb,1103,6.7957654,7.0302157,7.5449824,6.7277923,7.2575502,7.620615,6.5305576,6.4009523,6.776009,6.1535163,6.8837953
1104,merck/cdk8_5cei_new_helix_loop_extra,merck/cdk8_5cei_new_helix_loop_extra/17 flipped,../large_fep_dataset/data/fep_benchmark_processed/merck_cdk8_5cei_new_helix_loop_extra_17_flipped.sdf,../large_fep_dataset/data/fep_benchmark_processed/merck_cdk8_5cei_new_helix_loop_extra_protein.pdb,1104,7.5644436,7.727188,7.7029,7.4436455,7.57296,7.6480966,7.0810695,7.07201,7.299178,6.9023614,7.4013853
1105,merck/cdk8_5cei_new_helix_loop_extra,merck/cdk8_5cei_new_helix_loop_extra/44 flipped,../large_fep_dataset/data/fep_benchmark_processed/merck_cdk8_5cei_new_helix_loop_extra_44_flipped.sdf,../large_fep_dataset/data/fep_benchmark_processed/merck_cdk8_5cei_new_helix_loop_extra_protein.pdb,1105,6.6122475,7.252971,7.4076767,7.51186,7.455159,7.2004166,7.0647416,7.5655437,7.513438,6.786532,7.237058
1106,merck/cdk8_5cei_new_helix_loop_extra,merck/cdk8_5cei_new_helix_loop_extra/45 flipped,../large_fep_dataset/data/fep_benchmark_processed/merck_cdk8_5cei_new_helix_loop_extra_45_flipped.sdf,../large_fep_dataset/data/fep_benchmark_processed/merck_cdk8_5cei_new_helix_loop_extra_protein.pdb,1106,7.4634657,7.8968043,7.676251,7.7266655,7.622779,7.6354523,7.568022,7.7453337,7.7042637,7.0646067,7.6103644
1107,merck/cdk8_5cei_new_helix_loop_extra,merck/cdk8_5cei_new_helix_loop_extra/42 flipped,../large_fep_dataset/data/fep_benchmark_processed/merck_cdk8_5cei_new_helix_loop_extra_42_flipped.sdf,../large_fep_dataset/data/fep_benchmark_processed/merck_cdk8_5cei_new_helix_loop_extra_protein.pdb,1107,7.2527614,8.156191,7.3982105,8.035926,7.744293,7.839718,7.67516,7.918954,7.9800143,7.0761375,7.707736
1108,waterset/urokinase,"waterset/urokinase/10302 (1GJ7, no water pose)","../large_fep_dataset/data/fep_benchmark_processed/waterset_urokinase_10302_(1GJ7,_no_water_pose).sdf",../large_fep_dataset/data/fep_benchmark_processed/waterset_urokinase_protein.pdb,1108,6.2966003,7.076918,7.416282,7.296193,6.996588,6.430562,7.269208,6.935239,6.725993,6.9887266,6.943231
1109,waterset/urokinase,waterset/urokinase/11417 (no water pose),../large_fep_dataset/data/fep_benchmark_processed/waterset_urokinase_11417_(no_water_pose).sdf,../large_fep_dataset/data/fep_benchmark_processed/waterset_urokinase_protein.pdb,1109,6.3284554,6.9747834,7.3136516,7.3370457,7.054379,6.793521,7.549496,6.8711414,7.069892,7.071002,7.0363364
1110,waterset/urokinase,waterset/urokinase/7806 (no water pose),../large_fep_dataset/data/fep_benchmark_processed/waterset_urokinase_7806_(no_water_pose).sdf,../large_fep_dataset/data/fep_benchmark_processed/waterset_urokinase_protein.pdb,1110,6.584277,6.979152,7.1818347,6.7626467,6.674061,6.2495165,7.180445,5.8889365,6.9660087,6.592295,6.7059174
1111,waterset/urokinase,waterset/urokinase/8696 (no water pose),../large_fep_dataset/data/fep_benchmark_processed/waterset_urokinase_8696_(no_water_pose).sdf,../large_fep_dataset/data/fep_benchmark_processed/waterset_urokinase_protein.pdb,1111,6.9292665,7.4307885,7.6469293,7.39998,7.0533595,6.724005,7.67436,6.9133906,7.4309134,7.2243514,7.2427344
1112,waterset/scyt_dehyd,waterset/scyt_dehyd/3d,../large_fep_dataset/data/fep_benchmark_processed/waterset_scyt_dehyd_3d.sdf,../large_fep_dataset/data/fep_benchmark_processed/waterset_scyt_dehyd_protein.pdb,1112,6.8944774,7.40651,6.587704,6.718905,6.9081388,6.8733172,6.425912,7.054334,7.282817,6.75293,6.8905044
1113,waterset/scyt_dehyd,waterset/scyt_dehyd/8d,../large_fep_dataset/data/fep_benchmark_processed/waterset_scyt_dehyd_8d.sdf,../large_fep_dataset/data/fep_benchmark_processed/waterset_scyt_dehyd_protein.pdb,1113,6.927,7.279075,7.230396,6.6663446,6.8330626,7.511672,7.3823404,7.8689165,7.601133,6.7376456,7.203759
1114,waterset/scyt_dehyd,waterset/scyt_dehyd/2d,../large_fep_dataset/data/fep_benchmark_processed/waterset_scyt_dehyd_2d.sdf,../large_fep_dataset/data/fep_benchmark_processed/waterset_scyt_dehyd_protein.pdb,1114,7.055712,7.338785,7.3044004,6.957236,6.7588253,7.679151,7.336479,7.9523587,7.8670774,6.7762766,7.30263
1115,waterset/scyt_dehyd,waterset/scyt_dehyd/4d,../large_fep_dataset/data/fep_benchmark_processed/waterset_scyt_dehyd_4d.sdf,../large_fep_dataset/data/fep_benchmark_processed/waterset_scyt_dehyd_protein.pdb,1115,7.824706,8.215573,8.034491,7.5133247,7.634836,8.885224,7.899161,8.055602,8.145981,7.5763025,7.9785204
1116,waterset/scyt_dehyd,waterset/scyt_dehyd/5d,../large_fep_dataset/data/fep_benchmark_processed/waterset_scyt_dehyd_5d.sdf,../large_fep_dataset/data/fep_benchmark_processed/waterset_scyt_dehyd_protein.pdb,1116,7.8099303,6.8927746,7.302898,7.248997,7.4203906,7.468122,7.5361266,8.174636,8.10397,7.106354,7.506419
1117,waterset/scyt_dehyd,waterset/scyt_dehyd/6d,../large_fep_dataset/data/fep_benchmark_processed/waterset_scyt_dehyd_6d.sdf,../large_fep_dataset/data/fep_benchmark_processed/waterset_scyt_dehyd_protein.pdb,1117,7.1550956,7.404423,7.36714,6.876652,7.2432356,7.9336734,7.4552603,7.9187284,7.707739,6.9990673,7.406102
1118,waterset/scyt_dehyd,waterset/scyt_dehyd/7d,../large_fep_dataset/data/fep_benchmark_processed/waterset_scyt_dehyd_7d.sdf,../large_fep_dataset/data/fep_benchmark_processed/waterset_scyt_dehyd_protein.pdb,1118,7.9864893,8.526845,7.8870244,7.3397107,7.677108,8.740604,7.7155757,8.226845,8.213936,7.581969,7.989611
1119,waterset/brd41_ASH106,waterset/brd41_ASH106/cmpd 5 (1-Butenyl),../large_fep_dataset/data/fep_benchmark_processed/waterset_brd41_ASH106_cmpd_5_(1-Butenyl).sdf,../large_fep_dataset/data/fep_benchmark_processed/waterset_brd41_ASH106_protein.pdb,1119,6.564097,6.767603,7.033491,6.2139993,7.0413733,6.8057103,6.433948,6.5085597,6.147061,6.593311,6.610915
1120,waterset/brd41_ASH106,waterset/brd41_ASH106/cmpd 2 (methyl),../large_fep_dataset/data/fep_benchmark_processed/waterset_brd41_ASH106_cmpd_2_(methyl).sdf,../large_fep_dataset/data/fep_benchmark_processed/waterset_brd41_ASH106_protein.pdb,1120,5.8193665,6.1424165,5.793722,5.34646,6.440085,4.996746,5.204874,5.6994896,6.141455,4.8478956,5.643251
1121,waterset/brd41_ASH106,waterset/brd41_ASH106/cmpd 3 (Allyl),../large_fep_dataset/data/fep_benchmark_processed/waterset_brd41_ASH106_cmpd_3_(Allyl).sdf,../large_fep_dataset/data/fep_benchmark_processed/waterset_brd41_ASH106_protein.pdb,1121,6.2844152,6.3045635,6.5234957,6.2851853,6.874105,6.4214754,6.0759006,6.2340746,5.8988843,6.311099,6.3213196
1122,waterset/brd41_ASH106,waterset/brd41_ASH106/cmpd 9 (methoxyethyl),../large_fep_dataset/data/fep_benchmark_processed/waterset_brd41_ASH106_cmpd_9_(methoxyethyl).sdf,../large_fep_dataset/data/fep_benchmark_processed/waterset_brd41_ASH106_protein.pdb,1122,6.7090282,6.8189597,6.713244,6.29633,7.015366,6.2639093,6.0071993,5.908178,6.3060107,6.140696,6.4178915
1123,waterset/brd41_ASH106,waterset/brd41_ASH106/cmpd 6 (ethyl),../large_fep_dataset/data/fep_benchmark_processed/waterset_brd41_ASH106_cmpd_6_(ethyl).sdf,../large_fep_dataset/data/fep_benchmark_processed/waterset_brd41_ASH106_protein.pdb,1123,6.181045,6.5858583,6.610208,5.3657303,6.6710963,5.3053045,5.704181,5.5106416,6.412463,5.5837803,5.9930315
1124,waterset/brd41_ASH106,waterset/brd41_ASH106/cmpd 8 (n-Butyl),../large_fep_dataset/data/fep_benchmark_processed/waterset_brd41_ASH106_cmpd_8_(n-Butyl).sdf,../large_fep_dataset/data/fep_benchmark_processed/waterset_brd41_ASH106_protein.pdb,1124,6.872379,6.07821,6.9260345,6.2420177,7.1874995,6.7024717,6.415319,6.367979,6.551482,6.347459,6.569085
1125,waterset/brd41_ASH106,waterset/brd41_ASH106/cmpd 7 (n-propyl),../large_fep_dataset/data/fep_benchmark_processed/waterset_brd41_ASH106_cmpd_7_(n-propyl).sdf,../large_fep_dataset/data/fep_benchmark_processed/waterset_brd41_ASH106_protein.pdb,1125,6.7519217,6.445979,6.7260556,6.1233697,7.1783414,6.0897784,5.9844346,5.897869,6.506943,6.1560645,6.3860755
1126,waterset/brd41_ASH106,waterset/brd41_ASH106/cmpd 4 (Crotyl),../large_fep_dataset/data/fep_benchmark_processed/waterset_brd41_ASH106_cmpd_4_(Crotyl).sdf,../large_fep_dataset/data/fep_benchmark_processed/waterset_brd41_ASH106_protein.pdb,1126,6.765835,6.744457,6.999209,6.2243185,7.1523705,6.882917,6.2878537,6.5910015,6.302756,6.609367,6.6560082
1127,waterset/hsp90_woodhead,waterset/hsp90_woodhead/4,../large_fep_dataset/data/fep_benchmark_processed/waterset_hsp90_woodhead_4.sdf,../large_fep_dataset/data/fep_benchmark_processed/waterset_hsp90_woodhead_protein.pdb,1127,7.0928545,6.70798,7.6810117,7.1992574,6.626584,7.912132,6.213399,7.0794816,6.854026,7.317771,7.0684495
1128,waterset/hsp90_woodhead,waterset/hsp90_woodhead/1,../large_fep_dataset/data/fep_benchmark_processed/waterset_hsp90_woodhead_1.sdf,../large_fep_dataset/data/fep_benchmark_processed/waterset_hsp90_woodhead_protein.pdb,1128,8.239343,8.1339245,7.9173884,7.8970966,7.151507,7.9354253,7.6046,7.858669,7.5779138,7.453061,7.7768927
1129,waterset/hsp90_woodhead,waterset/hsp90_woodhead/3,../large_fep_dataset/data/fep_benchmark_processed/waterset_hsp90_woodhead_3.sdf,../large_fep_dataset/data/fep_benchmark_processed/waterset_hsp90_woodhead_protein.pdb,1129,7.0811954,7.0488873,7.248964,7.536759,6.743599,7.7050333,6.4337883,7.210175,6.889283,7.3474803,7.1245165
1130,waterset/hsp90_woodhead,waterset/hsp90_woodhead/2,../large_fep_dataset/data/fep_benchmark_processed/waterset_hsp90_woodhead_2.sdf,../large_fep_dataset/data/fep_benchmark_processed/waterset_hsp90_woodhead_protein.pdb,1130,6.9899178,6.1317906,6.4875946,6.4104013,6.321555,6.412932,5.7040496,6.326864,6.191174,6.078457,6.3054733
1131,waterset/throm_nozob_hip75,waterset/throm_nozob_hip75/2d pose 2,../large_fep_dataset/data/fep_benchmark_processed/waterset_throm_nozob_hip75_2d_pose_2.sdf,../large_fep_dataset/data/fep_benchmark_processed/waterset_throm_nozob_hip75_protein.pdb,1131,4.9397125,4.366612,5.3303103,4.9602046,5.9461894,4.542475,5.369581,4.335715,4.8222766,4.9010377,4.9514117
1132,waterset/throm_nozob_hip75,waterset/throm_nozob_hip75/2c pose 2,../large_fep_dataset/data/fep_benchmark_processed/waterset_throm_nozob_hip75_2c_pose_2.sdf,../large_fep_dataset/data/fep_benchmark_processed/waterset_throm_nozob_hip75_protein.pdb,1132,5.1399684,5.615127,6.2657056,5.7758884,6.0103383,5.0183764,5.717211,5.210301,5.3491488,5.5167727,5.561884
1133,waterset/throm_nozob_hip75,waterset/throm_nozob_hip75/7b,../large_fep_dataset/data/fep_benchmark_processed/waterset_throm_nozob_hip75_7b.sdf,../large_fep_dataset/data/fep_benchmark_processed/waterset_throm_nozob_hip75_protein.pdb,1133,5.6261945,5.836049,6.483876,5.9449115,5.913701,5.5807223,5.5620117,5.520481,6.1151886,5.2524776,5.7835617
1134,waterset/throm_nozob_hip75,waterset/throm_nozob_hip75/7c pose 1,../large_fep_dataset/data/fep_benchmark_processed/waterset_throm_nozob_hip75_7c_pose_1.sdf,../large_fep_dataset/data/fep_benchmark_processed/waterset_throm_nozob_hip75_protein.pdb,1134,5.6074896,6.1539874,6.3538857,6.058043,5.7478766,5.4730086,5.501359,5.8430543,5.903071,5.323127,5.7964907
1135,waterset/throm_nozob_hip75,waterset/throm_nozob_hip75/7f,../large_fep_dataset/data/fep_benchmark_processed/waterset_throm_nozob_hip75_7f.sdf,../large_fep_dataset/data/fep_benchmark_processed/waterset_throm_nozob_hip75_protein.pdb,1135,6.7556996,5.790564,6.098991,5.8110037,6.54224,5.464065,4.5740933,5.667695,6.7910004,6.6795025,6.017485
1136,waterset/throm_nozob_hip75,waterset/throm_nozob_hip75/2b pose 1,../large_fep_dataset/data/fep_benchmark_processed/waterset_throm_nozob_hip75_2b_pose_1.sdf,../large_fep_dataset/data/fep_benchmark_processed/waterset_throm_nozob_hip75_protein.pdb,1136,5.8314857,5.64068,5.469727,5.7425036,5.8238945,4.900664,4.6267047,5.2472105,5.925618,6.06034,5.526883
1137,waterset/throm_nozob_hip75,waterset/throm_nozob_hip75/1a pose 2,../large_fep_dataset/data/fep_benchmark_processed/waterset_throm_nozob_hip75_1a_pose_2.sdf,../large_fep_dataset/data/fep_benchmark_processed/waterset_throm_nozob_hip75_protein.pdb,1137,5.240681,5.5191655,6.104988,5.6408653,6.1234255,5.46313,5.2903757,5.575834,6.265408,5.9988966,5.7222767
1138,waterset/throm_nozob_hip75,waterset/throm_nozob_hip75/7e pose 1,../large_fep_dataset/data/fep_benchmark_processed/waterset_throm_nozob_hip75_7e_pose_1.sdf,../large_fep_dataset/data/fep_benchmark_processed/waterset_throm_nozob_hip75_protein.pdb,1138,5.729146,6.8287673,5.555301,5.5822973,6.1245265,5.5011086,4.5421953,5.00495,5.606338,5.825895,5.6300526
1139,waterset/throm_nozob_hip75,waterset/throm_nozob_hip75/6a pose 1,../large_fep_dataset/data/fep_benchmark_processed/waterset_throm_nozob_hip75_6a_pose_1.sdf,../large_fep_dataset/data/fep_benchmark_processed/waterset_throm_nozob_hip75_protein.pdb,1139,6.232345,6.9548516,7.045209,6.8544445,6.26889,6.2457967,6.356653,6.420918,6.8350363,6.149199,6.536334
1140,waterset/throm_nozob_hip75,waterset/throm_nozob_hip75/5,../large_fep_dataset/data/fep_benchmark_processed/waterset_throm_nozob_hip75_5.sdf,../large_fep_dataset/data/fep_benchmark_processed/waterset_throm_nozob_hip75_protein.pdb,1140,5.1604652,4.889508,5.327971,4.883849,5.403462,4.8875127,4.382652,4.7503505,5.326535,5.0008125,5.0013113
1141,waterset/throm_nozob_hip75,waterset/throm_nozob_hip75/1c pose 2,../large_fep_dataset/data/fep_benchmark_processed/waterset_throm_nozob_hip75_1c_pose_2.sdf,../large_fep_dataset/data/fep_benchmark_processed/waterset_throm_nozob_hip75_protein.pdb,1141,5.36384,5.349291,6.1344523,5.9080462,6.0772314,5.267527,5.1871524,5.3743157,6.141993,5.5987716,5.6402626
1142,waterset/throm_nozob_hip75,waterset/throm_nozob_hip75/2a pose 2,../large_fep_dataset/data/fep_benchmark_processed/waterset_throm_nozob_hip75_2a_pose_2.sdf,../large_fep_dataset/data/fep_benchmark_processed/waterset_throm_nozob_hip75_protein.pdb,1142,6.701421,5.6549754,6.7017064,6.448505,6.8838534,5.6541595,6.4419765,5.8346424,6.4696608,6.1790614,6.296996
1143,waterset/throm_nozob_hip75,waterset/throm_nozob_hip75/7a pose 2,../large_fep_dataset/data/fep_benchmark_processed/waterset_throm_nozob_hip75_7a_pose_2.sdf,../large_fep_dataset/data/fep_benchmark_processed/waterset_throm_nozob_hip75_protein.pdb,1143,6.170621,5.267043,5.994852,5.534051,6.233557,5.5980177,4.924779,5.491894,5.6664677,6.1387663,5.7020044
1144,waterset/throm_nozob_hip75,waterset/throm_nozob_hip75/3b pose 1,../large_fep_dataset/data/fep_benchmark_processed/waterset_throm_nozob_hip75_3b_pose_1.sdf,../large_fep_dataset/data/fep_benchmark_processed/waterset_throm_nozob_hip75_protein.pdb,1144,6.3272243,5.2718463,6.3486977,5.5371523,6.5332766,6.120025,5.472886,5.587776,5.923937,6.0350747,5.9157896
1145,waterset/throm_nozob_hip75,waterset/throm_nozob_hip75/6d pose 2,../large_fep_dataset/data/fep_benchmark_processed/waterset_throm_nozob_hip75_6d_pose_2.sdf,../large_fep_dataset/data/fep_benchmark_processed/waterset_throm_nozob_hip75_protein.pdb,1145,5.8825336,6.2115173,6.44091,5.8171206,6.614489,5.4804854,5.7304096,5.6452208,6.3949,5.6365786,5.985417
1146,waterset/throm_nozob_hip75,waterset/throm_nozob_hip75/6c pose 1,../large_fep_dataset/data/fep_benchmark_processed/waterset_throm_nozob_hip75_6c_pose_1.sdf,../large_fep_dataset/data/fep_benchmark_processed/waterset_throm_nozob_hip75_protein.pdb,1146,6.4795265,6.5484476,6.720521,6.491242,6.171273,6.2512865,6.380245,6.001579,6.54821,6.5492344,6.4141564
1147,waterset/throm_nozob_hip75,waterset/throm_nozob_hip75/3a xtal pose,../large_fep_dataset/data/fep_benchmark_processed/waterset_throm_nozob_hip75_3a_xtal_pose.sdf,../large_fep_dataset/data/fep_benchmark_processed/waterset_throm_nozob_hip75_protein.pdb,1147,6.1533093,5.2390423,6.0958457,5.4728794,5.8524256,5.5584297,5.067081,5.2217417,5.697216,5.932365,5.6290336
1148,waterset/throm_nozob_hip75,waterset/throm_nozob_hip75/1b pose 2,../large_fep_dataset/data/fep_benchmark_processed/waterset_throm_nozob_hip75_1b_pose_2.sdf,../large_fep_dataset/data/fep_benchmark_processed/waterset_throm_nozob_hip75_protein.pdb,1148,5.5950966,6.086968,6.2304726,5.850445,6.0936637,5.4924192,5.586597,5.504451,6.0566344,5.27001,5.776675
1149,waterset/throm_nozob_hip75,waterset/throm_nozob_hip75/6b pose 2,../large_fep_dataset/data/fep_benchmark_processed/waterset_throm_nozob_hip75_6b_pose_2.sdf,../large_fep_dataset/data/fep_benchmark_processed/waterset_throm_nozob_hip75_protein.pdb,1149,5.8121924,6.462728,6.8602405,6.122091,6.5656796,6.1317716,6.3180895,5.7692094,6.672182,5.8314962,6.2545686
1150,waterset/throm_nozob_hip75,waterset/throm_nozob_hip75/6e pose 1,../large_fep_dataset/data/fep_benchmark_processed/waterset_throm_nozob_hip75_6e_pose_1.sdf,../large_fep_dataset/data/fep_benchmark_processed/waterset_throm_nozob_hip75_protein.pdb,1150,6.193659,6.9662757,7.5105343,6.8908396,6.3730783,6.544395,6.1880493,6.2793803,6.859288,6.6600356,6.646554
1151,waterset/throm_nozob_hip75,waterset/throm_nozob_hip75/1d pose 2,../large_fep_dataset/data/fep_benchmark_processed/waterset_throm_nozob_hip75_1d_pose_2.sdf,../large_fep_dataset/data/fep_benchmark_processed/waterset_throm_nozob_hip75_protein.pdb,1151,6.343519,6.357921,7.043562,6.957757,6.6278434,5.760296,6.3814683,6.303585,7.3065076,6.470573,6.555303
1152,waterset/taf12,waterset/taf12/cmpd 5 (1-Butenyl),../large_fep_dataset/data/fep_benchmark_processed/waterset_taf12_cmpd_5_(1-Butenyl).sdf,../large_fep_dataset/data/fep_benchmark_processed/waterset_taf12_protein.pdb,1152,7.577277,7.8008466,7.3969393,7.4999166,7.6354227,7.1106386,7.34938,7.6364093,7.2160215,6.925203,7.414805
1153,waterset/taf12,waterset/taf12/cmpd 2 (methyl),../large_fep_dataset/data/fep_benchmark_processed/waterset_taf12_cmpd_2_(methyl).sdf,../large_fep_dataset/data/fep_benchmark_processed/waterset_taf12_protein.pdb,1153,5.749974,6.2424364,5.7266335,6.2027106,6.7596693,5.792881,5.452308,5.9883494,6.3490567,5.43179,5.9695807
1154,waterset/taf12,waterset/taf12/cmpd 3 (Allyl),../large_fep_dataset/data/fep_benchmark_processed/waterset_taf12_cmpd_3_(Allyl).sdf,../large_fep_dataset/data/fep_benchmark_processed/waterset_taf12_protein.pdb,1154,7.0903745,6.9859085,7.021087,7.4380674,7.5384774,6.6166244,6.8120375,7.1430097,6.60976,6.39055,6.9645896
1155,waterset/taf12,waterset/taf12/cmpd 9 (methoxyethyl),../large_fep_dataset/data/fep_benchmark_processed/waterset_taf12_cmpd_9_(methoxyethyl).sdf,../large_fep_dataset/data/fep_benchmark_processed/waterset_taf12_protein.pdb,1155,6.8212633,7.884077,6.9448767,7.088076,6.844915,6.3830147,6.211071,6.5828824,6.9583383,6.1815753,6.7900085
1156,waterset/taf12,waterset/taf12/cmpd 6 (ethyl),../large_fep_dataset/data/fep_benchmark_processed/waterset_taf12_cmpd_6_(ethyl).sdf,../large_fep_dataset/data/fep_benchmark_processed/waterset_taf12_protein.pdb,1156,6.0319815,6.839854,6.7474704,6.5600953,6.6153545,6.0184026,5.95,6.1459093,6.5893025,5.690479,6.318885
1157,waterset/taf12,waterset/taf12/cmpd 8 (n-Butyl),../large_fep_dataset/data/fep_benchmark_processed/waterset_taf12_cmpd_8_(n-Butyl).sdf,../large_fep_dataset/data/fep_benchmark_processed/waterset_taf12_protein.pdb,1157,6.9047656,6.747258,6.5375605,7.0773163,7.312413,7.2079387,6.749064,6.657926,6.8836813,6.0820804,6.8160005
1158,waterset/taf12,waterset/taf12/cmpd 7 (n-propyl),../large_fep_dataset/data/fep_benchmark_processed/waterset_taf12_cmpd_7_(n-propyl).sdf,../large_fep_dataset/data/fep_benchmark_processed/waterset_taf12_protein.pdb,1158,6.692967,6.9779787,6.4573145,6.833507,7.14378,6.6042337,6.3681192,6.379438,6.8477507,5.845028,6.6150117
1159,waterset/taf12,waterset/taf12/cmpd 4 (Crotyl),../large_fep_dataset/data/fep_benchmark_processed/waterset_taf12_cmpd_4_(Crotyl).sdf,../large_fep_dataset/data/fep_benchmark_processed/waterset_taf12_protein.pdb,1159,7.6119695,7.339718,7.1629033,7.3887343,7.704784,6.983894,6.9998317,7.3592353,7.05939,6.6354117,7.2245874
1160,waterset/chk1,waterset/chk1/21 (Xtal),../large_fep_dataset/data/fep_benchmark_processed/waterset_chk1_21_(Xtal).sdf,../large_fep_dataset/data/fep_benchmark_processed/waterset_chk1_protein.pdb,1160,8.843703,9.324245,8.61598,8.687027,8.707935,9.094714,8.343044,8.526052,8.517065,8.943276,8.760304
1161,waterset/chk1,waterset/chk1/22,../large_fep_dataset/data/fep_benchmark_processed/waterset_chk1_22.sdf,../large_fep_dataset/data/fep_benchmark_processed/waterset_chk1_protein.pdb,1161,8.583834,9.421586,8.700998,8.964112,8.039174,9.183343,8.313873,8.533064,8.706938,8.362892,8.680982
1162,waterset/chk1,waterset/chk1/24 pose 2,../large_fep_dataset/data/fep_benchmark_processed/waterset_chk1_24_pose_2.sdf,../large_fep_dataset/data/fep_benchmark_processed/waterset_chk1_protein.pdb,1162,7.4386883,8.005853,7.6416616,8.128979,7.721199,8.101635,7.2239327,6.8348093,7.77231,7.43519,7.6304255
1163,waterset/chk1,waterset/chk1/14 docked,../large_fep_dataset/data/fep_benchmark_processed/waterset_chk1_14_docked.sdf,../large_fep_dataset/data/fep_benchmark_processed/waterset_chk1_protein.pdb,1163,8.011566,8.076129,7.9087386,8.353192,8.202323,7.7096653,7.7338524,7.2311177,7.366384,7.594222,7.8187194
1164,waterset/chk1,waterset/chk1/18 docked,../large_fep_dataset/data/fep_benchmark_processed/waterset_chk1_18_docked.sdf,../large_fep_dataset/data/fep_benchmark_processed/waterset_chk1_protein.pdb,1164,8.0435,7.4513507,7.7898874,8.051704,8.190706,7.3046994,7.3120837,7.1805067,7.3935947,7.9428105,7.6660843
1165,waterset/chk1,waterset/chk1/13 docked,../large_fep_dataset/data/fep_benchmark_processed/waterset_chk1_13_docked.sdf,../large_fep_dataset/data/fep_benchmark_processed/waterset_chk1_protein.pdb,1165,7.2608614,7.386169,7.780345,8.163777,8.063594,7.6295953,7.0193334,7.2082024,7.23643,7.621045,7.5369353
1166,waterset/chk1,waterset/chk1/20,../large_fep_dataset/data/fep_benchmark_processed/waterset_chk1_20.sdf,../large_fep_dataset/data/fep_benchmark_processed/waterset_chk1_protein.pdb,1166,7.795736,7.446249,7.663512,7.719453,7.613401,7.0078397,7.2012515,7.2476845,6.899812,7.9506345,7.454558
1167,waterset/chk1,waterset/chk1/12 docked,../large_fep_dataset/data/fep_benchmark_processed/waterset_chk1_12_docked.sdf,../large_fep_dataset/data/fep_benchmark_processed/waterset_chk1_protein.pdb,1167,7.080195,7.457833,7.8157673,7.7439566,7.767939,7.823725,6.841857,7.187411,7.05171,7.7725058,7.454291
1168,waterset/chk1,waterset/chk1/16 docked,../large_fep_dataset/data/fep_benchmark_processed/waterset_chk1_16_docked.sdf,../large_fep_dataset/data/fep_benchmark_processed/waterset_chk1_protein.pdb,1168,8.019055,7.986276,8.205063,8.4331875,8.239652,7.5872393,7.74709,8.152807,7.6458287,7.9284835,7.9944677
1169,waterset/chk1,waterset/chk1/19,../large_fep_dataset/data/fep_benchmark_processed/waterset_chk1_19.sdf,../large_fep_dataset/data/fep_benchmark_processed/waterset_chk1_protein.pdb,1169,7.808987,7.765439,7.8574867,8.054148,8.20771,7.4950423,7.481599,7.604133,7.788313,7.840531,7.790339
1170,waterset/chk1,waterset/chk1/17 torsion adjust,../large_fep_dataset/data/fep_benchmark_processed/waterset_chk1_17_torsion_adjust.sdf,../large_fep_dataset/data/fep_benchmark_processed/waterset_chk1_protein.pdb,1170,8.113877,8.002332,8.230983,8.151145,8.157716,7.7394757,8.004898,7.907155,7.65794,7.872342,7.983786
1171,waterset/chk1,waterset/chk1/15 docked,../large_fep_dataset/data/fep_benchmark_processed/waterset_chk1_15_docked.sdf,../large_fep_dataset/data/fep_benchmark_processed/waterset_chk1_protein.pdb,1171,8.137313,7.368248,7.763264,8.236553,7.5043144,7.5878563,7.270839,7.3190727,7.608225,7.844481,7.6640167
1172,waterset/chk1,waterset/chk1/11 docked,../large_fep_dataset/data/fep_benchmark_processed/waterset_chk1_11_docked.sdf,../large_fep_dataset/data/fep_benchmark_processed/waterset_chk1_protein.pdb,1172,8.034895,8.056853,7.9019375,8.57245,8.539745,7.805113,7.810152,7.649028,7.5115933,8.147992,8.002976
1173,waterset/hsp90_kung,waterset/hsp90_kung/cmpd 16,../large_fep_dataset/data/fep_benchmark_processed/waterset_hsp90_kung_cmpd_16.sdf,../large_fep_dataset/data/fep_benchmark_processed/waterset_hsp90_kung_protein.pdb,1173,8.217748,8.740535,9.063495,8.801312,8.102729,8.437936,7.5361185,8.479376,8.5205145,8.138701,8.403847
1174,waterset/hsp90_kung,waterset/hsp90_kung/cmpd 9,../large_fep_dataset/data/fep_benchmark_processed/waterset_hsp90_kung_cmpd_9.sdf,../large_fep_dataset/data/fep_benchmark_processed/waterset_hsp90_kung_protein.pdb,1174,6.8680067,7.4605255,7.2455482,7.4646635,6.941582,7.2213526,6.602062,6.7756677,6.9498816,7.5666494,7.109594
1175,waterset/hsp90_kung,waterset/hsp90_kung/cmpd 13,../large_fep_dataset/data/fep_benchmark_processed/waterset_hsp90_kung_cmpd_13.sdf,../large_fep_dataset/data/fep_benchmark_processed/waterset_hsp90_kung_protein.pdb,1175,8.098104,8.900735,8.944284,8.696546,8.1369,8.521045,7.6915464,8.627606,8.720964,8.209101,8.454683
1176,waterset/hsp90_kung,waterset/hsp90_kung/cmpd 14,../large_fep_dataset/data/fep_benchmark_processed/waterset_hsp90_kung_cmpd_14.sdf,../large_fep_dataset/data/fep_benchmark_processed/waterset_hsp90_kung_protein.pdb,1176,7.0779963,7.594134,7.76875,7.274572,6.9431133,7.2126737,6.6198688,6.8595257,7.248622,7.61379,7.2213044
1177,waterset/hsp90_kung,waterset/hsp90_kung/cmpd 15,../large_fep_dataset/data/fep_benchmark_processed/waterset_hsp90_kung_cmpd_15.sdf,../large_fep_dataset/data/fep_benchmark_processed/waterset_hsp90_kung_protein.pdb,1177,7.8242345,7.901891,7.7291236,7.627477,6.9488416,7.282608,6.621945,7.3621693,7.6249037,7.8679423,7.4791136
1178,waterset/hsp90_kung,waterset/hsp90_kung/cmpd 7,../large_fep_dataset/data/fep_benchmark_processed/waterset_hsp90_kung_cmpd_7.sdf,../large_fep_dataset/data/fep_benchmark_processed/waterset_hsp90_kung_protein.pdb,1178,6.236903,6.947816,6.6765666,6.9789143,6.952815,6.933644,6.6922374,6.9926553,6.8998933,7.0019693,6.8313417
1179,waterset/hsp90_kung,waterset/hsp90_kung/cmpd 17,../large_fep_dataset/data/fep_benchmark_processed/waterset_hsp90_kung_cmpd_17.sdf,../large_fep_dataset/data/fep_benchmark_processed/waterset_hsp90_kung_protein.pdb,1179,7.920652,8.548998,8.833301,9.164152,8.126385,8.334587,7.3199067,8.246503,7.9573545,7.889588,8.234142
1180,waterset/hsp90_kung,waterset/hsp90_kung/cmpd 11,../large_fep_dataset/data/fep_benchmark_processed/waterset_hsp90_kung_cmpd_11.sdf,../large_fep_dataset/data/fep_benchmark_processed/waterset_hsp90_kung_protein.pdb,1180,7.74116,7.841332,7.494326,7.8910303,7.337126,7.4760046,7.000899,7.060287,8.111086,7.688129,7.564138
1181,waterset/hsp90_kung,waterset/hsp90_kung/cmpd 12,../large_fep_dataset/data/fep_benchmark_processed/waterset_hsp90_kung_cmpd_12.sdf,../large_fep_dataset/data/fep_benchmark_processed/waterset_hsp90_kung_protein.pdb,1181,7.682863,7.705055,7.361889,7.4645405,7.1239715,7.057005,6.7195396,7.0168357,7.3952336,7.6835465,7.321048
1182,waterset/hsp90_kung,waterset/hsp90_kung/cmpd 10,../large_fep_dataset/data/fep_benchmark_processed/waterset_hsp90_kung_cmpd_10.sdf,../large_fep_dataset/data/fep_benchmark_processed/waterset_hsp90_kung_protein.pdb,1182,7.832065,7.9849467,7.7414007,7.4054866,7.6926823,7.8244743,6.4504576,8.364068,7.078162,7.6301074,7.6003847
1183,waterset/hsp90_kung,waterset/hsp90_kung/cmpd 8,../large_fep_dataset/data/fep_benchmark_processed/waterset_hsp90_kung_cmpd_8.sdf,../large_fep_dataset/data/fep_benchmark_processed/waterset_hsp90_kung_protein.pdb,1183,6.277866,6.578769,6.667303,6.389445,6.7641516,5.725863,6.1593404,6.455777,7.0338264,7.208219,6.526056
