Unnamed: 0,group_id,unique_id,sdf_file,pdb_file,graph_id,preds_0,preds_1,preds_2,preds_3,preds_4,preds_5,preds_6,preds_7,preds_8,preds_9,preds
0,bayer_macrocycles/wagner_brd4,bayer_macrocycles/wagner_brd4/61a,../large_fep_dataset/data/fep_benchmark_processed/bayer_macrocycles_wagner_brd4_61a.sdf,../large_fep_dataset/data/fep_benchmark_processed/bayer_macrocycles_wagner_brd4_protein.pdb,0,7.256167,7.3523564,6.8108373,7.016901,7.084911,7.3223767,7.1240335,7.0748262,7.072791,6.245672,7.036087
1,bayer_macrocycles/wagner_brd4,bayer_macrocycles/wagner_brd4/25e,../large_fep_dataset/data/fep_benchmark_processed/bayer_macrocycles_wagner_brd4_25e.sdf,../large_fep_dataset/data/fep_benchmark_processed/bayer_macrocycles_wagner_brd4_protein.pdb,1,7.0759163,6.8935437,7.051208,6.9048553,6.4226418,7.122255,6.5891085,6.9933143,6.769536,6.9037294,6.8726106
2,bayer_macrocycles/wagner_brd4,bayer_macrocycles/wagner_brd4/11,../large_fep_dataset/data/fep_benchmark_processed/bayer_macrocycles_wagner_brd4_11.sdf,../large_fep_dataset/data/fep_benchmark_processed/bayer_macrocycles_wagner_brd4_protein.pdb,2,5.1850724,5.316874,4.982253,4.934118,4.6504493,4.9445176,5.1787367,5.0139413,4.688335,5.4064984,5.03008
3,bayer_macrocycles/ftase_extraligs_custcore_stereo,"bayer_macrocycles/ftase_extraligs_custcore_stereo/lig 2, deprot","../large_fep_dataset/data/fep_benchmark_processed/bayer_macrocycles_ftase_extraligs_custcore_stereo_lig_2,_deprot.sdf",../large_fep_dataset/data/fep_benchmark_processed/bayer_macrocycles_ftase_extraligs_custcore_stereo_protein.pdb,3,7.470399,7.479884,7.586387,7.263839,7.210527,6.6688657,6.8446016,7.1895847,7.962923,7.5381255,7.321513
4,bayer_macrocycles/ftase_extraligs_custcore_stereo,"bayer_macrocycles/ftase_extraligs_custcore_stereo/lig 66, deprot","../large_fep_dataset/data/fep_benchmark_processed/bayer_macrocycles_ftase_extraligs_custcore_stereo_lig_66,_deprot.sdf",../large_fep_dataset/data/fep_benchmark_processed/bayer_macrocycles_ftase_extraligs_custcore_stereo_protein.pdb,4,7.2234817,6.870408,7.0614495,6.4739733,7.3250313,7.495816,6.9778857,7.2455397,7.305116,7.7775927,7.1756296
5,bayer_macrocycles/ftase_extraligs_custcore_stereo,"bayer_macrocycles/ftase_extraligs_custcore_stereo/lig 68, deprot","../large_fep_dataset/data/fep_benchmark_processed/bayer_macrocycles_ftase_extraligs_custcore_stereo_lig_68,_deprot.sdf",../large_fep_dataset/data/fep_benchmark_processed/bayer_macrocycles_ftase_extraligs_custcore_stereo_protein.pdb,5,7.338908,7.086607,7.574511,7.4518886,7.6700325,7.826783,7.4865036,7.2250347,8.015632,7.820812,7.549672
6,bayer_macrocycles/ftase_extraligs_custcore_stereo,bayer_macrocycles/ftase_extraligs_custcore_stereo/lig 51 stereo,../large_fep_dataset/data/fep_benchmark_processed/bayer_macrocycles_ftase_extraligs_custcore_stereo_lig_51_stereo.sdf,../large_fep_dataset/data/fep_benchmark_processed/bayer_macrocycles_ftase_extraligs_custcore_stereo_protein.pdb,6,7.4859576,7.5382752,7.5573187,8.094068,7.9330997,8.011387,7.5863805,7.8300467,7.959329,7.7177205,7.7713585
7,bayer_macrocycles/ftase_extraligs_custcore_stereo,bayer_macrocycles/ftase_extraligs_custcore_stereo/lig 49 stereo,../large_fep_dataset/data/fep_benchmark_processed/bayer_macrocycles_ftase_extraligs_custcore_stereo_lig_49_stereo.sdf,../large_fep_dataset/data/fep_benchmark_processed/bayer_macrocycles_ftase_extraligs_custcore_stereo_protein.pdb,7,7.410959,7.3589015,7.1038346,7.2113748,7.7527184,7.692077,7.4102335,7.796396,7.0870733,7.506005,7.4329567
8,jacs_set/ptp1b,jacs_set/ptp1b/23477,../large_fep_dataset/data/fep_benchmark_processed/jacs_set_ptp1b_23477.sdf,../large_fep_dataset/data/fep_benchmark_processed/jacs_set_ptp1b_protein.pdb,8,6.249873,6.270286,6.7992334,6.2251406,7.112119,6.894696,6.589317,7.1132536,6.8005714,5.9620433,6.601653
9,jacs_set/ptp1b,jacs_set/ptp1b/23484,../large_fep_dataset/data/fep_benchmark_processed/jacs_set_ptp1b_23484.sdf,../large_fep_dataset/data/fep_benchmark_processed/jacs_set_ptp1b_protein.pdb,9,6.241535,7.074796,6.7690473,5.891239,6.2788877,6.824898,6.9787774,6.3060174,6.9358926,6.1285787,6.5429673
10,jacs_set/ptp1b,jacs_set/ptp1b/23467,../large_fep_dataset/data/fep_benchmark_processed/jacs_set_ptp1b_23467.sdf,../large_fep_dataset/data/fep_benchmark_processed/jacs_set_ptp1b_protein.pdb,10,4.906923,5.198177,5.69498,5.1591973,6.5114555,6.0936427,5.8130155,5.3015428,5.6902676,5.4400926,5.5809298
11,jacs_set/ptp1b,jacs_set/ptp1b/20667,../large_fep_dataset/data/fep_benchmark_processed/jacs_set_ptp1b_20667.sdf,../large_fep_dataset/data/fep_benchmark_processed/jacs_set_ptp1b_protein.pdb,11,6.7099824,7.0814986,7.5535007,6.2532005,7.2002087,7.8462496,7.359227,7.3055024,7.2519855,6.266444,7.08278
12,jacs_set/ptp1b,jacs_set/ptp1b/23469,../large_fep_dataset/data/fep_benchmark_processed/jacs_set_ptp1b_23469.sdf,../large_fep_dataset/data/fep_benchmark_processed/jacs_set_ptp1b_protein.pdb,12,5.6598444,4.972521,6.3078055,5.5395265,6.0782447,6.5927696,6.024143,6.4489503,6.4027343,5.4060144,5.9432554
13,jacs_set/ptp1b,jacs_set/ptp1b/23483,../large_fep_dataset/data/fep_benchmark_processed/jacs_set_ptp1b_23483.sdf,../large_fep_dataset/data/fep_benchmark_processed/jacs_set_ptp1b_protein.pdb,13,6.507057,6.8569555,7.493299,6.2463565,7.168483,7.3995595,7.369162,6.8875027,7.216256,6.3494167,6.9494047
14,jacs_set/ptp1b,jacs_set/ptp1b/23480,../large_fep_dataset/data/fep_benchmark_processed/jacs_set_ptp1b_23480.sdf,../large_fep_dataset/data/fep_benchmark_processed/jacs_set_ptp1b_protein.pdb,14,6.8693967,6.7933183,7.0908136,6.7851667,7.1031184,7.2682757,6.784205,6.5501475,6.500786,7.108114,6.885335
15,jacs_set/ptp1b,jacs_set/ptp1b/23474,../large_fep_dataset/data/fep_benchmark_processed/jacs_set_ptp1b_23474.sdf,../large_fep_dataset/data/fep_benchmark_processed/jacs_set_ptp1b_protein.pdb,15,5.80826,6.2074013,6.705759,6.55919,7.0776305,7.4246225,6.498512,6.941247,6.918449,6.8009477,6.6942015
16,jacs_set/ptp1b,jacs_set/ptp1b/23473,../large_fep_dataset/data/fep_benchmark_processed/jacs_set_ptp1b_23473.sdf,../large_fep_dataset/data/fep_benchmark_processed/jacs_set_ptp1b_protein.pdb,16,5.201128,4.540286,5.7889442,5.3632307,6.3507547,5.9727993,5.5177565,5.689125,5.5534415,5.035452,5.5012918
17,jacs_set/ptp1b,jacs_set/ptp1b/23471,../large_fep_dataset/data/fep_benchmark_processed/jacs_set_ptp1b_23471.sdf,../large_fep_dataset/data/fep_benchmark_processed/jacs_set_ptp1b_protein.pdb,17,5.671882,5.212284,6.23847,5.2470493,5.916913,6.0745664,5.7259097,5.5623584,5.447598,5.686951,5.678398
18,jacs_set/ptp1b,jacs_set/ptp1b/20669,../large_fep_dataset/data/fep_benchmark_processed/jacs_set_ptp1b_20669.sdf,../large_fep_dataset/data/fep_benchmark_processed/jacs_set_ptp1b_protein.pdb,18,5.713972,5.041461,6.3346586,5.740755,5.95843,6.2522993,5.882154,5.926569,6.231257,5.2102585,5.829181
19,jacs_set/ptp1b,jacs_set/ptp1b/23476,../large_fep_dataset/data/fep_benchmark_processed/jacs_set_ptp1b_23476.sdf,../large_fep_dataset/data/fep_benchmark_processed/jacs_set_ptp1b_protein.pdb,19,5.8616605,6.524507,6.6419563,6.7565317,7.14384,7.2175965,6.7025943,6.869336,7.036036,7.013497,6.7767563
20,jacs_set/ptp1b,jacs_set/ptp1b/23466,../large_fep_dataset/data/fep_benchmark_processed/jacs_set_ptp1b_23466.sdf,../large_fep_dataset/data/fep_benchmark_processed/jacs_set_ptp1b_protein.pdb,20,5.083496,4.9357724,5.4271593,5.274879,5.753167,5.3816967,5.493801,5.5726075,5.9475417,5.038447,5.3908567
21,jacs_set/ptp1b,jacs_set/ptp1b/23472,../large_fep_dataset/data/fep_benchmark_processed/jacs_set_ptp1b_23472.sdf,../large_fep_dataset/data/fep_benchmark_processed/jacs_set_ptp1b_protein.pdb,21,5.7784286,5.187128,5.8891373,5.00374,5.9165564,7.0383444,6.40865,6.176485,6.018548,5.286991,5.8704004
22,jacs_set/ptp1b,jacs_set/ptp1b/23482,../large_fep_dataset/data/fep_benchmark_processed/jacs_set_ptp1b_23482.sdf,../large_fep_dataset/data/fep_benchmark_processed/jacs_set_ptp1b_protein.pdb,22,6.4129376,6.6879096,7.320131,6.0880823,7.5295854,6.8728337,6.297713,7.0535083,7.111046,5.9855185,6.7359266
23,jacs_set/ptp1b,jacs_set/ptp1b/23486,../large_fep_dataset/data/fep_benchmark_processed/jacs_set_ptp1b_23486.sdf,../large_fep_dataset/data/fep_benchmark_processed/jacs_set_ptp1b_protein.pdb,23,6.799154,6.964583,7.46112,6.253958,7.336759,7.231589,7.2819724,6.938033,6.8051143,6.451389,6.9523673
24,jacs_set/ptp1b,jacs_set/ptp1b/23470,../large_fep_dataset/data/fep_benchmark_processed/jacs_set_ptp1b_23470.sdf,../large_fep_dataset/data/fep_benchmark_processed/jacs_set_ptp1b_protein.pdb,24,5.6214185,5.513605,6.1438384,5.621419,6.2646995,6.334936,6.369624,5.732687,6.057022,5.7477274,5.9406977
25,jacs_set/ptp1b,jacs_set/ptp1b/23468,../large_fep_dataset/data/fep_benchmark_processed/jacs_set_ptp1b_23468.sdf,../large_fep_dataset/data/fep_benchmark_processed/jacs_set_ptp1b_protein.pdb,25,5.8650327,5.692506,6.3742867,5.309766,6.1402125,6.2014136,6.532307,6.3097563,5.850496,5.8597083,6.0135484
26,jacs_set/ptp1b,jacs_set/ptp1b/23485,../large_fep_dataset/data/fep_benchmark_processed/jacs_set_ptp1b_23485.sdf,../large_fep_dataset/data/fep_benchmark_processed/jacs_set_ptp1b_protein.pdb,26,6.5121922,7.4299173,6.973409,6.1633396,7.100635,7.4975743,7.6943345,6.5342927,6.802132,6.562966,6.9270797
27,jacs_set/ptp1b,jacs_set/ptp1b/23330,../large_fep_dataset/data/fep_benchmark_processed/jacs_set_ptp1b_23330.sdf,../large_fep_dataset/data/fep_benchmark_processed/jacs_set_ptp1b_protein.pdb,27,6.910927,6.2692275,6.754819,5.9365077,7.172753,6.9455934,6.757196,6.7516384,6.5852985,6.416906,6.650087
28,jacs_set/ptp1b,jacs_set/ptp1b/20670,../large_fep_dataset/data/fep_benchmark_processed/jacs_set_ptp1b_20670.sdf,../large_fep_dataset/data/fep_benchmark_processed/jacs_set_ptp1b_protein.pdb,28,5.919363,6.553361,6.66542,6.822285,7.253168,7.212008,6.770917,6.827524,7.107113,6.9466224,6.8077784
29,jacs_set/ptp1b,jacs_set/ptp1b/23479,../large_fep_dataset/data/fep_benchmark_processed/jacs_set_ptp1b_23479.sdf,../large_fep_dataset/data/fep_benchmark_processed/jacs_set_ptp1b_protein.pdb,29,5.8425536,6.6278763,6.795925,6.125256,6.6373997,6.540432,6.7319913,6.6955047,6.475438,5.7593737,6.423175
30,jacs_set/ptp1b,jacs_set/ptp1b/23475,../large_fep_dataset/data/fep_benchmark_processed/jacs_set_ptp1b_23475.sdf,../large_fep_dataset/data/fep_benchmark_processed/jacs_set_ptp1b_protein.pdb,30,5.969304,6.515784,6.7868295,6.592546,7.0355997,7.1276345,6.736637,6.6287746,7.0240192,6.837929,6.725506
31,jacs_set/mcl1_extra_flips,jacs_set/mcl1_extra_flips/23,../large_fep_dataset/data/fep_benchmark_processed/jacs_set_mcl1_extra_flips_23.sdf,../large_fep_dataset/data/fep_benchmark_processed/jacs_set_mcl1_extra_flips_protein.pdb,31,5.9546385,5.157443,5.4533277,5.723204,5.3876977,5.7142625,5.0974855,5.6079803,5.9563565,5.306376,5.5358768
32,jacs_set/mcl1_extra_flips,jacs_set/mcl1_extra_flips/26,../large_fep_dataset/data/fep_benchmark_processed/jacs_set_mcl1_extra_flips_26.sdf,../large_fep_dataset/data/fep_benchmark_processed/jacs_set_mcl1_extra_flips_protein.pdb,32,5.8000064,5.2638354,5.2936616,5.8447943,5.8528094,5.5930223,5.139377,5.496811,6.1545963,5.7889395,5.622785
33,jacs_set/mcl1_extra_flips,jacs_set/mcl1_extra_flips/27,../large_fep_dataset/data/fep_benchmark_processed/jacs_set_mcl1_extra_flips_27.sdf,../large_fep_dataset/data/fep_benchmark_processed/jacs_set_mcl1_extra_flips_protein.pdb,33,5.5994935,5.7319055,5.7844343,5.079403,5.5742655,5.3515596,5.4098105,4.971467,5.7142315,5.3867545,5.460332
34,jacs_set/mcl1_extra_flips,jacs_set/mcl1_extra_flips/28,../large_fep_dataset/data/fep_benchmark_processed/jacs_set_mcl1_extra_flips_28.sdf,../large_fep_dataset/data/fep_benchmark_processed/jacs_set_mcl1_extra_flips_protein.pdb,34,5.899937,6.0127935,5.672302,5.222537,5.445681,4.963894,5.6427865,5.105375,5.926021,5.8326674,5.5724
35,jacs_set/mcl1_extra_flips,jacs_set/mcl1_extra_flips/29,../large_fep_dataset/data/fep_benchmark_processed/jacs_set_mcl1_extra_flips_29.sdf,../large_fep_dataset/data/fep_benchmark_processed/jacs_set_mcl1_extra_flips_protein.pdb,35,5.5324764,5.601556,5.048322,5.366628,5.317684,4.9196305,4.9835052,5.5076113,6.411619,5.8523865,5.454142
36,jacs_set/mcl1_extra_flips,jacs_set/mcl1_extra_flips/30 flip,../large_fep_dataset/data/fep_benchmark_processed/jacs_set_mcl1_extra_flips_30_flip.sdf,../large_fep_dataset/data/fep_benchmark_processed/jacs_set_mcl1_extra_flips_protein.pdb,36,5.5266023,5.8199563,5.939898,5.2816377,5.4610243,5.137361,5.8037963,5.125361,6.3047748,5.7961364,5.6196547
37,jacs_set/mcl1_extra_flips,jacs_set/mcl1_extra_flips/31,../large_fep_dataset/data/fep_benchmark_processed/jacs_set_mcl1_extra_flips_31.sdf,../large_fep_dataset/data/fep_benchmark_processed/jacs_set_mcl1_extra_flips_protein.pdb,37,5.2581196,5.2329655,5.18745,4.8644238,5.0718193,5.2733197,4.588642,4.6427436,6.144506,5.857143,5.212113
38,jacs_set/mcl1_extra_flips,jacs_set/mcl1_extra_flips/32,../large_fep_dataset/data/fep_benchmark_processed/jacs_set_mcl1_extra_flips_32.sdf,../large_fep_dataset/data/fep_benchmark_processed/jacs_set_mcl1_extra_flips_protein.pdb,38,5.6693096,5.8477263,6.0697927,5.122532,5.652926,5.241692,5.7784767,5.231851,6.166811,5.6460924,5.642721
39,jacs_set/mcl1_extra_flips,jacs_set/mcl1_extra_flips/33,../large_fep_dataset/data/fep_benchmark_processed/jacs_set_mcl1_extra_flips_33.sdf,../large_fep_dataset/data/fep_benchmark_processed/jacs_set_mcl1_extra_flips_protein.pdb,39,5.6340046,5.362876,5.851101,5.5985484,5.2730703,5.05488,5.356064,5.5381002,5.68595,5.699534,5.5054135
40,jacs_set/mcl1_extra_flips,jacs_set/mcl1_extra_flips/34,../large_fep_dataset/data/fep_benchmark_processed/jacs_set_mcl1_extra_flips_34.sdf,../large_fep_dataset/data/fep_benchmark_processed/jacs_set_mcl1_extra_flips_protein.pdb,40,5.0006213,5.301857,5.1791177,4.78186,5.2061167,5.545384,4.5867825,4.549932,5.9156666,5.9599423,5.202728
41,jacs_set/mcl1_extra_flips,jacs_set/mcl1_extra_flips/35,../large_fep_dataset/data/fep_benchmark_processed/jacs_set_mcl1_extra_flips_35.sdf,../large_fep_dataset/data/fep_benchmark_processed/jacs_set_mcl1_extra_flips_protein.pdb,41,5.912727,6.1172724,6.2228327,5.8247967,5.2504444,5.3205533,5.652024,5.2826424,6.3436985,6.0941553,5.802114
42,jacs_set/mcl1_extra_flips,jacs_set/mcl1_extra_flips/36,../large_fep_dataset/data/fep_benchmark_processed/jacs_set_mcl1_extra_flips_36.sdf,../large_fep_dataset/data/fep_benchmark_processed/jacs_set_mcl1_extra_flips_protein.pdb,42,6.5998154,5.95181,6.2993345,5.711552,5.814722,5.48026,6.050773,6.2395277,6.193825,6.4989815,6.08406
43,jacs_set/mcl1_extra_flips,jacs_set/mcl1_extra_flips/37,../large_fep_dataset/data/fep_benchmark_processed/jacs_set_mcl1_extra_flips_37.sdf,../large_fep_dataset/data/fep_benchmark_processed/jacs_set_mcl1_extra_flips_protein.pdb,43,6.0317264,6.320872,6.6799417,5.844219,5.414248,5.4842653,6.1422367,5.4473014,6.5991073,6.204074,6.016799
44,jacs_set/mcl1_extra_flips,jacs_set/mcl1_extra_flips/38 flip,../large_fep_dataset/data/fep_benchmark_processed/jacs_set_mcl1_extra_flips_38_flip.sdf,../large_fep_dataset/data/fep_benchmark_processed/jacs_set_mcl1_extra_flips_protein.pdb,44,5.8939238,6.3168917,5.8448677,5.4680834,6.257737,5.9298677,5.827956,5.634117,6.1790357,6.0122957,5.936477
45,jacs_set/mcl1_extra_flips,jacs_set/mcl1_extra_flips/39,../large_fep_dataset/data/fep_benchmark_processed/jacs_set_mcl1_extra_flips_39.sdf,../large_fep_dataset/data/fep_benchmark_processed/jacs_set_mcl1_extra_flips_protein.pdb,45,5.6373944,6.398815,5.6947727,5.261496,6.0101223,5.6135683,5.7199965,5.264583,5.913586,5.831656,5.734599
46,jacs_set/mcl1_extra_flips,jacs_set/mcl1_extra_flips/40 flip,../large_fep_dataset/data/fep_benchmark_processed/jacs_set_mcl1_extra_flips_40_flip.sdf,../large_fep_dataset/data/fep_benchmark_processed/jacs_set_mcl1_extra_flips_protein.pdb,46,5.681512,6.6616244,5.8930855,5.3254395,5.8711224,5.350616,6.0537157,5.130003,6.1614532,6.2684765,5.839705
47,jacs_set/mcl1_extra_flips,jacs_set/mcl1_extra_flips/41 flip,../large_fep_dataset/data/fep_benchmark_processed/jacs_set_mcl1_extra_flips_41_flip.sdf,../large_fep_dataset/data/fep_benchmark_processed/jacs_set_mcl1_extra_flips_protein.pdb,47,6.1582985,6.4581227,6.6741347,5.790195,6.613782,5.827538,6.618268,5.508129,6.2799497,6.1203246,6.204874
48,jacs_set/mcl1_extra_flips,jacs_set/mcl1_extra_flips/42,../large_fep_dataset/data/fep_benchmark_processed/jacs_set_mcl1_extra_flips_42.sdf,../large_fep_dataset/data/fep_benchmark_processed/jacs_set_mcl1_extra_flips_protein.pdb,48,5.8913903,5.7217484,5.4111586,5.5920744,5.940796,5.482378,5.8613687,5.2920904,6.267075,6.1518626,5.761194
49,jacs_set/mcl1_extra_flips,jacs_set/mcl1_extra_flips/43 flip,../large_fep_dataset/data/fep_benchmark_processed/jacs_set_mcl1_extra_flips_43_flip.sdf,../large_fep_dataset/data/fep_benchmark_processed/jacs_set_mcl1_extra_flips_protein.pdb,49,6.1087112,6.382376,5.911336,5.5356426,5.772104,5.796259,5.881927,5.4118314,6.4352803,5.9703465,5.920582
50,jacs_set/mcl1_extra_flips,jacs_set/mcl1_extra_flips/44,../large_fep_dataset/data/fep_benchmark_processed/jacs_set_mcl1_extra_flips_44.sdf,../large_fep_dataset/data/fep_benchmark_processed/jacs_set_mcl1_extra_flips_protein.pdb,50,5.90725,5.9363456,5.882751,6.0956287,5.803002,5.840668,5.7647343,5.39172,6.027529,6.3734107,5.9023037
51,jacs_set/mcl1_extra_flips,jacs_set/mcl1_extra_flips/45,../large_fep_dataset/data/fep_benchmark_processed/jacs_set_mcl1_extra_flips_45.sdf,../large_fep_dataset/data/fep_benchmark_processed/jacs_set_mcl1_extra_flips_protein.pdb,51,6.0576053,6.1931148,6.3755136,5.6171865,6.9239345,6.2396216,6.4530573,6.4578447,6.6247544,6.259101,6.3201733
52,jacs_set/mcl1_extra_flips,jacs_set/mcl1_extra_flips/46 flip,../large_fep_dataset/data/fep_benchmark_processed/jacs_set_mcl1_extra_flips_46_flip.sdf,../large_fep_dataset/data/fep_benchmark_processed/jacs_set_mcl1_extra_flips_protein.pdb,52,5.8109026,5.870366,6.075395,5.3160563,6.117605,5.866485,6.1552043,5.5753145,6.6034036,6.0627146,5.9453444
53,jacs_set/mcl1_extra_flips,jacs_set/mcl1_extra_flips/47 flip,../large_fep_dataset/data/fep_benchmark_processed/jacs_set_mcl1_extra_flips_47_flip.sdf,../large_fep_dataset/data/fep_benchmark_processed/jacs_set_mcl1_extra_flips_protein.pdb,53,5.9894147,6.453133,5.7615542,5.889401,5.6487164,6.010361,6.0640154,5.511237,6.537958,6.2127476,6.0078535
54,jacs_set/mcl1_extra_flips,jacs_set/mcl1_extra_flips/48 flip,../large_fep_dataset/data/fep_benchmark_processed/jacs_set_mcl1_extra_flips_48_flip.sdf,../large_fep_dataset/data/fep_benchmark_processed/jacs_set_mcl1_extra_flips_protein.pdb,54,5.6409597,5.225903,5.48098,4.6049623,5.095119,4.909715,5.602717,4.858131,5.7619047,6.027963,5.3208356
55,jacs_set/mcl1_extra_flips,jacs_set/mcl1_extra_flips/49,../large_fep_dataset/data/fep_benchmark_processed/jacs_set_mcl1_extra_flips_49.sdf,../large_fep_dataset/data/fep_benchmark_processed/jacs_set_mcl1_extra_flips_protein.pdb,55,6.415273,6.474275,6.5307813,6.599843,5.267267,6.395926,6.289793,5.9319496,6.0107465,6.872056,6.278791
56,jacs_set/mcl1_extra_flips,jacs_set/mcl1_extra_flips/50,../large_fep_dataset/data/fep_benchmark_processed/jacs_set_mcl1_extra_flips_50.sdf,../large_fep_dataset/data/fep_benchmark_processed/jacs_set_mcl1_extra_flips_protein.pdb,56,6.569124,6.7064323,6.980577,6.6673794,5.5302243,6.510436,6.9184513,6.2169533,6.5310893,7.051736,6.568241
57,jacs_set/mcl1_extra_flips,jacs_set/mcl1_extra_flips/51,../large_fep_dataset/data/fep_benchmark_processed/jacs_set_mcl1_extra_flips_51.sdf,../large_fep_dataset/data/fep_benchmark_processed/jacs_set_mcl1_extra_flips_protein.pdb,57,6.5152674,6.43222,5.9604573,6.130629,6.174798,6.381512,5.8912015,5.6381392,6.231818,6.946523,6.230256
58,jacs_set/mcl1_extra_flips,jacs_set/mcl1_extra_flips/52,../large_fep_dataset/data/fep_benchmark_processed/jacs_set_mcl1_extra_flips_52.sdf,../large_fep_dataset/data/fep_benchmark_processed/jacs_set_mcl1_extra_flips_protein.pdb,58,5.6491985,6.288373,6.651342,6.447086,5.5563693,6.2312922,6.2097497,6.1322913,6.0401587,6.4132566,6.161912
59,jacs_set/mcl1_extra_flips,jacs_set/mcl1_extra_flips/53,../large_fep_dataset/data/fep_benchmark_processed/jacs_set_mcl1_extra_flips_53.sdf,../large_fep_dataset/data/fep_benchmark_processed/jacs_set_mcl1_extra_flips_protein.pdb,59,5.9172125,6.744147,7.2241096,6.7122893,5.6787844,6.446263,6.8420033,6.258762,6.368805,6.6666174,6.4858994
60,jacs_set/mcl1_extra_flips,jacs_set/mcl1_extra_flips/54,../large_fep_dataset/data/fep_benchmark_processed/jacs_set_mcl1_extra_flips_54.sdf,../large_fep_dataset/data/fep_benchmark_processed/jacs_set_mcl1_extra_flips_protein.pdb,60,5.761661,6.1471972,6.0729704,6.407163,6.1523404,6.1016135,5.798104,5.7317333,6.3185296,6.8872538,6.1378565
61,jacs_set/mcl1_extra_flips,jacs_set/mcl1_extra_flips/56,../large_fep_dataset/data/fep_benchmark_processed/jacs_set_mcl1_extra_flips_56.sdf,../large_fep_dataset/data/fep_benchmark_processed/jacs_set_mcl1_extra_flips_protein.pdb,61,6.5435934,6.8482404,7.158479,6.1244526,6.145527,6.6569524,6.7120833,5.95175,7.0806227,6.582221,6.580392
62,jacs_set/mcl1_extra_flips,jacs_set/mcl1_extra_flips/57,../large_fep_dataset/data/fep_benchmark_processed/jacs_set_mcl1_extra_flips_57.sdf,../large_fep_dataset/data/fep_benchmark_processed/jacs_set_mcl1_extra_flips_protein.pdb,62,6.4160604,5.8669167,6.059029,5.504355,6.6434073,6.4575787,6.1366014,5.6328483,6.632285,6.4450336,6.179412
63,jacs_set/mcl1_extra_flips,jacs_set/mcl1_extra_flips/58,../large_fep_dataset/data/fep_benchmark_processed/jacs_set_mcl1_extra_flips_58.sdf,../large_fep_dataset/data/fep_benchmark_processed/jacs_set_mcl1_extra_flips_protein.pdb,63,6.565925,7.36607,7.912448,7.035225,5.8866205,7.15927,7.914565,6.7723784,7.0633597,7.1977544,7.087362
64,jacs_set/mcl1_extra_flips,jacs_set/mcl1_extra_flips/60,../large_fep_dataset/data/fep_benchmark_processed/jacs_set_mcl1_extra_flips_60.sdf,../large_fep_dataset/data/fep_benchmark_processed/jacs_set_mcl1_extra_flips_protein.pdb,64,6.229813,6.136717,6.876668,6.1215367,5.6324735,6.181314,5.9569488,5.87964,6.3289814,5.3703756,6.0714464
65,jacs_set/mcl1_extra_flips,jacs_set/mcl1_extra_flips/61,../large_fep_dataset/data/fep_benchmark_processed/jacs_set_mcl1_extra_flips_61.sdf,../large_fep_dataset/data/fep_benchmark_processed/jacs_set_mcl1_extra_flips_protein.pdb,65,6.512909,6.4572706,7.2843485,6.7785487,5.8567896,7.199604,6.7822256,6.7400246,6.852746,6.475135,6.6939597
66,jacs_set/mcl1_extra_flips,jacs_set/mcl1_extra_flips/62,../large_fep_dataset/data/fep_benchmark_processed/jacs_set_mcl1_extra_flips_62.sdf,../large_fep_dataset/data/fep_benchmark_processed/jacs_set_mcl1_extra_flips_protein.pdb,66,6.1360345,5.7562733,6.3884344,6.0911036,6.1116285,6.8234544,5.8573494,6.188821,6.6148973,6.2203054,6.2188306
67,jacs_set/mcl1_extra_flips,jacs_set/mcl1_extra_flips/63,../large_fep_dataset/data/fep_benchmark_processed/jacs_set_mcl1_extra_flips_63.sdf,../large_fep_dataset/data/fep_benchmark_processed/jacs_set_mcl1_extra_flips_protein.pdb,67,6.203584,6.6168714,7.4469585,7.344775,6.106722,7.34721,6.941358,6.6764255,6.5590954,6.231188,6.7474184
68,jacs_set/mcl1_extra_flips,jacs_set/mcl1_extra_flips/64,../large_fep_dataset/data/fep_benchmark_processed/jacs_set_mcl1_extra_flips_64.sdf,../large_fep_dataset/data/fep_benchmark_processed/jacs_set_mcl1_extra_flips_protein.pdb,68,5.9024916,6.108664,6.1156955,6.45492,6.13183,7.1322474,5.99956,6.099357,6.416309,6.2445483,6.2605624
69,jacs_set/mcl1_extra_flips,jacs_set/mcl1_extra_flips/65,../large_fep_dataset/data/fep_benchmark_processed/jacs_set_mcl1_extra_flips_65.sdf,../large_fep_dataset/data/fep_benchmark_processed/jacs_set_mcl1_extra_flips_protein.pdb,69,6.1580205,6.5107,6.944639,6.9267063,5.6032786,6.884763,6.275667,6.6155496,6.30887,5.8897877,6.411798
70,jacs_set/mcl1_extra_flips,jacs_set/mcl1_extra_flips/66,../large_fep_dataset/data/fep_benchmark_processed/jacs_set_mcl1_extra_flips_66.sdf,../large_fep_dataset/data/fep_benchmark_processed/jacs_set_mcl1_extra_flips_protein.pdb,70,5.702757,5.653173,5.715501,6.032352,5.7767487,6.5334487,5.3634915,6.1363544,5.9479394,5.9248147,5.8786583
71,jacs_set/mcl1_extra_flips,jacs_set/mcl1_extra_flips/67,../large_fep_dataset/data/fep_benchmark_processed/jacs_set_mcl1_extra_flips_67.sdf,../large_fep_dataset/data/fep_benchmark_processed/jacs_set_mcl1_extra_flips_protein.pdb,71,5.798796,6.21937,6.5197544,6.498452,5.5998063,6.2189803,6.135464,5.919999,6.2906046,5.945534,6.114676
72,jacs_set/mcl1_extra_flips,jacs_set/mcl1_extra_flips/68,../large_fep_dataset/data/fep_benchmark_processed/jacs_set_mcl1_extra_flips_68.sdf,../large_fep_dataset/data/fep_benchmark_processed/jacs_set_mcl1_extra_flips_protein.pdb,72,5.932101,5.690696,5.82815,6.220573,5.849982,6.62025,6.108173,6.1510715,5.8941073,6.4142175,6.070932
73,jacs_set/cdk2,jacs_set/cdk2/17,../large_fep_dataset/data/fep_benchmark_processed/jacs_set_cdk2_17.sdf,../large_fep_dataset/data/fep_benchmark_processed/jacs_set_cdk2_protein.pdb,73,5.261938,5.1633,5.0577936,5.4711766,5.840335,5.652404,5.7530704,5.710489,5.901781,6.0166874,5.582897
74,jacs_set/cdk2,jacs_set/cdk2/28,../large_fep_dataset/data/fep_benchmark_processed/jacs_set_cdk2_28.sdf,../large_fep_dataset/data/fep_benchmark_processed/jacs_set_cdk2_protein.pdb,74,5.9926634,5.7387123,5.7112513,5.924944,5.8752384,6.457807,6.013302,6.305785,6.20977,6.366134,6.059561
75,jacs_set/cdk2,jacs_set/cdk2/22,../large_fep_dataset/data/fep_benchmark_processed/jacs_set_cdk2_22.sdf,../large_fep_dataset/data/fep_benchmark_processed/jacs_set_cdk2_protein.pdb,75,5.8463073,5.846115,6.0019975,5.778188,6.5540633,5.9370275,6.345434,5.6725664,6.709961,5.9973164,6.068898
76,jacs_set/cdk2,jacs_set/cdk2/30,../large_fep_dataset/data/fep_benchmark_processed/jacs_set_cdk2_30.sdf,../large_fep_dataset/data/fep_benchmark_processed/jacs_set_cdk2_protein.pdb,76,6.1549587,5.5362816,5.6292777,5.885638,5.8572955,6.1536827,6.092663,6.696492,6.177862,6.585258,6.076941
77,jacs_set/cdk2,jacs_set/cdk2/1h1r,../large_fep_dataset/data/fep_benchmark_processed/jacs_set_cdk2_1h1r.sdf,../large_fep_dataset/data/fep_benchmark_processed/jacs_set_cdk2_protein.pdb,77,5.275366,5.5358386,5.1810427,5.7158556,6.1151485,5.551321,6.1846876,5.7802415,5.652636,5.6012897,5.659343
78,jacs_set/cdk2,jacs_set/cdk2/1h1s,../large_fep_dataset/data/fep_benchmark_processed/jacs_set_cdk2_1h1s.sdf,../large_fep_dataset/data/fep_benchmark_processed/jacs_set_cdk2_protein.pdb,78,5.6987114,5.778406,5.4028955,5.6934204,5.916385,6.2154064,5.840632,6.0680685,6.3511524,6.5611987,5.952628
79,jacs_set/cdk2,jacs_set/cdk2/21,../large_fep_dataset/data/fep_benchmark_processed/jacs_set_cdk2_21.sdf,../large_fep_dataset/data/fep_benchmark_processed/jacs_set_cdk2_protein.pdb,79,5.4400077,5.431109,5.3150578,5.2408814,5.6143775,5.715886,6.1368747,5.841138,5.5688806,4.9882116,5.5292425
80,jacs_set/cdk2,jacs_set/cdk2/1oiy,../large_fep_dataset/data/fep_benchmark_processed/jacs_set_cdk2_1oiy.sdf,../large_fep_dataset/data/fep_benchmark_processed/jacs_set_cdk2_protein.pdb,80,5.640316,5.116182,5.6779394,5.641991,5.414871,5.6510844,5.700702,6.2130756,5.894136,5.7824574,5.673275
81,jacs_set/cdk2,jacs_set/cdk2/1oiu,../large_fep_dataset/data/fep_benchmark_processed/jacs_set_cdk2_1oiu.sdf,../large_fep_dataset/data/fep_benchmark_processed/jacs_set_cdk2_protein.pdb,81,5.6064405,5.6535068,5.2672057,5.512599,5.917857,5.9369893,6.061085,6.2164397,6.200789,6.5984635,5.8971376
82,jacs_set/cdk2,jacs_set/cdk2/31,../large_fep_dataset/data/fep_benchmark_processed/jacs_set_cdk2_31.sdf,../large_fep_dataset/data/fep_benchmark_processed/jacs_set_cdk2_protein.pdb,82,5.591021,5.253825,5.723896,6.372389,5.9415245,5.6407285,5.6616335,6.1530128,6.2321224,5.945951,5.85161
83,jacs_set/cdk2,jacs_set/cdk2/29,../large_fep_dataset/data/fep_benchmark_processed/jacs_set_cdk2_29.sdf,../large_fep_dataset/data/fep_benchmark_processed/jacs_set_cdk2_protein.pdb,83,5.609738,5.682024,5.9930005,5.5301576,5.923225,6.1080875,5.9613757,6.5681567,6.5416255,6.530805,6.0448194
84,jacs_set/cdk2,jacs_set/cdk2/26,../large_fep_dataset/data/fep_benchmark_processed/jacs_set_cdk2_26.sdf,../large_fep_dataset/data/fep_benchmark_processed/jacs_set_cdk2_protein.pdb,84,5.527321,5.339925,5.419419,5.2700257,5.7265916,5.720407,6.1803274,6.085706,6.124913,5.5437217,5.6938353
85,jacs_set/cdk2,jacs_set/cdk2/1oi9,../large_fep_dataset/data/fep_benchmark_processed/jacs_set_cdk2_1oi9.sdf,../large_fep_dataset/data/fep_benchmark_processed/jacs_set_cdk2_protein.pdb,85,5.14051,5.585253,5.188044,5.8415394,5.716016,5.7228994,5.9185586,5.350167,6.0988355,5.1776485,5.573947
86,jacs_set/cdk2,jacs_set/cdk2/20,../large_fep_dataset/data/fep_benchmark_processed/jacs_set_cdk2_20.sdf,../large_fep_dataset/data/fep_benchmark_processed/jacs_set_cdk2_protein.pdb,86,6.0162253,5.50213,5.7086496,5.4453907,5.7966347,5.9942446,5.876806,5.3017416,6.3500543,5.8562055,5.784808
87,jacs_set/cdk2,jacs_set/cdk2/32,../large_fep_dataset/data/fep_benchmark_processed/jacs_set_cdk2_32.sdf,../large_fep_dataset/data/fep_benchmark_processed/jacs_set_cdk2_protein.pdb,87,6.304838,6.145996,5.766931,5.860713,6.196251,7.126084,6.5043807,6.0792656,7.052826,7.1366024,6.417389
88,jacs_set/cdk2,jacs_set/cdk2/1h1q,../large_fep_dataset/data/fep_benchmark_processed/jacs_set_cdk2_1h1q.sdf,../large_fep_dataset/data/fep_benchmark_processed/jacs_set_cdk2_protein.pdb,88,5.7809873,5.515309,5.136014,5.504492,6.1473274,5.786457,5.9484167,6.664424,5.8518248,5.7063203,5.8041577
89,jacs_set/jnk1_manual_flips,jacs_set/jnk1_manual_flips/18626-1,../large_fep_dataset/data/fep_benchmark_processed/jacs_set_jnk1_manual_flips_18626-1.sdf,../large_fep_dataset/data/fep_benchmark_processed/jacs_set_jnk1_manual_flips_protein.pdb,89,7.8922987,6.913952,8.124335,6.716024,7.253588,7.618919,7.429209,6.900723,6.5802274,7.503796,7.2933083
90,jacs_set/jnk1_manual_flips,jacs_set/jnk1_manual_flips/18628-1_flip,../large_fep_dataset/data/fep_benchmark_processed/jacs_set_jnk1_manual_flips_18628-1_flip.sdf,../large_fep_dataset/data/fep_benchmark_processed/jacs_set_jnk1_manual_flips_protein.pdb,90,7.239183,7.345919,7.2689347,6.840085,6.8525558,7.8715596,7.6096606,6.1490664,6.767715,7.8548512,7.179953
91,jacs_set/jnk1_manual_flips,jacs_set/jnk1_manual_flips/18629-1,../large_fep_dataset/data/fep_benchmark_processed/jacs_set_jnk1_manual_flips_18629-1.sdf,../large_fep_dataset/data/fep_benchmark_processed/jacs_set_jnk1_manual_flips_protein.pdb,91,7.6236434,7.1490426,7.7702203,6.8642893,7.137289,7.8102593,7.7560053,6.6228204,6.9354944,7.9187016,7.358777
92,jacs_set/jnk1_manual_flips,jacs_set/jnk1_manual_flips/18636-1,../large_fep_dataset/data/fep_benchmark_processed/jacs_set_jnk1_manual_flips_18636-1.sdf,../large_fep_dataset/data/fep_benchmark_processed/jacs_set_jnk1_manual_flips_protein.pdb,92,8.33482,6.982608,7.810786,6.7170134,7.3450427,7.496018,7.6016326,7.1001854,7.045062,7.438279,7.3871446
93,jacs_set/jnk1_manual_flips,jacs_set/jnk1_manual_flips/17124-1,../large_fep_dataset/data/fep_benchmark_processed/jacs_set_jnk1_manual_flips_17124-1.sdf,../large_fep_dataset/data/fep_benchmark_processed/jacs_set_jnk1_manual_flips_protein.pdb,93,8.46634,7.3048615,6.984942,6.585834,7.413719,7.6922083,8.116467,6.8653836,7.0265093,7.866636,7.4322906
94,jacs_set/jnk1_manual_flips,jacs_set/jnk1_manual_flips/18627-1,../large_fep_dataset/data/fep_benchmark_processed/jacs_set_jnk1_manual_flips_18627-1.sdf,../large_fep_dataset/data/fep_benchmark_processed/jacs_set_jnk1_manual_flips_protein.pdb,94,7.6481595,6.6261044,8.026171,6.735174,7.059264,7.5489073,7.3373446,6.796643,6.5103836,7.0902114,7.1378355
95,jacs_set/jnk1_manual_flips,jacs_set/jnk1_manual_flips/18638-1,../large_fep_dataset/data/fep_benchmark_processed/jacs_set_jnk1_manual_flips_18638-1.sdf,../large_fep_dataset/data/fep_benchmark_processed/jacs_set_jnk1_manual_flips_protein.pdb,95,8.352926,7.3670697,6.9576707,7.389758,7.359744,7.312212,7.2528615,6.7025404,6.6080246,6.6410427,7.1943855
96,jacs_set/jnk1_manual_flips,jacs_set/jnk1_manual_flips/18659-1,../large_fep_dataset/data/fep_benchmark_processed/jacs_set_jnk1_manual_flips_18659-1.sdf,../large_fep_dataset/data/fep_benchmark_processed/jacs_set_jnk1_manual_flips_protein.pdb,96,7.7185416,6.678369,7.2626452,6.6974835,7.414145,7.0818157,7.782464,6.6861734,6.490495,6.643637,7.0455766
97,jacs_set/jnk1_manual_flips,jacs_set/jnk1_manual_flips/18639-1,../large_fep_dataset/data/fep_benchmark_processed/jacs_set_jnk1_manual_flips_18639-1.sdf,../large_fep_dataset/data/fep_benchmark_processed/jacs_set_jnk1_manual_flips_protein.pdb,97,7.9540033,6.886077,7.440856,7.078065,7.3818665,7.4647727,8.0899515,6.9533052,6.6819787,7.1998787,7.313075
98,jacs_set/jnk1_manual_flips,jacs_set/jnk1_manual_flips/18634-1,../large_fep_dataset/data/fep_benchmark_processed/jacs_set_jnk1_manual_flips_18634-1.sdf,../large_fep_dataset/data/fep_benchmark_processed/jacs_set_jnk1_manual_flips_protein.pdb,98,7.958194,6.8915095,7.0532956,6.629947,7.0308394,7.145166,7.995564,6.4308505,6.6993146,7.5453424,7.138002
99,jacs_set/jnk1_manual_flips,jacs_set/jnk1_manual_flips/18630-1,../large_fep_dataset/data/fep_benchmark_processed/jacs_set_jnk1_manual_flips_18630-1.sdf,../large_fep_dataset/data/fep_benchmark_processed/jacs_set_jnk1_manual_flips_protein.pdb,99,7.074355,6.8313932,7.509524,6.4921155,6.9114313,7.627633,7.5851054,6.323734,6.60705,7.472943,7.0435286
100,jacs_set/jnk1_manual_flips,jacs_set/jnk1_manual_flips/18637-1,../large_fep_dataset/data/fep_benchmark_processed/jacs_set_jnk1_manual_flips_18637-1.sdf,../large_fep_dataset/data/fep_benchmark_processed/jacs_set_jnk1_manual_flips_protein.pdb,100,7.962602,6.84405,6.9289474,6.9064336,7.188669,7.186551,7.9777727,6.5439262,6.6429915,6.84281,7.1024756
101,jacs_set/jnk1_manual_flips,jacs_set/jnk1_manual_flips/18658-1,../large_fep_dataset/data/fep_benchmark_processed/jacs_set_jnk1_manual_flips_18658-1.sdf,../large_fep_dataset/data/fep_benchmark_processed/jacs_set_jnk1_manual_flips_protein.pdb,101,7.56025,6.994722,7.021244,6.7355213,7.2560854,7.070551,8.125639,6.7310433,6.312196,6.9716763,7.0778933
102,jacs_set/jnk1_manual_flips,jacs_set/jnk1_manual_flips/18632-1,../large_fep_dataset/data/fep_benchmark_processed/jacs_set_jnk1_manual_flips_18632-1.sdf,../large_fep_dataset/data/fep_benchmark_processed/jacs_set_jnk1_manual_flips_protein.pdb,102,7.8086123,7.2782483,7.7222123,6.8515773,7.041354,7.535789,7.6883383,6.767008,6.952979,7.592441,7.3238554
103,jacs_set/jnk1_manual_flips,jacs_set/jnk1_manual_flips/18633-1,../large_fep_dataset/data/fep_benchmark_processed/jacs_set_jnk1_manual_flips_18633-1.sdf,../large_fep_dataset/data/fep_benchmark_processed/jacs_set_jnk1_manual_flips_protein.pdb,103,7.643736,6.775148,7.7008,6.5645375,6.880905,7.307771,7.59314,6.453562,6.6666164,7.283546,7.086976
104,jacs_set/jnk1_manual_flips,jacs_set/jnk1_manual_flips/18635-1,../large_fep_dataset/data/fep_benchmark_processed/jacs_set_jnk1_manual_flips_18635-1.sdf,../large_fep_dataset/data/fep_benchmark_processed/jacs_set_jnk1_manual_flips_protein.pdb,104,7.3669286,7.5415525,7.7885556,6.973239,7.071191,7.6872253,7.9642663,6.5202093,7.199998,8.199826,7.4312997
105,jacs_set/jnk1_manual_flips,jacs_set/jnk1_manual_flips/18631-1,../large_fep_dataset/data/fep_benchmark_processed/jacs_set_jnk1_manual_flips_18631-1.sdf,../large_fep_dataset/data/fep_benchmark_processed/jacs_set_jnk1_manual_flips_protein.pdb,105,7.7731223,7.0340943,7.362828,6.814293,7.13157,7.3249273,7.732578,6.662998,7.0518513,7.7033443,7.2591605
106,jacs_set/jnk1_manual_flips,jacs_set/jnk1_manual_flips/18660-1,../large_fep_dataset/data/fep_benchmark_processed/jacs_set_jnk1_manual_flips_18660-1.sdf,../large_fep_dataset/data/fep_benchmark_processed/jacs_set_jnk1_manual_flips_protein.pdb,106,8.261619,7.117081,6.8072004,6.6267366,6.973971,6.3456163,6.4802017,5.9655156,5.474096,6.9350686,6.6987104
107,jacs_set/jnk1_manual_flips,jacs_set/jnk1_manual_flips/18625-1,../large_fep_dataset/data/fep_benchmark_processed/jacs_set_jnk1_manual_flips_18625-1.sdf,../large_fep_dataset/data/fep_benchmark_processed/jacs_set_jnk1_manual_flips_protein.pdb,107,7.578405,6.923057,8.048474,6.737411,7.158679,7.6973886,7.4419885,6.9337854,6.9537263,7.564931,7.303785
108,jacs_set/jnk1_manual_flips,jacs_set/jnk1_manual_flips/18624-1,../large_fep_dataset/data/fep_benchmark_processed/jacs_set_jnk1_manual_flips_18624-1.sdf,../large_fep_dataset/data/fep_benchmark_processed/jacs_set_jnk1_manual_flips_protein.pdb,108,7.2211595,6.94094,7.6657805,6.4889336,6.865878,7.6313972,7.2669697,6.38237,6.612203,7.6733274,7.0748963
109,jacs_set/jnk1_manual_flips,jacs_set/jnk1_manual_flips/18652-1,../large_fep_dataset/data/fep_benchmark_processed/jacs_set_jnk1_manual_flips_18652-1.sdf,../large_fep_dataset/data/fep_benchmark_processed/jacs_set_jnk1_manual_flips_protein.pdb,109,8.336258,7.145188,7.2684793,7.259622,7.1208553,7.389311,7.282379,6.674317,6.8434367,6.7350063,7.2054853
110,jacs_set/thrombin_core,jacs_set/thrombin_core/6a,../large_fep_dataset/data/fep_benchmark_processed/jacs_set_thrombin_core_6a.sdf,../large_fep_dataset/data/fep_benchmark_processed/jacs_set_thrombin_core_protein.pdb,110,7.8447495,6.995218,7.9170012,7.5510936,7.658501,7.5010552,8.0986805,8.040873,7.8359165,7.235447,7.667853
111,jacs_set/thrombin_core,jacs_set/thrombin_core/3a,../large_fep_dataset/data/fep_benchmark_processed/jacs_set_thrombin_core_3a.sdf,../large_fep_dataset/data/fep_benchmark_processed/jacs_set_thrombin_core_protein.pdb,111,8.300119,7.1675944,7.5851264,7.045382,7.2016997,7.786533,6.7647853,7.1226516,7.3167005,7.594317,7.388491
112,jacs_set/thrombin_core,jacs_set/thrombin_core/1d,../large_fep_dataset/data/fep_benchmark_processed/jacs_set_thrombin_core_1d.sdf,../large_fep_dataset/data/fep_benchmark_processed/jacs_set_thrombin_core_protein.pdb,112,7.4365616,6.748653,7.1127396,7.53322,7.4177656,7.582063,7.189766,8.234102,8.386599,7.6780787,7.5319543
113,jacs_set/thrombin_core,jacs_set/thrombin_core/6e,../large_fep_dataset/data/fep_benchmark_processed/jacs_set_thrombin_core_6e.sdf,../large_fep_dataset/data/fep_benchmark_processed/jacs_set_thrombin_core_protein.pdb,113,7.8683867,6.7661734,7.933221,7.512632,7.8907804,7.580986,7.8877583,8.046964,7.645426,7.2274566,7.6359777
114,jacs_set/thrombin_core,jacs_set/thrombin_core/6b,../large_fep_dataset/data/fep_benchmark_processed/jacs_set_thrombin_core_6b.sdf,../large_fep_dataset/data/fep_benchmark_processed/jacs_set_thrombin_core_protein.pdb,114,7.974247,7.1052938,7.817617,7.42706,7.414741,7.841679,7.82762,7.9342117,7.82325,7.2166123,7.638234
115,jacs_set/thrombin_core,jacs_set/thrombin_core/1b,../large_fep_dataset/data/fep_benchmark_processed/jacs_set_thrombin_core_1b.sdf,../large_fep_dataset/data/fep_benchmark_processed/jacs_set_thrombin_core_protein.pdb,115,7.3073964,6.6966925,7.279845,7.1783543,7.259563,7.413563,6.9719396,7.5499372,7.0770016,6.792256,7.152655
116,jacs_set/thrombin_core,jacs_set/thrombin_core/1a,../large_fep_dataset/data/fep_benchmark_processed/jacs_set_thrombin_core_1a.sdf,../large_fep_dataset/data/fep_benchmark_processed/jacs_set_thrombin_core_protein.pdb,116,7.52289,6.472841,7.1857367,7.2372212,7.066919,7.233035,6.655198,7.175305,6.846048,6.9209714,7.031616
117,jacs_set/thrombin_core,jacs_set/thrombin_core/5,../large_fep_dataset/data/fep_benchmark_processed/jacs_set_thrombin_core_5.sdf,../large_fep_dataset/data/fep_benchmark_processed/jacs_set_thrombin_core_protein.pdb,117,7.119095,6.3105693,6.265339,6.352283,7.0925446,6.9755,5.6990833,6.4898763,6.574352,6.1315017,6.5010147
118,jacs_set/thrombin_core,jacs_set/thrombin_core/3b,../large_fep_dataset/data/fep_benchmark_processed/jacs_set_thrombin_core_3b.sdf,../large_fep_dataset/data/fep_benchmark_processed/jacs_set_thrombin_core_protein.pdb,118,7.566191,7.3106356,7.5460153,7.438373,7.4808784,7.8196692,6.816468,6.733909,7.5436797,7.7558694,7.401169
119,jacs_set/thrombin_core,jacs_set/thrombin_core/7a,../large_fep_dataset/data/fep_benchmark_processed/jacs_set_thrombin_core_7a.sdf,../large_fep_dataset/data/fep_benchmark_processed/jacs_set_thrombin_core_protein.pdb,119,8.178366,7.1987114,7.409389,7.2206244,7.3052154,8.016616,6.9206476,6.952782,7.455942,7.648333,7.4306626
120,jacs_set/thrombin_core,jacs_set/thrombin_core/1c,../large_fep_dataset/data/fep_benchmark_processed/jacs_set_thrombin_core_1c.sdf,../large_fep_dataset/data/fep_benchmark_processed/jacs_set_thrombin_core_protein.pdb,120,7.3155665,6.5703053,6.8649163,7.0307617,7.3584747,7.433496,6.2452936,7.226852,7.0911174,6.779585,6.9916368
121,jacs_set/tyk2,jacs_set/tyk2/jmc_23,../large_fep_dataset/data/fep_benchmark_processed/jacs_set_tyk2_jmc_23.sdf,../large_fep_dataset/data/fep_benchmark_processed/jacs_set_tyk2_protein.pdb,121,8.384182,7.4666905,7.1843987,8.201978,7.7316217,8.201879,7.735581,7.4553943,7.4440746,8.013198,7.7818995
122,jacs_set/tyk2,jacs_set/tyk2/ejm_47,../large_fep_dataset/data/fep_benchmark_processed/jacs_set_tyk2_ejm_47.sdf,../large_fep_dataset/data/fep_benchmark_processed/jacs_set_tyk2_protein.pdb,122,8.122201,7.483736,7.604985,8.15961,7.578944,7.882557,7.9694567,6.887283,7.929808,7.8530583,7.7471642
123,jacs_set/tyk2,jacs_set/tyk2/ejm_49,../large_fep_dataset/data/fep_benchmark_processed/jacs_set_tyk2_ejm_49.sdf,../large_fep_dataset/data/fep_benchmark_processed/jacs_set_tyk2_protein.pdb,123,7.2328715,6.7510123,6.488329,7.490991,7.3610077,6.8420095,7.104667,6.6506214,7.1391993,7.859419,7.092013
124,jacs_set/tyk2,jacs_set/tyk2/ejm_31,../large_fep_dataset/data/fep_benchmark_processed/jacs_set_tyk2_ejm_31.sdf,../large_fep_dataset/data/fep_benchmark_processed/jacs_set_tyk2_protein.pdb,124,8.337319,6.6534486,6.7948256,7.483828,6.974982,6.1279473,6.906508,6.5372896,5.8383303,6.6462502,6.830073
125,jacs_set/tyk2,jacs_set/tyk2/ejm_45,../large_fep_dataset/data/fep_benchmark_processed/jacs_set_tyk2_ejm_45.sdf,../large_fep_dataset/data/fep_benchmark_processed/jacs_set_tyk2_protein.pdb,125,8.093332,7.3083954,7.435589,8.101224,7.9532614,7.74483,7.765535,7.045172,8.191338,7.535329,7.717401
126,jacs_set/tyk2,jacs_set/tyk2/ejm_44,../large_fep_dataset/data/fep_benchmark_processed/jacs_set_tyk2_ejm_44.sdf,../large_fep_dataset/data/fep_benchmark_processed/jacs_set_tyk2_protein.pdb,126,7.952281,7.198996,7.778637,8.124156,7.1979923,7.5071893,7.323231,7.4467497,7.7884564,7.910796,7.6228485
127,jacs_set/tyk2,jacs_set/tyk2/ejm_43,../large_fep_dataset/data/fep_benchmark_processed/jacs_set_tyk2_ejm_43.sdf,../large_fep_dataset/data/fep_benchmark_processed/jacs_set_tyk2_protein.pdb,127,8.044661,6.7458353,7.471622,7.632481,7.7659054,7.216113,7.3030353,7.5764565,7.5294247,7.907103,7.519264
128,jacs_set/tyk2,jacs_set/tyk2/ejm_50,../large_fep_dataset/data/fep_benchmark_processed/jacs_set_tyk2_ejm_50.sdf,../large_fep_dataset/data/fep_benchmark_processed/jacs_set_tyk2_protein.pdb,128,7.7007446,5.945673,6.593469,7.767508,6.5782366,6.4830627,6.991587,6.1861596,5.903931,6.9177227,6.70681
129,jacs_set/tyk2,jacs_set/tyk2/ejm_42,../large_fep_dataset/data/fep_benchmark_processed/jacs_set_tyk2_ejm_42.sdf,../large_fep_dataset/data/fep_benchmark_processed/jacs_set_tyk2_protein.pdb,129,7.9401283,6.748786,6.992606,7.344663,6.904518,6.9066744,6.923451,6.275655,5.9527936,7.196816,6.9186087
130,jacs_set/tyk2,jacs_set/tyk2/ejm_55,../large_fep_dataset/data/fep_benchmark_processed/jacs_set_tyk2_ejm_55.sdf,../large_fep_dataset/data/fep_benchmark_processed/jacs_set_tyk2_protein.pdb,130,7.8386354,6.0220575,6.916999,7.463544,6.7811127,6.724067,6.887214,6.1681848,6.6635156,6.7833157,6.824865
131,jacs_set/tyk2,jacs_set/tyk2/ejm_48,../large_fep_dataset/data/fep_benchmark_processed/jacs_set_tyk2_ejm_48.sdf,../large_fep_dataset/data/fep_benchmark_processed/jacs_set_tyk2_protein.pdb,131,7.947455,7.4888353,7.437372,7.990479,7.3478837,7.8027096,7.662397,6.812858,7.789618,7.720239,7.599984
132,jacs_set/tyk2,jacs_set/tyk2/ejm_54,../large_fep_dataset/data/fep_benchmark_processed/jacs_set_tyk2_ejm_54.sdf,../large_fep_dataset/data/fep_benchmark_processed/jacs_set_tyk2_protein.pdb,132,8.409646,6.8067064,7.179057,7.636008,7.291338,7.093452,6.809295,6.8375406,7.0157275,7.3269215,7.2405686
133,jacs_set/tyk2,jacs_set/tyk2/jmc_28,../large_fep_dataset/data/fep_benchmark_processed/jacs_set_tyk2_jmc_28.sdf,../large_fep_dataset/data/fep_benchmark_processed/jacs_set_tyk2_protein.pdb,133,8.469362,7.451409,7.838994,8.201261,7.9210134,7.993449,8.345733,7.1843934,8.366881,7.771044,7.9543543
134,jacs_set/tyk2,jacs_set/tyk2/jmc_27,../large_fep_dataset/data/fep_benchmark_processed/jacs_set_tyk2_jmc_27.sdf,../large_fep_dataset/data/fep_benchmark_processed/jacs_set_tyk2_protein.pdb,134,8.116863,6.684562,6.968288,7.921376,7.0713954,7.8567786,7.652259,6.902841,7.832766,7.474841,7.4481964
135,jacs_set/tyk2,jacs_set/tyk2/jmc_30,../large_fep_dataset/data/fep_benchmark_processed/jacs_set_tyk2_jmc_30.sdf,../large_fep_dataset/data/fep_benchmark_processed/jacs_set_tyk2_protein.pdb,135,7.957766,7.3218856,8.044779,7.8163314,7.423744,7.8258214,7.417487,7.491031,7.6570945,8.10727,7.706321
136,jacs_set/tyk2,jacs_set/tyk2/ejm_46,../large_fep_dataset/data/fep_benchmark_processed/jacs_set_tyk2_ejm_46.sdf,../large_fep_dataset/data/fep_benchmark_processed/jacs_set_tyk2_protein.pdb,136,8.211075,7.1119323,7.3057785,8.358029,7.7451735,7.8854976,8.189339,7.302017,7.9441614,7.4779334,7.7530947
137,jacs_set/p38,jacs_set/p38/2j,../large_fep_dataset/data/fep_benchmark_processed/jacs_set_p38_2j.sdf,../large_fep_dataset/data/fep_benchmark_processed/jacs_set_p38_protein.pdb,137,8.35867,7.4864173,7.110907,7.529399,8.317475,7.860653,6.879582,8.317746,7.9197617,7.5345507,7.7315164
138,jacs_set/p38,jacs_set/p38/2gg,../large_fep_dataset/data/fep_benchmark_processed/jacs_set_p38_2gg.sdf,../large_fep_dataset/data/fep_benchmark_processed/jacs_set_p38_protein.pdb,138,6.2631106,6.6455617,6.839445,6.651053,6.571435,7.3995447,6.1201005,7.321944,6.466766,7.3675385,6.76465
139,jacs_set/p38,jacs_set/p38/2q,../large_fep_dataset/data/fep_benchmark_processed/jacs_set_p38_2q.sdf,../large_fep_dataset/data/fep_benchmark_processed/jacs_set_p38_protein.pdb,139,7.384551,7.4675083,7.4950356,6.920783,8.158938,7.5860925,7.2062235,7.728291,6.6211405,7.4680777,7.4036646
140,jacs_set/p38,jacs_set/p38/2t,../large_fep_dataset/data/fep_benchmark_processed/jacs_set_p38_2t.sdf,../large_fep_dataset/data/fep_benchmark_processed/jacs_set_p38_protein.pdb,140,7.761459,7.7129617,7.5077467,7.38717,8.416834,8.2401085,7.9100127,8.153555,7.775852,8.43797,7.9303665
141,jacs_set/p38,jacs_set/p38/2g,../large_fep_dataset/data/fep_benchmark_processed/jacs_set_p38_2g.sdf,../large_fep_dataset/data/fep_benchmark_processed/jacs_set_p38_protein.pdb,141,8.170814,7.789915,7.6914763,7.433956,8.554958,7.8831363,7.476576,8.337054,7.9415407,7.688779,7.896821
142,jacs_set/p38,jacs_set/p38/2l,../large_fep_dataset/data/fep_benchmark_processed/jacs_set_p38_2l.sdf,../large_fep_dataset/data/fep_benchmark_processed/jacs_set_p38_protein.pdb,142,7.9118085,7.7677784,8.113723,7.285093,8.546557,8.084161,7.136944,8.616811,7.970358,8.390308,7.982353
143,jacs_set/p38,jacs_set/p38/2ee,../large_fep_dataset/data/fep_benchmark_processed/jacs_set_p38_2ee.sdf,../large_fep_dataset/data/fep_benchmark_processed/jacs_set_p38_protein.pdb,143,7.259656,6.965401,7.4868336,6.6029196,7.8005605,7.496923,7.0584507,8.036059,8.12705,8.49921,7.533307
144,jacs_set/p38,jacs_set/p38/2aa,../large_fep_dataset/data/fep_benchmark_processed/jacs_set_p38_2aa.sdf,../large_fep_dataset/data/fep_benchmark_processed/jacs_set_p38_protein.pdb,144,7.886682,6.552674,6.8833823,7.452877,7.1189814,7.4301805,6.9901423,6.947593,7.570502,7.6634583,7.2496476
145,jacs_set/p38,jacs_set/p38/2o,../large_fep_dataset/data/fep_benchmark_processed/jacs_set_p38_2o.sdf,../large_fep_dataset/data/fep_benchmark_processed/jacs_set_p38_protein.pdb,145,7.933684,7.6972413,8.307291,6.896016,8.117802,8.715501,7.6906114,8.065451,6.9577045,8.281272,7.8662577
146,jacs_set/p38,jacs_set/p38/3flw,../large_fep_dataset/data/fep_benchmark_processed/jacs_set_p38_3flw.sdf,../large_fep_dataset/data/fep_benchmark_processed/jacs_set_p38_protein.pdb,146,7.6951156,7.0938187,7.301005,7.067826,7.275057,7.21089,7.011341,7.8046083,7.0705004,7.6571016,7.318727
147,jacs_set/p38,jacs_set/p38/2u,../large_fep_dataset/data/fep_benchmark_processed/jacs_set_p38_2u.sdf,../large_fep_dataset/data/fep_benchmark_processed/jacs_set_p38_protein.pdb,147,8.396437,7.524901,8.051811,6.927542,8.324375,8.419728,8.330525,8.358209,7.696421,7.5258107,7.9555755
148,jacs_set/p38,jacs_set/p38/2p,../large_fep_dataset/data/fep_benchmark_processed/jacs_set_p38_2p.sdf,../large_fep_dataset/data/fep_benchmark_processed/jacs_set_p38_protein.pdb,148,7.701309,7.8655095,8.313607,7.245709,8.059555,8.581482,7.826986,8.150217,7.238133,8.080306,7.9062815
149,jacs_set/p38,jacs_set/p38/2h,../large_fep_dataset/data/fep_benchmark_processed/jacs_set_p38_2h.sdf,../large_fep_dataset/data/fep_benchmark_processed/jacs_set_p38_protein.pdb,149,8.236046,7.7146463,7.8494353,7.1714606,8.4987755,7.8588686,7.148485,8.196821,8.088765,7.496008,7.8259315
150,jacs_set/p38,jacs_set/p38/3fmk,../large_fep_dataset/data/fep_benchmark_processed/jacs_set_p38_3fmk.sdf,../large_fep_dataset/data/fep_benchmark_processed/jacs_set_p38_protein.pdb,150,7.502345,7.2720027,7.744235,6.9257517,6.7224894,7.765347,7.3377028,7.8897924,7.9856005,7.168888,7.4314146
151,jacs_set/p38,jacs_set/p38/2i,../large_fep_dataset/data/fep_benchmark_processed/jacs_set_p38_2i.sdf,../large_fep_dataset/data/fep_benchmark_processed/jacs_set_p38_protein.pdb,151,8.455796,7.8251314,7.4678383,7.7626953,8.585923,8.048794,7.091982,8.1939535,8.155406,7.0949454,7.8682466
152,jacs_set/p38,jacs_set/p38/2f,../large_fep_dataset/data/fep_benchmark_processed/jacs_set_p38_2f.sdf,../large_fep_dataset/data/fep_benchmark_processed/jacs_set_p38_protein.pdb,152,7.6809206,7.761195,7.66505,7.2567725,8.355389,7.8924117,7.9118934,8.304469,7.800831,7.386109,7.8015046
153,jacs_set/p38,jacs_set/p38/2x,../large_fep_dataset/data/fep_benchmark_processed/jacs_set_p38_2x.sdf,../large_fep_dataset/data/fep_benchmark_processed/jacs_set_p38_protein.pdb,153,7.817817,7.065123,7.399887,7.1385,8.124271,7.571129,7.1713796,8.081905,8.050591,7.702655,7.612326
154,jacs_set/p38,jacs_set/p38/2ff,../large_fep_dataset/data/fep_benchmark_processed/jacs_set_p38_2ff.sdf,../large_fep_dataset/data/fep_benchmark_processed/jacs_set_p38_protein.pdb,154,7.848052,7.5611234,7.4984155,7.0681295,8.450627,8.011185,7.1962996,8.18023,8.151678,8.189365,7.8155107
155,jacs_set/p38,jacs_set/p38/2k,../large_fep_dataset/data/fep_benchmark_processed/jacs_set_p38_2k.sdf,../large_fep_dataset/data/fep_benchmark_processed/jacs_set_p38_protein.pdb,155,7.3454595,7.3116536,7.3567834,7.0876417,8.056322,7.886253,7.060152,7.85085,7.5295568,7.06744,7.4552107
156,jacs_set/p38,jacs_set/p38/2n,../large_fep_dataset/data/fep_benchmark_processed/jacs_set_p38_2n.sdf,../large_fep_dataset/data/fep_benchmark_processed/jacs_set_p38_protein.pdb,156,8.282566,8.30545,8.246369,7.622263,8.570405,7.9372735,8.129875,8.528004,7.7627525,8.437441,8.1822405
157,jacs_set/p38,jacs_set/p38/3flq,../large_fep_dataset/data/fep_benchmark_processed/jacs_set_p38_3flq.sdf,../large_fep_dataset/data/fep_benchmark_processed/jacs_set_p38_protein.pdb,157,7.3476253,6.946755,7.4142475,7.2051024,7.401907,7.9499245,6.9700828,7.8642263,6.6315365,7.746391,7.3477798
158,jacs_set/p38,jacs_set/p38/3fln,../large_fep_dataset/data/fep_benchmark_processed/jacs_set_p38_3fln.sdf,../large_fep_dataset/data/fep_benchmark_processed/jacs_set_p38_protein.pdb,158,8.020955,7.402739,7.4492426,7.152912,8.432898,7.9194236,7.1563463,8.451554,7.8950005,7.801356,7.768243
159,jacs_set/p38,jacs_set/p38/2e,../large_fep_dataset/data/fep_benchmark_processed/jacs_set_p38_2e.sdf,../large_fep_dataset/data/fep_benchmark_processed/jacs_set_p38_protein.pdb,159,7.783452,7.3198476,7.268843,6.766741,8.025,7.5411,7.322253,8.40135,7.7164154,7.2518215,7.539683
160,jacs_set/p38,jacs_set/p38/3fmh,../large_fep_dataset/data/fep_benchmark_processed/jacs_set_p38_3fmh.sdf,../large_fep_dataset/data/fep_benchmark_processed/jacs_set_p38_protein.pdb,160,7.6629167,7.140857,7.7385216,7.1712565,6.6904817,7.785803,7.44604,8.051152,7.9498477,7.4690127,7.510588
161,jacs_set/p38,jacs_set/p38/2c,../large_fep_dataset/data/fep_benchmark_processed/jacs_set_p38_2c.sdf,../large_fep_dataset/data/fep_benchmark_processed/jacs_set_p38_protein.pdb,161,7.8529587,7.7378154,6.862743,7.2603383,7.7622523,8.187485,7.3832355,7.788311,7.568489,7.4779587,7.5881586
162,jacs_set/p38,jacs_set/p38/2y,../large_fep_dataset/data/fep_benchmark_processed/jacs_set_p38_2y.sdf,../large_fep_dataset/data/fep_benchmark_processed/jacs_set_p38_protein.pdb,162,7.6789947,7.2836843,7.085074,6.889903,7.776983,7.511441,6.6364098,7.5358076,7.643092,7.2854266,7.332681
163,jacs_set/p38,jacs_set/p38/2s,../large_fep_dataset/data/fep_benchmark_processed/jacs_set_p38_2s.sdf,../large_fep_dataset/data/fep_benchmark_processed/jacs_set_p38_protein.pdb,163,7.778656,8.330468,8.071753,7.1564484,8.719455,7.987578,7.787821,8.643251,8.183173,8.308066,8.096666
164,jacs_set/p38,jacs_set/p38/2m,../large_fep_dataset/data/fep_benchmark_processed/jacs_set_p38_2m.sdf,../large_fep_dataset/data/fep_benchmark_processed/jacs_set_p38_protein.pdb,164,8.5322485,7.7612863,7.860259,7.0508904,8.703377,8.388759,7.949193,8.867421,7.834965,8.765157,8.171356
165,jacs_set/p38,jacs_set/p38/2bb,../large_fep_dataset/data/fep_benchmark_processed/jacs_set_p38_2bb.sdf,../large_fep_dataset/data/fep_benchmark_processed/jacs_set_p38_protein.pdb,165,6.8096786,6.276904,7.3921967,6.654577,6.9949684,7.849885,7.3785586,7.5219507,6.331504,7.400341,7.0610566
166,jacs_set/p38,jacs_set/p38/2v,../large_fep_dataset/data/fep_benchmark_processed/jacs_set_p38_2v.sdf,../large_fep_dataset/data/fep_benchmark_processed/jacs_set_p38_protein.pdb,166,7.469605,6.8836493,8.135833,6.591597,6.535009,7.7624893,7.0560713,7.247657,7.7657676,7.3284454,7.277612
167,jacs_set/p38,jacs_set/p38/2r,../large_fep_dataset/data/fep_benchmark_processed/jacs_set_p38_2r.sdf,../large_fep_dataset/data/fep_benchmark_processed/jacs_set_p38_protein.pdb,167,8.159503,8.152068,8.227218,7.8135915,8.19601,8.09793,7.772988,8.655519,7.974384,8.260048,8.130926
168,jacs_set/p38,jacs_set/p38/3flz,../large_fep_dataset/data/fep_benchmark_processed/jacs_set_p38_3flz.sdf,../large_fep_dataset/data/fep_benchmark_processed/jacs_set_p38_protein.pdb,168,8.046707,7.6059256,7.5718694,7.1236935,7.9308033,7.957701,7.750937,8.037333,7.9938216,7.4272065,7.7446
169,jacs_set/p38,jacs_set/p38/2z,../large_fep_dataset/data/fep_benchmark_processed/jacs_set_p38_2z.sdf,../large_fep_dataset/data/fep_benchmark_processed/jacs_set_p38_protein.pdb,169,8.109621,7.4499435,7.70329,7.4965205,7.5453067,7.8458157,7.0473537,7.945229,7.416679,7.767713,7.6327477
170,jacs_set/p38,jacs_set/p38/3fly,../large_fep_dataset/data/fep_benchmark_processed/jacs_set_p38_3fly.sdf,../large_fep_dataset/data/fep_benchmark_processed/jacs_set_p38_protein.pdb,170,7.7494807,7.340092,7.4349008,6.9961634,7.411977,7.6133165,7.497942,7.306745,7.3239098,7.4514318,7.4125953
171,jacs_set/bace,jacs_set/bace/CAT-13n,../large_fep_dataset/data/fep_benchmark_processed/jacs_set_bace_CAT-13n.sdf,../large_fep_dataset/data/fep_benchmark_processed/jacs_set_bace_protein.pdb,171,6.7967663,7.1089616,7.028738,6.9330087,6.901875,6.773042,7.2642813,6.6064076,6.503458,6.71619,6.863272
172,jacs_set/bace,jacs_set/bace/CAT-13e,../large_fep_dataset/data/fep_benchmark_processed/jacs_set_bace_CAT-13e.sdf,../large_fep_dataset/data/fep_benchmark_processed/jacs_set_bace_protein.pdb,172,6.4015236,6.4914155,6.126657,6.53964,5.990497,6.1853137,6.931957,5.845151,5.8694,6.295017,6.2676573
173,jacs_set/bace,jacs_set/bace/CAT-4a,../large_fep_dataset/data/fep_benchmark_processed/jacs_set_bace_CAT-4a.sdf,../large_fep_dataset/data/fep_benchmark_processed/jacs_set_bace_protein.pdb,173,5.7493052,5.82885,5.9950824,5.9475007,5.7591577,6.3593364,6.213777,5.5985217,5.4084773,6.0742345,5.893424
174,jacs_set/bace,jacs_set/bace/CAT-4m,../large_fep_dataset/data/fep_benchmark_processed/jacs_set_bace_CAT-4m.sdf,../large_fep_dataset/data/fep_benchmark_processed/jacs_set_bace_protein.pdb,174,6.3275476,6.9983387,6.611319,6.5775657,6.1649256,7.2824836,6.692589,6.131385,6.155919,6.3640895,6.530616
175,jacs_set/bace,jacs_set/bace/CAT-17b,../large_fep_dataset/data/fep_benchmark_processed/jacs_set_bace_CAT-17b.sdf,../large_fep_dataset/data/fep_benchmark_processed/jacs_set_bace_protein.pdb,175,5.744063,5.710171,6.5229454,6.577315,5.6661835,6.221402,6.271893,6.1587696,5.328025,6.6926403,6.089341
176,jacs_set/bace,jacs_set/bace/CAT-13j,../large_fep_dataset/data/fep_benchmark_processed/jacs_set_bace_CAT-13j.sdf,../large_fep_dataset/data/fep_benchmark_processed/jacs_set_bace_protein.pdb,176,6.310341,6.8845654,6.5536737,6.8157873,6.630893,6.506093,6.8798885,5.918424,6.242174,6.7005463,6.544239
177,jacs_set/bace,jacs_set/bace/CAT-13d,../large_fep_dataset/data/fep_benchmark_processed/jacs_set_bace_CAT-13d.sdf,../large_fep_dataset/data/fep_benchmark_processed/jacs_set_bace_protein.pdb,177,6.3234625,6.2805986,5.796753,5.997461,6.080522,6.147247,6.3293147,5.588723,5.764984,6.1294312,6.04385
178,jacs_set/bace,jacs_set/bace/CAT-13b,../large_fep_dataset/data/fep_benchmark_processed/jacs_set_bace_CAT-13b.sdf,../large_fep_dataset/data/fep_benchmark_processed/jacs_set_bace_protein.pdb,178,6.6272883,6.5280457,6.614381,6.310952,6.3777084,6.132526,6.243081,5.563947,5.291087,6.0390577,6.172807
179,jacs_set/bace,jacs_set/bace/CAT-13a,../large_fep_dataset/data/fep_benchmark_processed/jacs_set_bace_CAT-13a.sdf,../large_fep_dataset/data/fep_benchmark_processed/jacs_set_bace_protein.pdb,179,6.1260886,5.972043,6.023328,6.254456,6.171387,5.801726,5.981185,5.1513786,5.567246,6.009941,5.905878
180,jacs_set/bace,jacs_set/bace/CAT-13h,../large_fep_dataset/data/fep_benchmark_processed/jacs_set_bace_CAT-13h.sdf,../large_fep_dataset/data/fep_benchmark_processed/jacs_set_bace_protein.pdb,180,6.3503637,6.4683576,5.8702826,6.4768305,6.4288607,6.437068,6.5810404,5.7305217,5.879053,6.3815465,6.2603927
181,jacs_set/bace,jacs_set/bace/CAT-13o,../large_fep_dataset/data/fep_benchmark_processed/jacs_set_bace_CAT-13o.sdf,../large_fep_dataset/data/fep_benchmark_processed/jacs_set_bace_protein.pdb,181,6.6534343,7.127188,7.268415,7.235878,7.446434,6.4139743,7.2923307,6.824403,6.362451,7.2719116,6.989642
182,jacs_set/bace,jacs_set/bace/CAT-13g,../large_fep_dataset/data/fep_benchmark_processed/jacs_set_bace_CAT-13g.sdf,../large_fep_dataset/data/fep_benchmark_processed/jacs_set_bace_protein.pdb,182,6.57287,6.73034,6.320547,6.603824,6.0052114,6.7704263,6.8706374,6.3200974,6.0799985,6.6570363,6.493099
183,jacs_set/bace,jacs_set/bace/CAT-4k,../large_fep_dataset/data/fep_benchmark_processed/jacs_set_bace_CAT-4k.sdf,../large_fep_dataset/data/fep_benchmark_processed/jacs_set_bace_protein.pdb,183,6.563949,6.9664307,6.65892,6.53002,6.4893126,6.6943746,6.947023,5.9993687,6.381866,6.4701166,6.570138
184,jacs_set/bace,jacs_set/bace/CAT-17g,../large_fep_dataset/data/fep_benchmark_processed/jacs_set_bace_CAT-17g.sdf,../large_fep_dataset/data/fep_benchmark_processed/jacs_set_bace_protein.pdb,184,6.7514353,6.3610067,6.171936,6.5871673,6.428471,6.694457,6.7632933,6.8319335,6.3626075,6.470205,6.5422516
185,jacs_set/bace,jacs_set/bace/CAT-4l,../large_fep_dataset/data/fep_benchmark_processed/jacs_set_bace_CAT-4l.sdf,../large_fep_dataset/data/fep_benchmark_processed/jacs_set_bace_protein.pdb,185,6.6912084,6.9571323,6.868945,6.8438993,6.574589,6.843902,6.999943,6.156332,6.5817537,6.6403227,6.7158027
186,jacs_set/bace,jacs_set/bace/CAT-4j,../large_fep_dataset/data/fep_benchmark_processed/jacs_set_bace_CAT-4j.sdf,../large_fep_dataset/data/fep_benchmark_processed/jacs_set_bace_protein.pdb,186,6.4187074,6.9155335,6.51274,6.4075193,6.2394147,6.716254,7.0423884,5.8661866,6.542623,6.339067,6.5000434
187,jacs_set/bace,jacs_set/bace/CAT-4n,../large_fep_dataset/data/fep_benchmark_processed/jacs_set_bace_CAT-4n.sdf,../large_fep_dataset/data/fep_benchmark_processed/jacs_set_bace_protein.pdb,187,7.2276683,7.6187963,7.0073285,7.4545145,6.824848,7.549869,7.1381097,7.2958107,7.11691,8.073375,7.330723
188,jacs_set/bace,jacs_set/bace/CAT-13i,../large_fep_dataset/data/fep_benchmark_processed/jacs_set_bace_CAT-13i.sdf,../large_fep_dataset/data/fep_benchmark_processed/jacs_set_bace_protein.pdb,188,6.2741923,6.5464067,6.041029,6.474378,6.172676,7.167227,6.6545243,5.8739376,6.4837446,6.473226,6.416135
189,jacs_set/bace,jacs_set/bace/CAT-17f,../large_fep_dataset/data/fep_benchmark_processed/jacs_set_bace_CAT-17f.sdf,../large_fep_dataset/data/fep_benchmark_processed/jacs_set_bace_protein.pdb,189,7.0439177,6.798314,6.4566545,6.880866,6.7960896,7.181104,6.6789665,6.9828224,7.1968365,7.481735,6.949731
190,jacs_set/bace,jacs_set/bace/CAT-4p,../large_fep_dataset/data/fep_benchmark_processed/jacs_set_bace_CAT-4p.sdf,../large_fep_dataset/data/fep_benchmark_processed/jacs_set_bace_protein.pdb,190,6.428583,6.8922434,6.873671,6.824396,6.2765465,6.709504,7.083024,6.6232247,6.310162,6.8635297,6.688489
191,jacs_set/bace,jacs_set/bace/CAT-13c,../large_fep_dataset/data/fep_benchmark_processed/jacs_set_bace_CAT-13c.sdf,../large_fep_dataset/data/fep_benchmark_processed/jacs_set_bace_protein.pdb,191,6.76898,6.5288596,6.600847,6.1102734,6.5737433,5.96193,6.5672936,5.475608,5.5362854,6.0477614,6.2171583
192,jacs_set/bace,jacs_set/bace/CAT-24,../large_fep_dataset/data/fep_benchmark_processed/jacs_set_bace_CAT-24.sdf,../large_fep_dataset/data/fep_benchmark_processed/jacs_set_bace_protein.pdb,192,7.1653247,7.0911937,7.557891,7.508963,7.3090343,7.1183515,7.224809,7.320586,7.7415376,7.808469,7.384616
193,jacs_set/bace,jacs_set/bace/CAT-4i,../large_fep_dataset/data/fep_benchmark_processed/jacs_set_bace_CAT-4i.sdf,../large_fep_dataset/data/fep_benchmark_processed/jacs_set_bace_protein.pdb,193,6.4417834,6.6956067,6.33211,6.624156,6.0721674,7.054686,7.220699,6.1968985,6.5243835,6.5543127,6.5716805
194,jacs_set/bace,jacs_set/bace/CAT-4c,../large_fep_dataset/data/fep_benchmark_processed/jacs_set_bace_CAT-4c.sdf,../large_fep_dataset/data/fep_benchmark_processed/jacs_set_bace_protein.pdb,194,5.598311,5.960497,6.1807513,6.2560453,5.957612,6.277647,5.8040953,5.9356475,5.223908,6.45689,5.9651403
195,jacs_set/bace,jacs_set/bace/CAT-17i,../large_fep_dataset/data/fep_benchmark_processed/jacs_set_bace_CAT-17i.sdf,../large_fep_dataset/data/fep_benchmark_processed/jacs_set_bace_protein.pdb,195,6.206823,6.3798223,6.2594833,6.0284038,5.9488354,6.852028,6.7445154,6.024715,6.2522926,6.010036,6.2706957
196,jacs_set/bace,jacs_set/bace/CAT-13k,../large_fep_dataset/data/fep_benchmark_processed/jacs_set_bace_CAT-13k.sdf,../large_fep_dataset/data/fep_benchmark_processed/jacs_set_bace_protein.pdb,196,6.3142366,7.1015635,6.75303,6.861459,6.6470337,6.3297935,6.776297,6.2248855,6.178385,7.238831,6.6425514
197,jacs_set/bace,jacs_set/bace/CAT-17a,../large_fep_dataset/data/fep_benchmark_processed/jacs_set_bace_CAT-17a.sdf,../large_fep_dataset/data/fep_benchmark_processed/jacs_set_bace_protein.pdb,197,5.953775,5.699444,5.904062,5.766422,5.8450017,6.0843964,6.250337,5.5429626,5.1644387,5.903132,5.811397
198,jacs_set/bace,jacs_set/bace/CAT-17c,../large_fep_dataset/data/fep_benchmark_processed/jacs_set_bace_CAT-17c.sdf,../large_fep_dataset/data/fep_benchmark_processed/jacs_set_bace_protein.pdb,198,6.848535,6.733768,6.1959496,6.5088315,6.497335,6.7535086,6.4343495,6.571946,6.592422,7.2820106,6.6418657
199,jacs_set/bace,jacs_set/bace/CAT-4o,../large_fep_dataset/data/fep_benchmark_processed/jacs_set_bace_CAT-4o.sdf,../large_fep_dataset/data/fep_benchmark_processed/jacs_set_bace_protein.pdb,199,6.827908,6.812578,7.2391863,7.1128874,6.628425,7.020698,6.954496,6.9135594,6.403624,6.7971,6.8710465
200,jacs_set/bace,jacs_set/bace/CAT-17d,../large_fep_dataset/data/fep_benchmark_processed/jacs_set_bace_CAT-17d.sdf,../large_fep_dataset/data/fep_benchmark_processed/jacs_set_bace_protein.pdb,200,6.323995,6.333173,5.8704963,5.9978046,6.086621,6.32517,7.13701,5.836428,6.735381,6.560138,6.320622
201,jacs_set/bace,jacs_set/bace/CAT-4b,../large_fep_dataset/data/fep_benchmark_processed/jacs_set_bace_CAT-4b.sdf,../large_fep_dataset/data/fep_benchmark_processed/jacs_set_bace_protein.pdb,201,6.022109,5.906068,6.6261373,6.868902,6.219048,6.386437,6.3241744,6.106209,5.6614876,6.7397346,6.286031
202,jacs_set/bace,jacs_set/bace/CAT-13f,../large_fep_dataset/data/fep_benchmark_processed/jacs_set_bace_CAT-13f.sdf,../large_fep_dataset/data/fep_benchmark_processed/jacs_set_bace_protein.pdb,202,6.4206553,6.4736724,6.1103797,6.6270394,6.055954,6.456498,6.9676785,5.9214373,5.944872,6.520955,6.349914
203,jacs_set/bace,jacs_set/bace/CAT-4d,../large_fep_dataset/data/fep_benchmark_processed/jacs_set_bace_CAT-4d.sdf,../large_fep_dataset/data/fep_benchmark_processed/jacs_set_bace_protein.pdb,203,6.112687,6.025948,6.6694775,6.896912,6.1224566,6.6765256,6.6513176,5.998472,5.650073,7.1251125,6.3928976
204,jacs_set/bace,jacs_set/bace/CAT-13m,../large_fep_dataset/data/fep_benchmark_processed/jacs_set_bace_CAT-13m.sdf,../large_fep_dataset/data/fep_benchmark_processed/jacs_set_bace_protein.pdb,204,6.337303,7.498572,7.4209433,6.888197,6.659891,6.9398184,7.3119655,6.542819,6.5048046,7.1887,6.9293013
205,jacs_set/bace,jacs_set/bace/CAT-17h,../large_fep_dataset/data/fep_benchmark_processed/jacs_set_bace_CAT-17h.sdf,../large_fep_dataset/data/fep_benchmark_processed/jacs_set_bace_protein.pdb,205,6.1302423,6.49003,6.226258,6.242185,6.100149,6.258814,6.449918,6.529714,6.0942874,6.195715,6.271731
206,jacs_set/bace,jacs_set/bace/CAT-17e,../large_fep_dataset/data/fep_benchmark_processed/jacs_set_bace_CAT-17e.sdf,../large_fep_dataset/data/fep_benchmark_processed/jacs_set_bace_protein.pdb,206,6.1902957,6.076215,6.6709213,7.11048,6.435056,6.606256,6.842088,6.737956,6.1076818,6.6734576,6.54504
207,charge_annhil/jnk1,charge_annhil/jnk1/6a,../large_fep_dataset/data/fep_benchmark_processed/charge_annhil_jnk1_6a.sdf,../large_fep_dataset/data/fep_benchmark_processed/charge_annhil_jnk1_protein.pdb,207,6.116971,5.717319,7.143073,5.9624343,6.1408978,6.542491,6.134685,5.4177694,4.795018,5.448866,5.9419527
208,charge_annhil/jnk1,charge_annhil/jnk1/19a_neu,../large_fep_dataset/data/fep_benchmark_processed/charge_annhil_jnk1_19a_neu.sdf,../large_fep_dataset/data/fep_benchmark_processed/charge_annhil_jnk1_protein.pdb,208,6.3873744,5.3653655,7.1270466,5.9770885,5.5439944,6.382592,5.801278,4.49571,4.7412543,5.9728565,5.7794557
209,charge_annhil/jnk1,charge_annhil/jnk1/19b_neu,../large_fep_dataset/data/fep_benchmark_processed/charge_annhil_jnk1_19b_neu.sdf,../large_fep_dataset/data/fep_benchmark_processed/charge_annhil_jnk1_protein.pdb,209,5.4399776,5.0576863,6.045059,5.4073906,5.687675,6.2059875,6.123969,4.750553,4.3491554,5.0541697,5.4121623
210,charge_annhil/jnk1,charge_annhil/jnk1/19b_charg,../large_fep_dataset/data/fep_benchmark_processed/charge_annhil_jnk1_19b_charg.sdf,../large_fep_dataset/data/fep_benchmark_processed/charge_annhil_jnk1_protein.pdb,210,4.9771385,5.1627164,6.1535687,5.313428,5.6506343,5.9401975,6.137049,4.6430135,4.2382073,4.454736,5.267069
211,charge_annhil/jnk1,charge_annhil/jnk1/19a_charg,../large_fep_dataset/data/fep_benchmark_processed/charge_annhil_jnk1_19a_charg.sdf,../large_fep_dataset/data/fep_benchmark_processed/charge_annhil_jnk1_protein.pdb,211,6.4332266,5.4896226,7.214556,6.2212505,5.1391273,6.629008,5.8681035,4.982288,5.2048354,5.781866,5.896388
212,charge_annhil/egfr,charge_annhil/egfr/21,../large_fep_dataset/data/fep_benchmark_processed/charge_annhil_egfr_21.sdf,../large_fep_dataset/data/fep_benchmark_processed/charge_annhil_egfr_protein.pdb,212,7.9602876,8.249665,8.496515,8.3983135,8.482583,8.9132185,8.209562,8.963484,8.479189,8.89904,8.505186
213,charge_annhil/egfr,charge_annhil/egfr/27neu,../large_fep_dataset/data/fep_benchmark_processed/charge_annhil_egfr_27neu.sdf,../large_fep_dataset/data/fep_benchmark_processed/charge_annhil_egfr_protein.pdb,213,8.354453,8.371773,8.340009,8.531101,8.237002,8.741419,8.00859,8.605319,8.675315,8.38088,8.424586
214,charge_annhil/egfr,charge_annhil/egfr/27chargR,../large_fep_dataset/data/fep_benchmark_processed/charge_annhil_egfr_27chargR.sdf,../large_fep_dataset/data/fep_benchmark_processed/charge_annhil_egfr_protein.pdb,214,8.282359,8.08112,8.331764,8.411382,8.131734,8.418172,7.9275565,8.335646,8.247368,8.215688,8.238279
215,charge_annhil/egfr,charge_annhil/egfr/27chargS,../large_fep_dataset/data/fep_benchmark_processed/charge_annhil_egfr_27chargS.sdf,../large_fep_dataset/data/fep_benchmark_processed/charge_annhil_egfr_protein.pdb,215,8.2926035,8.093862,8.363111,8.374895,8.190022,8.415303,7.945547,8.309485,8.325639,8.17561,8.248609
216,charge_annhil/egfr,charge_annhil/egfr/28neu,../large_fep_dataset/data/fep_benchmark_processed/charge_annhil_egfr_28neu.sdf,../large_fep_dataset/data/fep_benchmark_processed/charge_annhil_egfr_protein.pdb,216,7.8894205,8.133626,8.373753,7.9049363,8.153779,8.447654,7.8227406,8.790889,8.4772415,8.492004,8.248604
217,charge_annhil/egfr,charge_annhil/egfr/28charg,../large_fep_dataset/data/fep_benchmark_processed/charge_annhil_egfr_28charg.sdf,../large_fep_dataset/data/fep_benchmark_processed/charge_annhil_egfr_protein.pdb,217,7.6599164,8.1328945,8.107042,8.33843,8.215768,8.966719,8.059486,8.842743,8.426917,8.635112,8.338503
218,charge_annhil/egfr,charge_annhil/egfr/29neu,../large_fep_dataset/data/fep_benchmark_processed/charge_annhil_egfr_29neu.sdf,../large_fep_dataset/data/fep_benchmark_processed/charge_annhil_egfr_protein.pdb,218,8.265941,8.590359,7.9651012,8.492078,7.8922386,8.578573,7.612936,8.44049,8.294815,8.142319,8.227486
219,charge_annhil/egfr,charge_annhil/egfr/29charg,../large_fep_dataset/data/fep_benchmark_processed/charge_annhil_egfr_29charg.sdf,../large_fep_dataset/data/fep_benchmark_processed/charge_annhil_egfr_protein.pdb,219,8.001973,8.433113,7.835525,8.47169,7.555603,9.079263,7.327593,8.547832,8.026563,8.221978,8.150113
220,charge_annhil/egfr,charge_annhil/egfr/30neu,../large_fep_dataset/data/fep_benchmark_processed/charge_annhil_egfr_30neu.sdf,../large_fep_dataset/data/fep_benchmark_processed/charge_annhil_egfr_protein.pdb,220,8.165373,8.241143,8.060037,8.439889,8.026467,8.385973,7.750189,8.585079,8.468957,8.227364,8.235046
221,charge_annhil/egfr,charge_annhil/egfr/30charg,../large_fep_dataset/data/fep_benchmark_processed/charge_annhil_egfr_30charg.sdf,../large_fep_dataset/data/fep_benchmark_processed/charge_annhil_egfr_protein.pdb,221,8.235739,8.138822,8.237367,8.369554,8.146037,8.2804785,7.7099867,8.4286585,8.297936,8.340616,8.218519
222,charge_annhil/ptp1b,charge_annhil/ptp1b/26charg,../large_fep_dataset/data/fep_benchmark_processed/charge_annhil_ptp1b_26charg.sdf,../large_fep_dataset/data/fep_benchmark_processed/charge_annhil_ptp1b_protein.pdb,222,6.1310277,6.5575576,6.5745087,6.3103046,7.322343,6.91924,6.772918,6.7998343,7.143284,6.506062,6.7037077
223,charge_annhil/ptp1b,charge_annhil/ptp1b/26neu,../large_fep_dataset/data/fep_benchmark_processed/charge_annhil_ptp1b_26neu.sdf,../large_fep_dataset/data/fep_benchmark_processed/charge_annhil_ptp1b_protein.pdb,223,5.929352,6.564836,6.9046173,6.49208,7.3160605,6.9664583,6.7671037,6.8515854,7.095036,6.4103317,6.7297463
224,charge_annhil/ptp1b,charge_annhil/ptp1b/27,../large_fep_dataset/data/fep_benchmark_processed/charge_annhil_ptp1b_27.sdf,../large_fep_dataset/data/fep_benchmark_processed/charge_annhil_ptp1b_protein.pdb,224,5.952978,6.9378343,7.0523696,6.6674438,6.683126,6.74392,6.642389,6.3445253,6.959224,5.863613,6.584742
225,charge_annhil/ptp1b,charge_annhil/ptp1b/32,../large_fep_dataset/data/fep_benchmark_processed/charge_annhil_ptp1b_32.sdf,../large_fep_dataset/data/fep_benchmark_processed/charge_annhil_ptp1b_protein.pdb,225,6.517871,7.3427787,7.8065376,6.7229605,7.1316323,7.706619,7.5349464,6.902482,7.6167064,6.352616,7.1635146
226,charge_annhil/irak4_s2,charge_annhil/irak4_s2/17charg,../large_fep_dataset/data/fep_benchmark_processed/charge_annhil_irak4_s2_17charg.sdf,../large_fep_dataset/data/fep_benchmark_processed/charge_annhil_irak4_s2_protein.pdb,226,7.2365117,7.11214,7.178677,7.1970916,7.318672,7.429259,7.899779,7.3902283,6.542271,7.316407,7.262104
227,charge_annhil/irak4_s2,charge_annhil/irak4_s2/17neu,../large_fep_dataset/data/fep_benchmark_processed/charge_annhil_irak4_s2_17neu.sdf,../large_fep_dataset/data/fep_benchmark_processed/charge_annhil_irak4_s2_protein.pdb,227,7.3326855,7.180228,7.4273047,7.267896,7.4321046,7.5614934,8.044191,7.6140313,6.696106,7.343523,7.3899565
228,charge_annhil/irak4_s2,charge_annhil/irak4_s2/5neu,../large_fep_dataset/data/fep_benchmark_processed/charge_annhil_irak4_s2_5neu.sdf,../large_fep_dataset/data/fep_benchmark_processed/charge_annhil_irak4_s2_protein.pdb,228,7.6028814,7.422786,7.0567894,7.1702194,7.314449,7.160011,7.73957,7.4250584,6.778197,7.0274024,7.2697363
229,charge_annhil/irak4_s2,charge_annhil/irak4_s2/18,../large_fep_dataset/data/fep_benchmark_processed/charge_annhil_irak4_s2_18.sdf,../large_fep_dataset/data/fep_benchmark_processed/charge_annhil_irak4_s2_protein.pdb,229,7.250478,7.1257873,7.174005,6.9626503,7.406363,7.61517,8.267161,7.4470263,6.611813,7.1076603,7.2968116
230,charge_annhil/irak4_s2,charge_annhil/irak4_s2/6,../large_fep_dataset/data/fep_benchmark_processed/charge_annhil_irak4_s2_6.sdf,../large_fep_dataset/data/fep_benchmark_processed/charge_annhil_irak4_s2_protein.pdb,230,7.2808356,7.5695972,6.5583806,6.937582,6.8512206,6.95365,7.740881,7.3784018,6.4669385,6.9274607,7.0664954
231,charge_annhil/irak4_s2,charge_annhil/irak4_s2/5charg,../large_fep_dataset/data/fep_benchmark_processed/charge_annhil_irak4_s2_5charg.sdf,../large_fep_dataset/data/fep_benchmark_processed/charge_annhil_irak4_s2_protein.pdb,231,7.645256,7.372259,7.136039,7.1421905,7.211671,7.351328,7.624005,7.465267,6.718532,6.8894143,7.255595
232,charge_annhil/irak4_s2,charge_annhil/irak4_s2/14,../large_fep_dataset/data/fep_benchmark_processed/charge_annhil_irak4_s2_14.sdf,../large_fep_dataset/data/fep_benchmark_processed/charge_annhil_irak4_s2_protein.pdb,232,7.3480587,7.2150807,7.382386,7.0315495,7.1108737,7.5145354,7.947911,7.105839,6.584711,6.9603486,7.2201295
233,charge_annhil/dlk,charge_annhil/dlk/9,../large_fep_dataset/data/fep_benchmark_processed/charge_annhil_dlk_9.sdf,../large_fep_dataset/data/fep_benchmark_processed/charge_annhil_dlk_protein.pdb,233,7.5397835,6.838262,7.303161,6.7319665,6.8205366,7.2968955,7.527872,7.9913173,7.2550454,7.3933144,7.269815
234,charge_annhil/dlk,charge_annhil/dlk/17charg,../large_fep_dataset/data/fep_benchmark_processed/charge_annhil_dlk_17charg.sdf,../large_fep_dataset/data/fep_benchmark_processed/charge_annhil_dlk_protein.pdb,234,8.424412,8.034407,8.004683,7.4278045,7.839471,8.643935,7.974676,7.869623,8.26101,8.089626,8.056964
235,charge_annhil/dlk,charge_annhil/dlk/17neu,../large_fep_dataset/data/fep_benchmark_processed/charge_annhil_dlk_17neu.sdf,../large_fep_dataset/data/fep_benchmark_processed/charge_annhil_dlk_protein.pdb,235,8.31182,7.957319,7.9833994,7.348572,7.7637143,8.534342,7.919486,8.0502615,8.201343,8.0325575,8.010281
236,charge_annhil/dlk,charge_annhil/dlk/4charg,../large_fep_dataset/data/fep_benchmark_processed/charge_annhil_dlk_4charg.sdf,../large_fep_dataset/data/fep_benchmark_processed/charge_annhil_dlk_protein.pdb,236,7.517278,7.3000464,6.524955,6.8162313,6.754215,7.092698,7.090046,7.1948066,7.408266,6.6244626,7.0323005
237,charge_annhil/dlk,charge_annhil/dlk/4neu,../large_fep_dataset/data/fep_benchmark_processed/charge_annhil_dlk_4neu.sdf,../large_fep_dataset/data/fep_benchmark_processed/charge_annhil_dlk_protein.pdb,237,7.4976325,7.1333876,6.836821,6.5369816,6.280297,6.7853794,6.9657197,7.1279054,7.4762444,6.566637,6.920701
238,charge_annhil/dlk,charge_annhil/dlk/18,../large_fep_dataset/data/fep_benchmark_processed/charge_annhil_dlk_18.sdf,../large_fep_dataset/data/fep_benchmark_processed/charge_annhil_dlk_protein.pdb,238,7.5981894,7.6931257,7.184635,7.004527,7.677028,8.412957,7.628411,7.592133,7.847181,7.3982596,7.6036444
239,charge_annhil/dlk,charge_annhil/dlk/8,../large_fep_dataset/data/fep_benchmark_processed/charge_annhil_dlk_8.sdf,../large_fep_dataset/data/fep_benchmark_processed/charge_annhil_dlk_protein.pdb,239,7.703195,8.146293,7.4985976,7.673808,7.8585467,8.217062,7.3566985,7.804399,7.7893295,7.337766,7.7385697
240,charge_annhil/irak4_s3,charge_annhil/irak4_s3/28neu,../large_fep_dataset/data/fep_benchmark_processed/charge_annhil_irak4_s3_28neu.sdf,../large_fep_dataset/data/fep_benchmark_processed/charge_annhil_irak4_s3_protein.pdb,240,7.230504,7.2515187,7.159474,7.2639947,7.2702823,8.030233,7.345362,7.3727183,7.247795,7.4137735,7.3585663
241,charge_annhil/irak4_s3,charge_annhil/irak4_s3/19charg,../large_fep_dataset/data/fep_benchmark_processed/charge_annhil_irak4_s3_19charg.sdf,../large_fep_dataset/data/fep_benchmark_processed/charge_annhil_irak4_s3_protein.pdb,241,7.4140234,7.0835886,7.384731,7.322272,7.0140605,8.314968,7.2986584,7.28616,7.29842,7.923738,7.4340615
242,charge_annhil/irak4_s3,charge_annhil/irak4_s3/29,../large_fep_dataset/data/fep_benchmark_processed/charge_annhil_irak4_s3_29.sdf,../large_fep_dataset/data/fep_benchmark_processed/charge_annhil_irak4_s3_protein.pdb,242,7.69491,7.3110323,7.096447,7.084974,7.5316386,7.8517914,7.772508,7.1821976,7.1876664,7.172077,7.388524
243,charge_annhil/irak4_s3,charge_annhil/irak4_s3/19neu,../large_fep_dataset/data/fep_benchmark_processed/charge_annhil_irak4_s3_19neu.sdf,../large_fep_dataset/data/fep_benchmark_processed/charge_annhil_irak4_s3_protein.pdb,243,7.2132773,7.265549,7.2284846,7.2895317,7.1517496,8.129836,7.3275437,7.3651085,7.301859,7.5875807,7.386052
244,charge_annhil/irak4_s3,charge_annhil/irak4_s3/28charg,../large_fep_dataset/data/fep_benchmark_processed/charge_annhil_irak4_s3_28charg.sdf,../large_fep_dataset/data/fep_benchmark_processed/charge_annhil_irak4_s3_protein.pdb,244,7.340106,7.098247,7.238261,7.3625655,6.981945,8.25719,7.272367,7.3153634,7.225073,7.56481,7.365593
245,charge_annhil/irak4_s3,charge_annhil/irak4_s3/27,../large_fep_dataset/data/fep_benchmark_processed/charge_annhil_irak4_s3_27.sdf,../large_fep_dataset/data/fep_benchmark_processed/charge_annhil_irak4_s3_protein.pdb,245,7.51491,7.3483706,7.2636104,7.34842,7.6277127,8.105784,7.934075,7.46919,7.5916214,7.026027,7.522971
246,charge_annhil/ephx2,charge_annhil/ephx2/47charg,../large_fep_dataset/data/fep_benchmark_processed/charge_annhil_ephx2_47charg.sdf,../large_fep_dataset/data/fep_benchmark_processed/charge_annhil_ephx2_protein.pdb,246,6.674015,7.260062,8.002987,7.3047786,6.880966,7.9015026,7.8211603,7.5990376,7.442059,7.205041,7.4091616
247,charge_annhil/ephx2,charge_annhil/ephx2/19charg,../large_fep_dataset/data/fep_benchmark_processed/charge_annhil_ephx2_19charg.sdf,../large_fep_dataset/data/fep_benchmark_processed/charge_annhil_ephx2_protein.pdb,247,6.428261,6.747085,7.355198,6.293903,6.1839767,6.487161,7.038581,6.834572,6.105672,6.5082316,6.5982637
248,charge_annhil/ephx2,charge_annhil/ephx2/19neu,../large_fep_dataset/data/fep_benchmark_processed/charge_annhil_ephx2_19neu.sdf,../large_fep_dataset/data/fep_benchmark_processed/charge_annhil_ephx2_protein.pdb,248,6.3854313,6.596148,7.2452126,5.876715,5.936331,6.3804092,6.8888235,7.049141,6.07287,6.251416,6.4682493
249,charge_annhil/ephx2,charge_annhil/ephx2/20,../large_fep_dataset/data/fep_benchmark_processed/charge_annhil_ephx2_20.sdf,../large_fep_dataset/data/fep_benchmark_processed/charge_annhil_ephx2_protein.pdb,249,6.9765196,6.828936,7.5766406,5.9782224,6.0311813,6.5727525,6.750477,6.804146,6.29382,6.4032216,6.621592
250,charge_annhil/ephx2,charge_annhil/ephx2/47neu,../large_fep_dataset/data/fep_benchmark_processed/charge_annhil_ephx2_47neu.sdf,../large_fep_dataset/data/fep_benchmark_processed/charge_annhil_ephx2_protein.pdb,250,6.8863153,7.158565,7.860102,7.1118617,6.7098956,7.6104813,7.8883657,7.599583,7.667265,7.483247,7.3975677
251,charge_annhil/ephx2,charge_annhil/ephx2/33,../large_fep_dataset/data/fep_benchmark_processed/charge_annhil_ephx2_33.sdf,../large_fep_dataset/data/fep_benchmark_processed/charge_annhil_ephx2_protein.pdb,251,7.462142,7.201672,7.6615458,8.084176,7.425066,7.9080973,8.364268,7.8270736,8.057928,7.1947403,7.718671
252,charge_annhil/jak1,charge_annhil/jak1/17,../large_fep_dataset/data/fep_benchmark_processed/charge_annhil_jak1_17.sdf,../large_fep_dataset/data/fep_benchmark_processed/charge_annhil_jak1_protein.pdb,252,7.8808765,7.2996516,7.257111,7.208306,7.399334,7.3261065,6.8707805,7.6918073,7.0771213,6.947743,7.295884
253,charge_annhil/jak1,charge_annhil/jak1/18charg,../large_fep_dataset/data/fep_benchmark_processed/charge_annhil_jak1_18charg.sdf,../large_fep_dataset/data/fep_benchmark_processed/charge_annhil_jak1_protein.pdb,253,7.6089945,7.2240176,8.237441,7.913832,8.013842,8.70513,7.650001,7.427639,7.7349043,7.9187946,7.843459
254,charge_annhil/jak1,charge_annhil/jak1/18neu,../large_fep_dataset/data/fep_benchmark_processed/charge_annhil_jak1_18neu.sdf,../large_fep_dataset/data/fep_benchmark_processed/charge_annhil_jak1_protein.pdb,254,7.887656,7.486741,8.309554,7.9916425,8.080499,8.936519,7.8885903,7.5065913,7.6964545,7.936938,7.9721184
255,charge_annhil/jak1,charge_annhil/jak1/jmc_25,../large_fep_dataset/data/fep_benchmark_processed/charge_annhil_jak1_jmc_25.sdf,../large_fep_dataset/data/fep_benchmark_processed/charge_annhil_jak1_protein.pdb,255,8.156261,7.717008,8.1335125,7.9625053,7.9504013,7.994851,8.362204,8.278991,8.772522,8.243799,8.157206
256,charge_annhil/jak1,charge_annhil/jak1/jmc_34,../large_fep_dataset/data/fep_benchmark_processed/charge_annhil_jak1_jmc_34.sdf,../large_fep_dataset/data/fep_benchmark_processed/charge_annhil_jak1_protein.pdb,256,8.405695,7.754581,8.478908,8.315481,8.582371,8.793817,8.592147,8.506502,8.967786,8.463234,8.4860525
257,charge_annhil/jak1,charge_annhil/jak1/16charg,../large_fep_dataset/data/fep_benchmark_processed/charge_annhil_jak1_16charg.sdf,../large_fep_dataset/data/fep_benchmark_processed/charge_annhil_jak1_protein.pdb,257,7.423272,6.654859,7.3630743,7.047292,6.756833,7.448052,6.801846,7.5689573,6.612801,7.055156,7.073214
258,charge_annhil/jak1,charge_annhil/jak1/16neu,../large_fep_dataset/data/fep_benchmark_processed/charge_annhil_jak1_16neu.sdf,../large_fep_dataset/data/fep_benchmark_processed/charge_annhil_jak1_protein.pdb,258,7.46265,6.6652145,7.1768894,7.1939898,7.020078,7.2772408,6.8827825,7.3537893,6.767435,7.2601066,7.106018
259,charge_annhil/jak1,charge_annhil/jak1/jmc_22,../large_fep_dataset/data/fep_benchmark_processed/charge_annhil_jak1_jmc_22.sdf,../large_fep_dataset/data/fep_benchmark_processed/charge_annhil_jak1_protein.pdb,259,8.389589,7.7001734,8.219861,8.226715,8.2729025,8.450744,8.40715,8.594036,9.00355,8.41171,8.367643
260,charge_annhil/tyk2,charge_annhil/tyk2/ejm_47,../large_fep_dataset/data/fep_benchmark_processed/charge_annhil_tyk2_ejm_47.sdf,../large_fep_dataset/data/fep_benchmark_processed/charge_annhil_tyk2_protein.pdb,260,7.8548884,7.1214075,7.2113013,8.208339,7.1960025,7.7960715,7.712479,6.7706056,8.038862,7.4710946,7.538105
261,charge_annhil/tyk2,charge_annhil/tyk2/jmc_32charg,../large_fep_dataset/data/fep_benchmark_processed/charge_annhil_tyk2_jmc_32charg.sdf,../large_fep_dataset/data/fep_benchmark_processed/charge_annhil_tyk2_protein.pdb,261,7.5688343,6.9979353,6.254329,7.5573153,7.007856,7.646583,7.5203075,6.977784,7.2605505,7.051224,7.184272
262,charge_annhil/tyk2,charge_annhil/tyk2/jmc_31,../large_fep_dataset/data/fep_benchmark_processed/charge_annhil_tyk2_jmc_31.sdf,../large_fep_dataset/data/fep_benchmark_processed/charge_annhil_tyk2_protein.pdb,262,7.819894,7.051953,7.038425,7.5651,7.326603,7.4975195,7.8529315,7.13519,6.958337,7.308733,7.3554688
263,charge_annhil/tyk2,charge_annhil/tyk2/jmc_32neu,../large_fep_dataset/data/fep_benchmark_processed/charge_annhil_tyk2_jmc_32neu.sdf,../large_fep_dataset/data/fep_benchmark_processed/charge_annhil_tyk2_protein.pdb,263,8.186633,7.270193,7.1191797,7.6969843,6.990924,7.3607435,7.5025043,7.1046386,6.9065814,7.270676,7.3409057
264,charge_annhil/tyk2,charge_annhil/tyk2/ejm_52neu,../large_fep_dataset/data/fep_benchmark_processed/charge_annhil_tyk2_ejm_52neu.sdf,../large_fep_dataset/data/fep_benchmark_processed/charge_annhil_tyk2_protein.pdb,264,8.150268,6.760123,6.575159,7.9455256,6.764661,6.9573083,7.537575,6.544364,7.71129,7.0886993,7.2034974
265,charge_annhil/tyk2,charge_annhil/tyk2/ejm_52charg,../large_fep_dataset/data/fep_benchmark_processed/charge_annhil_tyk2_ejm_52charg.sdf,../large_fep_dataset/data/fep_benchmark_processed/charge_annhil_tyk2_protein.pdb,265,7.8846717,6.960263,6.710151,7.7283263,7.199496,6.7355156,7.653406,6.5767794,7.6387796,7.0472054,7.21346
266,charge_annhil/tyk2,charge_annhil/tyk2/ejm_46,../large_fep_dataset/data/fep_benchmark_processed/charge_annhil_tyk2_ejm_46.sdf,../large_fep_dataset/data/fep_benchmark_processed/charge_annhil_tyk2_protein.pdb,266,8.0140085,6.9965463,6.7964854,8.138408,7.385227,7.486192,7.7598944,7.333927,7.8360324,7.353307,7.510003
267,charge_annhil/itk,charge_annhil/itk/17,../large_fep_dataset/data/fep_benchmark_processed/charge_annhil_itk_17.sdf,../large_fep_dataset/data/fep_benchmark_processed/charge_annhil_itk_protein.pdb,267,7.5524306,6.9659643,8.636543,7.3903346,7.6745005,8.413394,7.6769624,8.553013,6.794087,7.5220413,7.7179275
268,charge_annhil/itk,charge_annhil/itk/1neu,../large_fep_dataset/data/fep_benchmark_processed/charge_annhil_itk_1neu.sdf,../large_fep_dataset/data/fep_benchmark_processed/charge_annhil_itk_protein.pdb,268,8.464053,8.046167,8.732514,7.76709,8.790983,8.71633,6.7251916,8.444712,8.276303,7.7879624,8.175131
269,charge_annhil/itk,charge_annhil/itk/1charg,../large_fep_dataset/data/fep_benchmark_processed/charge_annhil_itk_1charg.sdf,../large_fep_dataset/data/fep_benchmark_processed/charge_annhil_itk_protein.pdb,269,8.226535,8.266625,8.996299,8.015348,8.666719,9.282325,7.232681,8.81602,8.146011,7.9055653,8.3554125
270,charge_annhil/itk,charge_annhil/itk/18,../large_fep_dataset/data/fep_benchmark_processed/charge_annhil_itk_18.sdf,../large_fep_dataset/data/fep_benchmark_processed/charge_annhil_itk_protein.pdb,270,7.496902,6.930956,8.55573,7.1714926,7.5628805,8.380567,7.5044594,7.7691727,6.934354,7.4294963,7.5736017
271,charge_annhil/itk,charge_annhil/itk/19,../large_fep_dataset/data/fep_benchmark_processed/charge_annhil_itk_19.sdf,../large_fep_dataset/data/fep_benchmark_processed/charge_annhil_itk_protein.pdb,271,7.0504203,6.826464,7.7670693,6.2466598,6.627366,7.4729557,5.9144907,6.9631734,6.1780443,7.1788135,6.8225455
272,charge_annhil/thrombin_whole_map,charge_annhil/thrombin_whole_map/11,../large_fep_dataset/data/fep_benchmark_processed/charge_annhil_thrombin_whole_map_11.sdf,../large_fep_dataset/data/fep_benchmark_processed/charge_annhil_thrombin_whole_map_protein.pdb,272,7.7993045,7.077027,7.150382,6.91227,7.635445,7.4483333,6.859896,7.76896,7.031188,6.8751564,7.255797
273,charge_annhil/thrombin_whole_map,charge_annhil/thrombin_whole_map/1,../large_fep_dataset/data/fep_benchmark_processed/charge_annhil_thrombin_whole_map_1.sdf,../large_fep_dataset/data/fep_benchmark_processed/charge_annhil_thrombin_whole_map_protein.pdb,273,7.190581,6.651158,5.9094796,6.2605963,7.141938,6.962111,5.5535984,6.3948956,6.405828,6.102539,6.4572725
274,charge_annhil/thrombin_whole_map,charge_annhil/thrombin_whole_map/3,../large_fep_dataset/data/fep_benchmark_processed/charge_annhil_thrombin_whole_map_3.sdf,../large_fep_dataset/data/fep_benchmark_processed/charge_annhil_thrombin_whole_map_protein.pdb,274,7.5109386,6.510204,6.0377126,5.91527,6.9572897,6.592649,5.805264,6.610722,6.0317717,6.348765,6.432059
275,charge_annhil/thrombin_whole_map,charge_annhil/thrombin_whole_map/jmb2009-4,../large_fep_dataset/data/fep_benchmark_processed/charge_annhil_thrombin_whole_map_jmb2009-4.sdf,../large_fep_dataset/data/fep_benchmark_processed/charge_annhil_thrombin_whole_map_protein.pdb,275,8.361017,7.547043,7.6911874,8.0739155,7.771705,8.047366,7.692323,7.767426,7.7403545,7.657781,7.835012
276,charge_annhil/thrombin_whole_map,charge_annhil/thrombin_whole_map/10,../large_fep_dataset/data/fep_benchmark_processed/charge_annhil_thrombin_whole_map_10.sdf,../large_fep_dataset/data/fep_benchmark_processed/charge_annhil_thrombin_whole_map_protein.pdb,276,7.525688,7.182189,7.134958,6.905003,7.535268,6.8673067,6.6349387,7.9502645,7.515568,6.683603,7.1934776
277,charge_annhil/thrombin_whole_map,charge_annhil/thrombin_whole_map/2,../large_fep_dataset/data/fep_benchmark_processed/charge_annhil_thrombin_whole_map_2.sdf,../large_fep_dataset/data/fep_benchmark_processed/charge_annhil_thrombin_whole_map_protein.pdb,277,6.459373,6.3953915,5.695833,5.412163,6.2770395,6.316709,5.6490583,6.2594986,5.881854,5.766219,6.011314
278,charge_annhil/cdk2,charge_annhil/cdk2/39neu,../large_fep_dataset/data/fep_benchmark_processed/charge_annhil_cdk2_39neu.sdf,../large_fep_dataset/data/fep_benchmark_processed/charge_annhil_cdk2_protein.pdb,278,5.4301586,5.2325964,5.48993,4.9644356,5.419111,5.4564257,5.4605937,6.641211,5.834333,4.8963213,5.4825115
279,charge_annhil/cdk2,charge_annhil/cdk2/39charg,../large_fep_dataset/data/fep_benchmark_processed/charge_annhil_cdk2_39charg.sdf,../large_fep_dataset/data/fep_benchmark_processed/charge_annhil_cdk2_protein.pdb,279,5.38225,5.262918,5.624193,4.8337603,5.930539,5.514072,5.437858,6.3399086,5.556899,5.2368937,5.5119295
280,charge_annhil/cdk2,charge_annhil/cdk2/34,../large_fep_dataset/data/fep_benchmark_processed/charge_annhil_cdk2_34.sdf,../large_fep_dataset/data/fep_benchmark_processed/charge_annhil_cdk2_protein.pdb,280,5.5480657,5.2379675,5.4192657,5.114947,5.3910384,5.4815288,5.1942368,6.2780766,5.8019342,5.415292,5.488235
281,charge_annhil/cdk2,charge_annhil/cdk2/25,../large_fep_dataset/data/fep_benchmark_processed/charge_annhil_cdk2_25.sdf,../large_fep_dataset/data/fep_benchmark_processed/charge_annhil_cdk2_protein.pdb,281,5.175857,5.905186,5.5143228,5.7275844,5.7745523,5.541685,5.781833,6.045325,6.3844366,5.6183486,5.7469134
282,fragments/hsp90_frag_2rings,fragments/hsp90_frag_2rings/18,../large_fep_dataset/data/fep_benchmark_processed/fragments_hsp90_frag_2rings_18.sdf,../large_fep_dataset/data/fep_benchmark_processed/fragments_hsp90_frag_2rings_protein.pdb,282,6.853187,7.2477503,7.517891,7.3794556,7.1644897,6.9644747,6.9934115,6.712845,6.31187,7.2355876,7.038096
283,fragments/hsp90_frag_2rings,fragments/hsp90_frag_2rings/17,../large_fep_dataset/data/fep_benchmark_processed/fragments_hsp90_frag_2rings_17.sdf,../large_fep_dataset/data/fep_benchmark_processed/fragments_hsp90_frag_2rings_protein.pdb,283,6.5683117,7.751882,7.2733893,6.8218703,7.1650524,7.813298,7.6615977,6.548602,6.9801755,7.5815287,7.216571
284,fragments/hsp90_frag_2rings,fragments/hsp90_frag_2rings/19,../large_fep_dataset/data/fep_benchmark_processed/fragments_hsp90_frag_2rings_19.sdf,../large_fep_dataset/data/fep_benchmark_processed/fragments_hsp90_frag_2rings_protein.pdb,284,6.911744,7.68537,7.868316,7.4228463,7.530481,7.820275,7.676209,6.580321,7.566958,7.522254,7.458478
285,fragments/hsp90_frag_2rings,fragments/hsp90_frag_2rings/15,../large_fep_dataset/data/fep_benchmark_processed/fragments_hsp90_frag_2rings_15.sdf,../large_fep_dataset/data/fep_benchmark_processed/fragments_hsp90_frag_2rings_protein.pdb,285,6.345764,6.7735596,6.763447,6.8081837,6.979673,6.9506583,6.9955697,6.5639462,5.914061,7.1393294,6.723419
286,fragments/hsp90_frag_2rings,fragments/hsp90_frag_2rings/14,../large_fep_dataset/data/fep_benchmark_processed/fragments_hsp90_frag_2rings_14.sdf,../large_fep_dataset/data/fep_benchmark_processed/fragments_hsp90_frag_2rings_protein.pdb,286,6.380244,6.165767,6.536798,6.331107,6.8454466,6.5016875,6.8197994,6.192711,5.5200167,7.034049,6.432762
287,fragments/hsp90_frag_2rings,fragments/hsp90_frag_2rings/16,../large_fep_dataset/data/fep_benchmark_processed/fragments_hsp90_frag_2rings_16.sdf,../large_fep_dataset/data/fep_benchmark_processed/fragments_hsp90_frag_2rings_protein.pdb,287,6.7438364,7.4545116,7.6349273,7.155041,7.309526,8.060005,8.229782,6.893717,6.6219287,7.524496,7.3627768
288,fragments/frag_liga_auto,fragments/frag_liga_auto/12,../large_fep_dataset/data/fep_benchmark_processed/fragments_frag_liga_auto_12.sdf,../large_fep_dataset/data/fep_benchmark_processed/fragments_frag_liga_auto_protein.pdb,288,6.828293,7.35445,7.194656,6.4606237,6.994213,7.768057,6.9505506,6.8794475,7.0735254,7.866285,7.13701
289,fragments/frag_liga_auto,fragments/frag_liga_auto/9,../large_fep_dataset/data/fep_benchmark_processed/fragments_frag_liga_auto_9.sdf,../large_fep_dataset/data/fep_benchmark_processed/fragments_frag_liga_auto_protein.pdb,289,5.691804,5.327801,6.9279156,6.3849545,5.7681127,6.444292,5.245849,5.5760965,5.9082007,5.36139,5.8636413
290,fragments/frag_liga_auto,fragments/frag_liga_auto/5,../large_fep_dataset/data/fep_benchmark_processed/fragments_frag_liga_auto_5.sdf,../large_fep_dataset/data/fep_benchmark_processed/fragments_frag_liga_auto_protein.pdb,290,5.5168386,5.2281756,5.0699754,5.0522103,4.9022746,4.9448524,4.6466565,4.8251605,5.449976,4.225672,4.9861794
291,fragments/frag_liga_auto,fragments/frag_liga_auto/6,../large_fep_dataset/data/fep_benchmark_processed/fragments_frag_liga_auto_6.sdf,../large_fep_dataset/data/fep_benchmark_processed/fragments_frag_liga_auto_protein.pdb,291,4.959442,5.9334354,5.766323,5.8360443,5.1879935,6.2637324,4.912947,5.3566885,5.772667,5.326279,5.5315557
292,fragments/frag_liga_auto,fragments/frag_liga_auto/11,../large_fep_dataset/data/fep_benchmark_processed/fragments_frag_liga_auto_11.sdf,../large_fep_dataset/data/fep_benchmark_processed/fragments_frag_liga_auto_protein.pdb,292,6.5594854,6.3810015,6.4503856,6.3098307,7.103386,6.6109657,6.156965,6.2667785,7.364172,7.3381443,6.654111
293,fragments/frag_liga_auto,fragments/frag_liga_auto/10,../large_fep_dataset/data/fep_benchmark_processed/fragments_frag_liga_auto_10.sdf,../large_fep_dataset/data/fep_benchmark_processed/fragments_frag_liga_auto_protein.pdb,293,5.470572,5.8753085,5.363239,5.995766,5.5898223,5.668962,5.423965,5.25328,6.1111207,5.6626673,5.6414704
294,fragments/frag_liga_auto,fragments/frag_liga_auto/8,../large_fep_dataset/data/fep_benchmark_processed/fragments_frag_liga_auto_8.sdf,../large_fep_dataset/data/fep_benchmark_processed/fragments_frag_liga_auto_protein.pdb,294,6.3784223,6.3212624,7.4753222,6.747105,7.3022795,7.6015716,5.91206,6.9617624,7.8700275,6.1238933,6.8693705
295,fragments/frag_liga_auto,fragments/frag_liga_auto/3,../large_fep_dataset/data/fep_benchmark_processed/fragments_frag_liga_auto_3.sdf,../large_fep_dataset/data/fep_benchmark_processed/fragments_frag_liga_auto_protein.pdb,295,5.1279874,4.919483,4.5467463,4.700232,4.2096615,4.647056,4.5554004,5.371546,4.8053036,4.3036346,4.718705
296,fragments/frag_liga_auto,fragments/frag_liga_auto/7,../large_fep_dataset/data/fep_benchmark_processed/fragments_frag_liga_auto_7.sdf,../large_fep_dataset/data/fep_benchmark_processed/fragments_frag_liga_auto_protein.pdb,296,5.5910473,4.943253,4.856749,5.1458993,4.8275485,5.206203,5.267039,5.039464,6.124264,4.285804,5.128727
297,fragments/frag_liga_auto,fragments/frag_liga_auto/13,../large_fep_dataset/data/fep_benchmark_processed/fragments_frag_liga_auto_13.sdf,../large_fep_dataset/data/fep_benchmark_processed/fragments_frag_liga_auto_protein.pdb,297,6.6193037,7.231079,6.6094775,6.4247675,6.9551744,7.4284697,6.997665,6.4886184,6.5421457,8.128428,6.9425125
298,fragments/frag_liga_auto,fragments/frag_liga_auto/4,../large_fep_dataset/data/fep_benchmark_processed/fragments_frag_liga_auto_4.sdf,../large_fep_dataset/data/fep_benchmark_processed/fragments_frag_liga_auto_protein.pdb,298,5.270358,5.505347,5.1721716,5.3089347,5.3422666,5.239664,4.888358,5.6671624,5.755132,5.294603,5.3443995
299,fragments/hsp90_frag_single_ring,fragments/hsp90_frag_single_ring/10,../large_fep_dataset/data/fep_benchmark_processed/fragments_hsp90_frag_single_ring_10.sdf,../large_fep_dataset/data/fep_benchmark_processed/fragments_hsp90_frag_single_ring_protein.pdb,299,5.5814686,5.1373343,5.7923326,5.911171,5.6299367,5.4833093,5.6472993,5.8029466,5.7364454,5.588118,5.6310368
300,fragments/hsp90_frag_single_ring,fragments/hsp90_frag_single_ring/3,../large_fep_dataset/data/fep_benchmark_processed/fragments_hsp90_frag_single_ring_3.sdf,../large_fep_dataset/data/fep_benchmark_processed/fragments_hsp90_frag_single_ring_protein.pdb,300,5.2917075,5.256726,5.6598277,5.911614,5.6161666,5.7154326,5.792601,5.8301373,4.9817433,5.726117,5.578207
301,fragments/hsp90_frag_single_ring,fragments/hsp90_frag_single_ring/9,../large_fep_dataset/data/fep_benchmark_processed/fragments_hsp90_frag_single_ring_9.sdf,../large_fep_dataset/data/fep_benchmark_processed/fragments_hsp90_frag_single_ring_protein.pdb,301,5.530305,4.854486,5.496577,5.0714426,4.905708,5.0340567,5.563405,5.155101,5.5614,5.3363595,5.250884
302,fragments/hsp90_frag_single_ring,fragments/hsp90_frag_single_ring/8,../large_fep_dataset/data/fep_benchmark_processed/fragments_hsp90_frag_single_ring_8.sdf,../large_fep_dataset/data/fep_benchmark_processed/fragments_hsp90_frag_single_ring_protein.pdb,302,5.561176,5.501227,5.229621,5.238527,6.0893526,5.6382484,5.8797164,5.09298,4.6587167,6.0132003,5.4902763
303,fragments/hsp90_frag_single_ring,fragments/hsp90_frag_single_ring/11,../large_fep_dataset/data/fep_benchmark_processed/fragments_hsp90_frag_single_ring_11.sdf,../large_fep_dataset/data/fep_benchmark_processed/fragments_hsp90_frag_single_ring_protein.pdb,303,5.4569845,5.496599,5.5193415,5.443408,5.786207,5.2035813,5.7459755,5.062888,5.00327,6.001754,5.472001
304,fragments/hsp90_frag_single_ring,fragments/hsp90_frag_single_ring/12,../large_fep_dataset/data/fep_benchmark_processed/fragments_hsp90_frag_single_ring_12.sdf,../large_fep_dataset/data/fep_benchmark_processed/fragments_hsp90_frag_single_ring_protein.pdb,304,5.7094855,6.096568,5.963286,5.9112883,6.35261,5.759456,5.6549983,5.357657,5.5756855,6.0645943,5.844563
305,fragments/hsp90_frag_single_ring,fragments/hsp90_frag_single_ring/2,../large_fep_dataset/data/fep_benchmark_processed/fragments_hsp90_frag_single_ring_2.sdf,../large_fep_dataset/data/fep_benchmark_processed/fragments_hsp90_frag_single_ring_protein.pdb,305,4.8150706,5.1226974,5.125784,4.9631195,5.429763,5.280168,5.0903864,5.1403036,4.7859006,5.5836124,5.133681
306,fragments/jak2_set1,fragments/jak2_set1/2_3E63,../large_fep_dataset/data/fep_benchmark_processed/fragments_jak2_set1_2_3E63.sdf,../large_fep_dataset/data/fep_benchmark_processed/fragments_jak2_set1_protein.pdb,306,6.2144074,5.5262218,6.175891,5.5100427,5.5294886,5.8392653,6.535292,6.112673,6.037878,5.773575,5.9254737
307,fragments/jak2_set1,fragments/jak2_set1/9,../large_fep_dataset/data/fep_benchmark_processed/fragments_jak2_set1_9.sdf,../large_fep_dataset/data/fep_benchmark_processed/fragments_jak2_set1_protein.pdb,307,6.717585,5.8833613,6.830654,6.3744154,5.8264136,7.0854554,6.9916506,7.181729,6.3533974,6.173086,6.5417747
308,fragments/jak2_set1,fragments/jak2_set1/8,../large_fep_dataset/data/fep_benchmark_processed/fragments_jak2_set1_8.sdf,../large_fep_dataset/data/fep_benchmark_processed/fragments_jak2_set1_protein.pdb,308,6.774428,5.955943,6.8626065,6.3553333,5.4700623,6.735749,6.942518,7.205657,6.4169564,6.264136,6.498339
309,fragments/jak2_set1,fragments/jak2_set1/5,../large_fep_dataset/data/fep_benchmark_processed/fragments_jak2_set1_5.sdf,../large_fep_dataset/data/fep_benchmark_processed/fragments_jak2_set1_protein.pdb,309,6.8349667,5.77113,6.6118803,6.0482354,5.648926,6.386152,6.4192786,6.541412,6.3807745,5.991174,6.2633924
310,fragments/jak2_set1,fragments/jak2_set1/10,../large_fep_dataset/data/fep_benchmark_processed/fragments_jak2_set1_10.sdf,../large_fep_dataset/data/fep_benchmark_processed/fragments_jak2_set1_protein.pdb,310,7.107466,6.045232,7.640322,6.888581,6.4545045,7.027798,7.0780644,7.4587073,7.018976,7.248922,6.9968576
311,fragments/jak2_set1,fragments/jak2_set1/4a,../large_fep_dataset/data/fep_benchmark_processed/fragments_jak2_set1_4a.sdf,../large_fep_dataset/data/fep_benchmark_processed/fragments_jak2_set1_protein.pdb,311,5.595,4.695988,6.3044705,5.228409,4.8953166,5.3855968,5.3901377,5.752006,5.818488,4.527119,5.3592534
312,fragments/jak2_set1,fragments/jak2_set1/4b,../large_fep_dataset/data/fep_benchmark_processed/fragments_jak2_set1_4b.sdf,../large_fep_dataset/data/fep_benchmark_processed/fragments_jak2_set1_protein.pdb,312,5.819094,4.938619,6.3849387,5.5503836,5.039811,5.627837,5.4632516,5.9363613,5.9623113,4.4706793,5.519329
313,fragments/jak2_set1,fragments/jak2_set1/6,../large_fep_dataset/data/fep_benchmark_processed/fragments_jak2_set1_6.sdf,../large_fep_dataset/data/fep_benchmark_processed/fragments_jak2_set1_protein.pdb,313,5.0827804,5.178274,6.247218,6.3102417,5.704873,6.166817,6.69749,6.2602444,6.2619567,6.3600383,6.0269938
314,fragments/jak2_set1,fragments/jak2_set1/3,../large_fep_dataset/data/fep_benchmark_processed/fragments_jak2_set1_3.sdf,../large_fep_dataset/data/fep_benchmark_processed/fragments_jak2_set1_protein.pdb,314,5.830254,5.0460176,5.4809895,4.5486317,5.6616983,5.752956,5.568437,5.65731,4.7987843,5.3431225,5.36882
315,fragments/jak2_set1,fragments/jak2_set1/1_3E62,../large_fep_dataset/data/fep_benchmark_processed/fragments_jak2_set1_1_3E62.sdf,../large_fep_dataset/data/fep_benchmark_processed/fragments_jak2_set1_protein.pdb,315,4.681365,4.251437,4.4107656,4.7314243,4.229473,4.3112836,4.9817977,4.782078,4.7530217,4.7218676,4.585451
316,fragments/jak2_set1,fragments/jak2_set1/7,../large_fep_dataset/data/fep_benchmark_processed/fragments_jak2_set1_7.sdf,../large_fep_dataset/data/fep_benchmark_processed/fragments_jak2_set1_protein.pdb,316,6.538954,5.5054593,7.0724173,6.08117,6.381068,6.649937,6.9064364,7.0766897,7.095688,6.9091883,6.6217012
317,fragments/frag_mup1,fragments/frag_mup1/IBT,../large_fep_dataset/data/fep_benchmark_processed/fragments_frag_mup1_IBT.sdf,../large_fep_dataset/data/fep_benchmark_processed/fragments_frag_mup1_protein.pdb,317,4.3682733,3.9776232,4.6612816,5.400231,3.31803,4.610249,4.799075,4.3957825,4.1551275,4.6031904,4.4288864
318,fragments/frag_mup1,fragments/frag_mup1/MT,../large_fep_dataset/data/fep_benchmark_processed/fragments_frag_mup1_MT.sdf,../large_fep_dataset/data/fep_benchmark_processed/fragments_frag_mup1_protein.pdb,318,3.3188858,2.9962988,2.9308987,4.6649284,2.8348072,4.9841733,3.1116326,2.5589778,3.4206567,3.878107,3.4699364
319,fragments/frag_mup1,fragments/frag_mup1/PT,../large_fep_dataset/data/fep_benchmark_processed/fragments_frag_mup1_PT.sdf,../large_fep_dataset/data/fep_benchmark_processed/fragments_frag_mup1_protein.pdb,319,4.5145793,3.6594255,4.7203355,4.7454076,3.8524423,4.198872,3.966628,3.5320165,4.0705595,4.095884,4.135615
320,fragments/frag_mup1,fragments/frag_mup1/SBT_R,../large_fep_dataset/data/fep_benchmark_processed/fragments_frag_mup1_SBT_R.sdf,../large_fep_dataset/data/fep_benchmark_processed/fragments_frag_mup1_protein.pdb,320,3.9117172,4.0536294,5.1119804,4.85709,3.561929,4.860882,3.992651,4.3840375,4.1557345,4.3231144,4.3212767
321,fragments/frag_mup1,fragments/frag_mup1/SBT_S,../large_fep_dataset/data/fep_benchmark_processed/fragments_frag_mup1_SBT_S.sdf,../large_fep_dataset/data/fep_benchmark_processed/fragments_frag_mup1_protein.pdb,321,4.200135,3.8734307,4.7050805,4.960387,3.8218741,4.5633974,3.9885695,4.4848676,4.533813,4.317506,4.3449063
322,fragments/frag_mup1,fragments/frag_mup1/IPT,../large_fep_dataset/data/fep_benchmark_processed/fragments_frag_mup1_IPT.sdf,../large_fep_dataset/data/fep_benchmark_processed/fragments_frag_mup1_protein.pdb,322,3.2333083,3.5640867,4.603334,4.8070016,2.912998,4.566655,3.303825,4.1579113,4.0147233,3.9916046,3.9155445
323,fragments/frag_mup1,fragments/frag_mup1/ET,../large_fep_dataset/data/fep_benchmark_processed/fragments_frag_mup1_ET.sdf,../large_fep_dataset/data/fep_benchmark_processed/fragments_frag_mup1_protein.pdb,323,3.972512,3.4810624,4.48143,4.933006,2.8944926,4.676738,3.1899168,3.381084,3.7739143,3.1747398,3.7958896
324,fragments/frag_p38,fragments/frag_p38/4,../large_fep_dataset/data/fep_benchmark_processed/fragments_frag_p38_4.sdf,../large_fep_dataset/data/fep_benchmark_processed/fragments_frag_p38_protein.pdb,324,4.7013,4.3488393,4.529063,3.617675,3.9283354,4.167464,4.5228124,4.1985545,4.4450564,4.7694907,4.322859
325,fragments/frag_p38,fragments/frag_p38/1_1W7H,../large_fep_dataset/data/fep_benchmark_processed/fragments_frag_p38_1_1W7H.sdf,../large_fep_dataset/data/fep_benchmark_processed/fragments_frag_p38_protein.pdb,325,3.063253,3.104028,3.696102,3.3897827,3.5059214,3.5287037,4.2123933,3.4114852,4.6690884,3.5460417,3.61268
326,fragments/frag_p38,fragments/frag_p38/6,../large_fep_dataset/data/fep_benchmark_processed/fragments_frag_p38_6.sdf,../large_fep_dataset/data/fep_benchmark_processed/fragments_frag_p38_protein.pdb,326,4.0771785,4.5728736,4.5647507,3.659769,4.3351927,3.9241903,4.0085125,4.358942,3.9766078,4.1238976,4.1601915
327,fragments/frag_p38,fragments/frag_p38/5_1WBW,../large_fep_dataset/data/fep_benchmark_processed/fragments_frag_p38_5_1WBW.sdf,../large_fep_dataset/data/fep_benchmark_processed/fragments_frag_p38_protein.pdb,327,4.5826497,4.3241577,5.027771,4.9738097,4.2329144,4.678284,5.1713405,4.0444603,5.4125023,4.851475,4.729936
328,fragments/frag_p38,fragments/frag_p38/7,../large_fep_dataset/data/fep_benchmark_processed/fragments_frag_p38_7.sdf,../large_fep_dataset/data/fep_benchmark_processed/fragments_frag_p38_protein.pdb,328,5.3611894,5.9333954,5.3336062,5.441198,5.0571632,5.3853874,4.3702674,6.036463,4.3744993,6.588153,5.3881326
329,fragments/frag_p38,fragments/frag_p38/3,../large_fep_dataset/data/fep_benchmark_processed/fragments_frag_p38_3.sdf,../large_fep_dataset/data/fep_benchmark_processed/fragments_frag_p38_protein.pdb,329,2.8316805,2.6081474,2.6957018,2.6083407,3.0625303,2.6861258,3.21243,2.7771766,3.3445942,2.6630151,2.8489742
330,fragments/t4lysozyme_uvt,fragments/t4lysozyme_uvt/meta methyl ethyl benzene,../large_fep_dataset/data/fep_benchmark_processed/fragments_t4lysozyme_uvt_meta_methyl_ethyl_benzene.sdf,../large_fep_dataset/data/fep_benchmark_processed/fragments_t4lysozyme_uvt_protein.pdb,330,4.3409996,3.9737706,4.570748,4.5816374,4.0632906,3.7354586,4.047407,4.249421,4.5769715,4.5139565,4.2653666
331,fragments/t4lysozyme_uvt,fragments/t4lysozyme_uvt/methyl benzene,../large_fep_dataset/data/fep_benchmark_processed/fragments_t4lysozyme_uvt_methyl_benzene.sdf,../large_fep_dataset/data/fep_benchmark_processed/fragments_t4lysozyme_uvt_protein.pdb,331,3.6215494,3.8590984,3.7499375,3.90685,3.9173164,4.027491,3.9711044,3.6969879,4.268556,4.247082,3.926597
332,fragments/t4lysozyme_uvt,fragments/t4lysozyme_uvt/ethyl benzene,../large_fep_dataset/data/fep_benchmark_processed/fragments_t4lysozyme_uvt_ethyl_benzene.sdf,../large_fep_dataset/data/fep_benchmark_processed/fragments_t4lysozyme_uvt_protein.pdb,332,3.9766324,4.320519,4.317656,4.393653,3.903837,4.0346427,3.9345655,4.010048,3.994432,3.9767041,4.086269
333,fragments/t4lysozyme_uvt,fragments/t4lysozyme_uvt/ortho methyl ethyl benzene,../large_fep_dataset/data/fep_benchmark_processed/fragments_t4lysozyme_uvt_ortho_methyl_ethyl_benzene.sdf,../large_fep_dataset/data/fep_benchmark_processed/fragments_t4lysozyme_uvt_protein.pdb,333,3.9533927,4.2116213,4.494755,4.3455186,3.6954064,3.524894,4.14701,4.143736,4.280892,4.456328,4.1253557
334,fragments/t4lysozyme_uvt,fragments/t4lysozyme_uvt/m-xylene,../large_fep_dataset/data/fep_benchmark_processed/fragments_t4lysozyme_uvt_m-xylene.sdf,../large_fep_dataset/data/fep_benchmark_processed/fragments_t4lysozyme_uvt_protein.pdb,334,3.6083596,3.6543043,4.908517,3.858013,3.770774,3.931226,4.010827,3.9749684,4.1717906,4.175002,4.0063787
335,fragments/t4lysozyme_uvt,fragments/t4lysozyme_uvt/p-xylene,../large_fep_dataset/data/fep_benchmark_processed/fragments_t4lysozyme_uvt_p-xylene.sdf,../large_fep_dataset/data/fep_benchmark_processed/fragments_t4lysozyme_uvt_protein.pdb,335,3.7895012,3.639704,4.15365,4.0264378,3.5738256,3.6759534,4.2086926,3.725338,4.1250896,3.76524,3.8683429
336,fragments/t4lysozyme_uvt,fragments/t4lysozyme_uvt/o-xylene,../large_fep_dataset/data/fep_benchmark_processed/fragments_t4lysozyme_uvt_o-xylene.sdf,../large_fep_dataset/data/fep_benchmark_processed/fragments_t4lysozyme_uvt_protein.pdb,336,3.813643,3.8426533,4.317885,3.6086984,3.8341022,3.8937478,3.6166108,3.9928944,3.906371,4.536738,3.9363346
337,fragments/t4lysozyme_uvt,fragments/t4lysozyme_uvt/butyl benzene,../large_fep_dataset/data/fep_benchmark_processed/fragments_t4lysozyme_uvt_butyl_benzene.sdf,../large_fep_dataset/data/fep_benchmark_processed/fragments_t4lysozyme_uvt_protein.pdb,337,5.347269,5.044173,4.619084,5.307424,4.818821,5.0774593,5.093072,4.336296,5.1209292,5.215949,4.998048
338,fragments/t4lysozyme_uvt,fragments/t4lysozyme_uvt/propyl benzene,../large_fep_dataset/data/fep_benchmark_processed/fragments_t4lysozyme_uvt_propyl_benzene.sdf,../large_fep_dataset/data/fep_benchmark_processed/fragments_t4lysozyme_uvt_protein.pdb,338,4.0543604,4.638409,4.2105727,4.6344337,4.171854,4.732091,3.673727,3.87985,4.676426,4.011629,4.268336
339,fragments/t4lysozyme_uvt,fragments/t4lysozyme_uvt/para methyl ethyl benzene,../large_fep_dataset/data/fep_benchmark_processed/fragments_t4lysozyme_uvt_para_methyl_ethyl_benzene.sdf,../large_fep_dataset/data/fep_benchmark_processed/fragments_t4lysozyme_uvt_protein.pdb,339,4.1763444,4.078784,4.0211573,4.7276235,3.8670297,3.7193244,4.412764,4.070742,4.512415,3.7649338,4.135112
340,fragments/t4lysozyme_uvt,fragments/t4lysozyme_uvt/benzene,../large_fep_dataset/data/fep_benchmark_processed/fragments_t4lysozyme_uvt_benzene.sdf,../large_fep_dataset/data/fep_benchmark_processed/fragments_t4lysozyme_uvt_protein.pdb,340,3.429742,4.070992,3.8873634,4.329168,3.703496,3.8428218,3.2130554,4.0304036,4.049375,5.929715,4.048613
341,fragments/t4lysozyme_uvt,fragments/t4lysozyme_uvt/isobutyl benzene,../large_fep_dataset/data/fep_benchmark_processed/fragments_t4lysozyme_uvt_isobutyl_benzene.sdf,../large_fep_dataset/data/fep_benchmark_processed/fragments_t4lysozyme_uvt_protein.pdb,341,3.7529426,4.7260685,4.0080695,5.102082,3.9820528,4.3329306,4.501488,4.2807407,3.8456867,4.3588877,4.2890954
342,fragments/frag_mcl1_noweak,fragments/frag_mcl1_noweak/2,../large_fep_dataset/data/fep_benchmark_processed/fragments_frag_mcl1_noweak_2.sdf,../large_fep_dataset/data/fep_benchmark_processed/fragments_frag_mcl1_noweak_protein.pdb,342,4.2547827,4.4790235,4.0310264,4.453701,4.1378074,3.775281,4.004847,4.5580297,4.9901195,4.2668324,4.2951455
343,fragments/frag_mcl1_noweak,fragments/frag_mcl1_noweak/3,../large_fep_dataset/data/fep_benchmark_processed/fragments_frag_mcl1_noweak_3.sdf,../large_fep_dataset/data/fep_benchmark_processed/fragments_frag_mcl1_noweak_protein.pdb,343,4.25805,5.338422,4.2274303,4.8022213,5.127138,5.0391293,4.524585,5.237089,5.513338,4.838577,4.8905973
344,fragments/frag_mcl1_noweak,fragments/frag_mcl1_noweak/4,../large_fep_dataset/data/fep_benchmark_processed/fragments_frag_mcl1_noweak_4.sdf,../large_fep_dataset/data/fep_benchmark_processed/fragments_frag_mcl1_noweak_protein.pdb,344,4.467799,5.504022,4.868395,4.4147315,5.2515774,5.2686553,4.910806,5.682316,5.454448,4.854583,5.0677333
345,fragments/frag_mcl1_noweak,fragments/frag_mcl1_noweak/5,../large_fep_dataset/data/fep_benchmark_processed/fragments_frag_mcl1_noweak_5.sdf,../large_fep_dataset/data/fep_benchmark_processed/fragments_frag_mcl1_noweak_protein.pdb,345,4.6282506,5.2420893,5.0654383,4.865957,4.9661856,4.8550277,4.9481153,5.169558,5.773779,5.000408,5.0514812
346,fragments/frag_mcl1_noweak,fragments/frag_mcl1_noweak/7,../large_fep_dataset/data/fep_benchmark_processed/fragments_frag_mcl1_noweak_7.sdf,../large_fep_dataset/data/fep_benchmark_processed/fragments_frag_mcl1_noweak_protein.pdb,346,4.262581,4.27838,4.970198,4.1554084,4.177776,4.864661,4.3513064,5.5947504,4.2136993,4.498763,4.536752
347,fragments/frag_mcl1_noweak,fragments/frag_mcl1_noweak/8,../large_fep_dataset/data/fep_benchmark_processed/fragments_frag_mcl1_noweak_8.sdf,../large_fep_dataset/data/fep_benchmark_processed/fragments_frag_mcl1_noweak_protein.pdb,347,4.587495,5.1275067,5.3936267,4.543491,4.0185223,5.1817746,4.36092,5.4732656,4.304231,4.6089683,4.75998
348,fragments/frag_mcl1_noweak,fragments/frag_mcl1_noweak/9,../large_fep_dataset/data/fep_benchmark_processed/fragments_frag_mcl1_noweak_9.sdf,../large_fep_dataset/data/fep_benchmark_processed/fragments_frag_mcl1_noweak_protein.pdb,348,4.4700866,3.6406088,4.0673633,4.3609295,4.5121126,4.1083417,3.964402,4.441875,3.3942409,4.1250415,4.1085005
349,fragments/frag_mcl1_noweak,fragments/frag_mcl1_noweak/10,../large_fep_dataset/data/fep_benchmark_processed/fragments_frag_mcl1_noweak_10.sdf,../large_fep_dataset/data/fep_benchmark_processed/fragments_frag_mcl1_noweak_protein.pdb,349,4.4828467,4.265624,4.963787,4.5323405,4.5339136,4.36973,4.2895627,4.845912,4.9613,4.4702344,4.5715246
350,fragments/frag_mcl1_noweak,fragments/frag_mcl1_noweak/11,../large_fep_dataset/data/fep_benchmark_processed/fragments_frag_mcl1_noweak_11.sdf,../large_fep_dataset/data/fep_benchmark_processed/fragments_frag_mcl1_noweak_protein.pdb,350,5.34891,5.602981,5.2559056,4.4700675,5.097763,5.661648,4.7924027,5.6879063,5.5892525,5.5048504,5.301169
351,fragments/frag_mcl1_noweak,fragments/frag_mcl1_noweak/14,../large_fep_dataset/data/fep_benchmark_processed/fragments_frag_mcl1_noweak_14.sdf,../large_fep_dataset/data/fep_benchmark_processed/fragments_frag_mcl1_noweak_protein.pdb,351,4.5491204,4.7698927,5.379785,4.542074,4.5781956,5.3199973,5.4011464,4.6052084,5.014962,4.4587893,4.8619175
352,fragments/frag_mcl1_noweak,fragments/frag_mcl1_noweak/15,../large_fep_dataset/data/fep_benchmark_processed/fragments_frag_mcl1_noweak_15.sdf,../large_fep_dataset/data/fep_benchmark_processed/fragments_frag_mcl1_noweak_protein.pdb,352,6.335235,5.3229623,5.2794595,5.460457,5.393856,5.6843452,4.799684,5.3382196,5.942583,5.7987323,5.5355535
353,fragments/frag_mcl1_noweak,fragments/frag_mcl1_noweak/13 flipped,../large_fep_dataset/data/fep_benchmark_processed/fragments_frag_mcl1_noweak_13_flipped.sdf,../large_fep_dataset/data/fep_benchmark_processed/fragments_frag_mcl1_noweak_protein.pdb,353,5.12209,4.5300407,4.653727,4.3480844,4.717711,4.942873,4.8031363,5.0044007,5.0023513,4.3386993,4.746311
354,fragments/jak2_set2_extra,fragments/jak2_set2_extra/13_3E64,../large_fep_dataset/data/fep_benchmark_processed/fragments_jak2_set2_extra_13_3E64.sdf,../large_fep_dataset/data/fep_benchmark_processed/fragments_jak2_set2_extra_protein.pdb,354,7.9578576,6.111386,7.4829392,7.698989,7.2801256,7.4706545,7.7250094,7.7567325,6.893659,7.016669,7.339402
355,fragments/jak2_set2_extra,fragments/jak2_set2_extra/21,../large_fep_dataset/data/fep_benchmark_processed/fragments_jak2_set2_extra_21.sdf,../large_fep_dataset/data/fep_benchmark_processed/fragments_jak2_set2_extra_protein.pdb,355,8.094192,6.4885106,7.7864475,7.753469,7.0721374,7.878212,7.603142,8.053392,7.4075103,7.2776175,7.541463
356,fragments/jak2_set2_extra,fragments/jak2_set2_extra/20,../large_fep_dataset/data/fep_benchmark_processed/fragments_jak2_set2_extra_20.sdf,../large_fep_dataset/data/fep_benchmark_processed/fragments_jak2_set2_extra_protein.pdb,356,8.104077,6.648259,7.9041276,7.9109707,7.5102706,7.9876056,7.9410906,8.06907,7.153797,7.648883,7.687814
357,fragments/jak2_set2_extra,fragments/jak2_set2_extra/18,../large_fep_dataset/data/fep_benchmark_processed/fragments_jak2_set2_extra_18.sdf,../large_fep_dataset/data/fep_benchmark_processed/fragments_jak2_set2_extra_protein.pdb,357,7.253015,5.7829556,7.1419287,6.8120365,6.2527013,6.8721385,7.3039956,7.1767974,5.856711,6.1371775,6.658946
358,fragments/jak2_set2_extra,fragments/jak2_set2_extra/14,../large_fep_dataset/data/fep_benchmark_processed/fragments_jak2_set2_extra_14.sdf,../large_fep_dataset/data/fep_benchmark_processed/fragments_jak2_set2_extra_protein.pdb,358,7.1368823,6.044367,7.52192,6.7801676,6.9253483,7.9199796,7.424009,7.167176,6.511569,7.8527346,7.128415
359,fragments/jak2_set2_extra,fragments/jak2_set2_extra/12,../large_fep_dataset/data/fep_benchmark_processed/fragments_jak2_set2_extra_12.sdf,../large_fep_dataset/data/fep_benchmark_processed/fragments_jak2_set2_extra_protein.pdb,359,7.574251,6.4442663,7.7098784,7.543554,7.415097,7.3577623,7.6254067,7.587443,7.301198,7.1668606,7.3725724
360,fragments/jak2_set2_extra,fragments/jak2_set2_extra/15,../large_fep_dataset/data/fep_benchmark_processed/fragments_jak2_set2_extra_15.sdf,../large_fep_dataset/data/fep_benchmark_processed/fragments_jak2_set2_extra_protein.pdb,360,6.6495576,6.1903734,7.121583,6.5127463,6.58396,7.7218695,7.4407563,7.0497003,6.723079,7.204541,6.9198174
361,fragments/jak2_set2_extra,fragments/jak2_set2_extra/22 flip,../large_fep_dataset/data/fep_benchmark_processed/fragments_jak2_set2_extra_22_flip.sdf,../large_fep_dataset/data/fep_benchmark_processed/fragments_jak2_set2_extra_protein.pdb,361,8.010182,7.0002403,8.036292,8.069052,7.7946897,8.066319,7.83016,8.280279,6.6495724,8.053326,7.7790117
362,macrocycles/3RKZ_lig62to70_alpha05,macrocycles/3RKZ_lig62to70_alpha05/lignad_63,../large_fep_dataset/data/fep_benchmark_processed/macrocycles_3RKZ_lig62to70_alpha05_lignad_63.sdf,../large_fep_dataset/data/fep_benchmark_processed/macrocycles_3RKZ_lig62to70_alpha05_protein.pdb,362,7.714155,7.013719,7.2037168,7.0642896,6.8347034,7.5764565,6.750372,6.573626,7.035338,7.570953,7.133733
363,macrocycles/3RKZ_lig62to70_alpha05,macrocycles/3RKZ_lig62to70_alpha05/ligand_69,../large_fep_dataset/data/fep_benchmark_processed/macrocycles_3RKZ_lig62to70_alpha05_ligand_69.sdf,../large_fep_dataset/data/fep_benchmark_processed/macrocycles_3RKZ_lig62to70_alpha05_protein.pdb,363,7.9696155,7.4440403,7.5420732,7.215882,7.2279625,7.836858,7.376679,6.8176365,7.683665,7.279122,7.439353
364,macrocycles/3RKZ_lig62to70_alpha05,macrocycles/3RKZ_lig62to70_alpha05/ligand_62,../large_fep_dataset/data/fep_benchmark_processed/macrocycles_3RKZ_lig62to70_alpha05_ligand_62.sdf,../large_fep_dataset/data/fep_benchmark_processed/macrocycles_3RKZ_lig62to70_alpha05_protein.pdb,364,7.102669,7.3269634,7.093615,6.4945545,6.695574,7.025656,7.120996,6.774274,6.8544307,6.602208,6.9090943
365,macrocycles/3RKZ_lig62to70_alpha05,macrocycles/3RKZ_lig62to70_alpha05/lignad_65,../large_fep_dataset/data/fep_benchmark_processed/macrocycles_3RKZ_lig62to70_alpha05_lignad_65.sdf,../large_fep_dataset/data/fep_benchmark_processed/macrocycles_3RKZ_lig62to70_alpha05_protein.pdb,365,7.349643,6.9362373,7.241467,6.7704263,6.7227535,7.2286067,6.765387,6.454637,6.9426975,7.325213,6.9737067
366,macrocycles/3RKZ_lig62to70_alpha05,macrocycles/3RKZ_lig62to70_alpha05/lignad_68,../large_fep_dataset/data/fep_benchmark_processed/macrocycles_3RKZ_lig62to70_alpha05_lignad_68.sdf,../large_fep_dataset/data/fep_benchmark_processed/macrocycles_3RKZ_lig62to70_alpha05_protein.pdb,366,7.6222844,7.3897967,7.03418,7.307447,7.288128,7.644056,6.943295,6.8412323,7.332418,7.5172415,7.2920084
367,macrocycles/3RKZ_lig62to70_alpha05,macrocycles/3RKZ_lig62to70_alpha05/ligand_64,../large_fep_dataset/data/fep_benchmark_processed/macrocycles_3RKZ_lig62to70_alpha05_ligand_64.sdf,../large_fep_dataset/data/fep_benchmark_processed/macrocycles_3RKZ_lig62to70_alpha05_protein.pdb,367,7.634247,7.194143,7.066554,7.330633,7.09463,7.6537256,7.303486,7.174708,6.9135876,7.1340837,7.24998
368,macrocycles/3RKZ_lig62to70_alpha05,macrocycles/3RKZ_lig62to70_alpha05/ligand_70,../large_fep_dataset/data/fep_benchmark_processed/macrocycles_3RKZ_lig62to70_alpha05_ligand_70.sdf,../large_fep_dataset/data/fep_benchmark_processed/macrocycles_3RKZ_lig62to70_alpha05_protein.pdb,368,7.8731813,7.364737,7.714763,7.817121,7.4315724,8.376363,7.490836,7.096209,7.7821503,7.3947864,7.634172
369,macrocycles/MHT1_lig3_alpha05,macrocycles/MHT1_lig3_alpha05/5AN26_ligand,../large_fep_dataset/data/fep_benchmark_processed/macrocycles_MHT1_lig3_alpha05_5AN26_ligand.sdf,../large_fep_dataset/data/fep_benchmark_processed/macrocycles_MHT1_lig3_alpha05_protein.pdb,369,5.874972,5.5491376,6.437021,5.84615,6.260512,5.8348417,6.1612735,6.324165,6.320003,5.428883,6.0036955
370,macrocycles/MHT1_lig3_alpha05,macrocycles/MHT1_lig3_alpha05/5ANT_A_ligand,../large_fep_dataset/data/fep_benchmark_processed/macrocycles_MHT1_lig3_alpha05_5ANT_A_ligand.sdf,../large_fep_dataset/data/fep_benchmark_processed/macrocycles_MHT1_lig3_alpha05_protein.pdb,370,6.685092,6.0039973,6.887865,6.4491262,7.285256,6.745191,6.788674,7.066789,7.0366554,6.074584,6.7023225
371,macrocycles/MHT1_lig3_alpha05,macrocycles/MHT1_lig3_alpha05/5ANU_ligand,../large_fep_dataset/data/fep_benchmark_processed/macrocycles_MHT1_lig3_alpha05_5ANU_ligand.sdf,../large_fep_dataset/data/fep_benchmark_processed/macrocycles_MHT1_lig3_alpha05_protein.pdb,371,6.757741,7.0036135,7.083352,6.6005034,7.400489,7.39711,7.57396,7.101802,7.472371,7.452414,7.184336
372,macrocycles/2B8V_lig24and25_alpha05,macrocycles/2B8V_lig24and25_alpha05/ligand25_S,../large_fep_dataset/data/fep_benchmark_processed/macrocycles_2B8V_lig24and25_alpha05_ligand25_S.sdf,../large_fep_dataset/data/fep_benchmark_processed/macrocycles_2B8V_lig24and25_alpha05_protein.pdb,372,6.3859034,6.180061,6.0239367,6.347506,6.67219,6.3341203,5.775669,4.990383,6.104832,6.800826,6.161543
373,macrocycles/2B8V_lig24and25_alpha05,macrocycles/2B8V_lig24and25_alpha05/ligand24_S,../large_fep_dataset/data/fep_benchmark_processed/macrocycles_2B8V_lig24and25_alpha05_ligand24_S.sdf,../large_fep_dataset/data/fep_benchmark_processed/macrocycles_2B8V_lig24and25_alpha05_protein.pdb,373,6.3344345,6.6903977,6.063842,6.55947,6.8285503,6.4720507,6.448856,6.0738873,5.535368,6.615064,6.362191
374,macrocycles/ck2_custcore_hotlys,macrocycles/ck2_custcore_hotlys/ligand_15,../large_fep_dataset/data/fep_benchmark_processed/macrocycles_ck2_custcore_hotlys_ligand_15.sdf,../large_fep_dataset/data/fep_benchmark_processed/macrocycles_ck2_custcore_hotlys_protein.pdb,374,7.367236,8.048087,8.139541,7.286286,8.398929,7.7535625,7.2106457,7.997386,8.109089,7.489849,7.7800612
375,macrocycles/ck2_custcore_hotlys,macrocycles/ck2_custcore_hotlys/ligand_14,../large_fep_dataset/data/fep_benchmark_processed/macrocycles_ck2_custcore_hotlys_ligand_14.sdf,../large_fep_dataset/data/fep_benchmark_processed/macrocycles_ck2_custcore_hotlys_protein.pdb,375,9.101884,8.537242,9.241201,8.638555,8.665831,8.291857,8.6156025,8.847601,9.635777,8.514316,8.808987
376,macrocycles/2E9P_lig4to7_alpha05,macrocycles/2E9P_lig4to7_alpha05/ligand_5,../large_fep_dataset/data/fep_benchmark_processed/macrocycles_2E9P_lig4to7_alpha05_ligand_5.sdf,../large_fep_dataset/data/fep_benchmark_processed/macrocycles_2E9P_lig4to7_alpha05_protein.pdb,376,7.6022663,7.3155646,7.343494,6.4376626,7.6112113,6.7086754,7.3287773,7.7149873,6.54538,8.687015,7.3295035
377,macrocycles/2E9P_lig4to7_alpha05,macrocycles/2E9P_lig4to7_alpha05/ligand_7,../large_fep_dataset/data/fep_benchmark_processed/macrocycles_2E9P_lig4to7_alpha05_ligand_7.sdf,../large_fep_dataset/data/fep_benchmark_processed/macrocycles_2E9P_lig4to7_alpha05_protein.pdb,377,7.673001,7.587871,7.8113937,7.250248,8.103253,7.444599,7.5824776,8.269285,7.2555695,9.056705,7.803441
378,macrocycles/2E9P_lig4to7_alpha05,macrocycles/2E9P_lig4to7_alpha05/ligand_4,../large_fep_dataset/data/fep_benchmark_processed/macrocycles_2E9P_lig4to7_alpha05_ligand_4.sdf,../large_fep_dataset/data/fep_benchmark_processed/macrocycles_2E9P_lig4to7_alpha05_protein.pdb,378,6.893522,6.285398,6.632151,6.181147,7.0812054,6.692681,6.8540344,7.1034126,6.571116,7.928155,6.8222823
379,macrocycles/2E9P_lig4to7_alpha05,macrocycles/2E9P_lig4to7_alpha05/ligand_6,../large_fep_dataset/data/fep_benchmark_processed/macrocycles_2E9P_lig4to7_alpha05_ligand_6.sdf,../large_fep_dataset/data/fep_benchmark_processed/macrocycles_2E9P_lig4to7_alpha05_protein.pdb,379,7.241946,7.1039934,7.319048,6.5801387,7.745407,7.056993,7.344771,8.090907,6.8565855,8.8291,7.416889
380,macrocycles/2Q15_lig17to21_alpha05,macrocycles/2Q15_lig17to21_alpha05/ligand_20_S,../large_fep_dataset/data/fep_benchmark_processed/macrocycles_2Q15_lig17to21_alpha05_ligand_20_S.sdf,../large_fep_dataset/data/fep_benchmark_processed/macrocycles_2Q15_lig17to21_alpha05_protein.pdb,380,7.886097,7.4730525,6.9267006,7.4617233,7.6002216,7.5614424,7.410161,7.9287353,6.965581,6.1032686,7.3316984
381,macrocycles/2Q15_lig17to21_alpha05,macrocycles/2Q15_lig17to21_alpha05/ligand_21,../large_fep_dataset/data/fep_benchmark_processed/macrocycles_2Q15_lig17to21_alpha05_ligand_21.sdf,../large_fep_dataset/data/fep_benchmark_processed/macrocycles_2Q15_lig17to21_alpha05_protein.pdb,381,7.5842338,7.4434276,6.7753286,7.548546,7.7547126,7.4009457,7.303384,7.7784915,7.256534,6.24483,7.309043
382,macrocycles/2Q15_lig17to21_alpha05,macrocycles/2Q15_lig17to21_alpha05/ligand_18,../large_fep_dataset/data/fep_benchmark_processed/macrocycles_2Q15_lig17to21_alpha05_ligand_18.sdf,../large_fep_dataset/data/fep_benchmark_processed/macrocycles_2Q15_lig17to21_alpha05_protein.pdb,382,7.6232295,7.461948,6.862599,7.4776325,7.3799596,8.349425,7.8173985,7.857616,6.9733224,7.3678803,7.5171013
383,macrocycles/2Q15_lig17to21_alpha05,macrocycles/2Q15_lig17to21_alpha05/ligand_17_enu,../large_fep_dataset/data/fep_benchmark_processed/macrocycles_2Q15_lig17to21_alpha05_ligand_17_enu.sdf,../large_fep_dataset/data/fep_benchmark_processed/macrocycles_2Q15_lig17to21_alpha05_protein.pdb,383,7.2816935,7.56346,7.3218946,6.946697,7.1039004,7.452953,7.5806036,7.6404223,7.31631,6.186829,7.2394767
384,macrocycles/2Q15_lig17to21_alpha05,macrocycles/2Q15_lig17to21_alpha05/ligand_19,../large_fep_dataset/data/fep_benchmark_processed/macrocycles_2Q15_lig17to21_alpha05_ligand_19.sdf,../large_fep_dataset/data/fep_benchmark_processed/macrocycles_2Q15_lig17to21_alpha05_protein.pdb,384,7.761244,7.488752,6.803186,7.5138845,7.5502605,7.489795,7.3096037,7.9684124,7.0051107,6.1525617,7.3042817
385,macrocycles/hsp90_3hvd_custcore,macrocycles/hsp90_3hvd_custcore/lig_3B27,../large_fep_dataset/data/fep_benchmark_processed/macrocycles_hsp90_3hvd_custcore_lig_3B27.sdf,../large_fep_dataset/data/fep_benchmark_processed/macrocycles_hsp90_3hvd_custcore_protein.pdb,385,4.187257,4.9634657,5.3299103,5.126253,4.312877,5.318741,4.47134,4.7007008,5.4550414,5.270336,4.9135923
386,macrocycles/hsp90_3hvd_custcore,macrocycles/hsp90_3hvd_custcore/18 minimized,../large_fep_dataset/data/fep_benchmark_processed/macrocycles_hsp90_3hvd_custcore_18_minimized.sdf,../large_fep_dataset/data/fep_benchmark_processed/macrocycles_hsp90_3hvd_custcore_protein.pdb,386,7.2213235,6.065622,6.880935,7.149288,6.9797535,6.999562,6.5153112,8.07091,7.0039024,6.7518907,6.9638495
387,macrocycles/hsp90_3hvd_custcore,"macrocycles/hsp90_3hvd_custcore/8, 3VHA","../large_fep_dataset/data/fep_benchmark_processed/macrocycles_hsp90_3hvd_custcore_8,_3VHA.sdf",../large_fep_dataset/data/fep_benchmark_processed/macrocycles_hsp90_3hvd_custcore_protein.pdb,387,5.822474,5.9813023,5.550197,5.7169275,6.56979,6.753434,5.6480756,6.5280757,6.0260854,5.5300727,6.012643
388,macrocycles/hsp90_3hvd_custcore,macrocycles/hsp90_3hvd_custcore/13,../large_fep_dataset/data/fep_benchmark_processed/macrocycles_hsp90_3hvd_custcore_13.sdf,../large_fep_dataset/data/fep_benchmark_processed/macrocycles_hsp90_3hvd_custcore_protein.pdb,388,7.109997,6.358472,6.491427,6.259892,7.2473397,6.7593455,6.680136,7.7926717,6.505136,6.416467,6.762089
389,macrocycles/hsp90_3hvd_custcore,macrocycles/hsp90_3hvd_custcore/9,../large_fep_dataset/data/fep_benchmark_processed/macrocycles_hsp90_3hvd_custcore_9.sdf,../large_fep_dataset/data/fep_benchmark_processed/macrocycles_hsp90_3hvd_custcore_protein.pdb,389,6.16948,5.958243,5.63627,5.736474,6.539228,6.7110467,5.734902,6.683124,6.208603,5.6418705,6.101924
390,macrocycles/hsp90_3hvd_custcore,"macrocycles/hsp90_3hvd_custcore/16, 3VHD","../large_fep_dataset/data/fep_benchmark_processed/macrocycles_hsp90_3hvd_custcore_16,_3VHD.sdf",../large_fep_dataset/data/fep_benchmark_processed/macrocycles_hsp90_3hvd_custcore_protein.pdb,390,7.5961204,6.09716,7.12288,7.326333,6.8809266,7.2831135,6.5241504,7.8433833,6.9277015,6.9543004,7.055607
391,macrocycles/hsp90_3hvd_custcore,"macrocycles/hsp90_3hvd_custcore/11, 3VHC","../large_fep_dataset/data/fep_benchmark_processed/macrocycles_hsp90_3hvd_custcore_11,_3VHC.sdf",../large_fep_dataset/data/fep_benchmark_processed/macrocycles_hsp90_3hvd_custcore_protein.pdb,391,6.933255,6.306961,7.017007,6.399287,6.9889064,6.970576,6.737655,7.8280506,6.4057226,6.8446126,6.8432035
392,macrocycles/hsp90_3hvd_custcore,macrocycles/hsp90_3hvd_custcore/12,../large_fep_dataset/data/fep_benchmark_processed/macrocycles_hsp90_3hvd_custcore_12.sdf,../large_fep_dataset/data/fep_benchmark_processed/macrocycles_hsp90_3hvd_custcore_protein.pdb,392,7.1359754,6.350403,6.539498,6.1569867,7.265025,7.111496,6.703597,7.6959667,6.5592113,6.6110296,6.8129187
393,macrocycles/hsp90_3hvd_custcore,macrocycles/hsp90_3hvd_custcore/7,../large_fep_dataset/data/fep_benchmark_processed/macrocycles_hsp90_3hvd_custcore_7.sdf,../large_fep_dataset/data/fep_benchmark_processed/macrocycles_hsp90_3hvd_custcore_protein.pdb,393,5.9568753,5.8479033,5.683818,5.6105223,6.6199665,6.800269,5.711707,6.5027747,5.9904265,5.6781178,6.0402384
394,macrocycles/hsp90_3hvd_custcore,"macrocycles/hsp90_3hvd_custcore/17, top conformer","../large_fep_dataset/data/fep_benchmark_processed/macrocycles_hsp90_3hvd_custcore_17,_top_conformer.sdf",../large_fep_dataset/data/fep_benchmark_processed/macrocycles_hsp90_3hvd_custcore_protein.pdb,394,7.398828,6.021553,7.0234466,7.297218,6.8512454,7.1754074,6.2817535,7.9558263,6.9639554,7.052188,7.0021424
395,scaffold_hopping/Fxa_2ei8,scaffold_hopping/Fxa_2ei8/Edoxaban,../large_fep_dataset/data/fep_benchmark_processed/scaffold_hopping_Fxa_2ei8_Edoxaban.sdf,../large_fep_dataset/data/fep_benchmark_processed/scaffold_hopping_Fxa_2ei8_protein.pdb,395,8.56396,8.2214985,8.312137,8.332765,8.016344,8.18626,8.432673,8.081761,7.7376833,7.9628153,8.18479
396,scaffold_hopping/Fxa_2ei8,scaffold_hopping/Fxa_2ei8/4d,../large_fep_dataset/data/fep_benchmark_processed/scaffold_hopping_Fxa_2ei8_4d.sdf,../large_fep_dataset/data/fep_benchmark_processed/scaffold_hopping_Fxa_2ei8_protein.pdb,396,8.843868,8.375523,8.107454,8.663514,8.574999,8.53854,8.284473,8.451467,7.901413,8.40946,8.4150715
397,scaffold_hopping/Fxa_2ei8,scaffold_hopping/Fxa_2ei8/4c,../large_fep_dataset/data/fep_benchmark_processed/scaffold_hopping_Fxa_2ei8_4c.sdf,../large_fep_dataset/data/fep_benchmark_processed/scaffold_hopping_Fxa_2ei8_protein.pdb,397,8.437893,8.266113,8.190205,8.735457,8.37269,8.757474,8.165989,8.363373,8.2388935,8.480768,8.400885
398,scaffold_hopping/TPSB2_3v7t,scaffold_hopping/TPSB2_3v7t/1,../large_fep_dataset/data/fep_benchmark_processed/scaffold_hopping_TPSB2_3v7t_1.sdf,../large_fep_dataset/data/fep_benchmark_processed/scaffold_hopping_TPSB2_3v7t_protein.pdb,398,6.626065,7.174368,7.241909,6.029771,7.244991,6.6590004,7.0888305,6.195182,7.476456,7.094771,6.8831344
399,scaffold_hopping/TPSB2_3v7t,scaffold_hopping/TPSB2_3v7t/2,../large_fep_dataset/data/fep_benchmark_processed/scaffold_hopping_TPSB2_3v7t_2.sdf,../large_fep_dataset/data/fep_benchmark_processed/scaffold_hopping_TPSB2_3v7t_protein.pdb,399,7.3642817,7.293725,7.853384,6.36569,7.762179,7.3209925,7.6334753,6.835515,7.711568,7.391255,7.3532066
400,scaffold_hopping/Bace1_4zsp,scaffold_hopping/Bace1_4zsp/31,../large_fep_dataset/data/fep_benchmark_processed/scaffold_hopping_Bace1_4zsp_31.sdf,../large_fep_dataset/data/fep_benchmark_processed/scaffold_hopping_Bace1_4zsp_protein.pdb,400,5.3856063,5.778218,5.6707754,5.9153094,5.06694,6.6320367,5.9626412,5.443745,5.4793763,5.892179,5.722683
401,scaffold_hopping/Bace1_4zsp,scaffold_hopping/Bace1_4zsp/7,../large_fep_dataset/data/fep_benchmark_processed/scaffold_hopping_Bace1_4zsp_7.sdf,../large_fep_dataset/data/fep_benchmark_processed/scaffold_hopping_Bace1_4zsp_protein.pdb,401,5.1607156,5.6509295,5.3982463,5.5623546,5.1465883,5.774907,5.5028043,5.564002,5.133838,5.32466,5.4219046
402,scaffold_hopping/Bace1_4zsp,scaffold_hopping/Bace1_4zsp/6,../large_fep_dataset/data/fep_benchmark_processed/scaffold_hopping_Bace1_4zsp_6.sdf,../large_fep_dataset/data/fep_benchmark_processed/scaffold_hopping_Bace1_4zsp_protein.pdb,402,5.650918,6.1906557,5.6348987,5.646451,5.5471287,6.357719,6.158105,5.656247,5.3851843,5.959975,5.8187284
403,scaffold_hopping/EZH2_5ij7_corehop,scaffold_hopping/EZH2_5ij7_corehop/22,../large_fep_dataset/data/fep_benchmark_processed/scaffold_hopping_EZH2_5ij7_corehop_22.sdf,../large_fep_dataset/data/fep_benchmark_processed/scaffold_hopping_EZH2_5ij7_corehop_protein.pdb,403,6.8673444,6.37558,6.4297514,5.6685696,7.2159038,6.750234,7.3010116,6.176693,6.51634,6.8574653,6.615889
404,scaffold_hopping/EZH2_5ij7_corehop,scaffold_hopping/EZH2_5ij7_corehop/31,../large_fep_dataset/data/fep_benchmark_processed/scaffold_hopping_EZH2_5ij7_corehop_31.sdf,../large_fep_dataset/data/fep_benchmark_processed/scaffold_hopping_EZH2_5ij7_corehop_protein.pdb,404,6.42691,5.8098683,5.8029327,5.7356806,7.1343255,6.349182,6.4942746,6.3409195,6.236048,7.753096,6.408324
405,scaffold_hopping/EZH2_5ij7_corehop,scaffold_hopping/EZH2_5ij7_corehop/29,../large_fep_dataset/data/fep_benchmark_processed/scaffold_hopping_EZH2_5ij7_corehop_29.sdf,../large_fep_dataset/data/fep_benchmark_processed/scaffold_hopping_EZH2_5ij7_corehop_protein.pdb,405,6.869328,6.059953,6.561545,5.3839817,6.8174157,7.0451465,6.5430965,6.709617,6.8567963,7.7525187,6.65994
406,scaffold_hopping/EZH2_5ij7_corehop,scaffold_hopping/EZH2_5ij7_corehop/27,../large_fep_dataset/data/fep_benchmark_processed/scaffold_hopping_EZH2_5ij7_corehop_27.sdf,../large_fep_dataset/data/fep_benchmark_processed/scaffold_hopping_EZH2_5ij7_corehop_protein.pdb,406,6.893038,6.3484855,5.574552,6.0529447,6.88287,6.667503,7.082122,6.5348554,6.267352,6.444858,6.4748583
407,scaffold_hopping/CHK1_3u9n_corehop,scaffold_hopping/CHK1_3u9n_corehop/17,../large_fep_dataset/data/fep_benchmark_processed/scaffold_hopping_CHK1_3u9n_corehop_17.sdf,../large_fep_dataset/data/fep_benchmark_processed/scaffold_hopping_CHK1_3u9n_corehop_protein.pdb,407,7.8541217,7.6488795,7.3705363,7.2634516,7.1383805,8.190931,6.7024345,8.344525,7.5327945,8.106127,7.6152177
408,scaffold_hopping/CHK1_3u9n_corehop,scaffold_hopping/CHK1_3u9n_corehop/1,../large_fep_dataset/data/fep_benchmark_processed/scaffold_hopping_CHK1_3u9n_corehop_1.sdf,../large_fep_dataset/data/fep_benchmark_processed/scaffold_hopping_CHK1_3u9n_corehop_protein.pdb,408,8.022458,7.603484,7.436851,7.797897,7.9922705,8.48897,7.1615562,8.690244,7.9160447,8.623256,7.9733033
409,scaffold_hopping/CHK1_3u9n_corehop,scaffold_hopping/CHK1_3u9n_corehop/21,../large_fep_dataset/data/fep_benchmark_processed/scaffold_hopping_CHK1_3u9n_corehop_21.sdf,../large_fep_dataset/data/fep_benchmark_processed/scaffold_hopping_CHK1_3u9n_corehop_protein.pdb,409,7.831777,7.6171284,7.7226973,7.4741206,7.989052,8.782696,6.8034406,8.181679,7.7159543,8.560985,7.867953
410,scaffold_hopping/CHK1_3u9n_corehop,scaffold_hopping/CHK1_3u9n_corehop/20,../large_fep_dataset/data/fep_benchmark_processed/scaffold_hopping_CHK1_3u9n_corehop_20.sdf,../large_fep_dataset/data/fep_benchmark_processed/scaffold_hopping_CHK1_3u9n_corehop_protein.pdb,410,7.6795444,7.5077963,7.39637,7.6700983,7.9499574,8.738505,6.8169227,8.115494,7.358358,8.16215,7.7395196
411,scaffold_hopping/CHK1_3u9n_corehop,scaffold_hopping/CHK1_3u9n_corehop/19,../large_fep_dataset/data/fep_benchmark_processed/scaffold_hopping_CHK1_3u9n_corehop_19.sdf,../large_fep_dataset/data/fep_benchmark_processed/scaffold_hopping_CHK1_3u9n_corehop_protein.pdb,411,8.297196,7.6923676,7.490433,7.481908,7.54155,8.554066,6.9208255,8.0997925,7.5330024,8.139172,7.775032
412,gpcrs/a2a_hip278,gpcrs/a2a_hip278/4g,../large_fep_dataset/data/fep_benchmark_processed/gpcrs_a2a_hip278_4g.sdf,../large_fep_dataset/data/fep_benchmark_processed/gpcrs_a2a_hip278_protein.pdb,412,6.5405254,5.4794493,5.6268897,5.3964577,4.9563475,5.884915,5.383549,6.1001906,6.276838,5.9897714,5.763493
413,gpcrs/a2a_hip278,gpcrs/a2a_hip278/4h,../large_fep_dataset/data/fep_benchmark_processed/gpcrs_a2a_hip278_4h.sdf,../large_fep_dataset/data/fep_benchmark_processed/gpcrs_a2a_hip278_protein.pdb,413,7.1562967,5.9138255,6.048279,5.8846445,5.810901,6.1827164,6.3082213,6.9472637,6.8113365,6.692694,6.3756175
414,gpcrs/a2a_hip278,gpcrs/a2a_hip278/4jS,../large_fep_dataset/data/fep_benchmark_processed/gpcrs_a2a_hip278_4jS.sdf,../large_fep_dataset/data/fep_benchmark_processed/gpcrs_a2a_hip278_protein.pdb,414,6.961912,6.2212834,5.946589,5.7934146,5.6044626,6.216251,6.1103683,6.84168,6.3757396,6.180573,6.225227
415,gpcrs/a2a_hip278,gpcrs/a2a_hip278/4kU,../large_fep_dataset/data/fep_benchmark_processed/gpcrs_a2a_hip278_4kU.sdf,../large_fep_dataset/data/fep_benchmark_processed/gpcrs_a2a_hip278_protein.pdb,415,7.625014,6.9529815,7.392713,6.754693,6.1120353,7.053331,6.4449587,7.6859574,8.11313,7.4016485,7.153646
416,gpcrs/a2a_hip278,gpcrs/a2a_hip278/4lD,../large_fep_dataset/data/fep_benchmark_processed/gpcrs_a2a_hip278_4lD.sdf,../large_fep_dataset/data/fep_benchmark_processed/gpcrs_a2a_hip278_protein.pdb,416,7.30186,6.8004794,6.930865,6.1366115,6.5316167,7.1387806,7.7197623,7.991681,8.333748,7.8555236,7.274092
417,gpcrs/a2a_hip278,gpcrs/a2a_hip278/4i,../large_fep_dataset/data/fep_benchmark_processed/gpcrs_a2a_hip278_4i.sdf,../large_fep_dataset/data/fep_benchmark_processed/gpcrs_a2a_hip278_protein.pdb,417,7.408363,6.7881317,6.6011357,6.806284,6.255915,7.154503,6.9725666,7.220405,7.0766706,6.4353147,6.871929
418,gpcrs/a2a_hip278,gpcrs/a2a_hip278/4a,../large_fep_dataset/data/fep_benchmark_processed/gpcrs_a2a_hip278_4a.sdf,../large_fep_dataset/data/fep_benchmark_processed/gpcrs_a2a_hip278_protein.pdb,418,5.4600563,5.0581536,5.082901,5.11585,4.1006703,4.902645,4.789107,5.43975,5.829882,4.8837395,5.0662756
419,gpcrs/a2a_hip278,gpcrs/a2a_hip278/4b D,../large_fep_dataset/data/fep_benchmark_processed/gpcrs_a2a_hip278_4b_D.sdf,../large_fep_dataset/data/fep_benchmark_processed/gpcrs_a2a_hip278_protein.pdb,419,6.024965,6.154396,5.978146,6.0944743,5.293281,6.3146586,5.3498697,6.866037,6.5494184,6.0300403,6.0655284
420,gpcrs/a2a_hip278,gpcrs/a2a_hip278/4c,../large_fep_dataset/data/fep_benchmark_processed/gpcrs_a2a_hip278_4c.sdf,../large_fep_dataset/data/fep_benchmark_processed/gpcrs_a2a_hip278_protein.pdb,420,6.469687,6.571819,6.3404818,6.458347,5.9265003,6.585158,6.0594993,7.084648,6.988459,6.316142,6.4800744
421,gpcrs/a2a_hip278,gpcrs/a2a_hip278/4d,../large_fep_dataset/data/fep_benchmark_processed/gpcrs_a2a_hip278_4d.sdf,../large_fep_dataset/data/fep_benchmark_processed/gpcrs_a2a_hip278_protein.pdb,421,6.907806,5.127486,6.2196836,5.9697347,5.0932403,5.857437,5.573342,6.3564367,6.4143834,6.4563804,5.9975924
422,gpcrs/a2a_hip278,gpcrs/a2a_hip278/4o,../large_fep_dataset/data/fep_benchmark_processed/gpcrs_a2a_hip278_4o.sdf,../large_fep_dataset/data/fep_benchmark_processed/gpcrs_a2a_hip278_protein.pdb,422,6.4121995,6.0023284,5.7319465,6.278332,5.4137697,5.866981,5.52269,6.3549223,6.270786,6.024543,5.98785
423,gpcrs/a2a_hip278,gpcrs/a2a_hip278/4f,../large_fep_dataset/data/fep_benchmark_processed/gpcrs_a2a_hip278_4f.sdf,../large_fep_dataset/data/fep_benchmark_processed/gpcrs_a2a_hip278_protein.pdb,423,6.882669,6.6310916,6.430804,6.249788,5.572527,6.0712543,6.458347,6.3374434,6.2035174,6.18418,6.3021626
424,gpcrs/a2a_hip278,gpcrs/a2a_hip278/4e D,../large_fep_dataset/data/fep_benchmark_processed/gpcrs_a2a_hip278_4e_D.sdf,../large_fep_dataset/data/fep_benchmark_processed/gpcrs_a2a_hip278_protein.pdb,424,6.6921797,6.6089387,6.373273,7.2549,6.2602553,6.6195183,6.0425844,6.7125773,6.8913174,6.714739,6.617028
425,gpcrs/a2a_hip278,gpcrs/a2a_hip278/4m D,../large_fep_dataset/data/fep_benchmark_processed/gpcrs_a2a_hip278_4m_D.sdf,../large_fep_dataset/data/fep_benchmark_processed/gpcrs_a2a_hip278_protein.pdb,425,6.599612,6.0600314,6.2708135,6.50422,6.0517507,6.8159666,5.9253964,7.013791,6.5273986,6.1016407,6.387062
426,gpcrs/a2a_hip278,gpcrs/a2a_hip278/4q,../large_fep_dataset/data/fep_benchmark_processed/gpcrs_a2a_hip278_4q.sdf,../large_fep_dataset/data/fep_benchmark_processed/gpcrs_a2a_hip278_protein.pdb,426,6.36435,5.4463434,5.5904307,5.5695605,5.294929,5.50961,5.274517,6.2839417,6.0418887,5.6192,5.6994777
427,gpcrs/a2a_hip278,gpcrs/a2a_hip278/4n,../large_fep_dataset/data/fep_benchmark_processed/gpcrs_a2a_hip278_4n.sdf,../large_fep_dataset/data/fep_benchmark_processed/gpcrs_a2a_hip278_protein.pdb,427,6.406011,6.0993996,6.1707325,5.929106,5.7193274,6.239219,5.896105,6.9682536,6.643144,5.890419,6.1961718
428,gpcrs/a2a_hip278,gpcrs/a2a_hip278/4r U,../large_fep_dataset/data/fep_benchmark_processed/gpcrs_a2a_hip278_4r_U.sdf,../large_fep_dataset/data/fep_benchmark_processed/gpcrs_a2a_hip278_protein.pdb,428,7.198923,6.6583095,7.554805,5.6872835,6.757728,6.4912,7.2942867,7.5110865,7.587269,7.111255,6.985214
429,gpcrs/a2a_hip278,gpcrs/a2a_hip278/4o deprotonated,../large_fep_dataset/data/fep_benchmark_processed/gpcrs_a2a_hip278_4o_deprotonated.sdf,../large_fep_dataset/data/fep_benchmark_processed/gpcrs_a2a_hip278_protein.pdb,429,6.300551,5.806,5.5644717,5.2219996,5.2745104,5.8708873,5.590575,5.8901086,6.048191,5.8878837,5.745518
430,gpcrs/a2a_hip278,gpcrs/a2a_hip278/4eD deprotonated,../large_fep_dataset/data/fep_benchmark_processed/gpcrs_a2a_hip278_4eD_deprotonated.sdf,../large_fep_dataset/data/fep_benchmark_processed/gpcrs_a2a_hip278_protein.pdb,430,6.590711,5.9236107,6.463832,6.1976705,5.7670307,6.3017173,5.881961,6.7247615,6.451374,6.0714498,6.237412
431,gpcrs/a2a_hip278,gpcrs/a2a_hip278/4f deprotonated,../large_fep_dataset/data/fep_benchmark_processed/gpcrs_a2a_hip278_4f_deprotonated.sdf,../large_fep_dataset/data/fep_benchmark_processed/gpcrs_a2a_hip278_protein.pdb,431,6.889131,6.127234,6.3697176,5.8060837,4.8843303,5.7944493,6.373289,6.18153,6.21281,5.8177276,6.04563
432,gpcrs/ox2_hip_custcore,gpcrs/ox2_hip_custcore/set 1: 1,../large_fep_dataset/data/fep_benchmark_processed/gpcrs_ox2_hip_custcore_set_1:_1.sdf,../large_fep_dataset/data/fep_benchmark_processed/gpcrs_ox2_hip_custcore_protein.pdb,432,7.954765,7.3955593,7.9019527,6.9300766,8.266153,7.326943,8.019205,7.5345116,7.4544606,8.307346,7.7090974
433,gpcrs/ox2_hip_custcore,gpcrs/ox2_hip_custcore/set 1: 2,../large_fep_dataset/data/fep_benchmark_processed/gpcrs_ox2_hip_custcore_set_1:_2.sdf,../large_fep_dataset/data/fep_benchmark_processed/gpcrs_ox2_hip_custcore_protein.pdb,433,7.140653,6.6104574,8.170669,6.640141,7.8394766,7.8100533,7.376861,7.017354,6.835282,7.8175936,7.3258543
434,gpcrs/ox2_hip_custcore,gpcrs/ox2_hip_custcore/set 1: 3,../large_fep_dataset/data/fep_benchmark_processed/gpcrs_ox2_hip_custcore_set_1:_3.sdf,../large_fep_dataset/data/fep_benchmark_processed/gpcrs_ox2_hip_custcore_protein.pdb,434,7.279406,7.5592895,6.0644746,7.2458143,7.841454,7.963842,6.9123836,7.2343864,7.200472,7.510069,7.2811594
435,gpcrs/ox2_hip_custcore,gpcrs/ox2_hip_custcore/set 1: 4,../large_fep_dataset/data/fep_benchmark_processed/gpcrs_ox2_hip_custcore_set_1:_4.sdf,../large_fep_dataset/data/fep_benchmark_processed/gpcrs_ox2_hip_custcore_protein.pdb,435,7.81129,7.251573,8.294926,7.105702,8.347898,7.5029736,8.283315,7.5969725,7.5262237,8.023523,7.7744393
436,gpcrs/ox2_hip_custcore,gpcrs/ox2_hip_custcore/set 1: 5,../large_fep_dataset/data/fep_benchmark_processed/gpcrs_ox2_hip_custcore_set_1:_5.sdf,../large_fep_dataset/data/fep_benchmark_processed/gpcrs_ox2_hip_custcore_protein.pdb,436,6.770655,7.3237123,8.219936,7.574859,8.213998,7.6126857,8.188791,8.360991,8.101113,8.01804,7.838478
437,gpcrs/ox2_hip_custcore,gpcrs/ox2_hip_custcore/set 1: 6,../large_fep_dataset/data/fep_benchmark_processed/gpcrs_ox2_hip_custcore_set_1:_6.sdf,../large_fep_dataset/data/fep_benchmark_processed/gpcrs_ox2_hip_custcore_protein.pdb,437,7.6749215,7.014008,8.669721,6.823161,7.83825,8.160307,7.823243,7.307833,7.474745,7.909113,7.66953
438,gpcrs/ox2_hip_custcore,gpcrs/ox2_hip_custcore/set 1: 7,../large_fep_dataset/data/fep_benchmark_processed/gpcrs_ox2_hip_custcore_set_1:_7.sdf,../large_fep_dataset/data/fep_benchmark_processed/gpcrs_ox2_hip_custcore_protein.pdb,438,7.453979,7.541709,8.162928,7.5571194,8.317727,8.119206,7.9640036,8.700482,8.17145,8.001885,7.9990487
439,gpcrs/ox2_hip_custcore,gpcrs/ox2_hip_custcore/set 1: 8,../large_fep_dataset/data/fep_benchmark_processed/gpcrs_ox2_hip_custcore_set_1:_8.sdf,../large_fep_dataset/data/fep_benchmark_processed/gpcrs_ox2_hip_custcore_protein.pdb,439,7.9313416,7.7588716,8.062651,7.299428,8.337176,7.885404,8.083929,7.668345,7.954694,8.79711,7.9778953
440,gpcrs/ox2_hip_custcore,gpcrs/ox2_hip_custcore/set 1: 9,../large_fep_dataset/data/fep_benchmark_processed/gpcrs_ox2_hip_custcore_set_1:_9.sdf,../large_fep_dataset/data/fep_benchmark_processed/gpcrs_ox2_hip_custcore_protein.pdb,440,7.1406846,6.9660206,7.7360263,6.7416797,7.757206,7.458554,7.5258713,7.8109674,7.4160748,7.580586,7.4133673
441,gpcrs/ox2_hip_custcore,gpcrs/ox2_hip_custcore/set 1: 10,../large_fep_dataset/data/fep_benchmark_processed/gpcrs_ox2_hip_custcore_set_1:_10.sdf,../large_fep_dataset/data/fep_benchmark_processed/gpcrs_ox2_hip_custcore_protein.pdb,441,7.591498,7.237353,7.6977696,6.9592366,7.848948,7.6203866,7.568224,7.056892,6.8396106,7.746317,7.416623
442,gpcrs/ox2_hip_custcore,gpcrs/ox2_hip_custcore/set 1: 11,../large_fep_dataset/data/fep_benchmark_processed/gpcrs_ox2_hip_custcore_set_1:_11.sdf,../large_fep_dataset/data/fep_benchmark_processed/gpcrs_ox2_hip_custcore_protein.pdb,442,7.7788086,7.6854606,8.21589,7.385166,8.3288965,7.5915084,7.9730883,7.815865,7.4268894,8.125068,7.8326635
443,gpcrs/ox2_hip_custcore,gpcrs/ox2_hip_custcore/set 1: 12,../large_fep_dataset/data/fep_benchmark_processed/gpcrs_ox2_hip_custcore_set_1:_12.sdf,../large_fep_dataset/data/fep_benchmark_processed/gpcrs_ox2_hip_custcore_protein.pdb,443,7.138546,7.290659,7.812784,6.8882394,7.9973354,7.3763385,7.406597,7.32861,7.595346,7.9463944,7.4780855
444,gpcrs/ox2_hip_custcore,gpcrs/ox2_hip_custcore/set 1: 13,../large_fep_dataset/data/fep_benchmark_processed/gpcrs_ox2_hip_custcore_set_1:_13.sdf,../large_fep_dataset/data/fep_benchmark_processed/gpcrs_ox2_hip_custcore_protein.pdb,444,7.8643494,7.319997,8.134686,7.581263,8.01845,7.581791,7.989943,7.4966164,7.0693808,7.9194827,7.697596
445,gpcrs/ox2_hip_custcore,gpcrs/ox2_hip_custcore/set 1: 14,../large_fep_dataset/data/fep_benchmark_processed/gpcrs_ox2_hip_custcore_set_1:_14.sdf,../large_fep_dataset/data/fep_benchmark_processed/gpcrs_ox2_hip_custcore_protein.pdb,445,7.5325174,7.402144,7.4052854,6.6610827,8.272283,7.1779613,7.7167697,7.619106,7.0159802,7.8767858,7.467992
446,gpcrs/ox2_hip_custcore,gpcrs/ox2_hip_custcore/set 1: 15,../large_fep_dataset/data/fep_benchmark_processed/gpcrs_ox2_hip_custcore_set_1:_15.sdf,../large_fep_dataset/data/fep_benchmark_processed/gpcrs_ox2_hip_custcore_protein.pdb,446,7.6017056,7.8375525,6.860396,7.744175,8.003807,8.0919285,7.3089185,7.44785,7.386705,7.8438025,7.612684
447,gpcrs/ox2_hip_custcore,gpcrs/ox2_hip_custcore/set 1: 16,../large_fep_dataset/data/fep_benchmark_processed/gpcrs_ox2_hip_custcore_set_1:_16.sdf,../large_fep_dataset/data/fep_benchmark_processed/gpcrs_ox2_hip_custcore_protein.pdb,447,7.5978074,7.340418,8.425267,7.2127814,8.018919,7.679323,7.9550853,7.591246,7.2604957,8.053491,7.7134833
448,gpcrs/ox2_hip_custcore,gpcrs/ox2_hip_custcore/set 1: 17,../large_fep_dataset/data/fep_benchmark_processed/gpcrs_ox2_hip_custcore_set_1:_17.sdf,../large_fep_dataset/data/fep_benchmark_processed/gpcrs_ox2_hip_custcore_protein.pdb,448,7.575208,6.9652324,8.062696,7.140442,7.8146667,7.3781095,7.5765076,7.676295,7.160845,8.108067,7.545807
449,gpcrs/ox2_hip_custcore,gpcrs/ox2_hip_custcore/set 1: 18,../large_fep_dataset/data/fep_benchmark_processed/gpcrs_ox2_hip_custcore_set_1:_18.sdf,../large_fep_dataset/data/fep_benchmark_processed/gpcrs_ox2_hip_custcore_protein.pdb,449,7.064148,7.0468225,8.027668,7.4896927,7.942482,7.24041,7.8871884,7.516597,7.2569637,7.908052,7.538002
450,gpcrs/ox2_hip_custcore,gpcrs/ox2_hip_custcore/set 1: 19,../large_fep_dataset/data/fep_benchmark_processed/gpcrs_ox2_hip_custcore_set_1:_19.sdf,../large_fep_dataset/data/fep_benchmark_processed/gpcrs_ox2_hip_custcore_protein.pdb,450,7.6501293,7.140495,7.333231,7.023347,7.88965,7.1134467,7.549833,7.81243,7.067296,7.824493,7.440435
451,gpcrs/ox2_hip_custcore,gpcrs/ox2_hip_custcore/set 1: 20,../large_fep_dataset/data/fep_benchmark_processed/gpcrs_ox2_hip_custcore_set_1:_20.sdf,../large_fep_dataset/data/fep_benchmark_processed/gpcrs_ox2_hip_custcore_protein.pdb,451,7.133926,7.310263,7.8514547,6.922609,8.157745,7.2612934,7.535171,7.5072217,7.312133,7.7157435,7.4707556
452,gpcrs/ox2_hip_custcore,gpcrs/ox2_hip_custcore/set 1: 21,../large_fep_dataset/data/fep_benchmark_processed/gpcrs_ox2_hip_custcore_set_1:_21.sdf,../large_fep_dataset/data/fep_benchmark_processed/gpcrs_ox2_hip_custcore_protein.pdb,452,6.7143407,6.8023534,7.4580636,6.743403,7.6552963,6.7188177,7.0530243,7.2674184,7.1942763,7.5744176,7.118141
453,gpcrs/ox2_hip_custcore,gpcrs/ox2_hip_custcore/set 1: 22,../large_fep_dataset/data/fep_benchmark_processed/gpcrs_ox2_hip_custcore_set_1:_22.sdf,../large_fep_dataset/data/fep_benchmark_processed/gpcrs_ox2_hip_custcore_protein.pdb,453,7.5885777,6.754131,7.6981635,7.6216846,8.097413,7.0652246,7.276341,7.9442806,7.2223897,7.6211815,7.488939
454,gpcrs/ox2_hip_custcore,gpcrs/ox2_hip_custcore/set 1: 23,../large_fep_dataset/data/fep_benchmark_processed/gpcrs_ox2_hip_custcore_set_1:_23.sdf,../large_fep_dataset/data/fep_benchmark_processed/gpcrs_ox2_hip_custcore_protein.pdb,454,7.0145674,7.268225,6.135073,6.7532907,7.882007,7.4009724,6.518749,7.1478214,7.253821,7.195468,7.056999
455,gpcrs/ox2_hip_custcore,gpcrs/ox2_hip_custcore/set 1: 24,../large_fep_dataset/data/fep_benchmark_processed/gpcrs_ox2_hip_custcore_set_1:_24.sdf,../large_fep_dataset/data/fep_benchmark_processed/gpcrs_ox2_hip_custcore_protein.pdb,455,7.814527,7.2883554,8.232135,6.9812,7.932751,7.7856655,7.4695816,7.8168178,7.5726795,7.9042945,7.679801
456,gpcrs/ox2_hip_custcore,gpcrs/ox2_hip_custcore/set 1: 25,../large_fep_dataset/data/fep_benchmark_processed/gpcrs_ox2_hip_custcore_set_1:_25.sdf,../large_fep_dataset/data/fep_benchmark_processed/gpcrs_ox2_hip_custcore_protein.pdb,456,8.080431,7.4230504,8.218964,7.6740565,7.8801575,8.159118,8.199332,8.112253,7.8286986,8.519549,8.009561
457,gpcrs/ox2_hip_custcore,gpcrs/ox2_hip_custcore/set 1: 26,../large_fep_dataset/data/fep_benchmark_processed/gpcrs_ox2_hip_custcore_set_1:_26.sdf,../large_fep_dataset/data/fep_benchmark_processed/gpcrs_ox2_hip_custcore_protein.pdb,457,7.466024,7.322013,7.935601,7.0036974,8.282932,7.9048924,7.6497693,7.64562,7.7899833,7.952157,7.695268
458,gpcrs/ox2_hip_custcore,gpcrs/ox2_hip_custcore/set 1: 27,../large_fep_dataset/data/fep_benchmark_processed/gpcrs_ox2_hip_custcore_set_1:_27.sdf,../large_fep_dataset/data/fep_benchmark_processed/gpcrs_ox2_hip_custcore_protein.pdb,458,7.389406,7.187131,7.46899,6.857334,7.983718,7.1353207,7.4584417,7.3266373,7.02571,7.9070444,7.373973
459,gpcrs/ox2_hip_custcore,gpcrs/ox2_hip_custcore/set 2: 1,../large_fep_dataset/data/fep_benchmark_processed/gpcrs_ox2_hip_custcore_set_2:_1.sdf,../large_fep_dataset/data/fep_benchmark_processed/gpcrs_ox2_hip_custcore_protein.pdb,459,7.186265,6.9523854,7.110357,6.396839,8.118797,7.6650977,7.5121474,7.4996433,7.495607,7.2917223,7.322886
460,gpcrs/ox2_hip_custcore,gpcrs/ox2_hip_custcore/set 2: 2,../large_fep_dataset/data/fep_benchmark_processed/gpcrs_ox2_hip_custcore_set_2:_2.sdf,../large_fep_dataset/data/fep_benchmark_processed/gpcrs_ox2_hip_custcore_protein.pdb,460,6.70836,5.8102,6.551446,6.1941576,6.4542537,6.3345942,5.9094763,6.806777,6.267577,6.287648,6.3324494
461,gpcrs/ox2_hip_custcore,gpcrs/ox2_hip_custcore/set 2: 3,../large_fep_dataset/data/fep_benchmark_processed/gpcrs_ox2_hip_custcore_set_2:_3.sdf,../large_fep_dataset/data/fep_benchmark_processed/gpcrs_ox2_hip_custcore_protein.pdb,461,7.364993,6.806469,6.6871696,6.260824,7.167026,7.458136,7.178616,7.331572,6.988608,7.439256,7.068267
462,gpcrs/ox2_hip_custcore,gpcrs/ox2_hip_custcore/set 2: 4,../large_fep_dataset/data/fep_benchmark_processed/gpcrs_ox2_hip_custcore_set_2:_4.sdf,../large_fep_dataset/data/fep_benchmark_processed/gpcrs_ox2_hip_custcore_protein.pdb,462,7.8195114,7.387714,7.7329173,6.821665,7.367831,7.7313733,7.3233366,8.029716,7.5910287,6.8929663,7.4698057
463,gpcrs/ox2_hip_custcore,gpcrs/ox2_hip_custcore/set 2: 5 adjust,../large_fep_dataset/data/fep_benchmark_processed/gpcrs_ox2_hip_custcore_set_2:_5_adjust.sdf,../large_fep_dataset/data/fep_benchmark_processed/gpcrs_ox2_hip_custcore_protein.pdb,463,7.157487,7.830504,6.8705435,6.8236065,7.3272495,8.172717,7.137099,7.745465,6.8472447,7.0342636,7.294618
464,gpcrs/ox2_hip_custcore,gpcrs/ox2_hip_custcore/set 2: 6,../large_fep_dataset/data/fep_benchmark_processed/gpcrs_ox2_hip_custcore_set_2:_6.sdf,../large_fep_dataset/data/fep_benchmark_processed/gpcrs_ox2_hip_custcore_protein.pdb,464,8.035234,7.9404182,8.047625,7.3996873,7.5567527,7.9994297,7.1651416,8.585373,7.8837543,7.7066336,7.8320055
465,gpcrs/ox2_hip_custcore,gpcrs/ox2_hip_custcore/set 2: 7,../large_fep_dataset/data/fep_benchmark_processed/gpcrs_ox2_hip_custcore_set_2:_7.sdf,../large_fep_dataset/data/fep_benchmark_processed/gpcrs_ox2_hip_custcore_protein.pdb,465,7.5071793,7.212805,7.537929,6.918337,7.1931925,7.829334,7.4109435,7.417277,6.6888657,7.2635107,7.297938
466,gpcrs/ox2_hip_custcore,gpcrs/ox2_hip_custcore/set 2: 8,../large_fep_dataset/data/fep_benchmark_processed/gpcrs_ox2_hip_custcore_set_2:_8.sdf,../large_fep_dataset/data/fep_benchmark_processed/gpcrs_ox2_hip_custcore_protein.pdb,466,7.6091723,7.32643,7.493956,6.7416954,8.454773,7.3377275,7.6848197,7.319748,7.2258563,7.5457106,7.4739885
467,gpcrs/ox2_hip_custcore,gpcrs/ox2_hip_custcore/set 2: 9,../large_fep_dataset/data/fep_benchmark_processed/gpcrs_ox2_hip_custcore_set_2:_9.sdf,../large_fep_dataset/data/fep_benchmark_processed/gpcrs_ox2_hip_custcore_protein.pdb,467,7.433694,7.282496,6.8748155,6.612535,8.091037,7.992162,7.473065,7.650912,7.607573,6.9268947,7.3945184
468,gpcrs/ox2_hip_custcore,gpcrs/ox2_hip_custcore/set 2: 10,../large_fep_dataset/data/fep_benchmark_processed/gpcrs_ox2_hip_custcore_set_2:_10.sdf,../large_fep_dataset/data/fep_benchmark_processed/gpcrs_ox2_hip_custcore_protein.pdb,468,7.308619,7.6268067,7.270752,6.717135,7.8799143,7.9933677,7.616137,6.9478927,7.443733,7.27951,7.408386
469,gpcrs/ox2_hip_custcore,gpcrs/ox2_hip_custcore/set 2: 11,../large_fep_dataset/data/fep_benchmark_processed/gpcrs_ox2_hip_custcore_set_2:_11.sdf,../large_fep_dataset/data/fep_benchmark_processed/gpcrs_ox2_hip_custcore_protein.pdb,469,7.7153153,6.850885,6.7122254,6.491653,7.0074525,7.164896,6.931145,7.3268747,7.375289,7.0642033,7.063994
470,gpcrs/ox2_hip_custcore,gpcrs/ox2_hip_custcore/set 2: 12,../large_fep_dataset/data/fep_benchmark_processed/gpcrs_ox2_hip_custcore_set_2:_12.sdf,../large_fep_dataset/data/fep_benchmark_processed/gpcrs_ox2_hip_custcore_protein.pdb,470,7.2791,7.5558977,7.1055517,6.6831336,7.4390554,7.4957395,7.370355,7.850273,6.9654126,7.438381,7.3182893
471,gpcrs/ox2_hip_custcore,gpcrs/ox2_hip_custcore/set 2: 13,../large_fep_dataset/data/fep_benchmark_processed/gpcrs_ox2_hip_custcore_set_2:_13.sdf,../large_fep_dataset/data/fep_benchmark_processed/gpcrs_ox2_hip_custcore_protein.pdb,471,7.289115,7.0358686,6.5991564,6.020873,7.125146,7.260491,7.05619,7.291037,7.060812,7.138766,6.987746
472,gpcrs/ox2_hip_custcore,gpcrs/ox2_hip_custcore/set 2: 14,../large_fep_dataset/data/fep_benchmark_processed/gpcrs_ox2_hip_custcore_set_2:_14.sdf,../large_fep_dataset/data/fep_benchmark_processed/gpcrs_ox2_hip_custcore_protein.pdb,472,7.6140924,7.184296,7.496179,6.741013,8.276855,7.700463,7.559292,7.8841686,7.2021008,7.6998568,7.5358324
473,gpcrs/ox2_hip_custcore,gpcrs/ox2_hip_custcore/set 2: 15,../large_fep_dataset/data/fep_benchmark_processed/gpcrs_ox2_hip_custcore_set_2:_15.sdf,../large_fep_dataset/data/fep_benchmark_processed/gpcrs_ox2_hip_custcore_protein.pdb,473,6.911671,7.3420277,7.02146,6.813107,6.7638917,7.0966997,7.338334,7.3744597,6.8714833,6.2625823,6.9795713
474,gpcrs/ox2_hip_custcore,gpcrs/ox2_hip_custcore/set 2: 16,../large_fep_dataset/data/fep_benchmark_processed/gpcrs_ox2_hip_custcore_set_2:_16.sdf,../large_fep_dataset/data/fep_benchmark_processed/gpcrs_ox2_hip_custcore_protein.pdb,474,6.941297,7.874779,7.1994886,7.009009,7.653146,7.5088987,7.0541124,7.833988,7.588448,7.171921,7.383509
475,gpcrs/ox2_hip_custcore,gpcrs/ox2_hip_custcore/set 2: 17,../large_fep_dataset/data/fep_benchmark_processed/gpcrs_ox2_hip_custcore_set_2:_17.sdf,../large_fep_dataset/data/fep_benchmark_processed/gpcrs_ox2_hip_custcore_protein.pdb,475,7.383143,6.652963,7.2037387,7.4603577,7.933215,7.4813175,7.733861,7.455578,7.1015716,7.2430053,7.364875
476,gpcrs/ox2_hip_custcore,gpcrs/ox2_hip_custcore/set 2: 18,../large_fep_dataset/data/fep_benchmark_processed/gpcrs_ox2_hip_custcore_set_2:_18.sdf,../large_fep_dataset/data/fep_benchmark_processed/gpcrs_ox2_hip_custcore_protein.pdb,476,7.386484,7.1695266,7.73303,6.6953344,8.051215,7.8707685,7.551925,7.628958,7.5655727,8.012075,7.566489
477,gpcrs/ox2_hip_custcore,gpcrs/ox2_hip_custcore/set 2: 19,../large_fep_dataset/data/fep_benchmark_processed/gpcrs_ox2_hip_custcore_set_2:_19.sdf,../large_fep_dataset/data/fep_benchmark_processed/gpcrs_ox2_hip_custcore_protein.pdb,477,7.4728656,6.518181,6.486153,6.3639526,6.8147283,7.2223377,6.7909794,6.9972496,7.4929733,7.641529,6.980095
478,gpcrs/ox2_hip_custcore,gpcrs/ox2_hip_custcore/set 2: 20,../large_fep_dataset/data/fep_benchmark_processed/gpcrs_ox2_hip_custcore_set_2:_20.sdf,../large_fep_dataset/data/fep_benchmark_processed/gpcrs_ox2_hip_custcore_protein.pdb,478,7.5869036,7.0287213,7.0673375,6.26408,7.7275376,7.32941,6.8786025,7.457524,7.4826026,7.614281,7.2436996
479,gpcrs/ox2_hip_custcore,gpcrs/ox2_hip_custcore/set 2: 21,../large_fep_dataset/data/fep_benchmark_processed/gpcrs_ox2_hip_custcore_set_2:_21.sdf,../large_fep_dataset/data/fep_benchmark_processed/gpcrs_ox2_hip_custcore_protein.pdb,479,7.7503166,7.335993,7.528056,7.0222964,7.2034545,7.8682604,7.275756,8.106389,7.361731,7.0047836,7.445703
480,gpcrs/ox2_hip_custcore,gpcrs/ox2_hip_custcore/set 2: 22,../large_fep_dataset/data/fep_benchmark_processed/gpcrs_ox2_hip_custcore_set_2:_22.sdf,../large_fep_dataset/data/fep_benchmark_processed/gpcrs_ox2_hip_custcore_protein.pdb,480,6.71941,6.252604,6.431653,6.4380794,6.314605,6.3387737,6.9012933,7.2251344,6.6414676,6.1499944,6.5413017
481,gpcrs/ox2_hip_custcore,gpcrs/ox2_hip_custcore/set 2: 23,../large_fep_dataset/data/fep_benchmark_processed/gpcrs_ox2_hip_custcore_set_2:_23.sdf,../large_fep_dataset/data/fep_benchmark_processed/gpcrs_ox2_hip_custcore_protein.pdb,481,7.148246,6.944809,6.971384,6.689714,8.008172,7.626559,7.3277717,7.552577,7.5409107,7.530345,7.3340483
482,gpcrs/ox2_hip_custcore,gpcrs/ox2_hip_custcore/set 2: 24,../large_fep_dataset/data/fep_benchmark_processed/gpcrs_ox2_hip_custcore_set_2:_24.sdf,../large_fep_dataset/data/fep_benchmark_processed/gpcrs_ox2_hip_custcore_protein.pdb,482,8.179745,7.5620184,7.6239233,7.098868,7.73016,7.9284067,7.3849454,8.519542,7.576961,7.4695096,7.707408
483,gpcrs/p2y1_meta_sub,gpcrs/p2y1_meta_sub/16,../large_fep_dataset/data/fep_benchmark_processed/gpcrs_p2y1_meta_sub_16.sdf,../large_fep_dataset/data/fep_benchmark_processed/gpcrs_p2y1_meta_sub_protein.pdb,483,6.6056466,6.116826,6.8550677,6.366576,6.229629,5.7981186,5.892459,6.8070884,7.7067127,7.5031896,6.588132
484,gpcrs/p2y1_meta_sub,gpcrs/p2y1_meta_sub/11a,../large_fep_dataset/data/fep_benchmark_processed/gpcrs_p2y1_meta_sub_11a.sdf,../large_fep_dataset/data/fep_benchmark_processed/gpcrs_p2y1_meta_sub_protein.pdb,484,5.0855565,5.2589464,4.2704387,4.4969068,4.8904014,5.283755,4.703519,4.744323,4.5021396,5.4665246,4.8702517
485,gpcrs/p2y1_meta_sub,gpcrs/p2y1_meta_sub/6e,../large_fep_dataset/data/fep_benchmark_processed/gpcrs_p2y1_meta_sub_6e.sdf,../large_fep_dataset/data/fep_benchmark_processed/gpcrs_p2y1_meta_sub_protein.pdb,485,4.4332232,4.2108154,5.5517397,4.8530755,4.583429,4.236453,4.648197,4.5352716,5.0340385,5.164355,4.72506
486,gpcrs/p2y1_meta_sub,gpcrs/p2y1_meta_sub/11c,../large_fep_dataset/data/fep_benchmark_processed/gpcrs_p2y1_meta_sub_11c.sdf,../large_fep_dataset/data/fep_benchmark_processed/gpcrs_p2y1_meta_sub_protein.pdb,486,5.9066715,5.5677567,5.9144406,5.6941757,5.613438,5.9673157,5.811945,5.73695,5.454995,5.973384,5.7641068
487,gpcrs/p2y1_meta_sub,gpcrs/p2y1_meta_sub/6b,../large_fep_dataset/data/fep_benchmark_processed/gpcrs_p2y1_meta_sub_6b.sdf,../large_fep_dataset/data/fep_benchmark_processed/gpcrs_p2y1_meta_sub_protein.pdb,487,4.9041576,4.5576353,5.8171616,4.5957584,4.328664,4.9562883,4.8507066,4.792267,5.283253,5.917332,5.0003223
488,gpcrs/p2y1_meta_sub,gpcrs/p2y1_meta_sub/1,../large_fep_dataset/data/fep_benchmark_processed/gpcrs_p2y1_meta_sub_1.sdf,../large_fep_dataset/data/fep_benchmark_processed/gpcrs_p2y1_meta_sub_protein.pdb,488,5.0772777,4.65164,5.9059696,4.562214,4.4921227,5.411165,5.2287145,5.1552863,5.4965715,5.92013,5.1901093
489,gpcrs/p2y1_meta_sub,gpcrs/p2y1_meta_sub/6a,../large_fep_dataset/data/fep_benchmark_processed/gpcrs_p2y1_meta_sub_6a.sdf,../large_fep_dataset/data/fep_benchmark_processed/gpcrs_p2y1_meta_sub_protein.pdb,489,5.100653,4.84921,5.634394,4.763513,4.498601,4.9314394,4.479943,4.7287164,5.0349073,5.5405526,4.956193
490,gpcrs/p2y1_meta_sub,gpcrs/p2y1_meta_sub/6f,../large_fep_dataset/data/fep_benchmark_processed/gpcrs_p2y1_meta_sub_6f.sdf,../large_fep_dataset/data/fep_benchmark_processed/gpcrs_p2y1_meta_sub_protein.pdb,490,4.828572,4.290922,5.6539564,4.4974785,4.5914702,4.8160996,4.794089,4.584249,5.1516232,5.4689245,4.8677382
491,gpcrs/p2y1_meta_sub,gpcrs/p2y1_meta_sub/6h,../large_fep_dataset/data/fep_benchmark_processed/gpcrs_p2y1_meta_sub_6h.sdf,../large_fep_dataset/data/fep_benchmark_processed/gpcrs_p2y1_meta_sub_protein.pdb,491,4.884936,5.013037,5.7080564,4.6006,4.6557007,5.189514,4.9163647,4.949243,5.450438,5.654052,5.1021943
492,gpcrs/p2y1_meta_sub,gpcrs/p2y1_meta_sub/6d,../large_fep_dataset/data/fep_benchmark_processed/gpcrs_p2y1_meta_sub_6d.sdf,../large_fep_dataset/data/fep_benchmark_processed/gpcrs_p2y1_meta_sub_protein.pdb,492,4.905196,4.381665,5.729311,4.479976,4.342595,4.8467574,4.6205554,4.6038685,5.1104054,5.3962545,4.8416586
493,gpcrs/p2y1_meta_sub,gpcrs/p2y1_meta_sub/6i,../large_fep_dataset/data/fep_benchmark_processed/gpcrs_p2y1_meta_sub_6i.sdf,../large_fep_dataset/data/fep_benchmark_processed/gpcrs_p2y1_meta_sub_protein.pdb,493,6.2908406,5.6616697,7.569364,6.3130927,5.149933,6.1386065,6.186127,5.9752674,6.8705893,6.371224,6.2526717
494,gpcrs/p2y1_meta_sub,gpcrs/p2y1_meta_sub/6g,../large_fep_dataset/data/fep_benchmark_processed/gpcrs_p2y1_meta_sub_6g.sdf,../large_fep_dataset/data/fep_benchmark_processed/gpcrs_p2y1_meta_sub_protein.pdb,494,4.5674567,4.5022907,5.5838556,4.8310037,4.930714,4.6335244,5.188982,4.7236404,5.270545,5.34647,4.9578485
495,gpcrs/p2y1_meta_sub,gpcrs/p2y1_meta_sub/6n,../large_fep_dataset/data/fep_benchmark_processed/gpcrs_p2y1_meta_sub_6n.sdf,../large_fep_dataset/data/fep_benchmark_processed/gpcrs_p2y1_meta_sub_protein.pdb,495,6.005662,5.465399,6.846824,5.900513,4.7919726,5.909027,6.296832,5.5070004,5.6206126,6.0729747,5.8416815
496,gpcrs/p2y1_meta_sub,gpcrs/p2y1_meta_sub/6m,../large_fep_dataset/data/fep_benchmark_processed/gpcrs_p2y1_meta_sub_6m.sdf,../large_fep_dataset/data/fep_benchmark_processed/gpcrs_p2y1_meta_sub_protein.pdb,496,5.319739,4.9611034,6.122352,4.8893175,4.9202447,5.4224863,4.9694624,5.33075,5.5468736,5.1288033,5.261113
497,gpcrs/p2y1_meta_sub,gpcrs/p2y1_meta_sub/6p,../large_fep_dataset/data/fep_benchmark_processed/gpcrs_p2y1_meta_sub_6p.sdf,../large_fep_dataset/data/fep_benchmark_processed/gpcrs_p2y1_meta_sub_protein.pdb,497,4.918718,4.808747,6.08679,5.1512256,5.2058635,5.096596,5.4263926,5.0806174,5.8611417,5.8184934,5.345458
498,gpcrs/p2y1_meta_sub,gpcrs/p2y1_meta_sub/6k,../large_fep_dataset/data/fep_benchmark_processed/gpcrs_p2y1_meta_sub_6k.sdf,../large_fep_dataset/data/fep_benchmark_processed/gpcrs_p2y1_meta_sub_protein.pdb,498,5.5827727,5.4800973,6.0288157,5.3105917,5.0259213,5.7164984,5.1604834,5.0493217,5.799046,5.907602,5.506115
499,gpcrs/p2y1_meta_sub,gpcrs/p2y1_meta_sub/6o,../large_fep_dataset/data/fep_benchmark_processed/gpcrs_p2y1_meta_sub_6o.sdf,../large_fep_dataset/data/fep_benchmark_processed/gpcrs_p2y1_meta_sub_protein.pdb,499,4.983698,5.4870977,6.2032886,5.3573604,5.233574,6.2738633,5.4937096,4.9600787,5.8066783,6.3158283,5.611518
500,gpcrs/p2y1_meta_sub,gpcrs/p2y1_meta_sub/6q,../large_fep_dataset/data/fep_benchmark_processed/gpcrs_p2y1_meta_sub_6q.sdf,../large_fep_dataset/data/fep_benchmark_processed/gpcrs_p2y1_meta_sub_protein.pdb,500,4.765907,4.669011,5.89838,5.114638,4.8717947,4.911984,5.769468,5.072377,5.4824805,5.6301236,5.2186155
501,gpcrs/p2y1_meta_sub,gpcrs/p2y1_meta_sub/6l,../large_fep_dataset/data/fep_benchmark_processed/gpcrs_p2y1_meta_sub_6l.sdf,../large_fep_dataset/data/fep_benchmark_processed/gpcrs_p2y1_meta_sub_protein.pdb,501,4.864968,4.6453843,5.4650598,4.990455,4.412067,5.46368,4.939317,4.983653,5.0961213,5.5264754,5.038718
502,gpcrs/p2y1_meta_sub,gpcrs/p2y1_meta_sub/6j,../large_fep_dataset/data/fep_benchmark_processed/gpcrs_p2y1_meta_sub_6j.sdf,../large_fep_dataset/data/fep_benchmark_processed/gpcrs_p2y1_meta_sub_protein.pdb,502,5.3877907,5.1712475,5.879596,5.59108,5.4438353,5.062463,5.385925,5.1005793,5.920661,5.9863815,5.4929557
503,gpcrs/p2y1_ortho_sub,gpcrs/p2y1_ortho_sub/16,../large_fep_dataset/data/fep_benchmark_processed/gpcrs_p2y1_ortho_sub_16.sdf,../large_fep_dataset/data/fep_benchmark_processed/gpcrs_p2y1_ortho_sub_protein.pdb,503,6.5039277,6.17841,6.7963414,6.338196,6.9210196,5.7910733,5.774118,6.5869727,7.1888866,7.3236794,6.5402617
504,gpcrs/p2y1_ortho_sub,gpcrs/p2y1_ortho_sub/11b,../large_fep_dataset/data/fep_benchmark_processed/gpcrs_p2y1_ortho_sub_11b.sdf,../large_fep_dataset/data/fep_benchmark_processed/gpcrs_p2y1_ortho_sub_protein.pdb,504,6.5244436,5.474642,6.360464,7.1599827,7.148837,6.3457828,5.9151073,6.396824,5.790717,6.084866,6.3201666
505,gpcrs/p2y1_ortho_sub,gpcrs/p2y1_ortho_sub/17,../large_fep_dataset/data/fep_benchmark_processed/gpcrs_p2y1_ortho_sub_17.sdf,../large_fep_dataset/data/fep_benchmark_processed/gpcrs_p2y1_ortho_sub_protein.pdb,505,6.2918234,5.9007955,6.673502,6.613145,7.2579923,6.0460076,5.2282834,6.749553,5.448544,5.6888995,6.1898546
506,gpcrs/p2y1_ortho_sub,gpcrs/p2y1_ortho_sub/14,../large_fep_dataset/data/fep_benchmark_processed/gpcrs_p2y1_ortho_sub_14.sdf,../large_fep_dataset/data/fep_benchmark_processed/gpcrs_p2y1_ortho_sub_protein.pdb,506,6.092402,5.7716665,6.3146915,6.2245784,6.6762767,5.4855804,5.6270204,6.706164,5.2351627,5.5782356,5.971178
507,gpcrs/p2y1_ortho_sub,gpcrs/p2y1_ortho_sub/11e,../large_fep_dataset/data/fep_benchmark_processed/gpcrs_p2y1_ortho_sub_11e.sdf,../large_fep_dataset/data/fep_benchmark_processed/gpcrs_p2y1_ortho_sub_protein.pdb,507,5.7339706,5.8789554,5.5334535,5.8206296,5.9186716,6.112293,5.256741,6.2654805,6.1687846,5.60207,5.829105
508,gpcrs/p2y1_ortho_sub,gpcrs/p2y1_ortho_sub/11d,../large_fep_dataset/data/fep_benchmark_processed/gpcrs_p2y1_ortho_sub_11d.sdf,../large_fep_dataset/data/fep_benchmark_processed/gpcrs_p2y1_ortho_sub_protein.pdb,508,6.1562405,5.7115393,5.538974,6.783288,6.1823616,6.2828407,5.368557,6.7442,5.8480268,5.7725863,6.0388613
509,gpcrs/p2y1_ortho_sub,gpcrs/p2y1_ortho_sub/11f,../large_fep_dataset/data/fep_benchmark_processed/gpcrs_p2y1_ortho_sub_11f.sdf,../large_fep_dataset/data/fep_benchmark_processed/gpcrs_p2y1_ortho_sub_protein.pdb,509,5.377357,4.8129244,5.6464434,5.1810045,5.2703404,5.2374854,5.4694643,5.304355,5.9648666,5.467182,5.3731422
510,gpcrs/p2y1_ortho_sub,gpcrs/p2y1_ortho_sub/18,../large_fep_dataset/data/fep_benchmark_processed/gpcrs_p2y1_ortho_sub_18.sdf,../large_fep_dataset/data/fep_benchmark_processed/gpcrs_p2y1_ortho_sub_protein.pdb,510,5.9054203,5.9559507,6.524213,6.714988,6.478998,5.819807,5.257669,6.2439547,5.679624,5.2601504,5.984077
511,gpcrs/p2y1_ortho_sub,gpcrs/p2y1_ortho_sub/12,../large_fep_dataset/data/fep_benchmark_processed/gpcrs_p2y1_ortho_sub_12.sdf,../large_fep_dataset/data/fep_benchmark_processed/gpcrs_p2y1_ortho_sub_protein.pdb,511,6.3744,5.818314,6.348406,6.221953,6.8978043,5.548158,5.443844,6.7318373,5.191205,5.7557163,6.0331635
512,gpcrs/p2y1_ortho_sub,gpcrs/p2y1_ortho_sub/11a,../large_fep_dataset/data/fep_benchmark_processed/gpcrs_p2y1_ortho_sub_11a.sdf,../large_fep_dataset/data/fep_benchmark_processed/gpcrs_p2y1_ortho_sub_protein.pdb,512,4.940753,5.539595,4.6405635,5.186578,5.1781874,5.369352,5.280988,5.1187162,4.6419215,5.403303,5.1299963
513,gpcrs/p2y1_ortho_sub,gpcrs/p2y1_ortho_sub/19,../large_fep_dataset/data/fep_benchmark_processed/gpcrs_p2y1_ortho_sub_19.sdf,../large_fep_dataset/data/fep_benchmark_processed/gpcrs_p2y1_ortho_sub_protein.pdb,513,6.3596406,6.1584797,5.740855,5.8346896,6.3148127,5.471956,5.4167967,6.1080275,6.9303646,6.8515806,6.1187205
514,gpcrs/p2y1_ortho_sub,gpcrs/p2y1_ortho_sub/13,../large_fep_dataset/data/fep_benchmark_processed/gpcrs_p2y1_ortho_sub_13.sdf,../large_fep_dataset/data/fep_benchmark_processed/gpcrs_p2y1_ortho_sub_protein.pdb,514,6.666007,5.4987173,6.324581,5.651671,6.336655,5.3171,5.556662,6.439215,5.348116,5.7940145,5.893274
515,janssen_bace/bace_keranen_p2,janssen_bace/bace_keranen_p2/29,../large_fep_dataset/data/fep_benchmark_processed/janssen_bace_bace_keranen_p2_29.sdf,../large_fep_dataset/data/fep_benchmark_processed/janssen_bace_bace_keranen_p2_protein.pdb,515,6.6269403,7.246472,7.386978,6.828026,7.2623496,7.328045,6.879926,7.082805,6.4967403,6.8189726,6.995725
516,janssen_bace/bace_keranen_p2,janssen_bace/bace_keranen_p2/30,../large_fep_dataset/data/fep_benchmark_processed/janssen_bace_bace_keranen_p2_30.sdf,../large_fep_dataset/data/fep_benchmark_processed/janssen_bace_bace_keranen_p2_protein.pdb,516,6.4264536,6.6821675,7.4758444,6.312605,7.105151,7.1564093,7.0249834,7.109723,5.939378,6.94679,6.8179502
517,janssen_bace/bace_keranen_p2,janssen_bace/bace_keranen_p2/31,../large_fep_dataset/data/fep_benchmark_processed/janssen_bace_bace_keranen_p2_31.sdf,../large_fep_dataset/data/fep_benchmark_processed/janssen_bace_bace_keranen_p2_protein.pdb,517,6.833004,7.1037264,8.261616,7.1671724,6.9434185,7.49815,7.4138355,7.2576566,6.2161956,7.408836,7.2103615
518,janssen_bace/bace_keranen_p2,janssen_bace/bace_keranen_p2/32,../large_fep_dataset/data/fep_benchmark_processed/janssen_bace_bace_keranen_p2_32.sdf,../large_fep_dataset/data/fep_benchmark_processed/janssen_bace_bace_keranen_p2_protein.pdb,518,7.500679,7.1682906,7.913379,7.026424,6.848775,7.768255,7.5141015,7.0544777,6.501321,7.2977166,7.259342
519,janssen_bace/bace_keranen_p2,janssen_bace/bace_keranen_p2/33,../large_fep_dataset/data/fep_benchmark_processed/janssen_bace_bace_keranen_p2_33.sdf,../large_fep_dataset/data/fep_benchmark_processed/janssen_bace_bace_keranen_p2_protein.pdb,519,6.8778734,7.298666,7.941814,6.867276,7.429411,7.7788687,7.536327,7.0751634,6.265106,7.5512733,7.262178
520,janssen_bace/bace_keranen_p2,janssen_bace/bace_keranen_p2/34,../large_fep_dataset/data/fep_benchmark_processed/janssen_bace_bace_keranen_p2_34.sdf,../large_fep_dataset/data/fep_benchmark_processed/janssen_bace_bace_keranen_p2_protein.pdb,520,7.0483174,6.7940245,7.6295557,6.907504,7.063332,7.1970344,7.6372685,6.5106993,6.454346,6.801014,7.004309
521,janssen_bace/bace_keranen_p2,janssen_bace/bace_keranen_p2/35,../large_fep_dataset/data/fep_benchmark_processed/janssen_bace_bace_keranen_p2_35.sdf,../large_fep_dataset/data/fep_benchmark_processed/janssen_bace_bace_keranen_p2_protein.pdb,521,6.8751483,6.9223204,7.424251,7.1401877,6.706548,7.528533,7.7536373,7.287823,6.7788863,7.5546374,7.197197
522,janssen_bace/bace_keranen_p2,janssen_bace/bace_keranen_p2/36 out,../large_fep_dataset/data/fep_benchmark_processed/janssen_bace_bace_keranen_p2_36_out.sdf,../large_fep_dataset/data/fep_benchmark_processed/janssen_bace_bace_keranen_p2_protein.pdb,522,6.558393,7.1618676,7.578929,6.752794,7.607692,7.4851265,7.3638263,7.1310906,6.711426,6.954272,7.130542
523,janssen_bace/bace_keranen_p2,janssen_bace/bace_keranen_p2/37 out,../large_fep_dataset/data/fep_benchmark_processed/janssen_bace_bace_keranen_p2_37_out.sdf,../large_fep_dataset/data/fep_benchmark_processed/janssen_bace_bace_keranen_p2_protein.pdb,523,6.399588,7.4106045,7.4247575,6.7275662,7.410394,7.181604,7.1459074,7.1062317,6.3892,6.6524158,6.9848266
524,janssen_bace/bace_keranen_p2,janssen_bace/bace_keranen_p2/39 out,../large_fep_dataset/data/fep_benchmark_processed/janssen_bace_bace_keranen_p2_39_out.sdf,../large_fep_dataset/data/fep_benchmark_processed/janssen_bace_bace_keranen_p2_protein.pdb,524,6.7763243,7.4143505,7.6044817,7.1533203,7.231438,7.2487445,7.3332763,7.322303,6.6078935,7.1553087,7.1847444
525,janssen_bace/bace_keranen_p2,janssen_bace/bace_keranen_p2/38 out,../large_fep_dataset/data/fep_benchmark_processed/janssen_bace_bace_keranen_p2_38_out.sdf,../large_fep_dataset/data/fep_benchmark_processed/janssen_bace_bace_keranen_p2_protein.pdb,525,7.365183,7.51739,6.9507647,7.018853,7.3520374,7.9520993,7.4302278,7.0908966,6.5175414,7.7354894,7.293048
526,janssen_bace/bace_keranen_p2,janssen_bace/bace_keranen_p2/28 out,../large_fep_dataset/data/fep_benchmark_processed/janssen_bace_bace_keranen_p2_28_out.sdf,../large_fep_dataset/data/fep_benchmark_processed/janssen_bace_bace_keranen_p2_protein.pdb,526,6.676897,6.686165,7.6246204,6.486055,7.19066,7.114477,6.9316177,6.745768,5.9654303,6.528361,6.795006
527,janssen_bace/bace_ciordia_retro,janssen_bace/bace_ciordia_retro/1a,../large_fep_dataset/data/fep_benchmark_processed/janssen_bace_bace_ciordia_retro_1a.sdf,../large_fep_dataset/data/fep_benchmark_processed/janssen_bace_bace_ciordia_retro_protein.pdb,527,5.1718955,4.8359714,5.0558963,4.761413,4.111924,4.7302914,4.7455945,4.560499,4.3615613,4.3627324,4.669778
528,janssen_bace/bace_ciordia_retro,janssen_bace/bace_ciordia_retro/11,../large_fep_dataset/data/fep_benchmark_processed/janssen_bace_bace_ciordia_retro_11.sdf,../large_fep_dataset/data/fep_benchmark_processed/janssen_bace_bace_ciordia_retro_protein.pdb,528,6.2648325,6.2500877,6.6613474,6.337196,6.767582,6.1480575,7.0595746,6.084125,5.8818097,6.416951,6.387156
529,janssen_bace/bace_ciordia_retro,janssen_bace/bace_ciordia_retro/12,../large_fep_dataset/data/fep_benchmark_processed/janssen_bace_bace_ciordia_retro_12.sdf,../large_fep_dataset/data/fep_benchmark_processed/janssen_bace_bace_ciordia_retro_protein.pdb,529,6.6240597,6.398255,6.845585,5.98384,6.6274667,6.5204782,6.7344756,5.960367,5.9185953,6.348217,6.396134
530,janssen_bace/bace_ciordia_retro,janssen_bace/bace_ciordia_retro/13,../large_fep_dataset/data/fep_benchmark_processed/janssen_bace_bace_ciordia_retro_13.sdf,../large_fep_dataset/data/fep_benchmark_processed/janssen_bace_bace_ciordia_retro_protein.pdb,530,7.027704,7.296185,7.634087,7.064058,7.308825,7.1709623,7.4481463,7.071879,7.2080936,7.465195,7.2695136
531,janssen_bace/bace_ciordia_retro,janssen_bace/bace_ciordia_retro/14,../large_fep_dataset/data/fep_benchmark_processed/janssen_bace_bace_ciordia_retro_14.sdf,../large_fep_dataset/data/fep_benchmark_processed/janssen_bace_bace_ciordia_retro_protein.pdb,531,6.2239904,6.4172564,6.7583814,6.484871,5.963697,6.459971,7.031783,6.5848064,6.447836,6.970034,6.5342627
532,janssen_bace/bace_ciordia_retro,janssen_bace/bace_ciordia_retro/15,../large_fep_dataset/data/fep_benchmark_processed/janssen_bace_bace_ciordia_retro_15.sdf,../large_fep_dataset/data/fep_benchmark_processed/janssen_bace_bace_ciordia_retro_protein.pdb,532,6.32839,6.349543,6.8449035,6.211259,6.3340354,6.2186046,7.2024374,6.186685,6.034742,6.144012,6.385461
533,janssen_bace/bace_ciordia_retro,janssen_bace/bace_ciordia_retro/16,../large_fep_dataset/data/fep_benchmark_processed/janssen_bace_bace_ciordia_retro_16.sdf,../large_fep_dataset/data/fep_benchmark_processed/janssen_bace_bace_ciordia_retro_protein.pdb,533,6.51937,6.916385,6.910141,6.738598,6.401842,6.2830973,7.3864274,6.851475,6.5187974,7.1224337,6.764857
534,janssen_bace/bace_ciordia_retro,janssen_bace/bace_ciordia_retro/17,../large_fep_dataset/data/fep_benchmark_processed/janssen_bace_bace_ciordia_retro_17.sdf,../large_fep_dataset/data/fep_benchmark_processed/janssen_bace_bace_ciordia_retro_protein.pdb,534,6.2540917,6.3335214,6.8118157,5.8082533,5.9400225,6.134128,6.2125115,5.6060386,5.4305277,6.186347,6.071726
535,janssen_bace/bace_ciordia_retro,janssen_bace/bace_ciordia_retro/18,../large_fep_dataset/data/fep_benchmark_processed/janssen_bace_bace_ciordia_retro_18.sdf,../large_fep_dataset/data/fep_benchmark_processed/janssen_bace_bace_ciordia_retro_protein.pdb,535,6.2345605,6.3074183,7.076989,6.4343452,5.821931,6.625211,6.8033643,6.589532,6.8261213,6.8320417,6.5551515
536,janssen_bace/bace_ciordia_retro,janssen_bace/bace_ciordia_retro/19,../large_fep_dataset/data/fep_benchmark_processed/janssen_bace_bace_ciordia_retro_19.sdf,../large_fep_dataset/data/fep_benchmark_processed/janssen_bace_bace_ciordia_retro_protein.pdb,536,6.4484344,6.6055226,7.050281,6.4339,5.973697,6.8216953,7.011108,7.074372,7.1650543,7.126961,6.771103
537,janssen_bace/bace_ciordia_retro,janssen_bace/bace_ciordia_retro/20,../large_fep_dataset/data/fep_benchmark_processed/janssen_bace_bace_ciordia_retro_20.sdf,../large_fep_dataset/data/fep_benchmark_processed/janssen_bace_bace_ciordia_retro_protein.pdb,537,6.4759254,6.322252,7.3054943,6.297733,6.430753,6.4518476,6.6098294,6.343725,5.91767,6.7381063,6.489333
538,janssen_bace/bace_ciordia_retro,janssen_bace/bace_ciordia_retro/21,../large_fep_dataset/data/fep_benchmark_processed/janssen_bace_bace_ciordia_retro_21.sdf,../large_fep_dataset/data/fep_benchmark_processed/janssen_bace_bace_ciordia_retro_protein.pdb,538,6.5570364,6.6854973,7.061685,5.679036,6.4531136,6.558225,6.720927,6.327067,6.6283197,6.6579227,6.5328827
539,janssen_bace/bace_ciordia_retro,janssen_bace/bace_ciordia_retro/22,../large_fep_dataset/data/fep_benchmark_processed/janssen_bace_bace_ciordia_retro_22.sdf,../large_fep_dataset/data/fep_benchmark_processed/janssen_bace_bace_ciordia_retro_protein.pdb,539,6.507478,6.7175255,6.6959934,6.313576,6.1466045,6.65539,6.899864,6.283172,6.0365367,6.911313,6.5167456
540,janssen_bace/bace_ciordia_retro,janssen_bace/bace_ciordia_retro/23,../large_fep_dataset/data/fep_benchmark_processed/janssen_bace_bace_ciordia_retro_23.sdf,../large_fep_dataset/data/fep_benchmark_processed/janssen_bace_bace_ciordia_retro_protein.pdb,540,6.3411584,6.5101514,6.9578958,6.6729646,6.110958,6.358647,7.116216,6.871548,5.8495584,6.746336,6.553543
541,janssen_bace/bace_ciordia_retro,janssen_bace/bace_ciordia_retro/24,../large_fep_dataset/data/fep_benchmark_processed/janssen_bace_bace_ciordia_retro_24.sdf,../large_fep_dataset/data/fep_benchmark_processed/janssen_bace_bace_ciordia_retro_protein.pdb,541,6.637425,6.4511676,6.894548,6.4265685,6.6766987,6.7222967,6.745321,5.890938,6.4307323,6.6873355,6.5563035
542,janssen_bace/bace_ciordia_retro,janssen_bace/bace_ciordia_retro/25,../large_fep_dataset/data/fep_benchmark_processed/janssen_bace_bace_ciordia_retro_25.sdf,../large_fep_dataset/data/fep_benchmark_processed/janssen_bace_bace_ciordia_retro_protein.pdb,542,6.519494,6.483975,7.0050974,7.0405226,6.1302857,6.477923,7.0189543,6.5825024,5.6635866,6.859066,6.578141
543,janssen_bace/bace_ciordia_retro,janssen_bace/bace_ciordia_retro/26,../large_fep_dataset/data/fep_benchmark_processed/janssen_bace_bace_ciordia_retro_26.sdf,../large_fep_dataset/data/fep_benchmark_processed/janssen_bace_bace_ciordia_retro_protein.pdb,543,7.583608,6.9678435,7.219333,6.9796267,6.02465,7.3654194,7.676775,7.1277986,7.1177015,7.4321904,7.149494
544,janssen_bace/bace_ciordia_retro,janssen_bace/bace_ciordia_retro/27,../large_fep_dataset/data/fep_benchmark_processed/janssen_bace_bace_ciordia_retro_27.sdf,../large_fep_dataset/data/fep_benchmark_processed/janssen_bace_bace_ciordia_retro_protein.pdb,544,6.770611,6.7308197,6.8406835,6.3918805,6.685435,6.4358087,7.0389514,6.56233,6.378696,6.4829445,6.631816
545,janssen_bace/bace_ciordia_retro,janssen_bace/bace_ciordia_retro/28,../large_fep_dataset/data/fep_benchmark_processed/janssen_bace_bace_ciordia_retro_28.sdf,../large_fep_dataset/data/fep_benchmark_processed/janssen_bace_bace_ciordia_retro_protein.pdb,545,6.614321,6.423299,6.73748,6.8008204,6.7402945,7.0829988,6.961098,6.468796,6.479473,6.1716037,6.648019
546,janssen_bace/bace_ciordia_retro,janssen_bace/bace_ciordia_retro/29,../large_fep_dataset/data/fep_benchmark_processed/janssen_bace_bace_ciordia_retro_29.sdf,../large_fep_dataset/data/fep_benchmark_processed/janssen_bace_bace_ciordia_retro_protein.pdb,546,5.33051,5.969908,5.9684067,5.264838,5.2304482,6.272751,6.7145996,5.409762,5.011253,5.793431,5.6965914
547,janssen_bace/bace_ciordia_retro,janssen_bace/bace_ciordia_retro/30,../large_fep_dataset/data/fep_benchmark_processed/janssen_bace_bace_ciordia_retro_30.sdf,../large_fep_dataset/data/fep_benchmark_processed/janssen_bace_bace_ciordia_retro_protein.pdb,547,6.463847,6.117399,6.6666336,6.616826,6.170033,6.2149873,6.5240936,6.073476,6.1246886,5.836409,6.280839
548,janssen_bace/bace_ciordia_retro,janssen_bace/bace_ciordia_retro/31,../large_fep_dataset/data/fep_benchmark_processed/janssen_bace_bace_ciordia_retro_31.sdf,../large_fep_dataset/data/fep_benchmark_processed/janssen_bace_bace_ciordia_retro_protein.pdb,548,7.2227087,6.701963,7.1731653,6.7597127,7.296549,7.0055676,7.4131885,6.8766975,6.841102,7.0084953,7.029915
549,janssen_bace/bace_ciordia_retro,janssen_bace/bace_ciordia_retro/32,../large_fep_dataset/data/fep_benchmark_processed/janssen_bace_bace_ciordia_retro_32.sdf,../large_fep_dataset/data/fep_benchmark_processed/janssen_bace_bace_ciordia_retro_protein.pdb,549,7.292006,6.601877,7.171224,6.5691314,7.290807,6.8738837,7.4922385,6.7105064,6.682396,6.6830473,6.9367113
550,janssen_bace/bace_ciordia_retro,janssen_bace/bace_ciordia_retro/33,../large_fep_dataset/data/fep_benchmark_processed/janssen_bace_bace_ciordia_retro_33.sdf,../large_fep_dataset/data/fep_benchmark_processed/janssen_bace_bace_ciordia_retro_protein.pdb,550,7.1363816,6.7187386,7.2585783,6.90376,7.310055,6.7819037,7.3016567,6.53047,6.6620502,7.1989903,6.980258
551,janssen_bace/bace_ciordia_retro,janssen_bace/bace_ciordia_retro/34,../large_fep_dataset/data/fep_benchmark_processed/janssen_bace_bace_ciordia_retro_34.sdf,../large_fep_dataset/data/fep_benchmark_processed/janssen_bace_bace_ciordia_retro_protein.pdb,551,6.799635,6.734426,7.3556814,6.3238053,6.604642,6.9205184,7.0272436,6.9469132,6.1552324,6.5960336,6.746413
552,janssen_bace/bace_ciordia_retro,janssen_bace/bace_ciordia_retro/35,../large_fep_dataset/data/fep_benchmark_processed/janssen_bace_bace_ciordia_retro_35.sdf,../large_fep_dataset/data/fep_benchmark_processed/janssen_bace_bace_ciordia_retro_protein.pdb,552,6.9866023,6.8954053,7.252742,6.3429065,7.163587,7.108789,7.1500845,6.4279604,6.9775305,6.6260705,6.893168
553,janssen_bace/bace_ciordia_retro,janssen_bace/bace_ciordia_retro/36,../large_fep_dataset/data/fep_benchmark_processed/janssen_bace_bace_ciordia_retro_36.sdf,../large_fep_dataset/data/fep_benchmark_processed/janssen_bace_bace_ciordia_retro_protein.pdb,553,7.876221,7.8035607,8.344258,7.733804,7.8327594,7.945556,7.8114424,7.669779,7.579805,7.871638,7.846882
554,janssen_bace/bace_ciordia_retro,janssen_bace/bace_ciordia_retro/37,../large_fep_dataset/data/fep_benchmark_processed/janssen_bace_bace_ciordia_retro_37.sdf,../large_fep_dataset/data/fep_benchmark_processed/janssen_bace_bace_ciordia_retro_protein.pdb,554,7.3638425,6.868286,7.6069975,6.2270746,7.2979527,6.670793,7.1310825,6.8824596,7.0378547,6.8398757,6.9926214
555,janssen_bace/bace_ciordia_retro,janssen_bace/bace_ciordia_retro/38,../large_fep_dataset/data/fep_benchmark_processed/janssen_bace_bace_ciordia_retro_38.sdf,../large_fep_dataset/data/fep_benchmark_processed/janssen_bace_bace_ciordia_retro_protein.pdb,555,7.0337696,6.750266,7.6738644,6.798297,6.9716816,7.125897,7.1736956,7.077219,6.8289413,6.6519904,7.0085626
556,janssen_bace/bace_ciordia_retro,janssen_bace/bace_ciordia_retro/39,../large_fep_dataset/data/fep_benchmark_processed/janssen_bace_bace_ciordia_retro_39.sdf,../large_fep_dataset/data/fep_benchmark_processed/janssen_bace_bace_ciordia_retro_protein.pdb,556,7.113975,6.6328764,7.3459563,6.9947276,6.8687925,6.942453,7.1986384,6.814902,6.8213115,7.1336155,6.986725
557,janssen_bace/bace_ciordia_retro,janssen_bace/bace_ciordia_retro/40,../large_fep_dataset/data/fep_benchmark_processed/janssen_bace_bace_ciordia_retro_40.sdf,../large_fep_dataset/data/fep_benchmark_processed/janssen_bace_bace_ciordia_retro_protein.pdb,557,6.3788915,6.126447,7.6167483,6.6111107,7.177228,6.0947924,6.8557925,6.291979,6.234054,6.4297776,6.5816827
558,janssen_bace/bace_ciordia_retro,janssen_bace/bace_ciordia_retro/41,../large_fep_dataset/data/fep_benchmark_processed/janssen_bace_bace_ciordia_retro_41.sdf,../large_fep_dataset/data/fep_benchmark_processed/janssen_bace_bace_ciordia_retro_protein.pdb,558,6.798551,6.345836,6.897969,7.0248833,5.8237557,6.1464896,7.201794,5.861386,5.890154,6.298713,6.4289527
559,janssen_bace/bace_ciordia_retro,janssen_bace/bace_ciordia_retro/30_protonated,../large_fep_dataset/data/fep_benchmark_processed/janssen_bace_bace_ciordia_retro_30_protonated.sdf,../large_fep_dataset/data/fep_benchmark_processed/janssen_bace_bace_ciordia_retro_protein.pdb,559,6.547519,6.4315147,6.988601,6.566592,6.416728,6.6239877,6.6412725,6.294269,6.2824135,6.0233703,6.4816275
560,janssen_bace/bace_p3_arg368_in,janssen_bace/bace_p3_arg368_in/8a,../large_fep_dataset/data/fep_benchmark_processed/janssen_bace_bace_p3_arg368_in_8a.sdf,../large_fep_dataset/data/fep_benchmark_processed/janssen_bace_bace_p3_arg368_in_protein.pdb,560,7.007411,7.5141764,7.8628736,7.3358417,6.906135,7.2900257,7.438943,6.9917336,6.6378417,7.277603,7.2262588
561,janssen_bace/bace_p3_arg368_in,janssen_bace/bace_p3_arg368_in/8b,../large_fep_dataset/data/fep_benchmark_processed/janssen_bace_bace_p3_arg368_in_8b.sdf,../large_fep_dataset/data/fep_benchmark_processed/janssen_bace_bace_p3_arg368_in_protein.pdb,561,7.016076,7.8471007,8.257371,7.805848,7.424575,7.485973,7.7942357,7.5262923,7.4447055,7.840463,7.6442633
562,janssen_bace/bace_p3_arg368_in,janssen_bace/bace_p3_arg368_in/8c,../large_fep_dataset/data/fep_benchmark_processed/janssen_bace_bace_p3_arg368_in_8c.sdf,../large_fep_dataset/data/fep_benchmark_processed/janssen_bace_bace_p3_arg368_in_protein.pdb,562,7.328164,7.342736,8.198751,7.544869,7.955781,7.477373,7.4065175,7.701076,7.423186,7.9699836,7.6348433
563,janssen_bace/bace_p3_arg368_in,janssen_bace/bace_p3_arg368_in/8d,../large_fep_dataset/data/fep_benchmark_processed/janssen_bace_bace_p3_arg368_in_8d.sdf,../large_fep_dataset/data/fep_benchmark_processed/janssen_bace_bace_p3_arg368_in_protein.pdb,563,7.074767,7.685074,7.769179,8.203641,7.1596646,8.13945,7.797611,7.89802,7.6421556,8.275856,7.7645426
564,janssen_bace/bace_p3_arg368_in,janssen_bace/bace_p3_arg368_in/8e,../large_fep_dataset/data/fep_benchmark_processed/janssen_bace_bace_p3_arg368_in_8e.sdf,../large_fep_dataset/data/fep_benchmark_processed/janssen_bace_bace_p3_arg368_in_protein.pdb,564,7.7520447,7.787998,7.712196,8.004619,7.559853,8.245952,7.841517,7.9771204,7.677231,7.902658,7.846119
565,janssen_bace/bace_p3_arg368_in,janssen_bace/bace_p3_arg368_in/8f,../large_fep_dataset/data/fep_benchmark_processed/janssen_bace_bace_p3_arg368_in_8f.sdf,../large_fep_dataset/data/fep_benchmark_processed/janssen_bace_bace_p3_arg368_in_protein.pdb,565,8.096861,7.289714,7.72199,7.965765,7.355436,7.77286,7.656389,8.166788,7.960825,8.3140745,7.8300695
566,janssen_bace/bace_p3_arg368_in,janssen_bace/bace_p3_arg368_in/8g,../large_fep_dataset/data/fep_benchmark_processed/janssen_bace_bace_p3_arg368_in_8g.sdf,../large_fep_dataset/data/fep_benchmark_processed/janssen_bace_bace_p3_arg368_in_protein.pdb,566,7.7342124,6.933831,8.249823,7.6218376,7.6283264,7.8563037,8.043296,8.055149,7.644385,8.270348,7.8037515
567,janssen_bace/bace_p3_arg368_in,janssen_bace/bace_p3_arg368_in/17a,../large_fep_dataset/data/fep_benchmark_processed/janssen_bace_bace_p3_arg368_in_17a.sdf,../large_fep_dataset/data/fep_benchmark_processed/janssen_bace_bace_p3_arg368_in_protein.pdb,567,7.3733573,7.585018,7.741469,7.416892,7.0331726,7.165117,7.540952,7.4419103,6.779583,7.3794365,7.3456907
568,janssen_bace/bace_p3_arg368_in,janssen_bace/bace_p3_arg368_in/17b,../large_fep_dataset/data/fep_benchmark_processed/janssen_bace_bace_p3_arg368_in_17b.sdf,../large_fep_dataset/data/fep_benchmark_processed/janssen_bace_bace_p3_arg368_in_protein.pdb,568,7.314351,7.913291,8.174864,7.9349627,7.5891027,7.535255,7.563871,8.154782,7.6388817,7.4380236,7.7257385
569,janssen_bace/bace_p3_arg368_in,janssen_bace/bace_p3_arg368_in/17c,../large_fep_dataset/data/fep_benchmark_processed/janssen_bace_bace_p3_arg368_in_17c.sdf,../large_fep_dataset/data/fep_benchmark_processed/janssen_bace_bace_p3_arg368_in_protein.pdb,569,7.894511,7.628989,8.132824,7.6741333,8.303237,7.4841604,7.602685,8.149553,7.547496,7.87665,7.8294234
570,janssen_bace/bace_p3_arg368_in,janssen_bace/bace_p3_arg368_in/17d,../large_fep_dataset/data/fep_benchmark_processed/janssen_bace_bace_p3_arg368_in_17d.sdf,../large_fep_dataset/data/fep_benchmark_processed/janssen_bace_bace_p3_arg368_in_protein.pdb,570,7.9731965,7.990027,7.8863444,8.224266,7.3589067,7.9517193,7.8087997,8.12862,7.627807,8.04241,7.8992095
571,janssen_bace/bace_p3_arg368_in,janssen_bace/bace_p3_arg368_in/17e,../large_fep_dataset/data/fep_benchmark_processed/janssen_bace_bace_p3_arg368_in_17e.sdf,../large_fep_dataset/data/fep_benchmark_processed/janssen_bace_bace_p3_arg368_in_protein.pdb,571,8.270629,7.868776,7.715093,8.131968,7.65054,8.127183,7.6271415,8.071937,7.7302604,8.013939,7.920747
572,janssen_bace/bace_p3_arg368_in,janssen_bace/bace_p3_arg368_in/17f,../large_fep_dataset/data/fep_benchmark_processed/janssen_bace_bace_p3_arg368_in_17f.sdf,../large_fep_dataset/data/fep_benchmark_processed/janssen_bace_bace_p3_arg368_in_protein.pdb,572,8.238439,7.521804,7.6827717,8.32158,7.369444,7.513946,7.650497,8.289883,7.9597087,8.24314,7.8791213
573,janssen_bace/bace_p3_arg368_in,janssen_bace/bace_p3_arg368_in/17g,../large_fep_dataset/data/fep_benchmark_processed/janssen_bace_bace_p3_arg368_in_17g.sdf,../large_fep_dataset/data/fep_benchmark_processed/janssen_bace_bace_p3_arg368_in_protein.pdb,573,8.28002,6.99051,8.269038,7.9092903,7.5571456,7.9627457,7.7921047,8.419388,7.749164,8.078175,7.9007583
574,janssen_bace/bace_p3_arg368_in,janssen_bace/bace_p3_arg368_in/27a,../large_fep_dataset/data/fep_benchmark_processed/janssen_bace_bace_p3_arg368_in_27a.sdf,../large_fep_dataset/data/fep_benchmark_processed/janssen_bace_bace_p3_arg368_in_protein.pdb,574,7.4872293,7.313989,7.618763,7.247007,6.958588,7.501029,7.792899,7.238762,6.6879354,7.7093463,7.355555
575,janssen_bace/bace_p3_arg368_in,janssen_bace/bace_p3_arg368_in/27b,../large_fep_dataset/data/fep_benchmark_processed/janssen_bace_bace_p3_arg368_in_27b.sdf,../large_fep_dataset/data/fep_benchmark_processed/janssen_bace_bace_p3_arg368_in_protein.pdb,575,7.5600553,7.705046,7.916105,7.737534,7.4403334,7.6893806,7.8014374,8.098403,7.326899,7.7683163,7.704351
576,janssen_bace/bace_p3_arg368_in,janssen_bace/bace_p3_arg368_in/27c,../large_fep_dataset/data/fep_benchmark_processed/janssen_bace_bace_p3_arg368_in_27c.sdf,../large_fep_dataset/data/fep_benchmark_processed/janssen_bace_bace_p3_arg368_in_protein.pdb,576,7.653961,7.3316483,7.6678815,7.4177938,8.003112,7.3953204,7.6724925,7.8615294,7.0840034,7.943343,7.6031084
577,janssen_bace/bace_p3_arg368_in,janssen_bace/bace_p3_arg368_in/27d,../large_fep_dataset/data/fep_benchmark_processed/janssen_bace_bace_p3_arg368_in_27d.sdf,../large_fep_dataset/data/fep_benchmark_processed/janssen_bace_bace_p3_arg368_in_protein.pdb,577,7.8565774,7.775179,7.8754697,8.058868,7.474516,7.950978,7.911,7.9050364,7.381782,8.274467,7.8463874
578,janssen_bace/bace_p3_arg368_in,janssen_bace/bace_p3_arg368_in/27e,../large_fep_dataset/data/fep_benchmark_processed/janssen_bace_bace_p3_arg368_in_27e.sdf,../large_fep_dataset/data/fep_benchmark_processed/janssen_bace_bace_p3_arg368_in_protein.pdb,578,8.173665,7.790425,7.4676723,7.621024,7.46285,7.8671002,7.407096,7.93756,7.513036,8.084612,7.7325044
579,janssen_bace/bace_p3_arg368_in,janssen_bace/bace_p3_arg368_in/27f,../large_fep_dataset/data/fep_benchmark_processed/janssen_bace_bace_p3_arg368_in_27f.sdf,../large_fep_dataset/data/fep_benchmark_processed/janssen_bace_bace_p3_arg368_in_protein.pdb,579,8.446652,7.390405,7.702225,7.961471,7.1089463,7.5438447,7.6784067,7.9823184,7.8580775,8.293328,7.7965674
580,janssen_bace/bace_p3_arg368_in,janssen_bace/bace_p3_arg368_in/27g,../large_fep_dataset/data/fep_benchmark_processed/janssen_bace_bace_p3_arg368_in_27g.sdf,../large_fep_dataset/data/fep_benchmark_processed/janssen_bace_bace_p3_arg368_in_protein.pdb,580,8.306077,6.9809422,8.12975,7.892052,7.4278145,8.001277,8.030675,8.410341,7.680263,8.392194,7.925139
581,janssen_bace/bace_ciordia_prospective,janssen_bace/bace_ciordia_prospective/spiro16,../large_fep_dataset/data/fep_benchmark_processed/janssen_bace_bace_ciordia_prospective_spiro16.sdf,../large_fep_dataset/data/fep_benchmark_processed/janssen_bace_bace_ciordia_prospective_protein.pdb,581,7.992825,7.740033,7.916504,7.0447097,7.8407845,7.8658857,7.7793407,7.570253,8.051599,8.300634,7.810257
582,janssen_bace/bace_ciordia_prospective,janssen_bace/bace_ciordia_prospective/spiro5,../large_fep_dataset/data/fep_benchmark_processed/janssen_bace_bace_ciordia_prospective_spiro5.sdf,../large_fep_dataset/data/fep_benchmark_processed/janssen_bace_bace_ciordia_prospective_protein.pdb,582,7.201314,6.7940745,6.4897695,6.7363343,5.970145,7.727471,6.966587,7.7279854,6.691515,7.7408614,7.0046053
583,janssen_bace/bace_ciordia_prospective,janssen_bace/bace_ciordia_prospective/spiro2,../large_fep_dataset/data/fep_benchmark_processed/janssen_bace_bace_ciordia_prospective_spiro2.sdf,../large_fep_dataset/data/fep_benchmark_processed/janssen_bace_bace_ciordia_prospective_protein.pdb,583,7.6767,7.330353,7.296822,6.991564,6.638841,7.860612,6.6259212,7.0515,6.921425,7.4053817,7.1799116
584,janssen_bace/bace_ciordia_prospective,janssen_bace/bace_ciordia_prospective/spiro10,../large_fep_dataset/data/fep_benchmark_processed/janssen_bace_bace_ciordia_prospective_spiro10.sdf,../large_fep_dataset/data/fep_benchmark_processed/janssen_bace_bace_ciordia_prospective_protein.pdb,584,7.844871,7.55023,7.4015927,7.6121354,7.0438046,7.943845,7.056979,7.638525,7.839147,7.9918866,7.592302
585,janssen_bace/bace_ciordia_prospective,janssen_bace/bace_ciordia_prospective/spiro3,../large_fep_dataset/data/fep_benchmark_processed/janssen_bace_bace_ciordia_prospective_spiro3.sdf,../large_fep_dataset/data/fep_benchmark_processed/janssen_bace_bace_ciordia_prospective_protein.pdb,585,7.257188,7.081807,7.220367,6.2791967,6.5933576,6.818391,6.6539044,6.4236083,6.462355,6.732929,6.7523103
586,janssen_bace/bace_ciordia_prospective,janssen_bace/bace_ciordia_prospective/spiro6,../large_fep_dataset/data/fep_benchmark_processed/janssen_bace_bace_ciordia_prospective_spiro6.sdf,../large_fep_dataset/data/fep_benchmark_processed/janssen_bace_bace_ciordia_prospective_protein.pdb,586,8.712944,7.6572886,7.8050427,7.6336803,8.506606,7.979861,7.43496,7.6283865,8.589324,8.218925,8.016702
587,janssen_bace/bace_ciordia_prospective,janssen_bace/bace_ciordia_prospective/spiro4,../large_fep_dataset/data/fep_benchmark_processed/janssen_bace_bace_ciordia_prospective_spiro4.sdf,../large_fep_dataset/data/fep_benchmark_processed/janssen_bace_bace_ciordia_prospective_protein.pdb,587,7.0213914,6.831463,6.124048,6.424778,5.5813518,6.404468,6.469553,6.905206,6.058664,7.5351815,6.53561
588,janssen_bace/bace_ciordia_prospective,janssen_bace/bace_ciordia_prospective/spiro1,../large_fep_dataset/data/fep_benchmark_processed/janssen_bace_bace_ciordia_prospective_spiro1.sdf,../large_fep_dataset/data/fep_benchmark_processed/janssen_bace_bace_ciordia_prospective_protein.pdb,588,8.134017,7.505148,7.734991,7.325714,7.9855614,7.909882,7.8502264,7.747414,8.231238,8.243308,7.8667502
589,janssen_bace/bace_ciordia_prospective,janssen_bace/bace_ciordia_prospective/spiro15,../large_fep_dataset/data/fep_benchmark_processed/janssen_bace_bace_ciordia_prospective_spiro15.sdf,../large_fep_dataset/data/fep_benchmark_processed/janssen_bace_bace_ciordia_prospective_protein.pdb,589,7.5266542,7.496443,7.606065,7.4067364,7.853248,7.7807736,7.7180634,7.696793,7.8108525,8.027605,7.692323
590,mcs_docking/renin_customcore,mcs_docking/renin_customcore/b1i5k_xray,../large_fep_dataset/data/fep_benchmark_processed/mcs_docking_renin_customcore_b1i5k_xray.sdf,../large_fep_dataset/data/fep_benchmark_processed/mcs_docking_renin_customcore_protein.pdb,590,7.1786575,7.151409,6.2297955,6.514066,7.1828446,6.928197,6.934131,7.7509704,6.61784,7.215057,6.9702964
591,mcs_docking/renin_customcore,mcs_docking/renin_customcore/b1i5j,../large_fep_dataset/data/fep_benchmark_processed/mcs_docking_renin_customcore_b1i5j.sdf,../large_fep_dataset/data/fep_benchmark_processed/mcs_docking_renin_customcore_protein.pdb,591,7.2121887,7.086315,6.101401,6.330709,6.878986,6.557161,6.764644,7.903942,7.0381007,7.166239,6.903969
592,mcs_docking/renin_customcore,mcs_docking/renin_customcore/b1i2n,../large_fep_dataset/data/fep_benchmark_processed/mcs_docking_renin_customcore_b1i2n.sdf,../large_fep_dataset/data/fep_benchmark_processed/mcs_docking_renin_customcore_protein.pdb,592,7.5531516,6.3117294,5.993944,5.750812,5.983543,6.274262,6.5117955,7.1329308,6.1123524,6.2592244,6.3883743
593,mcs_docking/renin_customcore,mcs_docking/renin_customcore/b1i5i,../large_fep_dataset/data/fep_benchmark_processed/mcs_docking_renin_customcore_b1i5i.sdf,../large_fep_dataset/data/fep_benchmark_processed/mcs_docking_renin_customcore_protein.pdb,593,6.878348,7.0260406,6.695438,7.194284,6.479901,7.026261,6.685941,7.707217,6.7110357,7.453893,6.985836
594,mcs_docking/renin_customcore,mcs_docking/renin_customcore/b1i5h,../large_fep_dataset/data/fep_benchmark_processed/mcs_docking_renin_customcore_b1i5h.sdf,../large_fep_dataset/data/fep_benchmark_processed/mcs_docking_renin_customcore_protein.pdb,594,7.293865,7.2153306,6.566634,7.292352,6.320521,7.3555436,6.586629,7.8274803,6.899033,7.3416586,7.0699043
595,mcs_docking/renin_customcore,mcs_docking/renin_customcore/b1i5l,../large_fep_dataset/data/fep_benchmark_processed/mcs_docking_renin_customcore_b1i5l.sdf,../large_fep_dataset/data/fep_benchmark_processed/mcs_docking_renin_customcore_protein.pdb,595,7.444799,6.4976153,6.4082236,6.4792385,6.2741785,6.720696,6.749373,7.480847,6.458269,6.5616,6.707484
596,mcs_docking/renin_customcore,mcs_docking/renin_customcore/b1i5n,../large_fep_dataset/data/fep_benchmark_processed/mcs_docking_renin_customcore_b1i5n.sdf,../large_fep_dataset/data/fep_benchmark_processed/mcs_docking_renin_customcore_protein.pdb,596,7.3215847,7.6082115,6.7493887,7.1587825,7.245958,7.464531,6.9349513,7.802318,7.5185475,7.140963,7.2945237
597,mcs_docking/renin_customcore,mcs_docking/renin_customcore/b1a2m,../large_fep_dataset/data/fep_benchmark_processed/mcs_docking_renin_customcore_b1a2m.sdf,../large_fep_dataset/data/fep_benchmark_processed/mcs_docking_renin_customcore_protein.pdb,597,5.9964027,5.4105725,5.231565,5.5115075,5.289151,5.480478,5.5253086,6.4925847,5.5977488,4.914044,5.544936
598,mcs_docking/renin_customcore,mcs_docking/renin_customcore/b1i2o,../large_fep_dataset/data/fep_benchmark_processed/mcs_docking_renin_customcore_b1i2o.sdf,../large_fep_dataset/data/fep_benchmark_processed/mcs_docking_renin_customcore_protein.pdb,598,6.718918,6.5193443,6.2688613,6.759286,6.490682,6.9043884,5.9938087,7.484485,6.9828334,6.232734,6.635534
599,mcs_docking/renin_customcore,mcs_docking/renin_customcore/b1i5o,../large_fep_dataset/data/fep_benchmark_processed/mcs_docking_renin_customcore_b1i5o.sdf,../large_fep_dataset/data/fep_benchmark_processed/mcs_docking_renin_customcore_protein.pdb,599,8.010919,7.5591707,6.9361734,7.201381,7.0068135,7.538823,7.5737276,7.1620483,6.6688266,7.122607,7.2780485
600,mcs_docking/renin_customcore,mcs_docking/renin_customcore/b1i4i,../large_fep_dataset/data/fep_benchmark_processed/mcs_docking_renin_customcore_b1i4i.sdf,../large_fep_dataset/data/fep_benchmark_processed/mcs_docking_renin_customcore_protein.pdb,600,7.4158273,8.01545,6.657396,7.0415435,7.087391,7.036214,7.3783903,8.431727,6.621885,7.3891854,7.3075004
601,mcs_docking/renin_customcore,mcs_docking/renin_customcore/b1i4e,../large_fep_dataset/data/fep_benchmark_processed/mcs_docking_renin_customcore_b1i4e.sdf,../large_fep_dataset/data/fep_benchmark_processed/mcs_docking_renin_customcore_protein.pdb,601,7.1002774,6.298133,5.3717237,5.6478558,6.1576037,7.0494456,6.1257906,7.282797,6.1935215,6.2233477,6.345049
602,mcs_docking/renin_customcore,mcs_docking/renin_customcore/b1i4g,../large_fep_dataset/data/fep_benchmark_processed/mcs_docking_renin_customcore_b1i4g.sdf,../large_fep_dataset/data/fep_benchmark_processed/mcs_docking_renin_customcore_protein.pdb,602,7.303019,6.5384912,5.8929505,6.0159845,6.581531,7.366345,6.2414575,7.638778,6.462962,6.340813,6.638234
603,mcs_docking/renin_customcore,mcs_docking/renin_customcore/b1i1,../large_fep_dataset/data/fep_benchmark_processed/mcs_docking_renin_customcore_b1i1.sdf,../large_fep_dataset/data/fep_benchmark_processed/mcs_docking_renin_customcore_protein.pdb,603,5.5924587,5.2226744,4.6855063,5.4158196,5.313416,6.2790046,5.3204994,5.8478513,5.3384395,5.1926675,5.4208336
604,mcs_docking/renin_customcore,mcs_docking/renin_customcore/b1i2a,../large_fep_dataset/data/fep_benchmark_processed/mcs_docking_renin_customcore_b1i2a.sdf,../large_fep_dataset/data/fep_benchmark_processed/mcs_docking_renin_customcore_protein.pdb,604,5.528123,5.316118,5.329994,6.313229,5.3026876,6.1536236,5.190685,6.1683826,6.3456554,5.1418447,5.679034
605,mcs_docking/renin_customcore,mcs_docking/renin_customcore/b1i2e,../large_fep_dataset/data/fep_benchmark_processed/mcs_docking_renin_customcore_b1i2e.sdf,../large_fep_dataset/data/fep_benchmark_processed/mcs_docking_renin_customcore_protein.pdb,605,5.64283,5.205825,5.3171,6.3808947,5.243888,5.974228,5.830367,6.301375,5.7242002,5.1267877,5.6747503
606,mcs_docking/renin_customcore,mcs_docking/renin_customcore/b1i2i,../large_fep_dataset/data/fep_benchmark_processed/mcs_docking_renin_customcore_b1i2i.sdf,../large_fep_dataset/data/fep_benchmark_processed/mcs_docking_renin_customcore_protein.pdb,606,5.5350757,5.604782,5.839669,6.236683,5.14753,5.515074,5.9719543,6.2017884,5.4639573,5.5394053,5.705592
607,mcs_docking/renin_customcore,mcs_docking/renin_customcore/b1i2j,../large_fep_dataset/data/fep_benchmark_processed/mcs_docking_renin_customcore_b1i2j.sdf,../large_fep_dataset/data/fep_benchmark_processed/mcs_docking_renin_customcore_protein.pdb,607,5.837741,5.2758327,5.4903464,6.3568616,5.4638696,6.018202,6.039252,6.623135,5.9831386,5.504766,5.8593144
608,mcs_docking/renin_customcore,mcs_docking/renin_customcore/b1i5c,../large_fep_dataset/data/fep_benchmark_processed/mcs_docking_renin_customcore_b1i5c.sdf,../large_fep_dataset/data/fep_benchmark_processed/mcs_docking_renin_customcore_protein.pdb,608,6.09034,6.407972,5.858018,7.0051217,6.3653617,6.2854695,6.445937,6.8896337,6.562965,6.4616413,6.437246
609,mcs_docking/renin_customcore,mcs_docking/renin_customcore/b1i5b,../large_fep_dataset/data/fep_benchmark_processed/mcs_docking_renin_customcore_b1i5b.sdf,../large_fep_dataset/data/fep_benchmark_processed/mcs_docking_renin_customcore_protein.pdb,609,6.9720683,6.688857,6.094237,7.328652,6.518566,6.848124,6.861508,6.770439,6.9219375,6.528721,6.753311
610,mcs_docking/renin_customcore,mcs_docking/renin_customcore/b1i2k,../large_fep_dataset/data/fep_benchmark_processed/mcs_docking_renin_customcore_b1i2k.sdf,../large_fep_dataset/data/fep_benchmark_processed/mcs_docking_renin_customcore_protein.pdb,610,6.1168857,5.6866183,5.8108673,6.644043,5.2990475,6.155135,6.288042,6.7515926,5.8031073,5.2823467,5.9837694
611,mcs_docking/renin_customcore,mcs_docking/renin_customcore/b1i2h,../large_fep_dataset/data/fep_benchmark_processed/mcs_docking_renin_customcore_b1i2h.sdf,../large_fep_dataset/data/fep_benchmark_processed/mcs_docking_renin_customcore_protein.pdb,611,5.4173036,4.917623,5.4306154,6.181759,5.043189,5.98201,5.2412834,6.629156,6.043352,5.6178203,5.650411
612,mcs_docking/renin_customcore,mcs_docking/renin_customcore/b1i2g,../large_fep_dataset/data/fep_benchmark_processed/mcs_docking_renin_customcore_b1i2g.sdf,../large_fep_dataset/data/fep_benchmark_processed/mcs_docking_renin_customcore_protein.pdb,612,5.2147427,5.270755,5.675129,6.526065,5.3125415,6.2077475,5.5639296,6.069458,5.877379,5.3913136,5.710906
613,mcs_docking/renin_customcore,mcs_docking/renin_customcore/b1i4b,../large_fep_dataset/data/fep_benchmark_processed/mcs_docking_renin_customcore_b1i4b.sdf,../large_fep_dataset/data/fep_benchmark_processed/mcs_docking_renin_customcore_protein.pdb,613,5.8566537,5.651075,5.5572767,6.4446306,6.176727,6.202305,5.8538365,6.5810685,6.689305,5.707113,6.071999
614,mcs_docking/renin_customcore,mcs_docking/renin_customcore/b1i5a,../large_fep_dataset/data/fep_benchmark_processed/mcs_docking_renin_customcore_b1i5a.sdf,../large_fep_dataset/data/fep_benchmark_processed/mcs_docking_renin_customcore_protein.pdb,614,6.5551386,6.6592455,6.2474194,7.9567833,5.81026,7.0483656,6.238451,6.788118,6.666001,6.709139,6.6678915
615,mcs_docking/renin_customcore,mcs_docking/renin_customcore/b1i2d,../large_fep_dataset/data/fep_benchmark_processed/mcs_docking_renin_customcore_b1i2d.sdf,../large_fep_dataset/data/fep_benchmark_processed/mcs_docking_renin_customcore_protein.pdb,615,5.9977884,6.0477223,5.848663,6.604429,5.0867267,6.3782334,5.6049786,6.0787797,6.424808,5.647828,5.971996
616,mcs_docking/renin_customcore,mcs_docking/renin_customcore/b1i4a,../large_fep_dataset/data/fep_benchmark_processed/mcs_docking_renin_customcore_b1i4a.sdf,../large_fep_dataset/data/fep_benchmark_processed/mcs_docking_renin_customcore_protein.pdb,616,5.7761936,4.8938446,5.445468,6.3652115,5.6427693,6.1009836,5.495742,6.006532,6.408412,4.9833336,5.7118487
617,mcs_docking/renin_customcore,mcs_docking/renin_customcore/b1i5d,../large_fep_dataset/data/fep_benchmark_processed/mcs_docking_renin_customcore_b1i5d.sdf,../large_fep_dataset/data/fep_benchmark_processed/mcs_docking_renin_customcore_protein.pdb,617,7.252989,6.2312884,6.5721407,6.7870393,6.696083,6.8185844,6.573101,6.390036,6.5951285,6.4540596,6.6370454
618,mcs_docking/renin_customcore,mcs_docking/renin_customcore/b1i2c,../large_fep_dataset/data/fep_benchmark_processed/mcs_docking_renin_customcore_b1i2c.sdf,../large_fep_dataset/data/fep_benchmark_processed/mcs_docking_renin_customcore_protein.pdb,618,6.28369,6.254792,6.20509,6.0957847,5.434678,6.4333444,6.1081905,5.911148,6.461968,5.601983,6.079067
619,mcs_docking/hne,mcs_docking/hne/6,../large_fep_dataset/data/fep_benchmark_processed/mcs_docking_hne_6.sdf,../large_fep_dataset/data/fep_benchmark_processed/mcs_docking_hne_protein.pdb,619,7.1596155,6.9498763,6.9535713,6.4835553,6.51422,6.665192,6.7698607,7.285727,6.5490384,7.1061773,6.843683
620,mcs_docking/hne,mcs_docking/hne/14,../large_fep_dataset/data/fep_benchmark_processed/mcs_docking_hne_14.sdf,../large_fep_dataset/data/fep_benchmark_processed/mcs_docking_hne_protein.pdb,620,7.47809,7.523093,8.065476,7.681541,8.267288,7.573965,7.8910193,7.1478744,7.4963665,7.8291197,7.6953826
621,mcs_docking/hne,mcs_docking/hne/15,../large_fep_dataset/data/fep_benchmark_processed/mcs_docking_hne_15.sdf,../large_fep_dataset/data/fep_benchmark_processed/mcs_docking_hne_protein.pdb,621,7.7627263,7.5411572,7.763209,7.7675734,8.087573,7.618532,8.231997,7.7517266,8.061105,7.7661266,7.835173
622,mcs_docking/hne,mcs_docking/hne/16,../large_fep_dataset/data/fep_benchmark_processed/mcs_docking_hne_16.sdf,../large_fep_dataset/data/fep_benchmark_processed/mcs_docking_hne_protein.pdb,622,7.781149,7.6330657,7.8922987,7.3656783,8.20727,7.456576,7.9828,7.7053723,7.839393,7.9734197,7.783702
623,mcs_docking/hne,mcs_docking/hne/17,../large_fep_dataset/data/fep_benchmark_processed/mcs_docking_hne_17.sdf,../large_fep_dataset/data/fep_benchmark_processed/mcs_docking_hne_protein.pdb,623,7.0454307,7.258448,7.6290007,7.4465017,8.219742,7.5671144,7.941603,7.57215,6.88661,7.63163,7.5198236
624,mcs_docking/hne,mcs_docking/hne/18,../large_fep_dataset/data/fep_benchmark_processed/mcs_docking_hne_18.sdf,../large_fep_dataset/data/fep_benchmark_processed/mcs_docking_hne_protein.pdb,624,7.4831448,7.4419703,7.80718,7.608979,8.263497,7.9007487,8.266061,7.820325,7.6770363,7.642025,7.7910967
625,mcs_docking/hne,mcs_docking/hne/19,../large_fep_dataset/data/fep_benchmark_processed/mcs_docking_hne_19.sdf,../large_fep_dataset/data/fep_benchmark_processed/mcs_docking_hne_protein.pdb,625,7.603545,7.5551324,7.6477146,7.4305935,8.471192,7.9215097,8.081574,7.8285904,8.006167,7.676055,7.8222075
626,mcs_docking/hne,mcs_docking/hne/20,../large_fep_dataset/data/fep_benchmark_processed/mcs_docking_hne_20.sdf,../large_fep_dataset/data/fep_benchmark_processed/mcs_docking_hne_protein.pdb,626,7.2694364,7.89026,7.935472,7.6459765,8.397564,8.03854,8.401887,7.993634,8.128164,8.570013,8.027095
627,mcs_docking/hne,mcs_docking/hne/21,../large_fep_dataset/data/fep_benchmark_processed/mcs_docking_hne_21.sdf,../large_fep_dataset/data/fep_benchmark_processed/mcs_docking_hne_protein.pdb,627,7.985626,7.880348,7.850253,7.486067,8.517495,7.631221,8.223278,7.718097,8.214316,8.71755,8.022426
628,mcs_docking/hne,mcs_docking/hne/22,../large_fep_dataset/data/fep_benchmark_processed/mcs_docking_hne_22.sdf,../large_fep_dataset/data/fep_benchmark_processed/mcs_docking_hne_protein.pdb,628,7.5907288,7.857162,8.368669,7.7833652,8.364997,7.894644,8.437125,7.79187,8.573105,7.6976867,8.035935
629,mcs_docking/hne,mcs_docking/hne/23,../large_fep_dataset/data/fep_benchmark_processed/mcs_docking_hne_23.sdf,../large_fep_dataset/data/fep_benchmark_processed/mcs_docking_hne_protein.pdb,629,7.813092,7.658803,7.9540634,7.649632,8.360527,7.722014,8.691552,8.397444,8.928918,7.758553,8.09346
630,mcs_docking/hne,mcs_docking/hne/25,../large_fep_dataset/data/fep_benchmark_processed/mcs_docking_hne_25.sdf,../large_fep_dataset/data/fep_benchmark_processed/mcs_docking_hne_protein.pdb,630,7.8154783,7.854749,8.369245,8.055696,8.50065,7.7948704,9.083737,8.030432,8.48962,7.920876,8.191535
631,mcs_docking/hne,mcs_docking/hne/26,../large_fep_dataset/data/fep_benchmark_processed/mcs_docking_hne_26.sdf,../large_fep_dataset/data/fep_benchmark_processed/mcs_docking_hne_protein.pdb,631,7.900735,8.030352,8.3604355,7.601378,8.5142975,8.041811,8.353249,7.9332395,8.416439,7.641488,8.079342
632,mcs_docking/hne,mcs_docking/hne/27,../large_fep_dataset/data/fep_benchmark_processed/mcs_docking_hne_27.sdf,../large_fep_dataset/data/fep_benchmark_processed/mcs_docking_hne_protein.pdb,632,7.959522,8.065141,8.455884,7.931095,8.715483,7.9071302,8.9755535,8.234736,8.663352,7.9511395,8.285903
633,mcs_docking/hne,mcs_docking/hne/28,../large_fep_dataset/data/fep_benchmark_processed/mcs_docking_hne_28.sdf,../large_fep_dataset/data/fep_benchmark_processed/mcs_docking_hne_protein.pdb,633,7.770281,7.655068,8.325164,7.0053124,7.779756,7.4961157,8.198737,7.707297,7.5403275,7.530354,7.7008414
634,mcs_docking/hne,mcs_docking/hne/29,../large_fep_dataset/data/fep_benchmark_processed/mcs_docking_hne_29.sdf,../large_fep_dataset/data/fep_benchmark_processed/mcs_docking_hne_protein.pdb,634,7.9104595,7.65997,8.330666,7.0619674,8.459452,7.394659,8.659166,8.13547,7.833943,7.7203155,7.916607
635,mcs_docking/hne,mcs_docking/hne/30,../large_fep_dataset/data/fep_benchmark_processed/mcs_docking_hne_30.sdf,../large_fep_dataset/data/fep_benchmark_processed/mcs_docking_hne_protein.pdb,635,7.548221,7.522548,8.263968,7.0060663,8.197644,7.1388893,8.392108,7.774123,8.021539,7.6354904,7.75006
636,mcs_docking/hne,mcs_docking/hne/21 neutral,../large_fep_dataset/data/fep_benchmark_processed/mcs_docking_hne_21_neutral.sdf,../large_fep_dataset/data/fep_benchmark_processed/mcs_docking_hne_protein.pdb,636,7.864053,8.001167,7.964922,7.297404,8.379553,7.7714396,8.446254,7.86086,8.095275,8.408006,8.008893
637,mcs_docking/hne,mcs_docking/hne/19 neutral,../large_fep_dataset/data/fep_benchmark_processed/mcs_docking_hne_19_neutral.sdf,../large_fep_dataset/data/fep_benchmark_processed/mcs_docking_hne_protein.pdb,637,7.6124687,7.3895416,7.2471213,7.512184,8.157328,7.8184524,8.347465,7.7388906,7.928268,7.6453886,7.7397103
638,mcs_docking/hne,mcs_docking/hne/16 neutral,../large_fep_dataset/data/fep_benchmark_processed/mcs_docking_hne_16_neutral.sdf,../large_fep_dataset/data/fep_benchmark_processed/mcs_docking_hne_protein.pdb,638,7.7194037,7.514542,7.531873,7.377863,7.881227,7.3499146,8.113954,7.7995653,7.862664,7.764547,7.691556
639,misc/hfaah,misc/hfaah/6MRG ligand,../large_fep_dataset/data/fep_benchmark_processed/misc_hfaah_6MRG_ligand.sdf,../large_fep_dataset/data/fep_benchmark_processed/misc_hfaah_protein.pdb,639,6.5163307,6.8279204,5.650581,6.078393,6.522672,7.1466336,6.5817275,6.5390882,5.864294,6.1252093,6.3852854
640,misc/hfaah,misc/hfaah/fig 3,../large_fep_dataset/data/fep_benchmark_processed/misc_hfaah_fig_3.sdf,../large_fep_dataset/data/fep_benchmark_processed/misc_hfaah_protein.pdb,640,6.210293,6.5119805,6.1152096,5.7251816,6.8088245,7.0194263,7.0013266,6.6943407,6.041199,6.4848847,6.4612665
641,misc/hfaah,misc/hfaah/2,../large_fep_dataset/data/fep_benchmark_processed/misc_hfaah_2.sdf,../large_fep_dataset/data/fep_benchmark_processed/misc_hfaah_protein.pdb,641,4.7362967,5.4119134,5.4293866,5.1265106,5.782609,6.5527925,6.024148,6.588673,6.0781,4.975153,5.670558
642,misc/hfaah,misc/hfaah/4,../large_fep_dataset/data/fep_benchmark_processed/misc_hfaah_4.sdf,../large_fep_dataset/data/fep_benchmark_processed/misc_hfaah_protein.pdb,642,5.889881,6.7421937,6.6730385,6.1112247,7.02624,7.038085,7.3131204,7.6623387,7.0613623,6.028995,6.7546477
643,misc/hfaah,misc/hfaah/6,../large_fep_dataset/data/fep_benchmark_processed/misc_hfaah_6.sdf,../large_fep_dataset/data/fep_benchmark_processed/misc_hfaah_protein.pdb,643,5.6643214,6.5771394,5.73995,5.9143667,6.2939725,7.34437,7.454178,6.596993,5.6888757,6.2670064,6.3541174
644,misc/hfaah,misc/hfaah/9,../large_fep_dataset/data/fep_benchmark_processed/misc_hfaah_9.sdf,../large_fep_dataset/data/fep_benchmark_processed/misc_hfaah_protein.pdb,644,5.92793,6.717678,6.1297426,5.934386,6.0160294,6.961048,7.5726767,6.77603,6.01049,6.412695,6.445871
645,misc/hfaah,misc/hfaah/11,../large_fep_dataset/data/fep_benchmark_processed/misc_hfaah_11.sdf,../large_fep_dataset/data/fep_benchmark_processed/misc_hfaah_protein.pdb,645,5.9450727,6.772912,6.3273215,6.222478,6.397698,7.317965,6.6211066,5.8707175,6.189511,6.156558,6.382134
646,misc/hfaah,misc/hfaah/12,../large_fep_dataset/data/fep_benchmark_processed/misc_hfaah_12.sdf,../large_fep_dataset/data/fep_benchmark_processed/misc_hfaah_protein.pdb,646,6.2613072,6.714355,6.0458407,5.6623163,6.452392,6.6234856,6.8669147,6.3663273,5.8860903,6.3089194,6.3187943
647,misc/hfaah,misc/hfaah/15,../large_fep_dataset/data/fep_benchmark_processed/misc_hfaah_15.sdf,../large_fep_dataset/data/fep_benchmark_processed/misc_hfaah_protein.pdb,647,6.061519,5.6865077,6.6389847,6.0455003,6.4330983,6.5432076,6.4465837,6.6875467,6.8756285,5.438714,6.285729
648,misc/hfaah,misc/hfaah/14,../large_fep_dataset/data/fep_benchmark_processed/misc_hfaah_14.sdf,../large_fep_dataset/data/fep_benchmark_processed/misc_hfaah_protein.pdb,648,5.398399,6.0977545,5.7289147,5.4971557,5.8436847,6.97163,6.0583353,6.2848,5.8149977,5.162854,5.8858523
649,misc/hfaah,misc/hfaah/19,../large_fep_dataset/data/fep_benchmark_processed/misc_hfaah_19.sdf,../large_fep_dataset/data/fep_benchmark_processed/misc_hfaah_protein.pdb,649,5.91693,5.620821,5.143835,6.130971,6.258623,6.532411,6.0195603,6.1368213,5.8468432,5.3399696,5.894679
650,misc/hfaah,misc/hfaah/20,../large_fep_dataset/data/fep_benchmark_processed/misc_hfaah_20.sdf,../large_fep_dataset/data/fep_benchmark_processed/misc_hfaah_protein.pdb,650,4.8173075,5.6103272,5.2089276,5.635842,5.6522994,6.020345,5.611232,6.4720902,5.8048983,5.3828654,5.6216135
651,misc/hfaah,misc/hfaah/22,../large_fep_dataset/data/fep_benchmark_processed/misc_hfaah_22.sdf,../large_fep_dataset/data/fep_benchmark_processed/misc_hfaah_protein.pdb,651,6.1994286,6.4296937,5.8853555,6.459317,6.697688,7.4076276,7.3252764,6.9132047,6.57954,5.983844,6.5880976
652,misc/hfaah,misc/hfaah/23,../large_fep_dataset/data/fep_benchmark_processed/misc_hfaah_23.sdf,../large_fep_dataset/data/fep_benchmark_processed/misc_hfaah_protein.pdb,652,6.5432568,6.9598804,6.4257126,6.201772,6.598075,7.2636175,6.9647374,6.906611,6.2605815,6.703779,6.6828027
653,misc/hfaah,misc/hfaah/24,../large_fep_dataset/data/fep_benchmark_processed/misc_hfaah_24.sdf,../large_fep_dataset/data/fep_benchmark_processed/misc_hfaah_protein.pdb,653,6.5818677,6.5265584,6.524806,6.3044167,6.404029,7.4754853,6.9004836,6.17966,6.6258593,6.4487658,6.5971932
654,misc/hfaah,misc/hfaah/25,../large_fep_dataset/data/fep_benchmark_processed/misc_hfaah_25.sdf,../large_fep_dataset/data/fep_benchmark_processed/misc_hfaah_protein.pdb,654,5.9954567,5.8588715,5.7088537,6.5792723,6.8103757,6.765215,6.1230836,6.1069713,5.681682,5.3858514,6.101564
655,misc/hfaah,misc/hfaah/26,../large_fep_dataset/data/fep_benchmark_processed/misc_hfaah_26.sdf,../large_fep_dataset/data/fep_benchmark_processed/misc_hfaah_protein.pdb,655,6.1786804,6.1821637,5.604061,6.395287,7.1606407,7.0028453,6.2077684,6.224464,5.878573,5.9535255,6.278801
656,misc/hfaah,misc/hfaah/27,../large_fep_dataset/data/fep_benchmark_processed/misc_hfaah_27.sdf,../large_fep_dataset/data/fep_benchmark_processed/misc_hfaah_protein.pdb,656,6.52735,7.284321,6.9320407,6.489428,7.0729876,7.354087,7.150475,6.877824,6.8629956,6.9212837,6.9472795
657,misc/hfaah,misc/hfaah/28,../large_fep_dataset/data/fep_benchmark_processed/misc_hfaah_28.sdf,../large_fep_dataset/data/fep_benchmark_processed/misc_hfaah_protein.pdb,657,6.3361335,6.6840234,6.940593,7.2659636,6.994624,7.1649175,7.1408067,7.3685517,6.7894745,6.70758,6.939267
658,misc/hfaah,misc/hfaah/29,../large_fep_dataset/data/fep_benchmark_processed/misc_hfaah_29.sdf,../large_fep_dataset/data/fep_benchmark_processed/misc_hfaah_protein.pdb,658,5.7533655,6.678715,5.498796,6.1321416,6.44875,7.3512344,7.062919,6.7405577,5.576203,6.4178967,6.366058
659,misc/hfaah,misc/hfaah/30,../large_fep_dataset/data/fep_benchmark_processed/misc_hfaah_30.sdf,../large_fep_dataset/data/fep_benchmark_processed/misc_hfaah_protein.pdb,659,6.221977,6.8175354,5.746103,5.756934,6.1613355,7.15859,6.85352,6.6211824,6.0110507,6.1370063,6.348523
660,misc/hfaah,misc/hfaah/31,../large_fep_dataset/data/fep_benchmark_processed/misc_hfaah_31.sdf,../large_fep_dataset/data/fep_benchmark_processed/misc_hfaah_protein.pdb,660,5.4766293,6.702258,5.7694283,6.134371,6.1249275,7.1800547,7.1579084,6.799372,5.9628696,6.282789,6.3590612
661,misc/hfaah,misc/hfaah/33 (Saha 2018),../large_fep_dataset/data/fep_benchmark_processed/misc_hfaah_33_(Saha_2018).sdf,../large_fep_dataset/data/fep_benchmark_processed/misc_hfaah_protein.pdb,661,5.5799317,6.8568525,6.2190213,5.8865733,6.30544,7.0177326,6.99153,6.9200726,5.973828,6.249895,6.4000883
662,misc/hfaah,misc/hfaah/39,../large_fep_dataset/data/fep_benchmark_processed/misc_hfaah_39.sdf,../large_fep_dataset/data/fep_benchmark_processed/misc_hfaah_protein.pdb,662,5.4593306,6.7148705,6.3838,5.4329634,6.451994,6.8107176,6.725373,6.582034,5.8286057,6.1431203,6.2532806
663,misc/hiv_prot_ekegren,misc/hiv_prot_ekegren/1,../large_fep_dataset/data/fep_benchmark_processed/misc_hiv_prot_ekegren_1.sdf,../large_fep_dataset/data/fep_benchmark_processed/misc_hiv_prot_ekegren_protein.pdb,663,8.796759,8.733576,8.737375,8.461061,8.727,8.832709,8.393419,8.908055,8.569427,8.853954,8.701334
664,misc/hiv_prot_ekegren,misc/hiv_prot_ekegren/9,../large_fep_dataset/data/fep_benchmark_processed/misc_hiv_prot_ekegren_9.sdf,../large_fep_dataset/data/fep_benchmark_processed/misc_hiv_prot_ekegren_protein.pdb,664,9.103394,8.634396,8.776651,8.018724,8.5245495,8.647005,8.389563,8.507656,7.9926863,9.010147,8.560477
665,misc/hiv_prot_ekegren,misc/hiv_prot_ekegren/10,../large_fep_dataset/data/fep_benchmark_processed/misc_hiv_prot_ekegren_10.sdf,../large_fep_dataset/data/fep_benchmark_processed/misc_hiv_prot_ekegren_protein.pdb,665,9.549728,9.72829,9.681424,8.764861,9.079446,8.942939,8.940168,9.157805,8.810752,9.479973,9.213539
666,misc/hiv_prot_ekegren,misc/hiv_prot_ekegren/11 (2cen),../large_fep_dataset/data/fep_benchmark_processed/misc_hiv_prot_ekegren_11_(2cen).sdf,../large_fep_dataset/data/fep_benchmark_processed/misc_hiv_prot_ekegren_protein.pdb,666,9.552487,9.540196,9.579272,8.704897,9.12747,8.81793,8.937816,9.18602,8.753138,9.525098,9.172433
667,misc/hiv_prot_ekegren,misc/hiv_prot_ekegren/12,../large_fep_dataset/data/fep_benchmark_processed/misc_hiv_prot_ekegren_12.sdf,../large_fep_dataset/data/fep_benchmark_processed/misc_hiv_prot_ekegren_protein.pdb,667,9.3781805,9.306926,9.206645,8.504039,9.114709,8.728526,8.97304,9.348201,8.6254835,9.420495,9.060624
668,misc/hiv_prot_ekegren,misc/hiv_prot_ekegren/13,../large_fep_dataset/data/fep_benchmark_processed/misc_hiv_prot_ekegren_13.sdf,../large_fep_dataset/data/fep_benchmark_processed/misc_hiv_prot_ekegren_protein.pdb,668,8.791804,8.703539,8.604093,7.8377347,8.621236,8.765817,8.077104,8.545003,8.071101,8.744465,8.476189
669,misc/hiv_prot_ekegren,misc/hiv_prot_ekegren/14,../large_fep_dataset/data/fep_benchmark_processed/misc_hiv_prot_ekegren_14.sdf,../large_fep_dataset/data/fep_benchmark_processed/misc_hiv_prot_ekegren_protein.pdb,669,8.800541,8.677149,8.705316,8.229552,9.293982,9.100216,8.190532,8.45429,8.328974,8.6563225,8.643687
670,misc/hiv_prot_ekegren,misc/hiv_prot_ekegren/15,../large_fep_dataset/data/fep_benchmark_processed/misc_hiv_prot_ekegren_15.sdf,../large_fep_dataset/data/fep_benchmark_processed/misc_hiv_prot_ekegren_protein.pdb,670,9.145079,9.31564,9.374511,8.638175,9.7661705,9.240352,8.511094,9.015467,8.557201,8.941718,9.050541
671,misc/hiv_prot_ekegren,misc/hiv_prot_ekegren/16,../large_fep_dataset/data/fep_benchmark_processed/misc_hiv_prot_ekegren_16.sdf,../large_fep_dataset/data/fep_benchmark_processed/misc_hiv_prot_ekegren_protein.pdb,671,9.184287,9.3379,9.379533,8.623135,9.750271,9.153671,8.629456,9.148641,8.57646,9.054956,9.083831
672,misc/hiv_prot_ekegren,misc/hiv_prot_ekegren/17,../large_fep_dataset/data/fep_benchmark_processed/misc_hiv_prot_ekegren_17.sdf,../large_fep_dataset/data/fep_benchmark_processed/misc_hiv_prot_ekegren_protein.pdb,672,9.286944,8.803644,8.934668,8.0943985,9.368096,8.825078,8.48773,9.044432,8.495936,8.850433,8.819136
673,misc/hiv_prot_ekegren,misc/hiv_prot_ekegren/18,../large_fep_dataset/data/fep_benchmark_processed/misc_hiv_prot_ekegren_18.sdf,../large_fep_dataset/data/fep_benchmark_processed/misc_hiv_prot_ekegren_protein.pdb,673,9.2727585,9.698544,9.534226,8.630218,8.734669,8.751099,8.870033,8.994732,8.873834,9.12089,9.0481
674,misc/hiv_prot_ekegren,misc/hiv_prot_ekegren/19,../large_fep_dataset/data/fep_benchmark_processed/misc_hiv_prot_ekegren_19.sdf,../large_fep_dataset/data/fep_benchmark_processed/misc_hiv_prot_ekegren_protein.pdb,674,8.240658,7.6814923,8.740471,8.454081,8.416167,8.354769,7.6952844,8.659463,7.7281265,8.535762,8.2506275
675,misc/hiv_prot_ekegren,misc/hiv_prot_ekegren/20,../large_fep_dataset/data/fep_benchmark_processed/misc_hiv_prot_ekegren_20.sdf,../large_fep_dataset/data/fep_benchmark_processed/misc_hiv_prot_ekegren_protein.pdb,675,9.002007,8.856462,9.135313,8.310722,9.24185,8.9541855,8.424031,9.039009,9.051725,9.078178,8.9093485
676,misc/cdk8_koehler,misc/cdk8_koehler/12,../large_fep_dataset/data/fep_benchmark_processed/misc_cdk8_koehler_12.sdf,../large_fep_dataset/data/fep_benchmark_processed/misc_cdk8_koehler_protein.pdb,676,7.8462873,6.012693,6.4961014,6.4309072,6.6385927,6.7445803,6.132176,6.8242073,6.791557,7.0976562,6.7014756
677,misc/cdk8_koehler,misc/cdk8_koehler/13,../large_fep_dataset/data/fep_benchmark_processed/misc_cdk8_koehler_13.sdf,../large_fep_dataset/data/fep_benchmark_processed/misc_cdk8_koehler_protein.pdb,677,6.9318595,6.0836263,6.3991494,5.2571325,5.902804,6.011925,5.2416735,6.4705505,6.366081,5.976537,6.0641336
678,misc/cdk8_koehler,misc/cdk8_koehler/14,../large_fep_dataset/data/fep_benchmark_processed/misc_cdk8_koehler_14.sdf,../large_fep_dataset/data/fep_benchmark_processed/misc_cdk8_koehler_protein.pdb,678,8.05456,6.711622,7.2746344,6.3776913,6.712742,6.6169057,6.325293,6.558228,7.583149,7.1941147,6.9408937
679,misc/cdk8_koehler,misc/cdk8_koehler/15,../large_fep_dataset/data/fep_benchmark_processed/misc_cdk8_koehler_15.sdf,../large_fep_dataset/data/fep_benchmark_processed/misc_cdk8_koehler_protein.pdb,679,7.7323456,6.9495173,7.3483253,6.472384,7.0597963,6.579395,6.852484,6.2595587,7.577462,7.143961,6.997523
680,misc/cdk8_koehler,misc/cdk8_koehler/16,../large_fep_dataset/data/fep_benchmark_processed/misc_cdk8_koehler_16.sdf,../large_fep_dataset/data/fep_benchmark_processed/misc_cdk8_koehler_protein.pdb,680,7.6614413,6.9127655,7.7008414,7.151019,7.2556324,6.7352257,6.703169,7.036999,7.2292805,7.3867993,7.1773176
681,misc/cdk8_koehler,misc/cdk8_koehler/17,../large_fep_dataset/data/fep_benchmark_processed/misc_cdk8_koehler_17.sdf,../large_fep_dataset/data/fep_benchmark_processed/misc_cdk8_koehler_protein.pdb,681,8.280548,7.335239,8.099064,6.863156,8.28566,7.1936035,7.201349,7.608895,8.043006,7.1725655,7.6083083
682,misc/cdk8_koehler,misc/cdk8_koehler/19,../large_fep_dataset/data/fep_benchmark_processed/misc_cdk8_koehler_19.sdf,../large_fep_dataset/data/fep_benchmark_processed/misc_cdk8_koehler_protein.pdb,682,6.5815907,6.3672647,5.6798186,5.752003,6.0917172,5.416186,5.786773,6.3485394,5.877124,6.732119,6.063314
683,misc/cdk8_koehler,misc/cdk8_koehler/20,../large_fep_dataset/data/fep_benchmark_processed/misc_cdk8_koehler_20.sdf,../large_fep_dataset/data/fep_benchmark_processed/misc_cdk8_koehler_protein.pdb,683,7.792118,6.811936,7.115614,6.4412103,6.798707,6.383878,6.532812,6.614781,6.5051823,7.081291,6.807753
684,misc/cdk8_koehler,misc/cdk8_koehler/21,../large_fep_dataset/data/fep_benchmark_processed/misc_cdk8_koehler_21.sdf,../large_fep_dataset/data/fep_benchmark_processed/misc_cdk8_koehler_protein.pdb,684,7.7175856,7.0951943,6.829551,7.018192,7.4857564,6.718258,6.883978,7.5547466,6.6387043,6.665841,7.060781
685,misc/cdk8_koehler,misc/cdk8_koehler/22,../large_fep_dataset/data/fep_benchmark_processed/misc_cdk8_koehler_22.sdf,../large_fep_dataset/data/fep_benchmark_processed/misc_cdk8_koehler_protein.pdb,685,8.43859,6.6707897,6.990854,6.286353,6.9345727,6.1561956,6.2626944,6.382365,7.768787,7.27345,6.9164658
686,misc/galectin3_extra,misc/galectin3_extra/18a,../large_fep_dataset/data/fep_benchmark_processed/misc_galectin3_extra_18a.sdf,../large_fep_dataset/data/fep_benchmark_processed/misc_galectin3_extra_protein.pdb,686,7.1683817,6.7719502,7.454111,7.031646,6.683708,7.5169096,7.496364,6.772207,6.9036994,6.7312512,7.053023
687,misc/galectin3_extra,misc/galectin3_extra/18b,../large_fep_dataset/data/fep_benchmark_processed/misc_galectin3_extra_18b.sdf,../large_fep_dataset/data/fep_benchmark_processed/misc_galectin3_extra_protein.pdb,687,7.3404174,6.807194,7.3975987,7.162825,6.8537474,7.7378993,7.9530945,7.5305457,6.5122395,6.672615,7.196818
688,misc/galectin3_extra,misc/galectin3_extra/18d,../large_fep_dataset/data/fep_benchmark_processed/misc_galectin3_extra_18d.sdf,../large_fep_dataset/data/fep_benchmark_processed/misc_galectin3_extra_protein.pdb,688,7.00444,5.9602246,7.4393234,7.0690875,6.757254,7.1899495,7.411222,6.9551263,6.4408813,6.9408317,6.9168344
689,misc/galectin3_extra,misc/galectin3_extra/18e,../large_fep_dataset/data/fep_benchmark_processed/misc_galectin3_extra_18e.sdf,../large_fep_dataset/data/fep_benchmark_processed/misc_galectin3_extra_protein.pdb,689,6.9633574,6.4699125,7.3774624,6.8652005,6.89428,7.783806,7.490048,7.0176244,6.051661,6.4673104,6.938066
690,misc/galectin3_extra,misc/galectin3_extra/18f,../large_fep_dataset/data/fep_benchmark_processed/misc_galectin3_extra_18f.sdf,../large_fep_dataset/data/fep_benchmark_processed/misc_galectin3_extra_protein.pdb,690,7.012392,6.054541,6.8802447,6.648355,6.7493806,7.4002566,7.675796,7.004223,6.724688,7.0258694,6.917575
691,misc/galectin3_extra,misc/galectin3_extra/18g,../large_fep_dataset/data/fep_benchmark_processed/misc_galectin3_extra_18g.sdf,../large_fep_dataset/data/fep_benchmark_processed/misc_galectin3_extra_protein.pdb,691,7.1316857,6.4817266,7.407893,7.055854,7.386871,7.810169,7.7370896,7.488468,6.0846834,6.713863,7.1298304
692,misc/galectin3_extra,misc/galectin3_extra/18h,../large_fep_dataset/data/fep_benchmark_processed/misc_galectin3_extra_18h.sdf,../large_fep_dataset/data/fep_benchmark_processed/misc_galectin3_extra_protein.pdb,692,7.218619,6.566111,7.0989356,6.8194604,7.331857,7.9723954,7.700502,7.6440606,6.1164675,6.798649,7.126706
693,misc/galectin3_extra,misc/galectin3_extra/18i,../large_fep_dataset/data/fep_benchmark_processed/misc_galectin3_extra_18i.sdf,../large_fep_dataset/data/fep_benchmark_processed/misc_galectin3_extra_protein.pdb,693,7.2270427,6.888632,7.2799716,7.695068,7.567566,7.5994625,7.7458243,7.7619066,6.81612,7.1656723,7.3747263
694,misc/galectin3_extra,misc/galectin3_extra/17m,../large_fep_dataset/data/fep_benchmark_processed/misc_galectin3_extra_17m.sdf,../large_fep_dataset/data/fep_benchmark_processed/misc_galectin3_extra_protein.pdb,694,4.866931,6.1732645,5.468826,4.6154757,5.04197,5.3469625,5.796299,5.979394,5.740071,5.201041,5.423023
695,misc/galectin3_extra,misc/galectin3_extra/17q,../large_fep_dataset/data/fep_benchmark_processed/misc_galectin3_extra_17q.sdf,../large_fep_dataset/data/fep_benchmark_processed/misc_galectin3_extra_protein.pdb,695,5.8330126,5.310907,5.945588,5.700841,5.601422,5.826013,5.6479635,6.5782537,6.2801228,5.2162604,5.794038
696,misc/galectin3_extra,misc/galectin3_extra/17r,../large_fep_dataset/data/fep_benchmark_processed/misc_galectin3_extra_17r.sdf,../large_fep_dataset/data/fep_benchmark_processed/misc_galectin3_extra_protein.pdb,696,5.7334094,5.285727,5.892031,5.6393003,5.319218,5.854313,5.6667895,6.234718,6.420265,5.07177,5.7117543
697,misc/galectin3_extra,misc/galectin3_extra/17n,../large_fep_dataset/data/fep_benchmark_processed/misc_galectin3_extra_17n.sdf,../large_fep_dataset/data/fep_benchmark_processed/misc_galectin3_extra_protein.pdb,697,5.7984767,5.723204,6.374893,5.892955,6.084541,5.896481,6.490163,6.373876,5.844759,4.924882,5.940423
698,misc/galectin3_extra,misc/galectin3_extra/17p,../large_fep_dataset/data/fep_benchmark_processed/misc_galectin3_extra_17p.sdf,../large_fep_dataset/data/fep_benchmark_processed/misc_galectin3_extra_protein.pdb,698,5.4128146,6.254916,6.561744,6.197613,7.270795,5.9552755,6.5709906,6.87547,6.032816,5.367099,6.2499537
699,misc/galectin3_extra,misc/galectin3_extra/17o,../large_fep_dataset/data/fep_benchmark_processed/misc_galectin3_extra_17o.sdf,../large_fep_dataset/data/fep_benchmark_processed/misc_galectin3_extra_protein.pdb,699,5.553394,6.145636,6.147443,5.954996,6.6435304,5.863408,6.1726265,6.7214303,5.484015,5.3696604,6.0056143
700,misc/galectin3_extra,misc/galectin3_extra/17f,../large_fep_dataset/data/fep_benchmark_processed/misc_galectin3_extra_17f.sdf,../large_fep_dataset/data/fep_benchmark_processed/misc_galectin3_extra_protein.pdb,700,6.4088583,6.117367,7.0421767,7.1066504,7.183078,6.572988,7.0679474,6.966857,6.2381873,5.602291,6.6306396
701,misc/galectin3_extra,misc/galectin3_extra/17e,../large_fep_dataset/data/fep_benchmark_processed/misc_galectin3_extra_17e.sdf,../large_fep_dataset/data/fep_benchmark_processed/misc_galectin3_extra_protein.pdb,701,6.753574,6.45049,7.242607,7.011365,7.174638,6.7026453,7.5272217,7.4750853,6.360757,5.8672504,6.8565626
702,misc/galectin3_extra,misc/galectin3_extra/17g,../large_fep_dataset/data/fep_benchmark_processed/misc_galectin3_extra_17g.sdf,../large_fep_dataset/data/fep_benchmark_processed/misc_galectin3_extra_protein.pdb,702,7.1954246,6.8100476,7.405724,7.2904334,7.2101784,7.3191814,7.715344,7.5461817,6.389689,6.4823914,7.1364594
703,misc/galectin3_extra,misc/galectin3_extra/17a,../large_fep_dataset/data/fep_benchmark_processed/misc_galectin3_extra_17a.sdf,../large_fep_dataset/data/fep_benchmark_processed/misc_galectin3_extra_protein.pdb,703,4.825919,5.267555,5.4402037,5.685768,5.409679,5.6309686,5.561755,6.031979,5.2946744,4.486774,5.363528
704,misc/galectin3_extra,misc/galectin3_extra/17j,../large_fep_dataset/data/fep_benchmark_processed/misc_galectin3_extra_17j.sdf,../large_fep_dataset/data/fep_benchmark_processed/misc_galectin3_extra_protein.pdb,704,5.5309687,5.547197,5.7600265,6.3300943,5.9636993,5.6701007,6.3387218,6.0465727,5.236435,5.0448217,5.746864
705,misc/galectin3_extra,misc/galectin3_extra/17l,../large_fep_dataset/data/fep_benchmark_processed/misc_galectin3_extra_17l.sdf,../large_fep_dataset/data/fep_benchmark_processed/misc_galectin3_extra_protein.pdb,705,5.3507786,5.9921317,6.309158,6.353524,6.505605,6.179082,5.6983347,5.8583746,5.782715,5.196085,5.9225793
706,misc/galectin3_extra,misc/galectin3_extra/17c,../large_fep_dataset/data/fep_benchmark_processed/misc_galectin3_extra_17c.sdf,../large_fep_dataset/data/fep_benchmark_processed/misc_galectin3_extra_protein.pdb,706,6.0800667,5.8476114,6.6576076,6.62499,6.889538,6.2414165,6.635677,6.566594,6.13643,5.1023083,6.278224
707,misc/galectin3_extra,misc/galectin3_extra/17k,../large_fep_dataset/data/fep_benchmark_processed/misc_galectin3_extra_17k.sdf,../large_fep_dataset/data/fep_benchmark_processed/misc_galectin3_extra_protein.pdb,707,6.0138087,6.1121845,6.244545,6.7479672,6.405551,5.693921,6.4745665,6.500409,5.6497264,4.9833484,6.0826025
708,misc/galectin3_extra,misc/galectin3_extra/17b,../large_fep_dataset/data/fep_benchmark_processed/misc_galectin3_extra_17b.sdf,../large_fep_dataset/data/fep_benchmark_processed/misc_galectin3_extra_protein.pdb,708,5.967933,6.1509523,6.2681637,6.535229,7.0917206,6.3641486,7.0374246,6.770424,6.2790756,5.3984513,6.3863525
709,misc/galectin3_extra,misc/galectin3_extra/17h flip,../large_fep_dataset/data/fep_benchmark_processed/misc_galectin3_extra_17h_flip.sdf,../large_fep_dataset/data/fep_benchmark_processed/misc_galectin3_extra_protein.pdb,709,6.4599934,6.3186045,6.7205534,6.5272083,6.925386,6.2721353,6.9679823,6.7646966,5.916321,5.6095924,6.4482474
710,misc/galectin3_extra,misc/galectin3_extra/17i,../large_fep_dataset/data/fep_benchmark_processed/misc_galectin3_extra_17i.sdf,../large_fep_dataset/data/fep_benchmark_processed/misc_galectin3_extra_protein.pdb,710,5.5253296,5.4724383,6.188098,6.206036,5.8458714,5.6795263,5.84582,6.0563245,5.0620546,5.03408,5.691558
711,misc/galectin3_extra,misc/galectin3_extra/17d,../large_fep_dataset/data/fep_benchmark_processed/misc_galectin3_extra_17d.sdf,../large_fep_dataset/data/fep_benchmark_processed/misc_galectin3_extra_protein.pdb,711,6.118466,6.020689,6.5702004,6.4754524,6.9496007,6.3350563,6.807074,6.5014663,6.0648885,5.407567,6.3250456
712,misc/btk_extra_flip,misc/btk_extra_flip/2,../large_fep_dataset/data/fep_benchmark_processed/misc_btk_extra_flip_2.sdf,../large_fep_dataset/data/fep_benchmark_processed/misc_btk_extra_flip_protein.pdb,712,5.8985577,5.3003798,5.9422045,5.664499,4.9654665,4.9326963,5.7771845,4.678611,5.095517,5.9926,5.4247713
713,misc/btk_extra_flip,misc/btk_extra_flip/7,../large_fep_dataset/data/fep_benchmark_processed/misc_btk_extra_flip_7.sdf,../large_fep_dataset/data/fep_benchmark_processed/misc_btk_extra_flip_protein.pdb,713,7.742752,6.987088,7.4693546,7.094221,6.6689544,6.9239893,6.8828607,7.6071267,7.3240824,7.638064,7.2338495
714,misc/btk_extra_flip,misc/btk_extra_flip/8,../large_fep_dataset/data/fep_benchmark_processed/misc_btk_extra_flip_8.sdf,../large_fep_dataset/data/fep_benchmark_processed/misc_btk_extra_flip_protein.pdb,714,7.720644,7.148325,7.3574343,7.136268,6.7003074,7.358632,6.742331,7.127419,7.6123614,7.4216056,7.2325325
715,misc/btk_extra_flip,misc/btk_extra_flip/9 flip,../large_fep_dataset/data/fep_benchmark_processed/misc_btk_extra_flip_9_flip.sdf,../large_fep_dataset/data/fep_benchmark_processed/misc_btk_extra_flip_protein.pdb,715,7.3625827,7.1746197,7.1477127,8.0743,6.9012184,6.9617014,7.10871,7.5137753,7.0320888,7.411785,7.2688494
716,misc/btk_extra_flip,misc/btk_extra_flip/10,../large_fep_dataset/data/fep_benchmark_processed/misc_btk_extra_flip_10.sdf,../large_fep_dataset/data/fep_benchmark_processed/misc_btk_extra_flip_protein.pdb,716,8.372573,7.3770585,7.522445,7.773169,7.053735,7.3239317,7.078257,7.3618255,7.8991423,7.633128,7.5395265
717,misc/btk_extra_flip,misc/btk_extra_flip/11,../large_fep_dataset/data/fep_benchmark_processed/misc_btk_extra_flip_11.sdf,../large_fep_dataset/data/fep_benchmark_processed/misc_btk_extra_flip_protein.pdb,717,8.376461,7.3466377,8.009325,7.896607,7.1957493,7.5615573,7.791895,7.5796256,8.293865,8.164842,7.821656
718,opls_stress/cr_bace1,opls_stress/cr_bace1/4,../large_fep_dataset/data/fep_benchmark_processed/opls_stress_cr_bace1_4.sdf,../large_fep_dataset/data/fep_benchmark_processed/opls_stress_cr_bace1_protein.pdb,718,7.585264,7.7077537,8.115322,7.15246,7.527505,7.3359017,7.389229,7.1779685,7.5479083,7.411661,7.495097
719,opls_stress/cr_bace1,opls_stress/cr_bace1/1,../large_fep_dataset/data/fep_benchmark_processed/opls_stress_cr_bace1_1.sdf,../large_fep_dataset/data/fep_benchmark_processed/opls_stress_cr_bace1_protein.pdb,719,7.2600803,7.339035,7.789577,7.019263,6.9951286,7.0309176,7.264028,7.0318213,6.909846,7.0894384,7.1729136
720,opls_stress/cr_bace1,opls_stress/cr_bace1/3,../large_fep_dataset/data/fep_benchmark_processed/opls_stress_cr_bace1_3.sdf,../large_fep_dataset/data/fep_benchmark_processed/opls_stress_cr_bace1_protein.pdb,720,7.740429,7.7511535,7.91512,7.5142455,7.3394623,7.460838,6.8339777,7.2055607,6.8567324,7.204664,7.382219
721,opls_stress/cr_bace1,opls_stress/cr_bace1/7,../large_fep_dataset/data/fep_benchmark_processed/opls_stress_cr_bace1_7.sdf,../large_fep_dataset/data/fep_benchmark_processed/opls_stress_cr_bace1_protein.pdb,721,7.5261188,6.8753004,7.6088324,7.1346583,7.0286317,7.1775155,7.080986,7.2253942,7.0183926,7.0736933,7.1749525
722,opls_stress/cr_bace1,opls_stress/cr_bace1/9R,../large_fep_dataset/data/fep_benchmark_processed/opls_stress_cr_bace1_9R.sdf,../large_fep_dataset/data/fep_benchmark_processed/opls_stress_cr_bace1_protein.pdb,722,7.5416803,6.800219,7.468523,7.45514,6.992536,7.1606355,6.9390283,7.297736,6.8734055,7.4418373,7.197075
723,opls_stress/cr_bace1,opls_stress/cr_bace1/5,../large_fep_dataset/data/fep_benchmark_processed/opls_stress_cr_bace1_5.sdf,../large_fep_dataset/data/fep_benchmark_processed/opls_stress_cr_bace1_protein.pdb,723,7.112072,7.9377756,7.3482466,7.060105,7.2329483,7.214352,6.854381,6.5789833,6.9673486,6.859783,7.1166
724,opls_stress/cr_bace1,opls_stress/cr_bace1/10,../large_fep_dataset/data/fep_benchmark_processed/opls_stress_cr_bace1_10.sdf,../large_fep_dataset/data/fep_benchmark_processed/opls_stress_cr_bace1_protein.pdb,724,6.990982,6.996221,7.1558733,6.894785,6.5972357,7.1664886,7.700746,7.1019263,6.527974,6.473525,6.960575
725,opls_stress/cr_bace1,opls_stress/cr_bace1/6,../large_fep_dataset/data/fep_benchmark_processed/opls_stress_cr_bace1_6.sdf,../large_fep_dataset/data/fep_benchmark_processed/opls_stress_cr_bace1_protein.pdb,725,7.851779,7.7023263,7.4172645,7.500824,7.5631323,7.48298,7.6307483,7.16961,7.4615564,7.193851,7.497407
726,opls_stress/cr_bace1,opls_stress/cr_bace1/2,../large_fep_dataset/data/fep_benchmark_processed/opls_stress_cr_bace1_2.sdf,../large_fep_dataset/data/fep_benchmark_processed/opls_stress_cr_bace1_protein.pdb,726,7.32892,7.8171353,7.1970835,7.18376,7.2791576,7.287709,7.047967,6.9767427,6.686841,7.3923354,7.2197647
727,opls_stress/cr_bace1,opls_stress/cr_bace1/9S,../large_fep_dataset/data/fep_benchmark_processed/opls_stress_cr_bace1_9S.sdf,../large_fep_dataset/data/fep_benchmark_processed/opls_stress_cr_bace1_protein.pdb,727,7.388358,6.7194543,7.375473,7.3411636,6.976112,7.062708,7.0742097,7.18287,6.792266,7.522582,7.1435194
728,opls_stress/cr_bace1,opls_stress/cr_bace1/8,../large_fep_dataset/data/fep_benchmark_processed/opls_stress_cr_bace1_8.sdf,../large_fep_dataset/data/fep_benchmark_processed/opls_stress_cr_bace1_protein.pdb,728,7.262646,6.892551,7.60188,7.1176085,6.883288,6.6465497,7.2247324,7.0627513,6.4163046,6.5970974,6.9705405
729,opls_stress/hc_bace1,opls_stress/hc_bace1/22256_26_0_ligand,../large_fep_dataset/data/fep_benchmark_processed/opls_stress_hc_bace1_22256_26_0_ligand.sdf,../large_fep_dataset/data/fep_benchmark_processed/opls_stress_hc_bace1_protein.pdb,729,6.8608017,7.197053,6.9989014,6.8007817,7.7000985,7.6562934,6.64814,6.7299013,7.727182,7.955895,7.2275047
730,opls_stress/hc_bace1,opls_stress/hc_bace1/22250_20_0_ligand,../large_fep_dataset/data/fep_benchmark_processed/opls_stress_hc_bace1_22250_20_0_ligand.sdf,../large_fep_dataset/data/fep_benchmark_processed/opls_stress_hc_bace1_protein.pdb,730,7.304647,7.9534035,6.9994307,6.481156,6.840259,7.7199554,6.9130588,6.842195,7.6370893,7.4513874,7.2142577
731,opls_stress/hc_bace1,opls_stress/hc_bace1/22251_21_0_ligand,../large_fep_dataset/data/fep_benchmark_processed/opls_stress_hc_bace1_22251_21_0_ligand.sdf,../large_fep_dataset/data/fep_benchmark_processed/opls_stress_hc_bace1_protein.pdb,731,7.2239566,7.6986594,7.0161757,6.5108924,7.120553,7.575584,6.985592,7.075893,7.5990176,7.470514,7.227683
732,opls_stress/hc_bace1,opls_stress/hc_bace1/19677_19_0_ligand,../large_fep_dataset/data/fep_benchmark_processed/opls_stress_hc_bace1_19677_19_0_ligand.sdf,../large_fep_dataset/data/fep_benchmark_processed/opls_stress_hc_bace1_protein.pdb,732,6.835896,7.2684,6.796028,6.5533886,7.031684,7.1870923,7.0240135,6.3373876,7.495513,7.598473,7.012788
733,opls_stress/hc_bace1,opls_stress/hc_bace1/22254_24_0_ligand,../large_fep_dataset/data/fep_benchmark_processed/opls_stress_hc_bace1_22254_24_0_ligand.sdf,../large_fep_dataset/data/fep_benchmark_processed/opls_stress_hc_bace1_protein.pdb,733,7.6274033,7.6543703,6.9081755,6.6147285,7.9918084,7.7314854,7.2657924,7.4987044,7.8431554,7.7809315,7.491655
734,opls_stress/hc_bace1,opls_stress/hc_bace1/22252_22_0_ligand,../large_fep_dataset/data/fep_benchmark_processed/opls_stress_hc_bace1_22252_22_0_ligand.sdf,../large_fep_dataset/data/fep_benchmark_processed/opls_stress_hc_bace1_protein.pdb,734,7.608129,7.432906,6.7654266,6.3324275,7.8907638,7.2869487,7.3852572,7.1264987,7.6210527,7.4797564,7.292917
735,opls_stress/hc_bace1,opls_stress/hc_bace1/22253_23_0_ligand,../large_fep_dataset/data/fep_benchmark_processed/opls_stress_hc_bace1_22253_23_0_ligand.sdf,../large_fep_dataset/data/fep_benchmark_processed/opls_stress_hc_bace1_protein.pdb,735,7.708908,7.5997105,6.6198077,6.3197446,7.496772,7.4211493,7.0242963,6.8474364,7.343024,7.4199433,7.180079
736,opls_stress/fxa_yoshikawa_set,opls_stress/fxa_yoshikawa_set/5f,../large_fep_dataset/data/fep_benchmark_processed/opls_stress_fxa_yoshikawa_set_5f.sdf,../large_fep_dataset/data/fep_benchmark_processed/opls_stress_fxa_yoshikawa_set_protein.pdb,736,8.482781,7.765707,8.402279,8.177126,8.280306,8.344077,8.321757,7.819685,7.796571,8.136824,8.152712
737,opls_stress/fxa_yoshikawa_set,opls_stress/fxa_yoshikawa_set/5g,../large_fep_dataset/data/fep_benchmark_processed/opls_stress_fxa_yoshikawa_set_5g.sdf,../large_fep_dataset/data/fep_benchmark_processed/opls_stress_fxa_yoshikawa_set_protein.pdb,737,8.707055,8.20166,8.360088,8.460597,7.8584824,8.1651125,8.773847,8.420893,8.4161215,8.002723,8.336658
738,opls_stress/fxa_yoshikawa_set,opls_stress/fxa_yoshikawa_set/5e,../large_fep_dataset/data/fep_benchmark_processed/opls_stress_fxa_yoshikawa_set_5e.sdf,../large_fep_dataset/data/fep_benchmark_processed/opls_stress_fxa_yoshikawa_set_protein.pdb,738,8.459667,7.998662,8.340929,8.331229,8.1680355,8.235367,8.074371,8.263619,7.8590226,8.328377,8.205928
739,opls_stress/fxa_yoshikawa_set,opls_stress/fxa_yoshikawa_set/5i,../large_fep_dataset/data/fep_benchmark_processed/opls_stress_fxa_yoshikawa_set_5i.sdf,../large_fep_dataset/data/fep_benchmark_processed/opls_stress_fxa_yoshikawa_set_protein.pdb,739,8.628296,8.106477,8.22477,8.206556,8.165938,8.201243,8.214725,8.164084,7.776281,8.5219,8.221028
740,opls_stress/fxa_yoshikawa_set,opls_stress/fxa_yoshikawa_set/5b,../large_fep_dataset/data/fep_benchmark_processed/opls_stress_fxa_yoshikawa_set_5b.sdf,../large_fep_dataset/data/fep_benchmark_processed/opls_stress_fxa_yoshikawa_set_protein.pdb,740,8.476238,8.133708,8.12466,8.569765,8.042213,8.429374,8.55765,8.159521,7.9095335,8.34599,8.274866
741,opls_stress/fxa_yoshikawa_set,opls_stress/fxa_yoshikawa_set/5h,../large_fep_dataset/data/fep_benchmark_processed/opls_stress_fxa_yoshikawa_set_5h.sdf,../large_fep_dataset/data/fep_benchmark_processed/opls_stress_fxa_yoshikawa_set_protein.pdb,741,8.817766,7.8610125,7.8195944,8.466741,8.092383,8.350795,8.141836,8.144578,7.5742545,8.371891,8.164085
742,opls_stress/fxa_yoshikawa_set,opls_stress/fxa_yoshikawa_set/5a,../large_fep_dataset/data/fep_benchmark_processed/opls_stress_fxa_yoshikawa_set_5a.sdf,../large_fep_dataset/data/fep_benchmark_processed/opls_stress_fxa_yoshikawa_set_protein.pdb,742,8.32597,8.131057,8.179925,8.266831,7.860132,8.367256,8.545968,8.101061,7.8986793,8.078971,8.175585
743,opls_stress/fxa_yoshikawa_set,opls_stress/fxa_yoshikawa_set/5k,../large_fep_dataset/data/fep_benchmark_processed/opls_stress_fxa_yoshikawa_set_5k.sdf,../large_fep_dataset/data/fep_benchmark_processed/opls_stress_fxa_yoshikawa_set_protein.pdb,743,8.6938095,8.391488,8.35363,7.978971,8.898562,8.468022,8.530617,8.49297,7.8017216,8.487923,8.409771
744,opls_stress/fxa_yoshikawa_set,opls_stress/fxa_yoshikawa_set/5d,../large_fep_dataset/data/fep_benchmark_processed/opls_stress_fxa_yoshikawa_set_5d.sdf,../large_fep_dataset/data/fep_benchmark_processed/opls_stress_fxa_yoshikawa_set_protein.pdb,744,8.543817,8.016346,8.26164,8.198934,8.033355,8.340772,8.072123,8.262945,7.943774,8.432954,8.210665
745,opls_stress/fxa_yoshikawa_set,opls_stress/fxa_yoshikawa_set/5c,../large_fep_dataset/data/fep_benchmark_processed/opls_stress_fxa_yoshikawa_set_5c.sdf,../large_fep_dataset/data/fep_benchmark_processed/opls_stress_fxa_yoshikawa_set_protein.pdb,745,8.380281,7.86137,8.098895,8.317147,8.251861,8.305029,8.258617,8.126219,7.8336406,8.408173,8.184123
746,opls_stress/fxa_yoshikawa_set,opls_stress/fxa_yoshikawa_set/8e,../large_fep_dataset/data/fep_benchmark_processed/opls_stress_fxa_yoshikawa_set_8e.sdf,../large_fep_dataset/data/fep_benchmark_processed/opls_stress_fxa_yoshikawa_set_protein.pdb,746,8.317481,7.799277,7.862659,8.102577,7.7775865,7.68636,7.648573,8.099471,7.5421233,7.873967,7.8710074
747,opls_stress/fxa_yoshikawa_set,opls_stress/fxa_yoshikawa_set/8b,../large_fep_dataset/data/fep_benchmark_processed/opls_stress_fxa_yoshikawa_set_8b.sdf,../large_fep_dataset/data/fep_benchmark_processed/opls_stress_fxa_yoshikawa_set_protein.pdb,747,8.265133,8.398434,7.8969774,8.503363,7.5793705,8.453522,7.5570335,8.1796465,7.4235535,7.8301253,8.008715
748,opls_stress/fxa_yoshikawa_set,opls_stress/fxa_yoshikawa_set/8d,../large_fep_dataset/data/fep_benchmark_processed/opls_stress_fxa_yoshikawa_set_8d.sdf,../large_fep_dataset/data/fep_benchmark_processed/opls_stress_fxa_yoshikawa_set_protein.pdb,748,8.1271105,8.11696,7.908454,8.319613,7.8792768,7.8986206,7.669771,8.491794,7.6013455,7.950997,7.996394
749,opls_stress/fxa_yoshikawa_set,opls_stress/fxa_yoshikawa_set/8c,../large_fep_dataset/data/fep_benchmark_processed/opls_stress_fxa_yoshikawa_set_8c.sdf,../large_fep_dataset/data/fep_benchmark_processed/opls_stress_fxa_yoshikawa_set_protein.pdb,749,8.270246,8.3060875,7.783176,8.587375,7.72463,8.354472,7.8592677,8.183533,7.233839,7.7727957,8.007543
750,opls_stress/fxa_yoshikawa_set,opls_stress/fxa_yoshikawa_set/8g,../large_fep_dataset/data/fep_benchmark_processed/opls_stress_fxa_yoshikawa_set_8g.sdf,../large_fep_dataset/data/fep_benchmark_processed/opls_stress_fxa_yoshikawa_set_protein.pdb,750,8.2961235,7.473163,7.631092,8.029219,8.18735,8.049141,7.968231,8.560308,7.430483,7.6869464,7.931205
751,opls_stress/fxa_yoshikawa_set,opls_stress/fxa_yoshikawa_set/A_cor,../large_fep_dataset/data/fep_benchmark_processed/opls_stress_fxa_yoshikawa_set_A_cor.sdf,../large_fep_dataset/data/fep_benchmark_processed/opls_stress_fxa_yoshikawa_set_protein.pdb,751,8.290549,7.8585844,7.731396,8.278681,7.8679304,8.107621,8.022443,8.0079565,7.4102187,7.9623556,7.9537735
752,opls_stress/fxa_yoshikawa_set,opls_stress/fxa_yoshikawa_set/8f,../large_fep_dataset/data/fep_benchmark_processed/opls_stress_fxa_yoshikawa_set_8f.sdf,../large_fep_dataset/data/fep_benchmark_processed/opls_stress_fxa_yoshikawa_set_protein.pdb,752,8.390314,7.3930917,7.658722,8.241033,7.8954825,8.113606,7.5671854,8.38808,7.253028,7.72807,7.8628607
753,opls_stress/fxa_yoshikawa_set,opls_stress/fxa_yoshikawa_set/8a,../large_fep_dataset/data/fep_benchmark_processed/opls_stress_fxa_yoshikawa_set_8a.sdf,../large_fep_dataset/data/fep_benchmark_processed/opls_stress_fxa_yoshikawa_set_protein.pdb,753,8.380475,7.7033477,7.9383173,7.940754,7.7708273,7.8132043,7.5060043,8.264239,7.4162183,7.97228,7.8705673
754,opls_stress/fxa_yoshikawa_set,opls_stress/fxa_yoshikawa_set/8h,../large_fep_dataset/data/fep_benchmark_processed/opls_stress_fxa_yoshikawa_set_8h.sdf,../large_fep_dataset/data/fep_benchmark_processed/opls_stress_fxa_yoshikawa_set_protein.pdb,754,8.246363,7.9852877,7.730261,8.701161,8.094792,8.2932415,8.551524,8.303179,7.6904087,8.212337,8.180856
755,opls_stress/fxa_yoshikawa_set,opls_stress/fxa_yoshikawa_set/8i,../large_fep_dataset/data/fep_benchmark_processed/opls_stress_fxa_yoshikawa_set_8i.sdf,../large_fep_dataset/data/fep_benchmark_processed/opls_stress_fxa_yoshikawa_set_protein.pdb,755,8.177944,7.8634872,7.995988,8.641451,8.11239,8.445338,7.5034585,8.154214,7.8344035,8.274179,8.100286
756,opls_stress/fxa_yoshikawa_set,opls_stress/fxa_yoshikawa_set/8j,../large_fep_dataset/data/fep_benchmark_processed/opls_stress_fxa_yoshikawa_set_8j.sdf,../large_fep_dataset/data/fep_benchmark_processed/opls_stress_fxa_yoshikawa_set_protein.pdb,756,8.461504,8.087582,7.9504204,8.453595,8.02126,8.007334,8.242633,8.2624655,7.7558155,8.062066,8.130467
757,opls_stress/fxa_yoshikawa_set,opls_stress/fxa_yoshikawa_set/8k,../large_fep_dataset/data/fep_benchmark_processed/opls_stress_fxa_yoshikawa_set_8k.sdf,../large_fep_dataset/data/fep_benchmark_processed/opls_stress_fxa_yoshikawa_set_protein.pdb,757,8.672719,7.9626794,7.74675,8.492796,7.979236,8.114503,7.7376413,7.838394,7.5542526,7.9267044,8.002568
758,opls_stress/fxa_yoshikawa_set,opls_stress/fxa_yoshikawa_set/8l,../large_fep_dataset/data/fep_benchmark_processed/opls_stress_fxa_yoshikawa_set_8l.sdf,../large_fep_dataset/data/fep_benchmark_processed/opls_stress_fxa_yoshikawa_set_protein.pdb,758,8.347084,8.189513,7.9559064,8.511746,7.897287,8.0334,8.195441,7.939101,7.7628417,7.8662834,8.06986
759,opls_stress/fxa_yoshikawa_set,opls_stress/fxa_yoshikawa_set/8m,../large_fep_dataset/data/fep_benchmark_processed/opls_stress_fxa_yoshikawa_set_8m.sdf,../large_fep_dataset/data/fep_benchmark_processed/opls_stress_fxa_yoshikawa_set_protein.pdb,759,8.134863,8.312623,7.0290275,8.337522,8.010628,8.169096,7.5914555,8.173689,7.2118077,7.9604354,7.8931146
760,opls_stress/fxa_yoshikawa_set,opls_stress/fxa_yoshikawa_set/8n,../large_fep_dataset/data/fep_benchmark_processed/opls_stress_fxa_yoshikawa_set_8n.sdf,../large_fep_dataset/data/fep_benchmark_processed/opls_stress_fxa_yoshikawa_set_protein.pdb,760,8.162041,8.150675,7.5828147,8.443788,8.081964,8.344241,8.012734,8.249075,7.4955626,7.9157257,8.043861
761,opls_stress/fxa_yoshikawa_set,opls_stress/fxa_yoshikawa_set/8o,../large_fep_dataset/data/fep_benchmark_processed/opls_stress_fxa_yoshikawa_set_8o.sdf,../large_fep_dataset/data/fep_benchmark_processed/opls_stress_fxa_yoshikawa_set_protein.pdb,761,8.055966,7.454209,7.863025,8.122797,7.731206,7.8650556,7.7716627,7.860957,7.3388586,7.9949484,7.8058686
762,opls_stress/fxa_yoshikawa_set,opls_stress/fxa_yoshikawa_set/8p,../large_fep_dataset/data/fep_benchmark_processed/opls_stress_fxa_yoshikawa_set_8p.sdf,../large_fep_dataset/data/fep_benchmark_processed/opls_stress_fxa_yoshikawa_set_protein.pdb,762,8.287555,7.660732,7.4575825,8.589155,7.986007,8.34679,7.961474,7.4211397,7.222173,7.728132,7.8660746
763,opls_stress/cr_bace2,opls_stress/cr_bace2/22,../large_fep_dataset/data/fep_benchmark_processed/opls_stress_cr_bace2_22.sdf,../large_fep_dataset/data/fep_benchmark_processed/opls_stress_cr_bace2_protein.pdb,763,7.1964917,7.192684,7.235109,6.877137,6.7923546,7.1778765,7.481147,7.1927547,6.1012764,7.356617,7.0603447
764,opls_stress/cr_bace2,opls_stress/cr_bace2/16,../large_fep_dataset/data/fep_benchmark_processed/opls_stress_cr_bace2_16.sdf,../large_fep_dataset/data/fep_benchmark_processed/opls_stress_cr_bace2_protein.pdb,764,7.488448,7.487201,7.464793,7.309243,7.210464,7.5822554,7.4804783,7.324663,6.7764735,7.389967,7.3513985
765,opls_stress/cr_bace2,opls_stress/cr_bace2/11,../large_fep_dataset/data/fep_benchmark_processed/opls_stress_cr_bace2_11.sdf,../large_fep_dataset/data/fep_benchmark_processed/opls_stress_cr_bace2_protein.pdb,765,7.406555,7.0937505,7.323687,7.0240827,7.0051956,7.399459,6.9405766,6.888656,6.3606434,6.900085,7.034269
766,opls_stress/cr_bace2,opls_stress/cr_bace2/21,../large_fep_dataset/data/fep_benchmark_processed/opls_stress_cr_bace2_21.sdf,../large_fep_dataset/data/fep_benchmark_processed/opls_stress_cr_bace2_protein.pdb,766,7.3991475,7.186546,7.2856708,7.574915,6.999595,7.3698854,7.302296,7.3053665,6.5376205,7.129258,7.20903
767,opls_stress/cr_bace2,opls_stress/cr_bace2/24,../large_fep_dataset/data/fep_benchmark_processed/opls_stress_cr_bace2_24.sdf,../large_fep_dataset/data/fep_benchmark_processed/opls_stress_cr_bace2_protein.pdb,767,7.610724,7.3728,7.5199337,7.4909124,7.150037,7.4507084,7.43847,7.2257934,6.853417,6.906479,7.301927
768,opls_stress/cr_bace2,opls_stress/cr_bace2/12,../large_fep_dataset/data/fep_benchmark_processed/opls_stress_cr_bace2_12.sdf,../large_fep_dataset/data/fep_benchmark_processed/opls_stress_cr_bace2_protein.pdb,768,7.613767,7.3793616,7.3735127,7.328902,7.0237184,7.4372873,7.4682508,6.9546185,6.6426854,7.0143704,7.223647
769,opls_stress/cr_bace2,opls_stress/cr_bace2/20,../large_fep_dataset/data/fep_benchmark_processed/opls_stress_cr_bace2_20.sdf,../large_fep_dataset/data/fep_benchmark_processed/opls_stress_cr_bace2_protein.pdb,769,7.5322127,7.1078606,7.2481675,7.1805987,6.9144025,7.2508497,7.0241976,7.077674,6.399508,6.994725,7.07302
770,opls_stress/cr_bace2,opls_stress/cr_bace2/19,../large_fep_dataset/data/fep_benchmark_processed/opls_stress_cr_bace2_19.sdf,../large_fep_dataset/data/fep_benchmark_processed/opls_stress_cr_bace2_protein.pdb,770,7.583872,7.2231426,7.4633346,7.49237,7.2205963,7.3212166,7.4939313,7.1928487,6.8703966,7.360508,7.3222213
771,opls_stress/cr_bace2,opls_stress/cr_bace2/13,../large_fep_dataset/data/fep_benchmark_processed/opls_stress_cr_bace2_13.sdf,../large_fep_dataset/data/fep_benchmark_processed/opls_stress_cr_bace2_protein.pdb,771,7.432474,7.2474833,7.6302686,7.110778,7.1981053,7.3718586,7.432331,6.973968,6.71392,7.062481,7.217366
772,opls_stress/cr_bace2,opls_stress/cr_bace2/23,../large_fep_dataset/data/fep_benchmark_processed/opls_stress_cr_bace2_23.sdf,../large_fep_dataset/data/fep_benchmark_processed/opls_stress_cr_bace2_protein.pdb,772,7.479345,7.2419724,7.205493,7.310769,6.6527452,7.418655,7.116454,7.113689,6.2987237,7.5590587,7.1396904
773,opls_stress/cr_bace2,opls_stress/cr_bace2/15,../large_fep_dataset/data/fep_benchmark_processed/opls_stress_cr_bace2_15.sdf,../large_fep_dataset/data/fep_benchmark_processed/opls_stress_cr_bace2_protein.pdb,773,7.404949,7.322252,7.5715485,7.3883243,7.1736693,7.4721937,7.5818925,6.947464,6.8048944,7.2678857,7.2935076
774,opls_stress/cr_bace2,opls_stress/cr_bace2/14,../large_fep_dataset/data/fep_benchmark_processed/opls_stress_cr_bace2_14.sdf,../large_fep_dataset/data/fep_benchmark_processed/opls_stress_cr_bace2_protein.pdb,774,7.466219,7.1608267,7.5389037,7.1602035,7.0549746,7.5546274,7.32838,7.327291,6.716879,7.0084534,7.2316756
775,opls_stress/fxa_set3,opls_stress/fxa_set3/20814_6,../large_fep_dataset/data/fep_benchmark_processed/opls_stress_fxa_set3_20814_6.sdf,../large_fep_dataset/data/fep_benchmark_processed/opls_stress_fxa_set3_protein.pdb,775,8.299125,8.208036,7.417864,8.117593,8.699647,7.880293,8.374975,7.776358,7.745068,7.987043,8.050601
776,opls_stress/fxa_set3,opls_stress/fxa_set3/20539_10,../large_fep_dataset/data/fep_benchmark_processed/opls_stress_fxa_set3_20539_10.sdf,../large_fep_dataset/data/fep_benchmark_processed/opls_stress_fxa_set3_protein.pdb,776,8.219378,8.099263,7.825218,7.884761,8.040108,8.069535,8.495445,7.821783,8.295876,7.794444,8.054581
777,opls_stress/fxa_set3,opls_stress/fxa_set3/20820_11,../large_fep_dataset/data/fep_benchmark_processed/opls_stress_fxa_set3_20820_11.sdf,../large_fep_dataset/data/fep_benchmark_processed/opls_stress_fxa_set3_protein.pdb,777,7.006341,7.7537374,8.051379,7.8800416,7.054305,7.728005,7.5840106,7.9457912,8.0325365,7.816004,7.685215
778,opls_stress/fxa_set3,opls_stress/fxa_set3/20819_8,../large_fep_dataset/data/fep_benchmark_processed/opls_stress_fxa_set3_20819_8.sdf,../large_fep_dataset/data/fep_benchmark_processed/opls_stress_fxa_set3_protein.pdb,778,8.189863,8.466004,7.822851,7.890786,8.5775,7.9066544,8.551453,8.228125,8.441333,7.88624,8.196081
779,opls_stress/fxa_set6,opls_stress/fxa_set6/21083,../large_fep_dataset/data/fep_benchmark_processed/opls_stress_fxa_set6_21083.sdf,../large_fep_dataset/data/fep_benchmark_processed/opls_stress_fxa_set6_protein.pdb,779,7.715608,7.937426,8.048402,8.143547,7.9560175,8.391673,8.244925,8.205255,7.288953,8.129648,8.0061455
780,opls_stress/fxa_set6,opls_stress/fxa_set6/21084,../large_fep_dataset/data/fep_benchmark_processed/opls_stress_fxa_set6_21084.sdf,../large_fep_dataset/data/fep_benchmark_processed/opls_stress_fxa_set6_protein.pdb,780,7.5499287,7.7433696,8.384405,7.7223864,8.167604,8.013955,8.474093,8.522935,7.602714,8.247887,8.042929
781,opls_stress/fxa_set6,opls_stress/fxa_set6/21085,../large_fep_dataset/data/fep_benchmark_processed/opls_stress_fxa_set6_21085.sdf,../large_fep_dataset/data/fep_benchmark_processed/opls_stress_fxa_set6_protein.pdb,781,7.4571686,8.060561,8.359691,7.840759,8.63499,8.145067,8.284389,8.740638,7.2023096,8.157151,8.088272
782,opls_stress/fxa_set6,opls_stress/fxa_set6/21086,../large_fep_dataset/data/fep_benchmark_processed/opls_stress_fxa_set6_21086.sdf,../large_fep_dataset/data/fep_benchmark_processed/opls_stress_fxa_set6_protein.pdb,782,7.358361,7.610992,8.174743,7.7749395,8.366453,7.881538,8.504275,8.340323,7.5322623,8.495227,8.003912
783,opls_stress/fxa_set6,opls_stress/fxa_set6/20524_2j95_cys,../large_fep_dataset/data/fep_benchmark_processed/opls_stress_fxa_set6_20524_2j95_cys.sdf,../large_fep_dataset/data/fep_benchmark_processed/opls_stress_fxa_set6_protein.pdb,783,7.6814823,7.9938903,8.400767,7.8672724,8.523508,8.079142,8.246967,8.644466,7.5199046,8.443483,8.140088
784,opls_stress/fxa_set6,opls_stress/fxa_set6/21087,../large_fep_dataset/data/fep_benchmark_processed/opls_stress_fxa_set6_21087.sdf,../large_fep_dataset/data/fep_benchmark_processed/opls_stress_fxa_set6_protein.pdb,784,7.4347944,7.6040955,8.218167,7.7788296,8.108834,7.8768783,8.529157,8.526254,7.4626,8.433055,7.9972663
785,opls_stress/fxa_set5,opls_stress/fxa_set5/20705_cys,../large_fep_dataset/data/fep_benchmark_processed/opls_stress_fxa_set5_20705_cys.sdf,../large_fep_dataset/data/fep_benchmark_processed/opls_stress_fxa_set5_protein.pdb,785,8.1627035,7.918701,8.139033,8.471849,8.029695,8.113957,8.073707,8.360349,8.096376,8.314073,8.168044
786,opls_stress/fxa_set5,opls_stress/fxa_set5/21331,../large_fep_dataset/data/fep_benchmark_processed/opls_stress_fxa_set5_21331.sdf,../large_fep_dataset/data/fep_benchmark_processed/opls_stress_fxa_set5_protein.pdb,786,8.112345,8.149109,8.189224,8.471347,7.6872697,8.452984,8.508592,8.301538,8.129023,7.876517,8.187795
787,opls_stress/hc_bace2,opls_stress/hc_bace2/37_0_ligand,../large_fep_dataset/data/fep_benchmark_processed/opls_stress_hc_bace2_37_0_ligand.sdf,../large_fep_dataset/data/fep_benchmark_processed/opls_stress_hc_bace2_protein.pdb,787,6.9795403,7.7901835,6.6530304,6.2931004,6.745881,7.242964,6.7825093,6.530909,7.421863,7.501102,6.9941077
788,opls_stress/hc_bace2,opls_stress/hc_bace2/35_0_ligand,../large_fep_dataset/data/fep_benchmark_processed/opls_stress_hc_bace2_35_0_ligand.sdf,../large_fep_dataset/data/fep_benchmark_processed/opls_stress_hc_bace2_protein.pdb,788,7.364217,8.062331,7.29946,6.768605,7.188184,7.8243876,6.9985557,6.8493176,7.649873,7.536551,7.354148
789,opls_stress/hc_bace2,opls_stress/hc_bace2/39_0_ligand,../large_fep_dataset/data/fep_benchmark_processed/opls_stress_hc_bace2_39_0_ligand.sdf,../large_fep_dataset/data/fep_benchmark_processed/opls_stress_hc_bace2_protein.pdb,789,7.34732,7.651497,7.2163982,6.3753853,6.7429523,7.4794884,6.8598723,6.8518467,7.7010546,7.564463,7.1790276
790,opls_stress/hc_bace2,opls_stress/hc_bace2/34_0_ligand,../large_fep_dataset/data/fep_benchmark_processed/opls_stress_hc_bace2_34_0_ligand.sdf,../large_fep_dataset/data/fep_benchmark_processed/opls_stress_hc_bace2_protein.pdb,790,8.049285,8.120061,7.410999,6.9100804,6.803877,7.9963236,7.2426686,6.761799,7.4277525,7.982306,7.4705153
791,opls_stress/hc_bace2,opls_stress/hc_bace2/40_0_ligand,../large_fep_dataset/data/fep_benchmark_processed/opls_stress_hc_bace2_40_0_ligand.sdf,../large_fep_dataset/data/fep_benchmark_processed/opls_stress_hc_bace2_protein.pdb,791,7.6749034,7.8516903,7.534129,6.4184556,7.4349446,7.6638136,7.3331323,7.010707,7.8288198,8.123172,7.487377
792,opls_stress/hc_bace2,opls_stress/hc_bace2/30_0_ligand,../large_fep_dataset/data/fep_benchmark_processed/opls_stress_hc_bace2_30_0_ligand.sdf,../large_fep_dataset/data/fep_benchmark_processed/opls_stress_hc_bace2_protein.pdb,792,6.8650713,7.662377,6.7275896,6.2776194,6.8208942,7.26381,6.7061954,6.430969,7.334195,7.5459466,6.9634666
793,opls_stress/hc_bace2,opls_stress/hc_bace2/33_0_ligand,../large_fep_dataset/data/fep_benchmark_processed/opls_stress_hc_bace2_33_0_ligand.sdf,../large_fep_dataset/data/fep_benchmark_processed/opls_stress_hc_bace2_protein.pdb,793,7.377088,7.899437,7.1758933,6.7526135,6.8255544,7.4654655,6.864296,6.796601,7.671034,7.6153426,7.2443323
794,opls_stress/hc_bace2,opls_stress/hc_bace2/41_0_ligand,../large_fep_dataset/data/fep_benchmark_processed/opls_stress_hc_bace2_41_0_ligand.sdf,../large_fep_dataset/data/fep_benchmark_processed/opls_stress_hc_bace2_protein.pdb,794,7.662396,7.7230177,7.3616557,6.56261,7.0779066,7.8734055,7.0177426,6.6585994,7.788587,7.681896,7.340782
795,opls_stress/hc_bace2,opls_stress/hc_bace2/42_0_ligand,../large_fep_dataset/data/fep_benchmark_processed/opls_stress_hc_bace2_42_0_ligand.sdf,../large_fep_dataset/data/fep_benchmark_processed/opls_stress_hc_bace2_protein.pdb,795,7.9295683,8.045702,7.8061113,6.462637,7.4260683,7.8141937,7.544371,7.0661836,8.159639,8.173092,7.6427565
796,opls_stress/hc_bace2,opls_stress/hc_bace2/44_0_ligand,../large_fep_dataset/data/fep_benchmark_processed/opls_stress_hc_bace2_44_0_ligand.sdf,../large_fep_dataset/data/fep_benchmark_processed/opls_stress_hc_bace2_protein.pdb,796,7.2485895,7.610404,7.4154525,6.244954,7.414777,7.6417756,7.1496425,7.1776843,7.51939,7.638229,7.30609
797,opls_stress/fxa_set4,opls_stress/fxa_set4/1s,../large_fep_dataset/data/fep_benchmark_processed/opls_stress_fxa_set4_1s.sdf,../large_fep_dataset/data/fep_benchmark_processed/opls_stress_fxa_set4_protein.pdb,797,7.218854,7.832218,8.1507,7.2857985,8.613705,8.102271,8.188552,8.2613325,7.326175,8.176169,7.915578
798,opls_stress/fxa_set4,opls_stress/fxa_set4/21080_1j,../large_fep_dataset/data/fep_benchmark_processed/opls_stress_fxa_set4_21080_1j.sdf,../large_fep_dataset/data/fep_benchmark_processed/opls_stress_fxa_set4_protein.pdb,798,8.229775,8.195562,8.773121,8.465565,8.884493,8.54536,8.983108,8.576426,8.067802,8.426646,8.514786
799,opls_stress/fxa_set4,opls_stress/fxa_set4/21030_1o,../large_fep_dataset/data/fep_benchmark_processed/opls_stress_fxa_set4_21030_1o.sdf,../large_fep_dataset/data/fep_benchmark_processed/opls_stress_fxa_set4_protein.pdb,799,7.7703614,8.519485,8.127607,7.655472,8.441226,8.1988735,8.2604265,8.667317,7.0985074,7.969107,8.070839
800,opls_stress/fxa_set4,opls_stress/fxa_set4/21028_1r,../large_fep_dataset/data/fep_benchmark_processed/opls_stress_fxa_set4_21028_1r.sdf,../large_fep_dataset/data/fep_benchmark_processed/opls_stress_fxa_set4_protein.pdb,800,7.739104,8.248999,8.338586,7.7524853,8.331479,8.244758,8.752144,8.372858,7.864365,8.600045,8.224482
801,opls_stress/fxa_set4,opls_stress/fxa_set4/21027_1q,../large_fep_dataset/data/fep_benchmark_processed/opls_stress_fxa_set4_21027_1q.sdf,../large_fep_dataset/data/fep_benchmark_processed/opls_stress_fxa_set4_protein.pdb,801,7.83836,7.952956,8.352236,7.937933,8.740789,8.33676,8.882907,8.6788435,8.040499,8.567638,8.332891
802,opls_stress/fxa_set4,opls_stress/fxa_set4/1t,../large_fep_dataset/data/fep_benchmark_processed/opls_stress_fxa_set4_1t.sdf,../large_fep_dataset/data/fep_benchmark_processed/opls_stress_fxa_set4_protein.pdb,802,7.268155,8.013933,8.275791,7.3231835,8.644912,8.057786,8.108589,8.345219,7.1489887,8.283216,7.946977
803,opls_stress/fxa_set4,opls_stress/fxa_set4/16352_1e,../large_fep_dataset/data/fep_benchmark_processed/opls_stress_fxa_set4_16352_1e.sdf,../large_fep_dataset/data/fep_benchmark_processed/opls_stress_fxa_set4_protein.pdb,803,7.925091,8.629632,8.502036,8.240669,9.007291,8.628404,8.662984,8.655756,8.373337,8.310928,8.493612
804,opls_stress/fxa_set4,opls_stress/fxa_set4/21081_1k,../large_fep_dataset/data/fep_benchmark_processed/opls_stress_fxa_set4_21081_1k.sdf,../large_fep_dataset/data/fep_benchmark_processed/opls_stress_fxa_set4_protein.pdb,804,7.823681,8.250932,8.502901,8.267321,8.597833,8.631934,8.749068,8.612243,7.8511834,8.591503,8.38786
805,opls_stress/fxa_set4,opls_stress/fxa_set4/21031_1p,../large_fep_dataset/data/fep_benchmark_processed/opls_stress_fxa_set4_21031_1p.sdf,../large_fep_dataset/data/fep_benchmark_processed/opls_stress_fxa_set4_protein.pdb,805,7.799697,8.414428,8.258463,7.7748165,8.671402,8.273617,8.483966,8.802661,7.4828024,8.120675,8.208253
806,opls_stress/fxa_set4,opls_stress/fxa_set4/16353_1d,../large_fep_dataset/data/fep_benchmark_processed/opls_stress_fxa_set4_16353_1d.sdf,../large_fep_dataset/data/fep_benchmark_processed/opls_stress_fxa_set4_protein.pdb,806,8.028036,8.628487,8.683624,8.209215,8.880099,8.684046,8.602745,8.458872,8.420373,8.554041,8.514954
807,opls_stress/fxa_set4,opls_stress/fxa_set4/21082_1l,../large_fep_dataset/data/fep_benchmark_processed/opls_stress_fxa_set4_21082_1l.sdf,../large_fep_dataset/data/fep_benchmark_processed/opls_stress_fxa_set4_protein.pdb,807,7.861999,8.151893,8.602499,8.250038,8.741078,8.436855,8.841222,8.8997345,7.713308,8.413698,8.3912325
808,opls_stress/chk1_set2,opls_stress/chk1_set2/17374_cys,../large_fep_dataset/data/fep_benchmark_processed/opls_stress_chk1_set2_17374_cys.sdf,../large_fep_dataset/data/fep_benchmark_processed/opls_stress_chk1_set2_protein.pdb,808,8.611629,7.953645,7.813952,7.6349063,8.592815,8.339321,7.5998135,8.355481,7.3940907,7.818209,8.011386
809,opls_stress/chk1_set2,opls_stress/chk1_set2/17509,../large_fep_dataset/data/fep_benchmark_processed/opls_stress_chk1_set2_17509.sdf,../large_fep_dataset/data/fep_benchmark_processed/opls_stress_chk1_set2_protein.pdb,809,8.203323,7.5614443,8.013477,7.5510197,7.907085,7.820262,7.174407,7.6678057,7.2496834,7.944281,7.709279
810,opls_stress/chk1_set3,opls_stress/chk1_set3/23882,../large_fep_dataset/data/fep_benchmark_processed/opls_stress_chk1_set3_23882.sdf,../large_fep_dataset/data/fep_benchmark_processed/opls_stress_chk1_set3_protein.pdb,810,6.382254,7.1252356,6.6613474,7.009878,7.157269,6.58465,7.887789,6.9774876,7.0455847,7.138619,6.9970117
811,opls_stress/chk1_set3,opls_stress/chk1_set3/23703_cys,../large_fep_dataset/data/fep_benchmark_processed/opls_stress_chk1_set3_23703_cys.sdf,../large_fep_dataset/data/fep_benchmark_processed/opls_stress_chk1_set3_protein.pdb,811,6.6549745,7.252325,7.298469,7.211228,7.1832466,6.978299,7.9533033,7.226921,7.145151,6.9389734,7.184289
812,opls_stress/chk1_set3,opls_stress/chk1_set3/23864,../large_fep_dataset/data/fep_benchmark_processed/opls_stress_chk1_set3_23864.sdf,../large_fep_dataset/data/fep_benchmark_processed/opls_stress_chk1_set3_protein.pdb,812,6.6670003,7.67012,6.8166394,6.9641123,7.4344835,7.154471,7.884914,7.315969,7.350237,6.8890014,7.214694
813,opls_stress/chk1_set3,opls_stress/chk1_set3/23863,../large_fep_dataset/data/fep_benchmark_processed/opls_stress_chk1_set3_23863.sdf,../large_fep_dataset/data/fep_benchmark_processed/opls_stress_chk1_set3_protein.pdb,813,7.330728,7.4514055,6.8988776,7.0839396,7.329892,7.147718,7.8649464,7.3267884,7.348623,6.8793306,7.2662253
814,opls_stress/chk1_set7,opls_stress/chk1_set7/19997,../large_fep_dataset/data/fep_benchmark_processed/opls_stress_chk1_set7_19997.sdf,../large_fep_dataset/data/fep_benchmark_processed/opls_stress_chk1_set7_protein.pdb,814,7.724326,7.451028,7.74313,7.071893,7.43653,7.443568,6.7726164,7.782788,7.5159454,8.303903,7.524573
815,opls_stress/chk1_set7,opls_stress/chk1_set7/19998,../large_fep_dataset/data/fep_benchmark_processed/opls_stress_chk1_set7_19998.sdf,../large_fep_dataset/data/fep_benchmark_processed/opls_stress_chk1_set7_protein.pdb,815,7.9638276,7.610863,7.5300403,7.0736923,8.13688,7.792265,6.686335,7.7949758,7.6386776,8.40546,7.663301
816,opls_stress/chk1_set7,opls_stress/chk1_set7/19934_cys,../large_fep_dataset/data/fep_benchmark_processed/opls_stress_chk1_set7_19934_cys.sdf,../large_fep_dataset/data/fep_benchmark_processed/opls_stress_chk1_set7_protein.pdb,816,7.556503,7.4099464,7.73714,6.9401135,7.717616,7.549036,6.71818,7.835607,7.4735837,8.3760605,7.5313787
817,opls_stress/chk1_set6,opls_stress/chk1_set6/23708_cys,../large_fep_dataset/data/fep_benchmark_processed/opls_stress_chk1_set6_23708_cys.sdf,../large_fep_dataset/data/fep_benchmark_processed/opls_stress_chk1_set6_protein.pdb,817,8.060124,7.6234345,7.410388,7.845487,7.9747605,8.48398,7.158852,8.647968,7.9392853,8.61729,7.976157
818,opls_stress/chk1_set6,opls_stress/chk1_set6/13,../large_fep_dataset/data/fep_benchmark_processed/opls_stress_chk1_set6_13.sdf,../large_fep_dataset/data/fep_benchmark_processed/opls_stress_chk1_set6_protein.pdb,818,7.862242,6.8788104,6.1255403,7.063956,7.816257,8.122672,7.677287,7.7356653,7.641641,7.5900073,7.4514074
819,opls_stress/chk1_set6,opls_stress/chk1_set6/15,../large_fep_dataset/data/fep_benchmark_processed/opls_stress_chk1_set6_15.sdf,../large_fep_dataset/data/fep_benchmark_processed/opls_stress_chk1_set6_protein.pdb,819,7.598392,7.290342,7.1921644,7.6101136,7.556909,8.832578,7.4568996,7.573176,7.195149,7.7545595,7.6060286
820,opls_stress/chk1_set4,opls_stress/chk1_set4/23704_cys,../large_fep_dataset/data/fep_benchmark_processed/opls_stress_chk1_set4_23704_cys.sdf,../large_fep_dataset/data/fep_benchmark_processed/opls_stress_chk1_set4_protein.pdb,820,6.6087976,7.2484503,6.7620573,7.18202,7.4264245,7.316003,8.029082,7.597226,7.4721804,6.9928713,7.2635117
821,opls_stress/chk1_set4,opls_stress/chk1_set4/23873,../large_fep_dataset/data/fep_benchmark_processed/opls_stress_chk1_set4_23873.sdf,../large_fep_dataset/data/fep_benchmark_processed/opls_stress_chk1_set4_protein.pdb,821,6.9200974,7.4799867,7.09328,7.2187157,7.3132854,7.218897,7.67541,7.589828,7.3958416,7.479036,7.3384376
822,opls_stress/chk1_set5,opls_stress/chk1_set5/20315,../large_fep_dataset/data/fep_benchmark_processed/opls_stress_chk1_set5_20315.sdf,../large_fep_dataset/data/fep_benchmark_processed/opls_stress_chk1_set5_protein.pdb,822,7.439102,7.538102,7.2356963,6.971952,7.205704,7.4334884,7.583069,7.4206586,6.7921047,7.096391,7.2716265
823,opls_stress/chk1_set5,opls_stress/chk1_set5/19939_cys,../large_fep_dataset/data/fep_benchmark_processed/opls_stress_chk1_set5_19939_cys.sdf,../large_fep_dataset/data/fep_benchmark_processed/opls_stress_chk1_set5_protein.pdb,823,7.643758,7.902202,7.089244,6.9775405,7.296533,7.701946,7.7904754,7.5964084,7.013797,7.2501416,7.4262047
824,opls_stress/chk1_set5,opls_stress/chk1_set5/19940,../large_fep_dataset/data/fep_benchmark_processed/opls_stress_chk1_set5_19940.sdf,../large_fep_dataset/data/fep_benchmark_processed/opls_stress_chk1_set5_protein.pdb,824,7.7669396,7.529905,7.4798617,7.134699,7.703704,7.2816377,7.813491,7.7301216,7.079059,7.4699364,7.4989347
825,opls_stress/pb_bace3,opls_stress/pb_bace3/22316,../large_fep_dataset/data/fep_benchmark_processed/opls_stress_pb_bace3_22316.sdf,../large_fep_dataset/data/fep_benchmark_processed/opls_stress_pb_bace3_protein.pdb,825,8.396026,7.621957,7.575595,7.5436907,7.7554827,8.366296,7.613087,7.842044,8.155841,8.3291645,7.919918
826,opls_stress/pb_bace3,opls_stress/pb_bace3/22320,../large_fep_dataset/data/fep_benchmark_processed/opls_stress_pb_bace3_22320.sdf,../large_fep_dataset/data/fep_benchmark_processed/opls_stress_pb_bace3_protein.pdb,826,8.4940815,7.7629004,7.6973743,7.740097,7.465171,7.9054503,7.7986875,8.224934,8.257669,8.331466,7.9677825
827,opls_stress/pb_bace3,opls_stress/pb_bace3/22319,../large_fep_dataset/data/fep_benchmark_processed/opls_stress_pb_bace3_22319.sdf,../large_fep_dataset/data/fep_benchmark_processed/opls_stress_pb_bace3_protein.pdb,827,8.122413,7.537116,7.5272746,7.972655,7.471329,7.772757,7.8043385,8.419932,8.086652,8.06473,7.8779197
828,opls_stress/pb_bace3,opls_stress/pb_bace3/19678_cys,../large_fep_dataset/data/fep_benchmark_processed/opls_stress_pb_bace3_19678_cys.sdf,../large_fep_dataset/data/fep_benchmark_processed/opls_stress_pb_bace3_protein.pdb,828,8.34108,7.7756863,7.694088,7.712129,7.6681886,8.073331,7.8038507,7.676117,8.307332,8.259835,7.931164
829,opls_stress/chk1_set1,opls_stress/chk1_set1/19967,../large_fep_dataset/data/fep_benchmark_processed/opls_stress_chk1_set1_19967.sdf,../large_fep_dataset/data/fep_benchmark_processed/opls_stress_chk1_set1_protein.pdb,829,7.19603,6.516588,7.544943,6.997041,7.191406,7.692262,7.512259,7.1138663,7.4931154,7.9215903,7.31791
830,opls_stress/chk1_set1,opls_stress/chk1_set1/17353_cys,../large_fep_dataset/data/fep_benchmark_processed/opls_stress_chk1_set1_17353_cys.sdf,../large_fep_dataset/data/fep_benchmark_processed/opls_stress_chk1_set1_protein.pdb,830,7.3262568,6.1838193,7.734157,6.640202,6.464973,7.465098,6.663631,6.9591565,7.426354,7.1209755,6.9984617
831,opls_stress/chk1_set1,opls_stress/chk1_set1/19971,../large_fep_dataset/data/fep_benchmark_processed/opls_stress_chk1_set1_19971.sdf,../large_fep_dataset/data/fep_benchmark_processed/opls_stress_chk1_set1_protein.pdb,831,7.3360195,6.2824464,7.452043,6.624075,6.960224,7.083439,6.939063,6.9550476,7.2636256,6.9536843,6.984967
832,merck/pfkfb3_automap,merck/pfkfb3_automap/43,../large_fep_dataset/data/fep_benchmark_processed/merck_pfkfb3_automap_43.sdf,../large_fep_dataset/data/fep_benchmark_processed/merck_pfkfb3_automap_protein.pdb,832,7.4828386,7.290906,7.7582316,7.964403,8.431082,7.881593,7.7891755,8.081207,7.0872064,7.6418753,7.7408514
833,merck/pfkfb3_automap,merck/pfkfb3_automap/30 flip b,../large_fep_dataset/data/fep_benchmark_processed/merck_pfkfb3_automap_30_flip_b.sdf,../large_fep_dataset/data/fep_benchmark_processed/merck_pfkfb3_automap_protein.pdb,833,7.555619,7.4649463,7.3454013,7.3307066,7.4536457,7.51738,7.3551173,7.4892097,6.482455,7.176105,7.3170586
834,merck/pfkfb3_automap,merck/pfkfb3_automap/65,../large_fep_dataset/data/fep_benchmark_processed/merck_pfkfb3_automap_65.sdf,../large_fep_dataset/data/fep_benchmark_processed/merck_pfkfb3_automap_protein.pdb,834,8.306213,7.7629604,8.402647,8.439435,9.068208,8.729493,8.307574,8.272861,7.842014,8.540402,8.367181
835,merck/pfkfb3_automap,merck/pfkfb3_automap/49,../large_fep_dataset/data/fep_benchmark_processed/merck_pfkfb3_automap_49.sdf,../large_fep_dataset/data/fep_benchmark_processed/merck_pfkfb3_automap_protein.pdb,835,6.9880853,7.1702414,7.7509027,7.211565,7.789293,7.637807,7.8212733,7.591799,6.998988,7.1602015,7.4120154
836,merck/pfkfb3_automap,merck/pfkfb3_automap/24,../large_fep_dataset/data/fep_benchmark_processed/merck_pfkfb3_automap_24.sdf,../large_fep_dataset/data/fep_benchmark_processed/merck_pfkfb3_automap_protein.pdb,836,7.857188,7.2920017,7.9006925,7.7875485,7.7435994,7.610805,7.083105,7.2133813,7.5775557,8.199568,7.626545
837,merck/pfkfb3_automap,merck/pfkfb3_automap/67,../large_fep_dataset/data/fep_benchmark_processed/merck_pfkfb3_automap_67.sdf,../large_fep_dataset/data/fep_benchmark_processed/merck_pfkfb3_automap_protein.pdb,837,8.155606,7.7775946,8.071019,8.269708,8.789021,8.17557,8.166807,7.717417,7.8765593,8.040921,8.104022
838,merck/pfkfb3_automap,merck/pfkfb3_automap/62 flip,../large_fep_dataset/data/fep_benchmark_processed/merck_pfkfb3_automap_62_flip.sdf,../large_fep_dataset/data/fep_benchmark_processed/merck_pfkfb3_automap_protein.pdb,838,8.516428,7.7443323,8.84724,8.621626,8.18081,8.811839,7.8706717,8.201054,7.2823243,8.143404,8.221973
839,merck/pfkfb3_automap,merck/pfkfb3_automap/56,../large_fep_dataset/data/fep_benchmark_processed/merck_pfkfb3_automap_56.sdf,../large_fep_dataset/data/fep_benchmark_processed/merck_pfkfb3_automap_protein.pdb,839,7.425492,7.694994,7.939721,7.555287,7.9618335,8.670765,8.033481,7.8385067,7.2971106,8.358065,7.8775253
840,merck/pfkfb3_automap,merck/pfkfb3_automap/59,../large_fep_dataset/data/fep_benchmark_processed/merck_pfkfb3_automap_59.sdf,../large_fep_dataset/data/fep_benchmark_processed/merck_pfkfb3_automap_protein.pdb,840,7.401042,7.4996185,8.42568,7.7300754,7.6968875,8.404469,7.7006965,8.190444,6.700455,7.923528,7.7672896
841,merck/pfkfb3_automap,merck/pfkfb3_automap/38,../large_fep_dataset/data/fep_benchmark_processed/merck_pfkfb3_automap_38.sdf,../large_fep_dataset/data/fep_benchmark_processed/merck_pfkfb3_automap_protein.pdb,841,7.237252,7.04887,7.58941,7.4840446,7.6457853,8.168775,8.07781,7.405117,7.7063065,7.8137,7.6177073
842,merck/pfkfb3_automap,merck/pfkfb3_automap/31,../large_fep_dataset/data/fep_benchmark_processed/merck_pfkfb3_automap_31.sdf,../large_fep_dataset/data/fep_benchmark_processed/merck_pfkfb3_automap_protein.pdb,842,7.2811236,7.1851163,7.1769466,6.7583466,7.2763186,7.434703,7.4566956,7.429367,6.806214,7.029086,7.1833916
843,merck/pfkfb3_automap,merck/pfkfb3_automap/48,../large_fep_dataset/data/fep_benchmark_processed/merck_pfkfb3_automap_48.sdf,../large_fep_dataset/data/fep_benchmark_processed/merck_pfkfb3_automap_protein.pdb,843,7.04114,7.567357,8.115069,7.862534,8.73821,8.252309,8.04419,8.419578,7.210732,7.956624,7.920774
844,merck/pfkfb3_automap,merck/pfkfb3_automap/58,../large_fep_dataset/data/fep_benchmark_processed/merck_pfkfb3_automap_58.sdf,../large_fep_dataset/data/fep_benchmark_processed/merck_pfkfb3_automap_protein.pdb,844,7.5992928,7.623274,8.54029,7.944176,8.331099,8.931205,8.105284,8.408238,7.243952,8.367832,8.109465
845,merck/pfkfb3_automap,merck/pfkfb3_automap/41,../large_fep_dataset/data/fep_benchmark_processed/merck_pfkfb3_automap_41.sdf,../large_fep_dataset/data/fep_benchmark_processed/merck_pfkfb3_automap_protein.pdb,845,8.489671,7.82575,9.063358,8.357746,8.560305,8.289853,8.132519,8.220934,8.671763,8.470972,8.408286
846,merck/pfkfb3_automap,merck/pfkfb3_automap/29,../large_fep_dataset/data/fep_benchmark_processed/merck_pfkfb3_automap_29.sdf,../large_fep_dataset/data/fep_benchmark_processed/merck_pfkfb3_automap_protein.pdb,846,7.580239,6.9697785,7.553822,7.329479,7.886938,8.614958,7.777549,7.146769,7.153596,7.8097496,7.582289
847,merck/pfkfb3_automap,merck/pfkfb3_automap/54,../large_fep_dataset/data/fep_benchmark_processed/merck_pfkfb3_automap_54.sdf,../large_fep_dataset/data/fep_benchmark_processed/merck_pfkfb3_automap_protein.pdb,847,7.911303,7.310388,7.560504,8.043696,8.383881,8.7373705,8.21573,7.7941794,7.226233,8.144487,7.9327765
848,merck/pfkfb3_automap,merck/pfkfb3_automap/47,../large_fep_dataset/data/fep_benchmark_processed/merck_pfkfb3_automap_47.sdf,../large_fep_dataset/data/fep_benchmark_processed/merck_pfkfb3_automap_protein.pdb,848,7.344584,7.043329,7.8538384,7.5606065,8.055899,8.116423,7.4779377,7.973849,7.5140586,7.642295,7.658282
849,merck/pfkfb3_automap,merck/pfkfb3_automap/26,../large_fep_dataset/data/fep_benchmark_processed/merck_pfkfb3_automap_26.sdf,../large_fep_dataset/data/fep_benchmark_processed/merck_pfkfb3_automap_protein.pdb,849,7.181331,7.332699,7.4718156,7.6710167,7.064036,7.8552537,8.017441,7.5143676,7.0921884,7.3686476,7.4568796
850,merck/pfkfb3_automap,merck/pfkfb3_automap/55,../large_fep_dataset/data/fep_benchmark_processed/merck_pfkfb3_automap_55.sdf,../large_fep_dataset/data/fep_benchmark_processed/merck_pfkfb3_automap_protein.pdb,850,7.9235682,7.6022754,8.184057,8.413772,8.703563,8.452525,8.259176,8.136234,7.5428095,8.055514,8.127349
851,merck/pfkfb3_automap,merck/pfkfb3_automap/20,../large_fep_dataset/data/fep_benchmark_processed/merck_pfkfb3_automap_20.sdf,../large_fep_dataset/data/fep_benchmark_processed/merck_pfkfb3_automap_protein.pdb,851,6.9517417,7.3380566,7.8303113,7.9930396,8.130729,8.235957,8.098596,7.9788947,7.1514893,7.5815125,7.729033
852,merck/pfkfb3_automap,merck/pfkfb3_automap/57,../large_fep_dataset/data/fep_benchmark_processed/merck_pfkfb3_automap_57.sdf,../large_fep_dataset/data/fep_benchmark_processed/merck_pfkfb3_automap_protein.pdb,852,8.316711,8.185015,8.358318,8.963447,8.832012,9.341688,8.769788,8.7495575,8.339842,8.768858,8.662524
853,merck/pfkfb3_automap,merck/pfkfb3_automap/42,../large_fep_dataset/data/fep_benchmark_processed/merck_pfkfb3_automap_42.sdf,../large_fep_dataset/data/fep_benchmark_processed/merck_pfkfb3_automap_protein.pdb,853,6.917184,7.3387365,7.6020994,8.351457,7.961126,8.231918,7.82783,7.843886,7.4910717,7.8529954,7.7418303
854,merck/pfkfb3_automap,merck/pfkfb3_automap/35,../large_fep_dataset/data/fep_benchmark_processed/merck_pfkfb3_automap_35.sdf,../large_fep_dataset/data/fep_benchmark_processed/merck_pfkfb3_automap_protein.pdb,854,7.4468007,7.1827865,7.796911,7.555476,7.883081,8.536407,8.123798,7.388428,7.1253824,7.913524,7.695259
855,merck/pfkfb3_automap,merck/pfkfb3_automap/44,../large_fep_dataset/data/fep_benchmark_processed/merck_pfkfb3_automap_44.sdf,../large_fep_dataset/data/fep_benchmark_processed/merck_pfkfb3_automap_protein.pdb,855,7.294799,7.267165,7.9253545,7.8508587,8.070495,7.975924,7.8866353,7.965395,7.196616,7.533044,7.6966286
856,merck/pfkfb3_automap,merck/pfkfb3_automap/63,../large_fep_dataset/data/fep_benchmark_processed/merck_pfkfb3_automap_63.sdf,../large_fep_dataset/data/fep_benchmark_processed/merck_pfkfb3_automap_protein.pdb,856,8.565604,7.9135356,9.035092,8.9567375,9.1020355,8.61937,7.630648,8.393049,7.742753,8.510689,8.446951
857,merck/pfkfb3_automap,merck/pfkfb3_automap/69,../large_fep_dataset/data/fep_benchmark_processed/merck_pfkfb3_automap_69.sdf,../large_fep_dataset/data/fep_benchmark_processed/merck_pfkfb3_automap_protein.pdb,857,7.7712564,7.739387,8.211222,8.04066,8.528476,8.0333185,7.856062,7.8858438,7.392791,8.298501,7.9757514
858,merck/pfkfb3_automap,merck/pfkfb3_automap/52,../large_fep_dataset/data/fep_benchmark_processed/merck_pfkfb3_automap_52.sdf,../large_fep_dataset/data/fep_benchmark_processed/merck_pfkfb3_automap_protein.pdb,858,7.751295,7.4276857,7.6932373,7.784273,8.122597,8.492615,7.4393096,7.856236,6.9388394,7.952628,7.7458715
859,merck/pfkfb3_automap,merck/pfkfb3_automap/19,../large_fep_dataset/data/fep_benchmark_processed/merck_pfkfb3_automap_19.sdf,../large_fep_dataset/data/fep_benchmark_processed/merck_pfkfb3_automap_protein.pdb,859,7.383002,7.231958,6.293039,6.61338,7.2506185,7.1918488,7.0651574,6.9521513,6.528439,6.567901,6.90775
860,merck/pfkfb3_automap,merck/pfkfb3_automap/68,../large_fep_dataset/data/fep_benchmark_processed/merck_pfkfb3_automap_68.sdf,../large_fep_dataset/data/fep_benchmark_processed/merck_pfkfb3_automap_protein.pdb,860,8.024941,7.7415757,7.9349494,8.345753,8.56343,7.975558,8.168304,7.885793,7.4886756,8.136966,8.026594
861,merck/pfkfb3_automap,merck/pfkfb3_automap/33,../large_fep_dataset/data/fep_benchmark_processed/merck_pfkfb3_automap_33.sdf,../large_fep_dataset/data/fep_benchmark_processed/merck_pfkfb3_automap_protein.pdb,861,7.6687655,6.8541875,8.025403,7.537172,7.630521,7.3387923,7.1542177,7.4236426,7.2670164,8.294583,7.5194297
862,merck/pfkfb3_automap,merck/pfkfb3_automap/70,../large_fep_dataset/data/fep_benchmark_processed/merck_pfkfb3_automap_70.sdf,../large_fep_dataset/data/fep_benchmark_processed/merck_pfkfb3_automap_protein.pdb,862,7.7001185,7.777717,8.530369,7.5848584,8.370172,8.34272,8.006513,8.392157,7.4319854,7.987335,8.012394
863,merck/pfkfb3_automap,merck/pfkfb3_automap/53,../large_fep_dataset/data/fep_benchmark_processed/merck_pfkfb3_automap_53.sdf,../large_fep_dataset/data/fep_benchmark_processed/merck_pfkfb3_automap_protein.pdb,863,8.060554,6.920024,7.9180794,8.167234,8.304827,8.353587,7.171486,7.516275,7.457093,7.8888474,7.775801
864,merck/pfkfb3_automap,merck/pfkfb3_automap/64,../large_fep_dataset/data/fep_benchmark_processed/merck_pfkfb3_automap_64.sdf,../large_fep_dataset/data/fep_benchmark_processed/merck_pfkfb3_automap_protein.pdb,864,8.171572,7.571733,8.4791355,8.416581,9.240012,8.743641,8.353503,8.318468,7.797794,8.482061,8.3574505
865,merck/pfkfb3_automap,merck/pfkfb3_automap/39,../large_fep_dataset/data/fep_benchmark_processed/merck_pfkfb3_automap_39.sdf,../large_fep_dataset/data/fep_benchmark_processed/merck_pfkfb3_automap_protein.pdb,865,6.6884985,6.7058167,7.6967955,7.343323,7.9575343,7.3601747,7.641892,7.4098854,7.0401454,7.3755116,7.3219576
866,merck/pfkfb3_automap,merck/pfkfb3_automap/37,../large_fep_dataset/data/fep_benchmark_processed/merck_pfkfb3_automap_37.sdf,../large_fep_dataset/data/fep_benchmark_processed/merck_pfkfb3_automap_protein.pdb,866,7.5672293,7.6013427,7.8480797,7.3611374,7.481077,7.9372377,8.094876,7.664055,7.7661824,7.930722,7.725194
867,merck/pfkfb3_automap,merck/pfkfb3_automap/23,../large_fep_dataset/data/fep_benchmark_processed/merck_pfkfb3_automap_23.sdf,../large_fep_dataset/data/fep_benchmark_processed/merck_pfkfb3_automap_protein.pdb,867,7.478333,7.140863,6.788199,6.7314177,7.499996,7.2278085,7.1132627,6.9990363,6.5407753,6.955835,7.0475526
868,merck/pfkfb3_automap,merck/pfkfb3_automap/60 adjust,../large_fep_dataset/data/fep_benchmark_processed/merck_pfkfb3_automap_60_adjust.sdf,../large_fep_dataset/data/fep_benchmark_processed/merck_pfkfb3_automap_protein.pdb,868,8.105929,7.479589,8.442458,8.032105,8.168759,8.542315,8.257468,8.505817,7.9588027,8.140162,8.16334
869,merck/pfkfb3_automap,merck/pfkfb3_automap/34,../large_fep_dataset/data/fep_benchmark_processed/merck_pfkfb3_automap_34.sdf,../large_fep_dataset/data/fep_benchmark_processed/merck_pfkfb3_automap_protein.pdb,869,7.390372,7.2777643,7.8291464,7.255459,6.977295,7.909677,7.8895016,7.5989985,7.359023,7.4851327,7.4972367
870,merck/pfkfb3_automap,merck/pfkfb3_automap/36,../large_fep_dataset/data/fep_benchmark_processed/merck_pfkfb3_automap_36.sdf,../large_fep_dataset/data/fep_benchmark_processed/merck_pfkfb3_automap_protein.pdb,870,7.804649,7.471186,7.0805573,7.4985366,7.681889,8.408338,7.580593,7.2234592,6.827718,7.591531,7.5168457
871,merck/pfkfb3_automap,merck/pfkfb3_automap/46,../large_fep_dataset/data/fep_benchmark_processed/merck_pfkfb3_automap_46.sdf,../large_fep_dataset/data/fep_benchmark_processed/merck_pfkfb3_automap_protein.pdb,871,8.986786,7.6914043,9.250413,8.541598,8.56619,8.690051,8.722414,8.257194,8.561562,8.3164,8.558401
872,merck/shp2,merck/shp2/SHP099-1/Example 7,../large_fep_dataset/data/fep_benchmark_processed/merck_shp2_SHP099-1_Example_7.sdf,../large_fep_dataset/data/fep_benchmark_processed/merck_shp2_protein.pdb,872,6.4377995,7.3090363,6.2020135,6.4466753,7.3472466,6.6055,7.812711,6.8420835,6.624388,7.119326,6.874678
873,merck/shp2,merck/shp2/Example 22,../large_fep_dataset/data/fep_benchmark_processed/merck_shp2_Example_22.sdf,../large_fep_dataset/data/fep_benchmark_processed/merck_shp2_protein.pdb,873,7.118094,6.8238244,7.0724273,6.933516,7.0187893,6.322268,7.7912693,7.038122,6.222175,7.069215,6.9409704
874,merck/shp2,merck/shp2/Example 29,../large_fep_dataset/data/fep_benchmark_processed/merck_shp2_Example_29.sdf,../large_fep_dataset/data/fep_benchmark_processed/merck_shp2_protein.pdb,874,7.016694,5.9475155,6.0402718,6.6683893,6.021807,6.661606,7.5109887,6.642592,6.4837418,6.328997,6.532261
875,merck/shp2,merck/shp2/11,../large_fep_dataset/data/fep_benchmark_processed/merck_shp2_11.sdf,../large_fep_dataset/data/fep_benchmark_processed/merck_shp2_protein.pdb,875,6.695276,7.493785,6.1964765,6.625368,7.598578,7.643917,7.6287923,6.6448064,7.0294333,7.463699,7.1020126
876,merck/shp2,merck/shp2/4,../large_fep_dataset/data/fep_benchmark_processed/merck_shp2_4.sdf,../large_fep_dataset/data/fep_benchmark_processed/merck_shp2_protein.pdb,876,6.7454424,6.6399264,6.715046,6.3125577,5.965616,6.2883515,5.910862,7.012444,5.355519,6.253853,6.3199615
877,merck/shp2,merck/shp2/Example 2,../large_fep_dataset/data/fep_benchmark_processed/merck_shp2_Example_2.sdf,../large_fep_dataset/data/fep_benchmark_processed/merck_shp2_protein.pdb,877,6.709599,7.3622675,6.33534,7.1248326,6.482837,6.687753,7.7600036,7.002175,6.5377026,7.420068,6.942258
878,merck/shp2,merck/shp2/Example 14,../large_fep_dataset/data/fep_benchmark_processed/merck_shp2_Example_14.sdf,../large_fep_dataset/data/fep_benchmark_processed/merck_shp2_protein.pdb,878,5.8625007,6.984802,6.6027074,6.4685354,6.653167,6.5703535,7.224435,6.750245,6.20763,6.1319113,6.5456285
879,merck/shp2,merck/shp2/Example 26,../large_fep_dataset/data/fep_benchmark_processed/merck_shp2_Example_26.sdf,../large_fep_dataset/data/fep_benchmark_processed/merck_shp2_protein.pdb,879,7.7754636,7.3786683,6.959647,7.0808144,7.047422,6.951829,7.85247,7.076209,6.989677,7.69781,7.2810006
880,merck/shp2,merck/shp2/SHP836-2,../large_fep_dataset/data/fep_benchmark_processed/merck_shp2_SHP836-2.sdf,../large_fep_dataset/data/fep_benchmark_processed/merck_shp2_protein.pdb,880,6.3550076,6.4415436,6.740295,6.551544,6.14871,6.443883,6.386526,7.0223465,5.5533047,6.3932085,6.403637
881,merck/shp2,merck/shp2/Example 6,../large_fep_dataset/data/fep_benchmark_processed/merck_shp2_Example_6.sdf,../large_fep_dataset/data/fep_benchmark_processed/merck_shp2_protein.pdb,881,7.0552173,7.51912,7.029857,7.2070823,7.302943,7.6508746,7.961047,7.1220675,6.902505,7.2042956,7.2955008
882,merck/shp2,merck/shp2/Example 1,../large_fep_dataset/data/fep_benchmark_processed/merck_shp2_Example_1.sdf,../large_fep_dataset/data/fep_benchmark_processed/merck_shp2_protein.pdb,882,6.6546803,7.306379,6.476277,6.7700353,6.942881,6.848737,7.9693923,7.261049,6.6016726,7.1312947,6.9962397
883,merck/shp2,merck/shp2/3,../large_fep_dataset/data/fep_benchmark_processed/merck_shp2_3.sdf,../large_fep_dataset/data/fep_benchmark_processed/merck_shp2_protein.pdb,883,5.834471,6.025778,6.13228,6.169281,5.4105515,5.666579,6.108469,6.6772914,5.079977,5.8356905,5.8940372
884,merck/shp2,merck/shp2/Example 9,../large_fep_dataset/data/fep_benchmark_processed/merck_shp2_Example_9.sdf,../large_fep_dataset/data/fep_benchmark_processed/merck_shp2_protein.pdb,884,5.5856733,6.7846956,6.067778,6.0141535,6.6077447,5.9213724,6.925925,6.7615595,6.8141704,7.193277,6.467635
885,merck/shp2,merck/shp2/Example 8,../large_fep_dataset/data/fep_benchmark_processed/merck_shp2_Example_8.sdf,../large_fep_dataset/data/fep_benchmark_processed/merck_shp2_protein.pdb,885,6.768153,6.994941,6.1487265,6.508226,6.6302776,6.9355936,7.7940955,6.941806,7.3297987,7.4754763,6.952709
886,merck/shp2,merck/shp2/7,../large_fep_dataset/data/fep_benchmark_processed/merck_shp2_7.sdf,../large_fep_dataset/data/fep_benchmark_processed/merck_shp2_protein.pdb,886,6.7740164,6.78284,7.0636544,6.627462,7.537248,7.2671456,8.235144,7.249572,7.009255,6.763123,7.130946
887,merck/shp2,merck/shp2/Example 24,../large_fep_dataset/data/fep_benchmark_processed/merck_shp2_Example_24.sdf,../large_fep_dataset/data/fep_benchmark_processed/merck_shp2_protein.pdb,887,7.0767384,7.2485905,7.004828,7.091098,7.9775066,6.7567234,8.114478,6.8627253,7.037319,7.222818,7.2392817
888,merck/shp2,merck/shp2/Example 28,../large_fep_dataset/data/fep_benchmark_processed/merck_shp2_Example_28.sdf,../large_fep_dataset/data/fep_benchmark_processed/merck_shp2_protein.pdb,888,5.9629135,6.589793,5.1318927,5.9279194,6.0918446,5.5601163,7.029512,6.2262216,6.4076786,5.956872,6.0884767
889,merck/shp2,merck/shp2/10,../large_fep_dataset/data/fep_benchmark_processed/merck_shp2_10.sdf,../large_fep_dataset/data/fep_benchmark_processed/merck_shp2_protein.pdb,889,6.3683543,7.2321277,5.777492,6.5515566,6.5476084,6.679108,7.432434,7.0239697,6.259801,6.759453,6.66319
890,merck/shp2,merck/shp2/Example 25,../large_fep_dataset/data/fep_benchmark_processed/merck_shp2_Example_25.sdf,../large_fep_dataset/data/fep_benchmark_processed/merck_shp2_protein.pdb,890,7.242308,7.226917,6.659823,6.831973,7.346273,7.0639853,7.3847175,7.4319277,7.177566,7.5393395,7.190482
891,merck/shp2,merck/shp2/Example 27,../large_fep_dataset/data/fep_benchmark_processed/merck_shp2_Example_27.sdf,../large_fep_dataset/data/fep_benchmark_processed/merck_shp2_protein.pdb,891,6.8463683,6.5065794,6.2763367,6.2370577,6.4714417,6.385753,6.6592417,6.8224607,6.088647,5.9215865,6.421547
892,merck/shp2,merck/shp2/6,../large_fep_dataset/data/fep_benchmark_processed/merck_shp2_6.sdf,../large_fep_dataset/data/fep_benchmark_processed/merck_shp2_protein.pdb,892,5.88304,6.9691,6.290509,6.3688674,6.9559484,6.610262,6.9010267,6.666104,5.757674,6.606576,6.5009108
893,merck/shp2,merck/shp2/Example 30,../large_fep_dataset/data/fep_benchmark_processed/merck_shp2_Example_30.sdf,../large_fep_dataset/data/fep_benchmark_processed/merck_shp2_protein.pdb,893,6.54344,7.373986,6.327256,6.665302,7.0898914,6.725758,7.4800634,6.93891,6.4653816,6.949277,6.8559275
894,merck/shp2,merck/shp2/Example 5,../large_fep_dataset/data/fep_benchmark_processed/merck_shp2_Example_5.sdf,../large_fep_dataset/data/fep_benchmark_processed/merck_shp2_protein.pdb,894,6.8343053,7.324725,7.1906753,6.9340687,6.4913397,7.3613505,7.4594054,7.109164,6.206982,7.378241,7.029026
895,merck/shp2,merck/shp2/Example 4,../large_fep_dataset/data/fep_benchmark_processed/merck_shp2_Example_4.sdf,../large_fep_dataset/data/fep_benchmark_processed/merck_shp2_protein.pdb,895,6.200949,6.4884586,6.611686,6.6125193,5.6827726,5.9821687,6.6157074,7.138145,6.3998647,5.954347,6.368662
896,merck/shp2,merck/shp2/Example 23,../large_fep_dataset/data/fep_benchmark_processed/merck_shp2_Example_23.sdf,../large_fep_dataset/data/fep_benchmark_processed/merck_shp2_protein.pdb,896,6.8011274,6.916469,7.0204606,7.028237,7.2252693,6.3290677,7.5135336,6.6780043,6.0298367,7.2086267,6.8750634
897,merck/shp2,merck/shp2/Example 3,../large_fep_dataset/data/fep_benchmark_processed/merck_shp2_Example_3.sdf,../large_fep_dataset/data/fep_benchmark_processed/merck_shp2_protein.pdb,897,6.5822806,6.588548,7.057587,6.4489427,5.862362,6.4901557,7.107151,7.0597486,6.0352335,6.174508,6.540652
898,merck/cmet,merck/cmet/CHEMBL3402753_200,../large_fep_dataset/data/fep_benchmark_processed/merck_cmet_CHEMBL3402753_200.sdf,../large_fep_dataset/data/fep_benchmark_processed/merck_cmet_protein.pdb,898,7.66506,6.9853897,7.3223963,6.50203,7.23914,7.256412,7.5133147,7.386711,6.497214,7.3650093,7.1732683
899,merck/cmet,merck/cmet/CHEMBL3402747_3400,../large_fep_dataset/data/fep_benchmark_processed/merck_cmet_CHEMBL3402747_3400.sdf,../large_fep_dataset/data/fep_benchmark_processed/merck_cmet_protein.pdb,899,7.757078,7.189336,7.196725,7.088336,7.375684,6.6669054,7.6593876,7.5452576,6.213268,7.366639,7.205861
900,merck/cmet,merck/cmet/CHEMBL3402744_300,../large_fep_dataset/data/fep_benchmark_processed/merck_cmet_CHEMBL3402744_300.sdf,../large_fep_dataset/data/fep_benchmark_processed/merck_cmet_protein.pdb,900,7.258358,7.209033,7.450998,7.1968575,6.856296,7.518054,6.896371,7.2007318,6.0756974,7.5812244,7.124362
901,merck/cmet,merck/cmet/CHEMBL3402745_200,../large_fep_dataset/data/fep_benchmark_processed/merck_cmet_CHEMBL3402745_200.sdf,../large_fep_dataset/data/fep_benchmark_processed/merck_cmet_protein.pdb,901,7.229594,7.328329,7.243613,7.2106853,6.875849,7.438687,7.1934843,6.678422,6.1433535,7.664175,7.100619
902,merck/cmet,merck/cmet/CHEMBL3402750_400,../large_fep_dataset/data/fep_benchmark_processed/merck_cmet_CHEMBL3402750_400.sdf,../large_fep_dataset/data/fep_benchmark_processed/merck_cmet_protein.pdb,902,7.8991137,7.2222047,6.9513383,7.2444715,7.5803432,7.3802547,7.7034874,7.5001636,6.743376,7.738184,7.3962936
903,merck/cmet,merck/cmet/CHEMBL3402743_42,../large_fep_dataset/data/fep_benchmark_processed/merck_cmet_CHEMBL3402743_42.sdf,../large_fep_dataset/data/fep_benchmark_processed/merck_cmet_protein.pdb,903,6.9756117,7.92283,7.3367996,7.2645087,6.12147,7.349847,7.663772,6.075115,6.0466766,7.297096,7.0053725
904,merck/cmet,merck/cmet/CHEMBL3402752_30000,../large_fep_dataset/data/fep_benchmark_processed/merck_cmet_CHEMBL3402752_30000.sdf,../large_fep_dataset/data/fep_benchmark_processed/merck_cmet_protein.pdb,904,7.9931912,7.2385955,7.1751165,7.517129,7.6108537,7.7597785,7.7052712,7.86858,7.0091166,7.632311,7.550994
905,merck/cmet,merck/cmet/CHEMBL3402755_4200,../large_fep_dataset/data/fep_benchmark_processed/merck_cmet_CHEMBL3402755_4200.sdf,../large_fep_dataset/data/fep_benchmark_processed/merck_cmet_protein.pdb,905,7.911152,7.477943,7.496661,7.12924,7.1238823,6.956378,7.562477,7.282002,6.2676015,7.384551,7.2591887
906,merck/cmet,merck/cmet/CHEMBL3402749_500,../large_fep_dataset/data/fep_benchmark_processed/merck_cmet_CHEMBL3402749_500.sdf,../large_fep_dataset/data/fep_benchmark_processed/merck_cmet_protein.pdb,906,7.4834833,7.0419154,6.8017154,7.3351827,6.765754,7.01102,7.1969175,7.0793395,5.9239254,7.036673,6.9675927
907,merck/cmet,merck/cmet/CHEMBL3402765_11-charged-pKa-8.1,../large_fep_dataset/data/fep_benchmark_processed/merck_cmet_CHEMBL3402765_11-charged-pKa-8.1.sdf,../large_fep_dataset/data/fep_benchmark_processed/merck_cmet_protein.pdb,907,6.7869935,8.3218775,7.7805214,7.594619,7.152944,7.857124,7.406551,6.879033,6.9502716,8.123441,7.4853377
908,merck/cmet,merck/cmet/CHEMBL3402742_23,../large_fep_dataset/data/fep_benchmark_processed/merck_cmet_CHEMBL3402742_23.sdf,../large_fep_dataset/data/fep_benchmark_processed/merck_cmet_protein.pdb,908,7.5362215,8.100642,7.390748,7.7921624,6.094541,7.4410543,6.412945,7.5688033,6.4130154,8.148258,7.2898393
909,merck/cmet,merck/cmet/CHEMBL3402754_40,../large_fep_dataset/data/fep_benchmark_processed/merck_cmet_CHEMBL3402754_40.sdf,../large_fep_dataset/data/fep_benchmark_processed/merck_cmet_protein.pdb,909,8.080814,7.7226014,7.3412676,7.028002,7.7392235,7.3212137,7.3948903,7.5330634,6.5495706,7.723737,7.4434385
910,merck/cmet,merck/cmet/CHEMBL3402748_5300,../large_fep_dataset/data/fep_benchmark_processed/merck_cmet_CHEMBL3402748_5300.sdf,../large_fep_dataset/data/fep_benchmark_processed/merck_cmet_protein.pdb,910,7.611461,7.252153,7.1346397,6.8417406,7.08949,7.005224,7.1852508,7.36466,6.541138,7.124348,7.1150107
911,merck/cmet,merck/cmet/CHEMBL3402741_400,../large_fep_dataset/data/fep_benchmark_processed/merck_cmet_CHEMBL3402741_400.sdf,../large_fep_dataset/data/fep_benchmark_processed/merck_cmet_protein.pdb,911,7.074848,7.766715,6.7047296,7.709915,6.0365934,7.1524186,6.216126,6.943162,6.737494,7.7576513,7.0099654
912,merck/cmet,merck/cmet/CHEMBL3402763_90,../large_fep_dataset/data/fep_benchmark_processed/merck_cmet_CHEMBL3402763_90.sdf,../large_fep_dataset/data/fep_benchmark_processed/merck_cmet_protein.pdb,912,6.690101,7.301414,6.566837,7.23111,6.026101,6.473906,5.962367,6.9290805,6.649959,7.545497,6.7376375
913,merck/cmet,merck/cmet/CHEMBL3402764_90,../large_fep_dataset/data/fep_benchmark_processed/merck_cmet_CHEMBL3402764_90.sdf,../large_fep_dataset/data/fep_benchmark_processed/merck_cmet_protein.pdb,913,6.885521,7.977545,7.2935433,6.9280634,6.169675,7.3326287,7.3425107,5.6745586,5.9339128,6.6262255,6.8164186
914,merck/cmet,merck/cmet/CHEMBL3402751_2100,../large_fep_dataset/data/fep_benchmark_processed/merck_cmet_CHEMBL3402751_2100.sdf,../large_fep_dataset/data/fep_benchmark_processed/merck_cmet_protein.pdb,914,7.8615165,7.242167,7.224103,7.5689015,7.2807794,7.4712024,7.7393456,7.5048723,7.3494635,7.326613,7.4568963
915,merck/cmet,merck/cmet/CHEMBL3402756_2.7 redocked,../large_fep_dataset/data/fep_benchmark_processed/merck_cmet_CHEMBL3402756_2.7_redocked.sdf,../large_fep_dataset/data/fep_benchmark_processed/merck_cmet_protein.pdb,915,6.839662,7.1599517,7.2354236,6.093138,7.0369167,7.6599894,7.9633617,6.289278,6.445225,7.708954,7.04319
916,merck/cmet,merck/cmet/CHEMBL3402762_1 redocked,../large_fep_dataset/data/fep_benchmark_processed/merck_cmet_CHEMBL3402762_1_redocked.sdf,../large_fep_dataset/data/fep_benchmark_processed/merck_cmet_protein.pdb,916,7.1034026,7.6234546,7.7827525,7.2083025,8.394875,8.107027,7.87713,7.518276,7.28545,8.013698,7.691436
917,merck/cmet,merck/cmet/CHEMBL3402760_1 redocked,../large_fep_dataset/data/fep_benchmark_processed/merck_cmet_CHEMBL3402760_1_redocked.sdf,../large_fep_dataset/data/fep_benchmark_processed/merck_cmet_protein.pdb,917,7.3841777,7.730941,7.769456,6.2906137,7.6873226,8.073194,7.107513,7.198887,7.160628,7.319054,7.3721786
918,merck/cmet,merck/cmet/CHEMBL3402757_6.5 redocked,../large_fep_dataset/data/fep_benchmark_processed/merck_cmet_CHEMBL3402757_6.5_redocked.sdf,../large_fep_dataset/data/fep_benchmark_processed/merck_cmet_protein.pdb,918,6.7924547,7.1386404,7.2400446,6.1873884,6.883169,7.545582,7.5650735,6.3683004,6.4140096,7.3427935,6.9477463
919,merck/cmet,merck/cmet/CHEMBL3402761_1 redocked,../large_fep_dataset/data/fep_benchmark_processed/merck_cmet_CHEMBL3402761_1_redocked.sdf,../large_fep_dataset/data/fep_benchmark_processed/merck_cmet_protein.pdb,919,7.573224,7.904768,7.439167,6.999491,8.101318,7.899697,7.140583,7.372354,7.677483,7.7605085,7.586859
920,merck/cmet,merck/cmet/CHEMBL3402758_10 redocked,../large_fep_dataset/data/fep_benchmark_processed/merck_cmet_CHEMBL3402758_10_redocked.sdf,../large_fep_dataset/data/fep_benchmark_processed/merck_cmet_protein.pdb,920,7.0029316,6.9236484,7.197701,5.7305665,6.3782096,7.738046,7.5502586,6.719306,6.5805235,6.2810025,6.81022
921,merck/cmet,merck/cmet/CHEMBL3402759_5.7 redocked,../large_fep_dataset/data/fep_benchmark_processed/merck_cmet_CHEMBL3402759_5.7_redocked.sdf,../large_fep_dataset/data/fep_benchmark_processed/merck_cmet_protein.pdb,921,6.688753,7.083296,6.9842606,5.9418488,6.618597,7.5165806,7.1419134,6.9646587,6.0120244,7.005707,6.795764
922,merck/eg5_extraprotomers,merck/eg5_extraprotomers/CHEMBL1078774,../large_fep_dataset/data/fep_benchmark_processed/merck_eg5_extraprotomers_CHEMBL1078774.sdf,../large_fep_dataset/data/fep_benchmark_processed/merck_eg5_extraprotomers_protein.pdb,922,6.7872868,7.168425,7.0092163,6.924737,6.727153,7.417776,7.744937,7.631139,6.840893,6.412124,7.066368
923,merck/eg5_extraprotomers,merck/eg5_extraprotomers/CHEMBL1093087,../large_fep_dataset/data/fep_benchmark_processed/merck_eg5_extraprotomers_CHEMBL1093087.sdf,../large_fep_dataset/data/fep_benchmark_processed/merck_eg5_extraprotomers_protein.pdb,923,6.295087,6.012522,6.18192,5.6226926,6.0845494,5.718752,5.652598,6.514157,5.494339,6.400538,5.9977155
924,merck/eg5_extraprotomers,merck/eg5_extraprotomers/CHEMBL1082249,../large_fep_dataset/data/fep_benchmark_processed/merck_eg5_extraprotomers_CHEMBL1082249.sdf,../large_fep_dataset/data/fep_benchmark_processed/merck_eg5_extraprotomers_protein.pdb,924,6.38685,6.443075,6.149298,7.2783303,6.5915823,7.144876,6.922636,7.3422465,6.5470767,6.5159397,6.7321916
925,merck/eg5_extraprotomers,merck/eg5_extraprotomers/CHEMBL1089393,../large_fep_dataset/data/fep_benchmark_processed/merck_eg5_extraprotomers_CHEMBL1089393.sdf,../large_fep_dataset/data/fep_benchmark_processed/merck_eg5_extraprotomers_protein.pdb,925,6.2111254,6.691632,5.961485,6.5912805,5.8415365,6.0540643,5.941632,6.362376,5.5758934,5.320885,6.055191
926,merck/eg5_extraprotomers,merck/eg5_extraprotomers/CHEMBL1078691,../large_fep_dataset/data/fep_benchmark_processed/merck_eg5_extraprotomers_CHEMBL1078691.sdf,../large_fep_dataset/data/fep_benchmark_processed/merck_eg5_extraprotomers_protein.pdb,926,6.2843637,7.1404233,6.5235744,7.243362,6.658232,7.174981,7.034439,7.33388,5.809141,6.1038027,6.7306204
927,merck/eg5_extraprotomers,merck/eg5_extraprotomers/CHEMBL1086409,../large_fep_dataset/data/fep_benchmark_processed/merck_eg5_extraprotomers_CHEMBL1086409.sdf,../large_fep_dataset/data/fep_benchmark_processed/merck_eg5_extraprotomers_protein.pdb,927,5.568068,6.3936605,6.3749204,5.5596747,5.099801,5.3661523,5.9063463,5.8874893,5.5587654,6.331258,5.8046136
928,merck/eg5_extraprotomers,merck/eg5_extraprotomers/CHEMBL1082248,../large_fep_dataset/data/fep_benchmark_processed/merck_eg5_extraprotomers_CHEMBL1082248.sdf,../large_fep_dataset/data/fep_benchmark_processed/merck_eg5_extraprotomers_protein.pdb,928,5.830301,6.503788,6.674113,6.0461326,5.396478,6.437496,6.6616545,6.5847483,5.568633,6.461316,6.216466
929,merck/eg5_extraprotomers,merck/eg5_extraprotomers/CHEMBL1084678,../large_fep_dataset/data/fep_benchmark_processed/merck_eg5_extraprotomers_CHEMBL1084678.sdf,../large_fep_dataset/data/fep_benchmark_processed/merck_eg5_extraprotomers_protein.pdb,929,6.7874026,6.84563,6.909563,5.9783745,6.362871,6.1642704,6.4959598,6.4969697,6.2296777,7.0469184,6.531764
930,merck/eg5_extraprotomers,merck/eg5_extraprotomers/CHEMBL1084115,../large_fep_dataset/data/fep_benchmark_processed/merck_eg5_extraprotomers_CHEMBL1084115.sdf,../large_fep_dataset/data/fep_benchmark_processed/merck_eg5_extraprotomers_protein.pdb,930,5.425019,6.326874,5.169533,6.4505987,6.3452487,5.989045,6.5464897,7.318229,5.230628,5.3616385,6.0163302
931,merck/eg5_extraprotomers,merck/eg5_extraprotomers/CHEMBL1084431,../large_fep_dataset/data/fep_benchmark_processed/merck_eg5_extraprotomers_CHEMBL1084431.sdf,../large_fep_dataset/data/fep_benchmark_processed/merck_eg5_extraprotomers_protein.pdb,931,7.3584456,6.840598,6.7194095,7.040828,6.742537,6.535044,6.109609,7.3620763,6.9600706,7.350833,6.9019456
932,merck/eg5_extraprotomers,merck/eg5_extraprotomers/CHEMBL1085895,../large_fep_dataset/data/fep_benchmark_processed/merck_eg5_extraprotomers_CHEMBL1085895.sdf,../large_fep_dataset/data/fep_benchmark_processed/merck_eg5_extraprotomers_protein.pdb,932,6.5758715,6.4445443,6.5899253,7.028939,6.6602397,7.245171,7.007491,5.822186,5.9928718,6.8915515,6.625879
933,merck/eg5_extraprotomers,merck/eg5_extraprotomers/CHEMBL1084677,../large_fep_dataset/data/fep_benchmark_processed/merck_eg5_extraprotomers_CHEMBL1084677.sdf,../large_fep_dataset/data/fep_benchmark_processed/merck_eg5_extraprotomers_protein.pdb,933,6.4100122,6.8312225,5.925121,5.7094293,6.3866563,5.9629946,6.2885303,6.3277016,6.2712774,6.864029,6.297697
934,merck/eg5_extraprotomers,merck/eg5_extraprotomers/CHEMBL1077227,../large_fep_dataset/data/fep_benchmark_processed/merck_eg5_extraprotomers_CHEMBL1077227.sdf,../large_fep_dataset/data/fep_benchmark_processed/merck_eg5_extraprotomers_protein.pdb,934,5.0339766,6.5422053,5.816448,6.429386,5.6905756,6.936918,6.4209356,7.038694,5.83755,5.9286423,6.167533
935,merck/eg5_extraprotomers,merck/eg5_extraprotomers/CHEMBL1086410,../large_fep_dataset/data/fep_benchmark_processed/merck_eg5_extraprotomers_CHEMBL1086410.sdf,../large_fep_dataset/data/fep_benchmark_processed/merck_eg5_extraprotomers_protein.pdb,935,6.3109593,6.8077583,6.7349286,6.543355,5.7597103,7.5966854,7.279487,7.347479,5.5168138,6.228432,6.612561
936,merck/eg5_extraprotomers,merck/eg5_extraprotomers/CHEMBL1083517,../large_fep_dataset/data/fep_benchmark_processed/merck_eg5_extraprotomers_CHEMBL1083517.sdf,../large_fep_dataset/data/fep_benchmark_processed/merck_eg5_extraprotomers_protein.pdb,936,5.5966606,6.5221944,6.7041297,6.6529007,6.9078283,5.8709664,6.8067074,6.7598286,6.085474,6.868244,6.4774933
937,merck/eg5_extraprotomers,merck/eg5_extraprotomers/CHEMBL1096003,../large_fep_dataset/data/fep_benchmark_processed/merck_eg5_extraprotomers_CHEMBL1096003.sdf,../large_fep_dataset/data/fep_benchmark_processed/merck_eg5_extraprotomers_protein.pdb,937,7.1336074,7.0734024,7.0566335,7.172623,7.1733584,7.36715,7.6690297,7.911155,6.6281033,6.813255,7.1998315
938,merck/eg5_extraprotomers,merck/eg5_extraprotomers/CHEMBL1077204,../large_fep_dataset/data/fep_benchmark_processed/merck_eg5_extraprotomers_CHEMBL1077204.sdf,../large_fep_dataset/data/fep_benchmark_processed/merck_eg5_extraprotomers_protein.pdb,938,6.9628243,6.2372804,6.369159,7.094889,7.137137,7.617637,6.657629,6.8723063,6.140916,7.0064445,6.8096223
939,merck/eg5_extraprotomers,merck/eg5_extraprotomers/CHEMBL1083836,../large_fep_dataset/data/fep_benchmark_processed/merck_eg5_extraprotomers_CHEMBL1083836.sdf,../large_fep_dataset/data/fep_benchmark_processed/merck_eg5_extraprotomers_protein.pdb,939,5.8432746,6.676186,6.477943,6.4185724,5.88635,7.287632,7.4445257,6.678444,5.6833463,5.754489,6.4150763
940,merck/eg5_extraprotomers,merck/eg5_extraprotomers/CHEMBL1085666,../large_fep_dataset/data/fep_benchmark_processed/merck_eg5_extraprotomers_CHEMBL1085666.sdf,../large_fep_dataset/data/fep_benchmark_processed/merck_eg5_extraprotomers_protein.pdb,940,5.851782,5.9919252,6.0967436,5.733165,5.956304,6.4601684,5.838594,6.4564457,5.248557,6.169482,5.9803166
941,merck/eg5_extraprotomers,merck/eg5_extraprotomers/CHEMBL1085692,../large_fep_dataset/data/fep_benchmark_processed/merck_eg5_extraprotomers_CHEMBL1085692.sdf,../large_fep_dataset/data/fep_benchmark_processed/merck_eg5_extraprotomers_protein.pdb,941,6.657601,6.8331513,6.8880587,6.9975843,5.995115,8.002154,7.080993,7.8200684,6.9268923,7.5451174,7.0746737
942,merck/eg5_extraprotomers,merck/eg5_extraprotomers/CHEMBL1084143,../large_fep_dataset/data/fep_benchmark_processed/merck_eg5_extraprotomers_CHEMBL1084143.sdf,../large_fep_dataset/data/fep_benchmark_processed/merck_eg5_extraprotomers_protein.pdb,942,7.4585333,7.684891,7.3012447,6.7533917,6.9547324,8.222777,6.8655167,7.0619955,7.3490505,6.985557,7.2637696
943,merck/eg5_extraprotomers,merck/eg5_extraprotomers/CHEMBL1096002,../large_fep_dataset/data/fep_benchmark_processed/merck_eg5_extraprotomers_CHEMBL1096002.sdf,../large_fep_dataset/data/fep_benchmark_processed/merck_eg5_extraprotomers_protein.pdb,943,6.9508567,6.5768404,6.830894,7.255467,6.4577055,7.109308,7.3140306,7.0261064,6.276139,6.822008,6.8619356
944,merck/eg5_extraprotomers,merck/eg5_extraprotomers/CHEMBL1089056,../large_fep_dataset/data/fep_benchmark_processed/merck_eg5_extraprotomers_CHEMBL1089056.sdf,../large_fep_dataset/data/fep_benchmark_processed/merck_eg5_extraprotomers_protein.pdb,944,6.4027066,6.547227,5.643856,6.6728053,6.100481,6.8134937,7.2316093,7.6628747,5.4510217,6.111,6.4637084
945,merck/eg5_extraprotomers,merck/eg5_extraprotomers/CHEMBL1093088,../large_fep_dataset/data/fep_benchmark_processed/merck_eg5_extraprotomers_CHEMBL1093088.sdf,../large_fep_dataset/data/fep_benchmark_processed/merck_eg5_extraprotomers_protein.pdb,945,7.5209794,7.4887986,7.5533385,7.51866,7.4296055,8.001423,6.9696546,7.601193,6.1259303,7.6261406,7.3835726
946,merck/eg5_extraprotomers,merck/eg5_extraprotomers/CHEMBL1084676,../large_fep_dataset/data/fep_benchmark_processed/merck_eg5_extraprotomers_CHEMBL1084676.sdf,../large_fep_dataset/data/fep_benchmark_processed/merck_eg5_extraprotomers_protein.pdb,946,6.629552,6.608594,6.54882,7.081824,7.1603856,7.825039,6.471026,6.4025335,6.100115,6.653422,6.748131
947,merck/eg5_extraprotomers,merck/eg5_extraprotomers/CHEMBL1084935,../large_fep_dataset/data/fep_benchmark_processed/merck_eg5_extraprotomers_CHEMBL1084935.sdf,../large_fep_dataset/data/fep_benchmark_processed/merck_eg5_extraprotomers_protein.pdb,947,7.504559,7.697136,7.446691,7.9882274,6.602113,7.5361433,7.7479634,7.966929,6.923465,6.775205,7.4188437
948,merck/eg5_extraprotomers,merck/eg5_extraprotomers/CHEMBL1078998,../large_fep_dataset/data/fep_benchmark_processed/merck_eg5_extraprotomers_CHEMBL1078998.sdf,../large_fep_dataset/data/fep_benchmark_processed/merck_eg5_extraprotomers_protein.pdb,948,5.2541523,6.4479256,5.1164584,6.1917825,6.0515113,5.878395,6.2239094,7.0446496,5.241414,5.423903,5.88741
949,merck/eg5_extraprotomers,merck/eg5_extraprotomers/CHEMBL1088740,../large_fep_dataset/data/fep_benchmark_processed/merck_eg5_extraprotomers_CHEMBL1088740.sdf,../large_fep_dataset/data/fep_benchmark_processed/merck_eg5_extraprotomers_protein.pdb,949,5.6305733,6.5574656,5.172162,5.967546,6.0444875,6.2286696,6.592831,7.2641354,5.531875,5.775944,6.076569
950,merck/eg5_extraprotomers,merck/eg5_extraprotomers/CHEMBL1084143_1,../large_fep_dataset/data/fep_benchmark_processed/merck_eg5_extraprotomers_CHEMBL1084143_1.sdf,../large_fep_dataset/data/fep_benchmark_processed/merck_eg5_extraprotomers_protein.pdb,950,8.019072,7.854587,7.1111116,6.8104734,7.0247397,7.4715934,7.400385,7.7339554,7.400011,7.287734,7.4113665
951,merck/eg5_extraprotomers,merck/eg5_extraprotomers/CHEMBL1096003_1,../large_fep_dataset/data/fep_benchmark_processed/merck_eg5_extraprotomers_CHEMBL1096003_1.sdf,../large_fep_dataset/data/fep_benchmark_processed/merck_eg5_extraprotomers_protein.pdb,951,7.495275,7.393547,7.5922813,7.4913793,7.365611,7.3106265,7.2665677,7.6889334,6.926499,7.337825,7.3868546
952,merck/eg5_extraprotomers,merck/eg5_extraprotomers/CHEMBL1096002_1,../large_fep_dataset/data/fep_benchmark_processed/merck_eg5_extraprotomers_CHEMBL1096002_1.sdf,../large_fep_dataset/data/fep_benchmark_processed/merck_eg5_extraprotomers_protein.pdb,952,6.995184,6.935258,7.1976123,7.4434867,6.582087,7.1071334,7.133455,7.371793,6.9335074,7.0932436,7.0792756
953,merck/eg5_extraprotomers,merck/eg5_extraprotomers/CHEMBL1084676_1,../large_fep_dataset/data/fep_benchmark_processed/merck_eg5_extraprotomers_CHEMBL1084676_1.sdf,../large_fep_dataset/data/fep_benchmark_processed/merck_eg5_extraprotomers_protein.pdb,953,6.454568,6.1222844,6.974212,6.703032,7.0037184,7.532391,7.119674,6.155288,6.0267267,7.0509734,6.714287
954,merck/eg5_extraprotomers,merck/eg5_extraprotomers/CHEMBL1084677_1,../large_fep_dataset/data/fep_benchmark_processed/merck_eg5_extraprotomers_CHEMBL1084677_1.sdf,../large_fep_dataset/data/fep_benchmark_processed/merck_eg5_extraprotomers_protein.pdb,954,6.6973643,6.9288573,6.785351,6.0563583,6.907346,7.167945,6.668314,6.603432,6.6226754,6.9269404,6.736458
955,merck/eg5_extraprotomers,merck/eg5_extraprotomers/CHEMBL1084935_1,../large_fep_dataset/data/fep_benchmark_processed/merck_eg5_extraprotomers_CHEMBL1084935_1.sdf,../large_fep_dataset/data/fep_benchmark_processed/merck_eg5_extraprotomers_protein.pdb,955,7.836196,7.744515,7.041133,7.6150985,6.880087,7.647085,7.396353,7.962752,6.802433,6.989022,7.391468
956,merck/syk_4puz_fullmap,merck/syk_4puz_fullmap/CHEMBL3265014,../large_fep_dataset/data/fep_benchmark_processed/merck_syk_4puz_fullmap_CHEMBL3265014.sdf,../large_fep_dataset/data/fep_benchmark_processed/merck_syk_4puz_fullmap_protein.pdb,956,7.843039,6.998804,7.2703805,7.661728,7.212358,7.3896837,8.299529,7.4111657,7.9748783,8.195495,7.6257067
957,merck/syk_4puz_fullmap,merck/syk_4puz_fullmap/CHEMBL3265036,../large_fep_dataset/data/fep_benchmark_processed/merck_syk_4puz_fullmap_CHEMBL3265036.sdf,../large_fep_dataset/data/fep_benchmark_processed/merck_syk_4puz_fullmap_protein.pdb,957,7.0476336,6.6302824,7.0206966,6.711177,7.0680842,7.7524433,7.2988844,7.4262047,7.0716734,7.2485447,7.127562
958,merck/syk_4puz_fullmap,merck/syk_4puz_fullmap/CHEMBL3265020,../large_fep_dataset/data/fep_benchmark_processed/merck_syk_4puz_fullmap_CHEMBL3265020.sdf,../large_fep_dataset/data/fep_benchmark_processed/merck_syk_4puz_fullmap_protein.pdb,958,7.6292844,6.2509847,7.0639405,7.360492,7.315751,7.2223787,7.75016,7.2935076,7.4023833,7.749466,7.3038344
959,merck/syk_4puz_fullmap,merck/syk_4puz_fullmap/CHEMBL3265023,../large_fep_dataset/data/fep_benchmark_processed/merck_syk_4puz_fullmap_CHEMBL3265023.sdf,../large_fep_dataset/data/fep_benchmark_processed/merck_syk_4puz_fullmap_protein.pdb,959,7.8880415,6.942903,7.601957,7.601686,7.7407856,8.106976,8.256314,7.807193,7.8503566,7.803146,7.759936
960,merck/syk_4puz_fullmap,merck/syk_4puz_fullmap/CHEMBL3265033,../large_fep_dataset/data/fep_benchmark_processed/merck_syk_4puz_fullmap_CHEMBL3265033.sdf,../large_fep_dataset/data/fep_benchmark_processed/merck_syk_4puz_fullmap_protein.pdb,960,7.046561,6.966096,7.1646266,7.5158987,6.6907997,7.9746675,7.4274745,6.9474735,7.115392,7.6364474,7.2485437
961,merck/syk_4puz_fullmap,merck/syk_4puz_fullmap/CHEMBL3265027,../large_fep_dataset/data/fep_benchmark_processed/merck_syk_4puz_fullmap_CHEMBL3265027.sdf,../large_fep_dataset/data/fep_benchmark_processed/merck_syk_4puz_fullmap_protein.pdb,961,7.2574973,7.105769,7.272562,7.166092,7.364123,7.295471,7.2910843,7.249358,7.4009643,7.1531343,7.255606
962,merck/syk_4puz_fullmap,merck/syk_4puz_fullmap/CHEMBL3265028,../large_fep_dataset/data/fep_benchmark_processed/merck_syk_4puz_fullmap_CHEMBL3265028.sdf,../large_fep_dataset/data/fep_benchmark_processed/merck_syk_4puz_fullmap_protein.pdb,962,8.105053,7.2090807,7.280227,7.5986423,7.322023,7.3611903,7.607071,7.0632434,7.7493052,7.7421103,7.5037947
963,merck/syk_4puz_fullmap,merck/syk_4puz_fullmap/CHEMBL3265032,../large_fep_dataset/data/fep_benchmark_processed/merck_syk_4puz_fullmap_CHEMBL3265032.sdf,../large_fep_dataset/data/fep_benchmark_processed/merck_syk_4puz_fullmap_protein.pdb,963,7.353309,6.755563,7.040221,7.0855536,7.182216,7.18595,7.213963,7.314577,7.5802984,7.119748,7.1831408
964,merck/syk_4puz_fullmap,merck/syk_4puz_fullmap/CHEMBL3265031,../large_fep_dataset/data/fep_benchmark_processed/merck_syk_4puz_fullmap_CHEMBL3265031.sdf,../large_fep_dataset/data/fep_benchmark_processed/merck_syk_4puz_fullmap_protein.pdb,964,7.6215587,7.1221848,7.6718755,7.4105163,7.551554,7.6881895,7.686048,8.141265,7.69599,7.5822597,7.617144
965,merck/syk_4puz_fullmap,merck/syk_4puz_fullmap/CHEMBL3265037,../large_fep_dataset/data/fep_benchmark_processed/merck_syk_4puz_fullmap_CHEMBL3265037.sdf,../large_fep_dataset/data/fep_benchmark_processed/merck_syk_4puz_fullmap_protein.pdb,965,7.7106915,6.9494705,7.6883473,7.426144,7.8340244,8.148475,7.9036646,7.036305,8.064216,8.325023,7.708636
966,merck/syk_4puz_fullmap,merck/syk_4puz_fullmap/CHEMBL3265026,../large_fep_dataset/data/fep_benchmark_processed/merck_syk_4puz_fullmap_CHEMBL3265026.sdf,../large_fep_dataset/data/fep_benchmark_processed/merck_syk_4puz_fullmap_protein.pdb,966,7.9318914,6.446127,7.223199,7.3444767,7.5223637,7.7850676,7.950737,7.360006,7.384417,7.770451,7.4718733
967,merck/syk_4puz_fullmap,merck/syk_4puz_fullmap/CHEMBL3265012,../large_fep_dataset/data/fep_benchmark_processed/merck_syk_4puz_fullmap_CHEMBL3265012.sdf,../large_fep_dataset/data/fep_benchmark_processed/merck_syk_4puz_fullmap_protein.pdb,967,7.9568586,7.0486283,8.214964,7.740458,7.6830783,7.878506,8.554833,7.729346,8.100572,8.708111,7.9615355
968,merck/syk_4puz_fullmap,merck/syk_4puz_fullmap/CHEMBL3265029,../large_fep_dataset/data/fep_benchmark_processed/merck_syk_4puz_fullmap_CHEMBL3265029.sdf,../large_fep_dataset/data/fep_benchmark_processed/merck_syk_4puz_fullmap_protein.pdb,968,7.4451246,6.7466726,6.9252667,7.184857,7.759103,7.1523848,7.3405795,7.421937,7.015035,6.8982224,7.188918
969,merck/syk_4puz_fullmap,merck/syk_4puz_fullmap/CHEMBL3265035,../large_fep_dataset/data/fep_benchmark_processed/merck_syk_4puz_fullmap_CHEMBL3265035.sdf,../large_fep_dataset/data/fep_benchmark_processed/merck_syk_4puz_fullmap_protein.pdb,969,7.705807,6.7594576,7.4245677,7.8826756,7.32983,7.0983057,7.360198,7.0042276,7.9918995,7.158532,7.37155
970,merck/syk_4puz_fullmap,merck/syk_4puz_fullmap/CHEMBL3265024,../large_fep_dataset/data/fep_benchmark_processed/merck_syk_4puz_fullmap_CHEMBL3265024.sdf,../large_fep_dataset/data/fep_benchmark_processed/merck_syk_4puz_fullmap_protein.pdb,970,7.936293,6.9753194,8.508747,8.075396,8.111894,8.321046,8.518539,8.046897,7.745337,8.378061,8.061753
971,merck/syk_4puz_fullmap,merck/syk_4puz_fullmap/CHEMBL3265018,../large_fep_dataset/data/fep_benchmark_processed/merck_syk_4puz_fullmap_CHEMBL3265018.sdf,../large_fep_dataset/data/fep_benchmark_processed/merck_syk_4puz_fullmap_protein.pdb,971,7.9439125,6.8510323,7.508225,7.622253,7.9543824,7.931828,8.311705,7.499295,7.995856,8.033869,7.765235
972,merck/syk_4puz_fullmap,merck/syk_4puz_fullmap/CHEMBL3265008,../large_fep_dataset/data/fep_benchmark_processed/merck_syk_4puz_fullmap_CHEMBL3265008.sdf,../large_fep_dataset/data/fep_benchmark_processed/merck_syk_4puz_fullmap_protein.pdb,972,8.14845,6.7714376,7.6129203,7.8295035,7.865304,8.172868,8.035354,7.5967665,7.780665,8.527028,7.83403
973,merck/syk_4puz_fullmap,merck/syk_4puz_fullmap/CHEMBL3265016,../large_fep_dataset/data/fep_benchmark_processed/merck_syk_4puz_fullmap_CHEMBL3265016.sdf,../large_fep_dataset/data/fep_benchmark_processed/merck_syk_4puz_fullmap_protein.pdb,973,7.659122,6.3073835,7.0933785,7.353059,7.385319,7.2503786,7.775673,7.368796,7.3525553,7.669137,7.32148
974,merck/syk_4puz_fullmap,merck/syk_4puz_fullmap/CHEMBL3265025 flip,../large_fep_dataset/data/fep_benchmark_processed/merck_syk_4puz_fullmap_CHEMBL3265025_flip.sdf,../large_fep_dataset/data/fep_benchmark_processed/merck_syk_4puz_fullmap_protein.pdb,974,7.97936,7.018904,7.5195856,7.824813,8.146719,7.5636315,8.03056,7.971777,7.9624534,8.091674,7.8109484
975,merck/syk_4puz_fullmap,merck/syk_4puz_fullmap/CHEMBL3265013,../large_fep_dataset/data/fep_benchmark_processed/merck_syk_4puz_fullmap_CHEMBL3265013.sdf,../large_fep_dataset/data/fep_benchmark_processed/merck_syk_4puz_fullmap_protein.pdb,975,7.4546437,6.930531,7.471936,7.4757333,6.9941883,7.313996,7.922752,7.700649,8.117634,8.156068,7.553813
976,merck/syk_4puz_fullmap,merck/syk_4puz_fullmap/CHEMBL3259820,../large_fep_dataset/data/fep_benchmark_processed/merck_syk_4puz_fullmap_CHEMBL3259820.sdf,../large_fep_dataset/data/fep_benchmark_processed/merck_syk_4puz_fullmap_protein.pdb,976,7.5144,6.753944,7.5815763,7.5389857,7.092904,7.1414948,7.915515,7.7015915,7.8443785,7.9531436,7.5037932
977,merck/syk_4puz_fullmap,merck/syk_4puz_fullmap/CHEMBL3265006,../large_fep_dataset/data/fep_benchmark_processed/merck_syk_4puz_fullmap_CHEMBL3265006.sdf,../large_fep_dataset/data/fep_benchmark_processed/merck_syk_4puz_fullmap_protein.pdb,977,7.817224,7.111434,8.293746,7.817304,7.5439153,7.798735,7.8096776,7.665529,8.289302,8.37456,7.8521423
978,merck/syk_4puz_fullmap,merck/syk_4puz_fullmap/CHEMBL3265030_n,../large_fep_dataset/data/fep_benchmark_processed/merck_syk_4puz_fullmap_CHEMBL3265030_n.sdf,../large_fep_dataset/data/fep_benchmark_processed/merck_syk_4puz_fullmap_protein.pdb,978,7.839246,7.7071133,7.9576197,7.4861617,7.907522,8.362245,7.813327,8.104305,7.5428767,7.8498206,7.8570237
979,merck/syk_4puz_fullmap,merck/syk_4puz_fullmap/CHEMBL3265022,../large_fep_dataset/data/fep_benchmark_processed/merck_syk_4puz_fullmap_CHEMBL3265022.sdf,../large_fep_dataset/data/fep_benchmark_processed/merck_syk_4puz_fullmap_protein.pdb,979,7.8322124,6.8153377,7.6167226,7.4214673,7.822703,7.77157,8.25519,8.02459,7.5602293,8.0772915,7.7197313
980,merck/syk_4puz_fullmap,merck/syk_4puz_fullmap/CHEMBL3265019,../large_fep_dataset/data/fep_benchmark_processed/merck_syk_4puz_fullmap_CHEMBL3265019.sdf,../large_fep_dataset/data/fep_benchmark_processed/merck_syk_4puz_fullmap_protein.pdb,980,8.516181,7.2376194,7.503714,8.256388,8.082753,8.340353,8.574018,7.626425,8.267187,8.485378,8.089002
981,merck/syk_4puz_fullmap,merck/syk_4puz_fullmap/CHEMBL3265009,../large_fep_dataset/data/fep_benchmark_processed/merck_syk_4puz_fullmap_CHEMBL3265009.sdf,../large_fep_dataset/data/fep_benchmark_processed/merck_syk_4puz_fullmap_protein.pdb,981,7.897817,6.9099355,7.8875046,7.9253044,7.8649635,7.7140865,8.13725,7.8103166,8.132552,8.266028,7.854576
982,merck/syk_4puz_fullmap,merck/syk_4puz_fullmap/CHEMBL3265021,../large_fep_dataset/data/fep_benchmark_processed/merck_syk_4puz_fullmap_CHEMBL3265021.sdf,../large_fep_dataset/data/fep_benchmark_processed/merck_syk_4puz_fullmap_protein.pdb,982,7.9645796,6.737339,7.3335505,7.571339,7.689606,7.955298,8.303827,7.4791913,7.9016128,8.128751,7.70651
983,merck/syk_4puz_fullmap,merck/syk_4puz_fullmap/CHEMBL3265005,../large_fep_dataset/data/fep_benchmark_processed/merck_syk_4puz_fullmap_CHEMBL3265005.sdf,../large_fep_dataset/data/fep_benchmark_processed/merck_syk_4puz_fullmap_protein.pdb,983,7.774801,7.088326,7.794139,8.061985,7.887343,7.2680926,7.9941225,7.70266,8.107862,8.258669,7.7937994
984,merck/syk_4puz_fullmap,merck/syk_4puz_fullmap/CHEMBL3265017,../large_fep_dataset/data/fep_benchmark_processed/merck_syk_4puz_fullmap_CHEMBL3265017.sdf,../large_fep_dataset/data/fep_benchmark_processed/merck_syk_4puz_fullmap_protein.pdb,984,8.016114,6.6812654,7.312916,7.5726566,7.840307,7.9174023,8.235786,7.4549527,8.04622,8.085229,7.7162848
985,merck/syk_4puz_fullmap,merck/syk_4puz_fullmap/CHEMBL3265010,../large_fep_dataset/data/fep_benchmark_processed/merck_syk_4puz_fullmap_CHEMBL3265010.sdf,../large_fep_dataset/data/fep_benchmark_processed/merck_syk_4puz_fullmap_protein.pdb,985,7.687876,6.628044,7.6197047,7.852788,7.682906,7.5079055,8.753386,7.0501146,7.427662,8.168025,7.637841
986,merck/syk_4puz_fullmap,merck/syk_4puz_fullmap/CHEMBL3265034,../large_fep_dataset/data/fep_benchmark_processed/merck_syk_4puz_fullmap_CHEMBL3265034.sdf,../large_fep_dataset/data/fep_benchmark_processed/merck_syk_4puz_fullmap_protein.pdb,986,7.4377522,6.7254124,7.0216384,6.997203,7.2767673,7.3147874,7.694369,7.1762733,7.1968474,7.448909,7.2289963
987,merck/syk_4puz_fullmap,merck/syk_4puz_fullmap/CHEMBL3265011 flip,../large_fep_dataset/data/fep_benchmark_processed/merck_syk_4puz_fullmap_CHEMBL3265011_flip.sdf,../large_fep_dataset/data/fep_benchmark_processed/merck_syk_4puz_fullmap_protein.pdb,987,7.791412,6.9968886,7.7971106,7.8345323,7.6020193,7.591557,7.8016396,7.7205405,7.853209,8.174127,7.7163033
988,merck/syk_4puz_fullmap,merck/syk_4puz_fullmap/CHEMBL3265015 flip,../large_fep_dataset/data/fep_benchmark_processed/merck_syk_4puz_fullmap_CHEMBL3265015_flip.sdf,../large_fep_dataset/data/fep_benchmark_processed/merck_syk_4puz_fullmap_protein.pdb,988,7.3851123,6.640008,6.993456,7.503777,7.1609697,7.3422365,7.537616,7.6209583,7.8955984,7.9700484,7.4049783
989,merck/syk_4puz_fullmap,merck/syk_4puz_fullmap/CHEMBL3265002,../large_fep_dataset/data/fep_benchmark_processed/merck_syk_4puz_fullmap_CHEMBL3265002.sdf,../large_fep_dataset/data/fep_benchmark_processed/merck_syk_4puz_fullmap_protein.pdb,989,6.958976,7.3717184,7.563979,7.052365,7.560794,7.436359,8.059337,6.8097563,7.6489954,7.8395157,7.4301796
990,merck/syk_4puz_fullmap,merck/syk_4puz_fullmap/docked CHEMBL3264998,../large_fep_dataset/data/fep_benchmark_processed/merck_syk_4puz_fullmap_docked_CHEMBL3264998.sdf,../large_fep_dataset/data/fep_benchmark_processed/merck_syk_4puz_fullmap_protein.pdb,990,6.771862,6.938117,7.054963,7.183746,6.639277,6.3574023,7.5680723,6.6888328,6.5701704,7.4070487,6.9179497
991,merck/syk_4puz_fullmap,merck/syk_4puz_fullmap/CHEMBL3264997,../large_fep_dataset/data/fep_benchmark_processed/merck_syk_4puz_fullmap_CHEMBL3264997.sdf,../large_fep_dataset/data/fep_benchmark_processed/merck_syk_4puz_fullmap_protein.pdb,991,7.085147,7.1088605,7.1745453,6.7728524,6.760202,6.5636067,7.7209063,7.0267663,7.1543064,7.6715927,7.103879
992,merck/syk_4puz_fullmap,merck/syk_4puz_fullmap/docked CHEMBL3264994,../large_fep_dataset/data/fep_benchmark_processed/merck_syk_4puz_fullmap_docked_CHEMBL3264994.sdf,../large_fep_dataset/data/fep_benchmark_processed/merck_syk_4puz_fullmap_protein.pdb,992,7.181647,8.143247,7.7635326,7.4764166,6.971618,7.335882,7.5918717,7.6324854,7.7050595,7.8651896,7.566695
993,merck/syk_4puz_fullmap,merck/syk_4puz_fullmap/CHEMBL3264995,../large_fep_dataset/data/fep_benchmark_processed/merck_syk_4puz_fullmap_CHEMBL3264995.sdf,../large_fep_dataset/data/fep_benchmark_processed/merck_syk_4puz_fullmap_protein.pdb,993,7.139545,7.214245,7.8763885,7.022856,7.3605556,6.901134,7.640858,6.933484,7.4325776,7.88717,7.3408813
994,merck/syk_4puz_fullmap,merck/syk_4puz_fullmap/docked CHEMBL3265004,../large_fep_dataset/data/fep_benchmark_processed/merck_syk_4puz_fullmap_docked_CHEMBL3265004.sdf,../large_fep_dataset/data/fep_benchmark_processed/merck_syk_4puz_fullmap_protein.pdb,994,7.2496824,7.204566,8.037845,7.2786856,7.5529523,7.3679504,7.857063,7.262291,7.626365,8.111145,7.5548544
995,merck/syk_4puz_fullmap,merck/syk_4puz_fullmap/CHEMBL3265001,../large_fep_dataset/data/fep_benchmark_processed/merck_syk_4puz_fullmap_CHEMBL3265001.sdf,../large_fep_dataset/data/fep_benchmark_processed/merck_syk_4puz_fullmap_protein.pdb,995,8.58337,7.849741,8.67449,8.309217,7.50428,9.143471,8.191898,8.012879,7.961904,8.848667,8.307993
996,merck/syk_4puz_fullmap,merck/syk_4puz_fullmap/CHEMBL3264996,../large_fep_dataset/data/fep_benchmark_processed/merck_syk_4puz_fullmap_CHEMBL3264996.sdf,../large_fep_dataset/data/fep_benchmark_processed/merck_syk_4puz_fullmap_protein.pdb,996,7.1850824,7.083327,7.635299,7.017222,7.2861524,7.563155,7.8981056,6.7872715,7.4218163,7.990749,7.386818
997,merck/syk_4puz_fullmap,merck/syk_4puz_fullmap/docked CHEMBL3264999 adjust,../large_fep_dataset/data/fep_benchmark_processed/merck_syk_4puz_fullmap_docked_CHEMBL3264999_adjust.sdf,../large_fep_dataset/data/fep_benchmark_processed/merck_syk_4puz_fullmap_protein.pdb,997,7.2969446,7.53199,7.6736383,7.9475384,7.41371,7.54585,8.043649,7.333518,7.1678047,7.898426,7.585307
998,merck/syk_4puz_fullmap,merck/syk_4puz_fullmap/redocked CHEMBL3265000 ground state,../large_fep_dataset/data/fep_benchmark_processed/merck_syk_4puz_fullmap_redocked_CHEMBL3265000_ground_state.sdf,../large_fep_dataset/data/fep_benchmark_processed/merck_syk_4puz_fullmap_protein.pdb,998,7.300793,7.3127537,7.5800023,7.0276203,7.4200745,7.258377,7.984414,6.592328,6.427003,7.8155293,7.2718897
999,merck/syk_4puz_fullmap,merck/syk_4puz_fullmap/redocked CHEMBL3265000,../large_fep_dataset/data/fep_benchmark_processed/merck_syk_4puz_fullmap_redocked_CHEMBL3265000.sdf,../large_fep_dataset/data/fep_benchmark_processed/merck_syk_4puz_fullmap_protein.pdb,999,7.2680845,7.4231496,7.5755143,7.115666,7.0598235,7.677579,7.9191117,6.443463,6.5347404,7.608408,7.262554
1000,merck/syk_4puz_fullmap,merck/syk_4puz_fullmap/CHEMBL3265003 tautomer 1,../large_fep_dataset/data/fep_benchmark_processed/merck_syk_4puz_fullmap_CHEMBL3265003_tautomer_1.sdf,../large_fep_dataset/data/fep_benchmark_processed/merck_syk_4puz_fullmap_protein.pdb,1000,7.25292,7.255928,7.9391184,7.3547196,7.3965774,7.5756783,8.0747385,7.2088337,7.6374574,7.9514966,7.564748
1001,merck/syk_4puz_fullmap,merck/syk_4puz_fullmap/CHEMBL3265003 tautomer 2,../large_fep_dataset/data/fep_benchmark_processed/merck_syk_4puz_fullmap_CHEMBL3265003_tautomer_2.sdf,../large_fep_dataset/data/fep_benchmark_processed/merck_syk_4puz_fullmap_protein.pdb,1001,7.243869,7.2884197,7.839137,7.2447214,7.3559046,7.428222,7.993001,7.219343,7.5722384,8.085633,7.5270486
1002,merck/hif2a_automap,merck/hif2a_automap/338,../large_fep_dataset/data/fep_benchmark_processed/merck_hif2a_automap_338.sdf,../large_fep_dataset/data/fep_benchmark_processed/merck_hif2a_automap_protein.pdb,1002,7.8923674,7.760409,7.8409266,8.165046,7.8920403,7.697797,7.1937613,7.865892,7.745884,7.984799,7.8038926
1003,merck/hif2a_automap,merck/hif2a_automap/43,../large_fep_dataset/data/fep_benchmark_processed/merck_hif2a_automap_43.sdf,../large_fep_dataset/data/fep_benchmark_processed/merck_hif2a_automap_protein.pdb,1003,7.303204,7.1863666,7.9026437,7.640808,7.79129,6.668976,7.502328,7.624423,7.9319367,7.796868,7.534884
1004,merck/hif2a_automap,merck/hif2a_automap/235,../large_fep_dataset/data/fep_benchmark_processed/merck_hif2a_automap_235.sdf,../large_fep_dataset/data/fep_benchmark_processed/merck_hif2a_automap_protein.pdb,1004,7.9168243,8.005942,8.292724,8.482973,7.9431286,7.987879,8.524145,8.3691635,8.212122,8.6452,8.23801
1005,merck/hif2a_automap,merck/hif2a_automap/234,../large_fep_dataset/data/fep_benchmark_processed/merck_hif2a_automap_234.sdf,../large_fep_dataset/data/fep_benchmark_processed/merck_hif2a_automap_protein.pdb,1005,8.64938,8.527261,8.30073,8.213926,8.402227,8.140967,7.6304336,8.301556,8.083491,8.622625,8.287259
1006,merck/hif2a_automap,merck/hif2a_automap/30,../large_fep_dataset/data/fep_benchmark_processed/merck_hif2a_automap_30.sdf,../large_fep_dataset/data/fep_benchmark_processed/merck_hif2a_automap_protein.pdb,1006,7.6924553,7.3574004,7.949499,8.234625,7.4734116,6.58093,7.4860287,7.574744,8.128262,8.248149,7.67255
1007,merck/hif2a_automap,merck/hif2a_automap/1,../large_fep_dataset/data/fep_benchmark_processed/merck_hif2a_automap_1.sdf,../large_fep_dataset/data/fep_benchmark_processed/merck_hif2a_automap_protein.pdb,1007,7.1559596,7.6902494,7.504539,7.7610245,7.499676,6.9429135,7.465048,8.304948,7.790098,8.12807,7.6242523
1008,merck/hif2a_automap,merck/hif2a_automap/237,../large_fep_dataset/data/fep_benchmark_processed/merck_hif2a_automap_237.sdf,../large_fep_dataset/data/fep_benchmark_processed/merck_hif2a_automap_protein.pdb,1008,7.73326,7.3442874,7.7995,8.214291,7.556951,7.01155,7.705234,8.081045,7.6469893,8.630538,7.7723646
1009,merck/hif2a_automap,merck/hif2a_automap/227,../large_fep_dataset/data/fep_benchmark_processed/merck_hif2a_automap_227.sdf,../large_fep_dataset/data/fep_benchmark_processed/merck_hif2a_automap_protein.pdb,1009,7.6948457,7.9038324,8.047697,7.9500723,7.7104626,7.6149592,8.459517,8.391839,8.30023,8.606024,8.067948
1010,merck/hif2a_automap,merck/hif2a_automap/266,../large_fep_dataset/data/fep_benchmark_processed/merck_hif2a_automap_266.sdf,../large_fep_dataset/data/fep_benchmark_processed/merck_hif2a_automap_protein.pdb,1010,7.357601,7.1477695,7.5487103,7.2056336,7.468801,7.3159037,7.4718547,8.167573,7.6222982,7.8032703,7.5109415
1011,merck/hif2a_automap,merck/hif2a_automap/206,../large_fep_dataset/data/fep_benchmark_processed/merck_hif2a_automap_206.sdf,../large_fep_dataset/data/fep_benchmark_processed/merck_hif2a_automap_protein.pdb,1011,7.70759,7.0458302,7.172972,7.9334655,7.7202907,7.5064273,7.624269,7.8102765,7.240508,8.105025,7.586665
1012,merck/hif2a_automap,merck/hif2a_automap/67,../large_fep_dataset/data/fep_benchmark_processed/merck_hif2a_automap_67.sdf,../large_fep_dataset/data/fep_benchmark_processed/merck_hif2a_automap_protein.pdb,1012,6.654867,7.5961995,6.9227586,7.328373,7.6824813,6.8190613,6.791843,7.5429926,7.047201,7.2835107,7.1669283
1013,merck/hif2a_automap,merck/hif2a_automap/156,../large_fep_dataset/data/fep_benchmark_processed/merck_hif2a_automap_156.sdf,../large_fep_dataset/data/fep_benchmark_processed/merck_hif2a_automap_protein.pdb,1013,7.1018324,7.886777,7.357767,8.376241,7.5927877,6.894716,8.423131,8.0619,8.049983,8.73121,7.8476343
1014,merck/hif2a_automap,merck/hif2a_automap/31,../large_fep_dataset/data/fep_benchmark_processed/merck_hif2a_automap_31.sdf,../large_fep_dataset/data/fep_benchmark_processed/merck_hif2a_automap_protein.pdb,1014,7.0414276,7.3288608,6.8821096,7.8665752,7.034494,6.4285226,7.9265823,7.7073765,7.517139,8.318611,7.4051695
1015,merck/hif2a_automap,merck/hif2a_automap/289,../large_fep_dataset/data/fep_benchmark_processed/merck_hif2a_automap_289.sdf,../large_fep_dataset/data/fep_benchmark_processed/merck_hif2a_automap_protein.pdb,1015,7.8858685,7.9762616,6.996531,7.5274343,7.8852305,7.3575044,7.2400093,7.785938,8.123255,8.490945,7.726898
1016,merck/hif2a_automap,merck/hif2a_automap/61,../large_fep_dataset/data/fep_benchmark_processed/merck_hif2a_automap_61.sdf,../large_fep_dataset/data/fep_benchmark_processed/merck_hif2a_automap_protein.pdb,1016,6.845048,7.298246,7.0090055,7.6841335,7.2678676,6.9094586,6.9696736,8.041954,7.1082735,7.730075,7.286373
1017,merck/hif2a_automap,merck/hif2a_automap/167,../large_fep_dataset/data/fep_benchmark_processed/merck_hif2a_automap_167.sdf,../large_fep_dataset/data/fep_benchmark_processed/merck_hif2a_automap_protein.pdb,1017,7.4781723,7.974034,8.0774975,8.282855,8.023112,7.3814306,7.419989,7.7771964,7.77298,8.4711275,7.86584
1018,merck/hif2a_automap,merck/hif2a_automap/165,../large_fep_dataset/data/fep_benchmark_processed/merck_hif2a_automap_165.sdf,../large_fep_dataset/data/fep_benchmark_processed/merck_hif2a_automap_protein.pdb,1018,8.201688,8.212473,7.985864,7.9063854,7.9750624,7.8922663,8.1500435,8.173967,7.937071,8.265535,8.070036
1019,merck/hif2a_automap,merck/hif2a_automap/41,../large_fep_dataset/data/fep_benchmark_processed/merck_hif2a_automap_41.sdf,../large_fep_dataset/data/fep_benchmark_processed/merck_hif2a_automap_protein.pdb,1019,6.772409,6.9700284,7.565916,6.9580264,6.729471,7.08554,6.2669272,7.6420164,7.930832,7.396072,7.131724
1020,merck/hif2a_automap,merck/hif2a_automap/7b,../large_fep_dataset/data/fep_benchmark_processed/merck_hif2a_automap_7b.sdf,../large_fep_dataset/data/fep_benchmark_processed/merck_hif2a_automap_protein.pdb,1020,7.700133,7.9111176,7.3687882,7.5405173,7.748756,7.403354,7.521589,8.284582,7.27879,7.938354,7.6695986
1021,merck/hif2a_automap,merck/hif2a_automap/54,../large_fep_dataset/data/fep_benchmark_processed/merck_hif2a_automap_54.sdf,../large_fep_dataset/data/fep_benchmark_processed/merck_hif2a_automap_protein.pdb,1021,7.1865835,7.2003293,7.5496264,7.03453,7.2980027,8.439394,7.148284,7.5630956,8.07132,8.081196,7.5572357
1022,merck/hif2a_automap,merck/hif2a_automap/215,../large_fep_dataset/data/fep_benchmark_processed/merck_hif2a_automap_215.sdf,../large_fep_dataset/data/fep_benchmark_processed/merck_hif2a_automap_protein.pdb,1022,7.2119403,7.8908453,7.186561,8.044762,7.4087734,6.800878,6.958443,7.6250496,7.518695,7.843661,7.4489603
1023,merck/hif2a_automap,merck/hif2a_automap/57,../large_fep_dataset/data/fep_benchmark_processed/merck_hif2a_automap_57.sdf,../large_fep_dataset/data/fep_benchmark_processed/merck_hif2a_automap_protein.pdb,1023,7.668235,7.4693346,7.792429,8.634819,7.925682,7.552412,8.331605,8.654956,8.373126,8.592592,8.099519
1024,merck/hif2a_automap,merck/hif2a_automap/42,../large_fep_dataset/data/fep_benchmark_processed/merck_hif2a_automap_42.sdf,../large_fep_dataset/data/fep_benchmark_processed/merck_hif2a_automap_protein.pdb,1024,7.41991,7.3493457,7.976978,7.908532,7.833498,6.837391,7.2154717,7.868553,8.075696,7.9461346,7.6431518
1025,merck/hif2a_automap,merck/hif2a_automap/252,../large_fep_dataset/data/fep_benchmark_processed/merck_hif2a_automap_252.sdf,../large_fep_dataset/data/fep_benchmark_processed/merck_hif2a_automap_protein.pdb,1025,7.7929997,7.84276,7.743583,8.166176,7.7938333,7.7819934,7.0334697,8.025436,7.6213536,8.001887,7.780349
1026,merck/hif2a_automap,merck/hif2a_automap/336,../large_fep_dataset/data/fep_benchmark_processed/merck_hif2a_automap_336.sdf,../large_fep_dataset/data/fep_benchmark_processed/merck_hif2a_automap_protein.pdb,1026,7.658656,7.832995,7.0256343,7.8667564,7.92597,7.672138,7.1214113,7.81163,7.6769614,7.973977,7.6566133
1027,merck/hif2a_automap,merck/hif2a_automap/290,../large_fep_dataset/data/fep_benchmark_processed/merck_hif2a_automap_290.sdf,../large_fep_dataset/data/fep_benchmark_processed/merck_hif2a_automap_protein.pdb,1027,7.817887,7.975273,8.0661335,8.363025,7.8623724,8.027043,8.440916,8.398773,8.008231,8.730468,8.169012
1028,merck/hif2a_automap,merck/hif2a_automap/155,../large_fep_dataset/data/fep_benchmark_processed/merck_hif2a_automap_155.sdf,../large_fep_dataset/data/fep_benchmark_processed/merck_hif2a_automap_protein.pdb,1028,7.325657,7.7400427,7.3365436,8.474271,7.8360915,6.9639635,8.051771,8.44338,8.059414,8.722203,7.8953347
1029,merck/hif2a_automap,merck/hif2a_automap/164,../large_fep_dataset/data/fep_benchmark_processed/merck_hif2a_automap_164.sdf,../large_fep_dataset/data/fep_benchmark_processed/merck_hif2a_automap_protein.pdb,1029,8.222841,7.7966037,7.7798114,7.9801655,7.853416,7.8868318,8.124654,7.8773026,7.7956905,8.159361,7.9476686
1030,merck/hif2a_automap,merck/hif2a_automap/7a,../large_fep_dataset/data/fep_benchmark_processed/merck_hif2a_automap_7a.sdf,../large_fep_dataset/data/fep_benchmark_processed/merck_hif2a_automap_protein.pdb,1030,7.5090384,7.802494,7.487611,7.811125,7.827197,7.366916,7.8140025,8.7561655,7.5555053,8.27168,7.8201737
1031,merck/hif2a_automap,merck/hif2a_automap/224,../large_fep_dataset/data/fep_benchmark_processed/merck_hif2a_automap_224.sdf,../large_fep_dataset/data/fep_benchmark_processed/merck_hif2a_automap_protein.pdb,1031,6.845747,7.4579444,7.278421,7.0409484,7.911373,7.4541407,7.713603,7.923048,6.645136,8.056488,7.432685
1032,merck/hif2a_automap,merck/hif2a_automap/84,../large_fep_dataset/data/fep_benchmark_processed/merck_hif2a_automap_84.sdf,../large_fep_dataset/data/fep_benchmark_processed/merck_hif2a_automap_protein.pdb,1032,7.270924,6.6258917,6.619793,6.529576,7.030004,7.162887,6.8745174,6.9874344,7.092905,7.9572825,7.0151215
1033,merck/hif2a_automap,merck/hif2a_automap/254,../large_fep_dataset/data/fep_benchmark_processed/merck_hif2a_automap_254.sdf,../large_fep_dataset/data/fep_benchmark_processed/merck_hif2a_automap_protein.pdb,1033,7.6622486,7.6247478,7.521847,8.15967,7.1846614,7.1738524,7.499055,7.9334545,7.9078407,7.844418,7.6511793
1034,merck/hif2a_automap,merck/hif2a_automap/23,../large_fep_dataset/data/fep_benchmark_processed/merck_hif2a_automap_23.sdf,../large_fep_dataset/data/fep_benchmark_processed/merck_hif2a_automap_protein.pdb,1034,6.96625,7.5172133,7.1110106,7.261184,6.6591444,6.496643,7.1361227,7.934018,7.633369,7.978721,7.269368
1035,merck/hif2a_automap,merck/hif2a_automap/251,../large_fep_dataset/data/fep_benchmark_processed/merck_hif2a_automap_251.sdf,../large_fep_dataset/data/fep_benchmark_processed/merck_hif2a_automap_protein.pdb,1035,6.9449406,7.0046077,7.0599637,6.680128,6.6697025,6.8342752,7.3457193,7.7264857,6.939936,7.306233,7.0511994
1036,merck/hif2a_automap,merck/hif2a_automap/256,../large_fep_dataset/data/fep_benchmark_processed/merck_hif2a_automap_256.sdf,../large_fep_dataset/data/fep_benchmark_processed/merck_hif2a_automap_protein.pdb,1036,6.7172923,6.8826585,7.304152,6.0199313,7.2300925,7.6026783,6.558831,7.482296,7.4800425,7.355843,7.063382
1037,merck/hif2a_automap,merck/hif2a_automap/50,../large_fep_dataset/data/fep_benchmark_processed/merck_hif2a_automap_50.sdf,../large_fep_dataset/data/fep_benchmark_processed/merck_hif2a_automap_protein.pdb,1037,7.924125,7.5731397,7.199042,7.2080326,7.2296767,7.5427485,6.6154675,7.615743,6.896933,7.2533884,7.305829
1038,merck/hif2a_automap,merck/hif2a_automap/231,../large_fep_dataset/data/fep_benchmark_processed/merck_hif2a_automap_231.sdf,../large_fep_dataset/data/fep_benchmark_processed/merck_hif2a_automap_protein.pdb,1038,8.16552,8.31224,7.1414633,7.828941,7.619104,7.26614,7.449152,7.9338593,7.818596,8.501915,7.8036933
1039,merck/hif2a_automap,merck/hif2a_automap/15,../large_fep_dataset/data/fep_benchmark_processed/merck_hif2a_automap_15.sdf,../large_fep_dataset/data/fep_benchmark_processed/merck_hif2a_automap_protein.pdb,1039,7.4697385,7.804536,7.760454,8.587565,7.7352066,7.183332,7.972839,8.070902,7.9745574,8.775941,7.933507
1040,merck/hif2a_automap,merck/hif2a_automap/124,../large_fep_dataset/data/fep_benchmark_processed/merck_hif2a_automap_124.sdf,../large_fep_dataset/data/fep_benchmark_processed/merck_hif2a_automap_protein.pdb,1040,6.6965,7.030113,7.2283325,7.0383854,6.8333554,6.442935,7.060948,7.531352,7.08123,7.204889,7.014804
1041,merck/hif2a_automap,merck/hif2a_automap/25,../large_fep_dataset/data/fep_benchmark_processed/merck_hif2a_automap_25.sdf,../large_fep_dataset/data/fep_benchmark_processed/merck_hif2a_automap_protein.pdb,1041,7.4509287,7.7658873,7.6578884,7.1736946,7.970537,7.265312,7.6074185,8.088936,7.693824,7.954556,7.662898
1042,merck/hif2a_automap,merck/hif2a_automap/163,../large_fep_dataset/data/fep_benchmark_processed/merck_hif2a_automap_163.sdf,../large_fep_dataset/data/fep_benchmark_processed/merck_hif2a_automap_protein.pdb,1042,8.162559,8.261021,7.855406,7.942177,7.7893047,7.6398926,7.6595035,8.072736,7.9456244,8.327644,7.9655867
1043,merck/tnks2_fullmap,merck/tnks2_fullmap/1a,../large_fep_dataset/data/fep_benchmark_processed/merck_tnks2_fullmap_1a.sdf,../large_fep_dataset/data/fep_benchmark_processed/merck_tnks2_fullmap_protein.pdb,1043,6.650408,6.5574436,6.846862,6.8966856,6.6164374,6.631856,6.9853816,7.416104,6.9972725,7.7086263,6.9307075
1044,merck/tnks2_fullmap,merck/tnks2_fullmap/1b,../large_fep_dataset/data/fep_benchmark_processed/merck_tnks2_fullmap_1b.sdf,../large_fep_dataset/data/fep_benchmark_processed/merck_tnks2_fullmap_protein.pdb,1044,7.561963,7.019976,7.399232,7.2162046,7.3680105,7.1074715,7.3241963,6.969294,6.9931846,8.318503,7.3278036
1045,merck/tnks2_fullmap,merck/tnks2_fullmap/3a,../large_fep_dataset/data/fep_benchmark_processed/merck_tnks2_fullmap_3a.sdf,../large_fep_dataset/data/fep_benchmark_processed/merck_tnks2_fullmap_protein.pdb,1045,7.508345,7.427287,8.287521,7.4959507,7.624555,7.6204133,7.660807,7.621648,7.5854445,7.341678,7.6173644
1046,merck/tnks2_fullmap,merck/tnks2_fullmap/3b,../large_fep_dataset/data/fep_benchmark_processed/merck_tnks2_fullmap_3b.sdf,../large_fep_dataset/data/fep_benchmark_processed/merck_tnks2_fullmap_protein.pdb,1046,6.9897404,8.013796,8.068395,7.7102847,6.943548,7.391104,7.4596386,7.837484,7.4363804,7.0134215,7.486379
1047,merck/tnks2_fullmap,merck/tnks2_fullmap/5f,../large_fep_dataset/data/fep_benchmark_processed/merck_tnks2_fullmap_5f.sdf,../large_fep_dataset/data/fep_benchmark_processed/merck_tnks2_fullmap_protein.pdb,1047,7.9733467,7.4405046,8.225526,7.5892353,7.2457213,7.3157187,7.0368385,7.7519493,7.6114287,7.1215158,7.5311785
1048,merck/tnks2_fullmap,merck/tnks2_fullmap/5l,../large_fep_dataset/data/fep_benchmark_processed/merck_tnks2_fullmap_5l.sdf,../large_fep_dataset/data/fep_benchmark_processed/merck_tnks2_fullmap_protein.pdb,1048,7.45792,7.482683,7.940209,7.4702706,7.035252,7.409255,7.065491,8.033444,7.581287,7.036435,7.4512243
1049,merck/tnks2_fullmap,merck/tnks2_fullmap/5g,../large_fep_dataset/data/fep_benchmark_processed/merck_tnks2_fullmap_5g.sdf,../large_fep_dataset/data/fep_benchmark_processed/merck_tnks2_fullmap_protein.pdb,1049,8.006911,7.0571766,8.02487,7.1900935,7.1402793,7.2492237,7.1419578,7.3950644,7.341945,6.909545,7.345707
1050,merck/tnks2_fullmap,merck/tnks2_fullmap/5e,../large_fep_dataset/data/fep_benchmark_processed/merck_tnks2_fullmap_5e.sdf,../large_fep_dataset/data/fep_benchmark_processed/merck_tnks2_fullmap_protein.pdb,1050,7.12684,6.844924,7.93312,6.611487,6.5663886,7.0778637,6.4558797,6.959282,7.07415,6.456835,6.9106765
1051,merck/tnks2_fullmap,merck/tnks2_fullmap/5i,../large_fep_dataset/data/fep_benchmark_processed/merck_tnks2_fullmap_5i.sdf,../large_fep_dataset/data/fep_benchmark_processed/merck_tnks2_fullmap_protein.pdb,1051,8.044124,7.1666436,8.327081,7.1409326,7.2290735,7.3631763,7.257732,7.1779895,7.124213,7.119342,7.395031
1052,merck/tnks2_fullmap,merck/tnks2_fullmap/5b,../large_fep_dataset/data/fep_benchmark_processed/merck_tnks2_fullmap_5b.sdf,../large_fep_dataset/data/fep_benchmark_processed/merck_tnks2_fullmap_protein.pdb,1052,7.5542426,7.1554236,8.249881,6.9674892,7.239596,7.1145525,7.051571,7.504301,7.574727,6.9370866,7.3348875
1053,merck/tnks2_fullmap,merck/tnks2_fullmap/5h,../large_fep_dataset/data/fep_benchmark_processed/merck_tnks2_fullmap_5h.sdf,../large_fep_dataset/data/fep_benchmark_processed/merck_tnks2_fullmap_protein.pdb,1053,7.851286,7.65777,8.008137,7.472001,7.909509,7.2532277,6.9286838,7.159203,7.1457562,6.9372764,7.4322853
1054,merck/tnks2_fullmap,merck/tnks2_fullmap/5a,../large_fep_dataset/data/fep_benchmark_processed/merck_tnks2_fullmap_5a.sdf,../large_fep_dataset/data/fep_benchmark_processed/merck_tnks2_fullmap_protein.pdb,1054,7.8868814,6.653824,8.374065,6.816129,6.810807,7.07717,6.6717834,6.913288,7.279833,6.81568,7.129946
1055,merck/tnks2_fullmap,merck/tnks2_fullmap/5k,../large_fep_dataset/data/fep_benchmark_processed/merck_tnks2_fullmap_5k.sdf,../large_fep_dataset/data/fep_benchmark_processed/merck_tnks2_fullmap_protein.pdb,1055,7.6657715,7.411208,8.160149,7.476307,6.9904585,7.362612,7.048326,8.001352,7.5112667,6.969489,7.459694
1056,merck/tnks2_fullmap,merck/tnks2_fullmap/5p,../large_fep_dataset/data/fep_benchmark_processed/merck_tnks2_fullmap_5p.sdf,../large_fep_dataset/data/fep_benchmark_processed/merck_tnks2_fullmap_protein.pdb,1056,7.3340354,6.350842,7.754364,7.5987353,6.852715,7.2142925,6.688505,7.658654,7.712518,7.595425,7.2760096
1057,merck/tnks2_fullmap,merck/tnks2_fullmap/5j,../large_fep_dataset/data/fep_benchmark_processed/merck_tnks2_fullmap_5j.sdf,../large_fep_dataset/data/fep_benchmark_processed/merck_tnks2_fullmap_protein.pdb,1057,7.7607317,7.374398,8.203698,7.37745,6.8867497,7.4809027,7.458984,8.307566,7.327888,7.2023754,7.5380745
1058,merck/tnks2_fullmap,merck/tnks2_fullmap/5d,../large_fep_dataset/data/fep_benchmark_processed/merck_tnks2_fullmap_5d.sdf,../large_fep_dataset/data/fep_benchmark_processed/merck_tnks2_fullmap_protein.pdb,1058,7.4195805,6.847665,8.11654,7.105242,6.47471,6.9512877,6.575799,7.546772,7.2686396,6.710473,7.1016707
1059,merck/tnks2_fullmap,merck/tnks2_fullmap/5m,../large_fep_dataset/data/fep_benchmark_processed/merck_tnks2_fullmap_5m.sdf,../large_fep_dataset/data/fep_benchmark_processed/merck_tnks2_fullmap_protein.pdb,1059,7.6821003,7.1471767,8.394973,7.520982,7.034737,7.3029523,7.2185,7.4503446,7.2629523,6.9056478,7.3920364
1060,merck/tnks2_fullmap,merck/tnks2_fullmap/5n,../large_fep_dataset/data/fep_benchmark_processed/merck_tnks2_fullmap_5n.sdf,../large_fep_dataset/data/fep_benchmark_processed/merck_tnks2_fullmap_protein.pdb,1060,7.216081,6.552659,7.7321253,7.468306,6.9959273,7.2825913,6.6996894,7.854073,7.3592668,7.3028507,7.246357
1061,merck/tnks2_fullmap,merck/tnks2_fullmap/5c,../large_fep_dataset/data/fep_benchmark_processed/merck_tnks2_fullmap_5c.sdf,../large_fep_dataset/data/fep_benchmark_processed/merck_tnks2_fullmap_protein.pdb,1061,7.686956,6.786701,7.6872888,6.516881,7.139667,7.1048474,6.696411,7.4873195,7.543893,7.070339,7.1720304
1062,merck/tnks2_fullmap,merck/tnks2_fullmap/7,../large_fep_dataset/data/fep_benchmark_processed/merck_tnks2_fullmap_7.sdf,../large_fep_dataset/data/fep_benchmark_processed/merck_tnks2_fullmap_protein.pdb,1062,7.217308,6.928288,7.3089066,7.6657968,6.288458,6.4062014,6.881177,7.7731943,7.1867223,6.5018754,7.015792
1063,merck/tnks2_fullmap,merck/tnks2_fullmap/8a neutral,../large_fep_dataset/data/fep_benchmark_processed/merck_tnks2_fullmap_8a_neutral.sdf,../large_fep_dataset/data/fep_benchmark_processed/merck_tnks2_fullmap_protein.pdb,1063,7.82328,7.5647626,7.491007,7.8557744,7.494014,7.725937,7.769548,7.760868,7.588158,8.138178,7.7211523
1064,merck/tnks2_fullmap,merck/tnks2_fullmap/8b neutral,../large_fep_dataset/data/fep_benchmark_processed/merck_tnks2_fullmap_8b_neutral.sdf,../large_fep_dataset/data/fep_benchmark_processed/merck_tnks2_fullmap_protein.pdb,1064,7.879054,7.650763,7.7286663,7.9019184,7.3565564,7.369856,7.841625,7.4597945,7.4911633,8.071587,7.6750984
1065,merck/tnks2_fullmap,merck/tnks2_fullmap/8c adjust,../large_fep_dataset/data/fep_benchmark_processed/merck_tnks2_fullmap_8c_adjust.sdf,../large_fep_dataset/data/fep_benchmark_processed/merck_tnks2_fullmap_protein.pdb,1065,8.092209,7.4504814,7.728469,7.7828336,7.988408,8.302524,7.322983,7.8515363,7.1084857,7.889761,7.751769
1066,merck/tnks2_fullmap,merck/tnks2_fullmap/8d,../large_fep_dataset/data/fep_benchmark_processed/merck_tnks2_fullmap_8d.sdf,../large_fep_dataset/data/fep_benchmark_processed/merck_tnks2_fullmap_protein.pdb,1066,8.063054,6.9113436,7.47984,7.6083164,7.5211086,7.4019747,7.455057,7.341899,6.9316273,7.4523077,7.4166536
1067,merck/tnks2_fullmap,merck/tnks2_fullmap/8e adjust neutral,../large_fep_dataset/data/fep_benchmark_processed/merck_tnks2_fullmap_8e_adjust_neutral.sdf,../large_fep_dataset/data/fep_benchmark_processed/merck_tnks2_fullmap_protein.pdb,1067,7.9604316,7.765863,7.995218,7.962934,7.7145753,8.325897,7.8745494,8.048171,7.865438,8.004256,7.9517336
1068,merck/tnks2_fullmap,merck/tnks2_fullmap/8f neutral,../large_fep_dataset/data/fep_benchmark_processed/merck_tnks2_fullmap_8f_neutral.sdf,../large_fep_dataset/data/fep_benchmark_processed/merck_tnks2_fullmap_protein.pdb,1068,7.930188,7.4886217,7.950155,7.803448,7.565514,7.4257717,7.922241,7.403818,7.404837,7.7845445,7.667914
1069,merck/tnks2_fullmap,merck/tnks2_fullmap/8d neutral equitorial,../large_fep_dataset/data/fep_benchmark_processed/merck_tnks2_fullmap_8d_neutral_equitorial.sdf,../large_fep_dataset/data/fep_benchmark_processed/merck_tnks2_fullmap_protein.pdb,1069,7.810354,7.160325,7.860731,7.664046,7.8482466,7.5438037,7.563284,7.4532666,7.0879865,7.5230665,7.551511
1070,merck/tnks2_fullmap,merck/tnks2_fullmap/8c neutral equitorial,../large_fep_dataset/data/fep_benchmark_processed/merck_tnks2_fullmap_8c_neutral_equitorial.sdf,../large_fep_dataset/data/fep_benchmark_processed/merck_tnks2_fullmap_protein.pdb,1070,7.9380813,7.4467597,7.923354,7.89035,8.369125,8.267674,7.6203527,7.9386578,7.48506,7.7985086,7.8677926
1071,merck/tnks2_fullmap,merck/tnks2_fullmap/5o adjust,../large_fep_dataset/data/fep_benchmark_processed/merck_tnks2_fullmap_5o_adjust.sdf,../large_fep_dataset/data/fep_benchmark_processed/merck_tnks2_fullmap_protein.pdb,1071,7.3931346,7.1249895,8.147111,7.5386133,6.928719,7.740274,7.3632207,8.071341,7.7253146,7.401036,7.5433745
1072,merck/tnks2_fullmap,merck/tnks2_fullmap/8f,../large_fep_dataset/data/fep_benchmark_processed/merck_tnks2_fullmap_8f.sdf,../large_fep_dataset/data/fep_benchmark_processed/merck_tnks2_fullmap_protein.pdb,1072,7.894397,6.9111524,7.9865403,7.72091,7.1719584,7.5699058,7.66145,7.4877477,7.1453977,7.357858,7.4907317
1073,merck/tnks2_fullmap,merck/tnks2_fullmap/8b,../large_fep_dataset/data/fep_benchmark_processed/merck_tnks2_fullmap_8b.sdf,../large_fep_dataset/data/fep_benchmark_processed/merck_tnks2_fullmap_protein.pdb,1073,7.9058905,7.0745826,7.718843,7.79683,7.0651894,7.599589,7.6002946,7.502915,7.398183,7.64352,7.530584
1074,merck/tnks2_fullmap,merck/tnks2_fullmap/8e,../large_fep_dataset/data/fep_benchmark_processed/merck_tnks2_fullmap_8e.sdf,../large_fep_dataset/data/fep_benchmark_processed/merck_tnks2_fullmap_protein.pdb,1074,7.848393,7.463185,8.11857,7.944847,7.432867,7.9748745,7.5279083,7.7419934,7.5497565,7.587004,7.71894
1075,merck/tnks2_fullmap,merck/tnks2_fullmap/8a,../large_fep_dataset/data/fep_benchmark_processed/merck_tnks2_fullmap_8a.sdf,../large_fep_dataset/data/fep_benchmark_processed/merck_tnks2_fullmap_protein.pdb,1075,7.8849764,7.0526204,7.3881726,7.992368,7.148028,7.8198423,7.449435,7.6773195,7.449278,7.881819,7.5743866
1076,merck/cdk8_5cei_new_helix_loop_extra,merck/cdk8_5cei_new_helix_loop_extra/43,../large_fep_dataset/data/fep_benchmark_processed/merck_cdk8_5cei_new_helix_loop_extra_43.sdf,../large_fep_dataset/data/fep_benchmark_processed/merck_cdk8_5cei_new_helix_loop_extra_protein.pdb,1076,8.10444,7.8880844,8.004666,7.679956,8.103128,8.251929,7.7222776,8.074881,8.315464,8.729529,8.087435
1077,merck/cdk8_5cei_new_helix_loop_extra,merck/cdk8_5cei_new_helix_loop_extra/22,../large_fep_dataset/data/fep_benchmark_processed/merck_cdk8_5cei_new_helix_loop_extra_22.sdf,../large_fep_dataset/data/fep_benchmark_processed/merck_cdk8_5cei_new_helix_loop_extra_protein.pdb,1077,7.601988,7.293099,7.45767,6.7324877,7.494227,7.4456625,6.5235815,6.50685,6.752611,7.268266,7.1076446
1078,merck/cdk8_5cei_new_helix_loop_extra,merck/cdk8_5cei_new_helix_loop_extra/30,../large_fep_dataset/data/fep_benchmark_processed/merck_cdk8_5cei_new_helix_loop_extra_30.sdf,../large_fep_dataset/data/fep_benchmark_processed/merck_cdk8_5cei_new_helix_loop_extra_protein.pdb,1078,7.634994,7.759527,7.5733914,7.738561,7.444393,8.112688,7.412603,7.8558536,7.1058507,8.5002775,7.713814
1079,merck/cdk8_5cei_new_helix_loop_extra,merck/cdk8_5cei_new_helix_loop_extra/21,../large_fep_dataset/data/fep_benchmark_processed/merck_cdk8_5cei_new_helix_loop_extra_21.sdf,../large_fep_dataset/data/fep_benchmark_processed/merck_cdk8_5cei_new_helix_loop_extra_protein.pdb,1079,7.597681,7.0716305,7.315496,7.2083635,7.458918,7.4650593,6.9922795,6.740277,6.6339226,7.091839,7.157547
1080,merck/cdk8_5cei_new_helix_loop_extra,merck/cdk8_5cei_new_helix_loop_extra/24,../large_fep_dataset/data/fep_benchmark_processed/merck_cdk8_5cei_new_helix_loop_extra_24.sdf,../large_fep_dataset/data/fep_benchmark_processed/merck_cdk8_5cei_new_helix_loop_extra_protein.pdb,1080,7.242874,6.78295,7.4137692,7.294228,6.7569375,7.3716455,6.7416773,7.338226,6.655226,7.752673,7.1350203
1081,merck/cdk8_5cei_new_helix_loop_extra,merck/cdk8_5cei_new_helix_loop_extra/38,../large_fep_dataset/data/fep_benchmark_processed/merck_cdk8_5cei_new_helix_loop_extra_38.sdf,../large_fep_dataset/data/fep_benchmark_processed/merck_cdk8_5cei_new_helix_loop_extra_protein.pdb,1081,7.951265,7.885903,7.998318,7.4505315,7.8630886,8.125744,7.7240067,8.077923,7.7649875,8.59411,7.9435873
1082,merck/cdk8_5cei_new_helix_loop_extra,merck/cdk8_5cei_new_helix_loop_extra/31,../large_fep_dataset/data/fep_benchmark_processed/merck_cdk8_5cei_new_helix_loop_extra_31.sdf,../large_fep_dataset/data/fep_benchmark_processed/merck_cdk8_5cei_new_helix_loop_extra_protein.pdb,1082,7.542257,7.3473725,7.855205,7.343814,7.384721,7.6000814,7.5371695,7.900786,7.2830067,8.368275,7.616269
1083,merck/cdk8_5cei_new_helix_loop_extra,merck/cdk8_5cei_new_helix_loop_extra/41,../large_fep_dataset/data/fep_benchmark_processed/merck_cdk8_5cei_new_helix_loop_extra_41.sdf,../large_fep_dataset/data/fep_benchmark_processed/merck_cdk8_5cei_new_helix_loop_extra_protein.pdb,1083,7.4641314,6.65221,7.5113654,7.385708,7.2775016,7.134731,6.9801197,7.7288666,7.6850653,7.782734,7.3602433
1084,merck/cdk8_5cei_new_helix_loop_extra,merck/cdk8_5cei_new_helix_loop_extra/29,../large_fep_dataset/data/fep_benchmark_processed/merck_cdk8_5cei_new_helix_loop_extra_29.sdf,../large_fep_dataset/data/fep_benchmark_processed/merck_cdk8_5cei_new_helix_loop_extra_protein.pdb,1084,7.6891875,7.2369924,7.1344686,7.322424,7.418434,7.672142,7.3157573,6.529122,7.2505255,7.658106,7.3227158
1085,merck/cdk8_5cei_new_helix_loop_extra,merck/cdk8_5cei_new_helix_loop_extra/26,../large_fep_dataset/data/fep_benchmark_processed/merck_cdk8_5cei_new_helix_loop_extra_26.sdf,../large_fep_dataset/data/fep_benchmark_processed/merck_cdk8_5cei_new_helix_loop_extra_protein.pdb,1085,8.240879,7.435929,8.100543,7.9042215,7.6280875,7.837437,7.072558,7.4409113,7.920584,8.734501,7.8315644
1086,merck/cdk8_5cei_new_helix_loop_extra,merck/cdk8_5cei_new_helix_loop_extra/20,../large_fep_dataset/data/fep_benchmark_processed/merck_cdk8_5cei_new_helix_loop_extra_20.sdf,../large_fep_dataset/data/fep_benchmark_processed/merck_cdk8_5cei_new_helix_loop_extra_protein.pdb,1086,8.264058,7.3659267,8.027167,8.199687,8.019073,7.883232,7.7321115,8.020722,7.253459,8.181394,7.894683
1087,merck/cdk8_5cei_new_helix_loop_extra,merck/cdk8_5cei_new_helix_loop_extra/35,../large_fep_dataset/data/fep_benchmark_processed/merck_cdk8_5cei_new_helix_loop_extra_35.sdf,../large_fep_dataset/data/fep_benchmark_processed/merck_cdk8_5cei_new_helix_loop_extra_protein.pdb,1087,7.43228,7.1889215,7.8609853,7.1899357,7.2822523,7.3509197,7.2916408,7.8299,7.295665,8.193698,7.49162
1088,merck/cdk8_5cei_new_helix_loop_extra,merck/cdk8_5cei_new_helix_loop_extra/40,../large_fep_dataset/data/fep_benchmark_processed/merck_cdk8_5cei_new_helix_loop_extra_40.sdf,../large_fep_dataset/data/fep_benchmark_processed/merck_cdk8_5cei_new_helix_loop_extra_protein.pdb,1088,7.373047,6.276582,7.265877,7.0903335,7.2351103,6.824735,6.958505,7.3076196,7.5705366,8.241554,7.21439
1089,merck/cdk8_5cei_new_helix_loop_extra,merck/cdk8_5cei_new_helix_loop_extra/19,../large_fep_dataset/data/fep_benchmark_processed/merck_cdk8_5cei_new_helix_loop_extra_19.sdf,../large_fep_dataset/data/fep_benchmark_processed/merck_cdk8_5cei_new_helix_loop_extra_protein.pdb,1089,7.8273754,7.0781837,7.971764,7.535873,6.714718,7.823803,7.190277,6.970223,7.404916,8.023339,7.454047
1090,merck/cdk8_5cei_new_helix_loop_extra,merck/cdk8_5cei_new_helix_loop_extra/33,../large_fep_dataset/data/fep_benchmark_processed/merck_cdk8_5cei_new_helix_loop_extra_33.sdf,../large_fep_dataset/data/fep_benchmark_processed/merck_cdk8_5cei_new_helix_loop_extra_protein.pdb,1090,8.154277,7.1872025,7.8876023,7.139321,7.544152,7.453374,7.1610255,7.7265344,8.032524,8.207242,7.6493254
1091,merck/cdk8_5cei_new_helix_loop_extra,merck/cdk8_5cei_new_helix_loop_extra/27,../large_fep_dataset/data/fep_benchmark_processed/merck_cdk8_5cei_new_helix_loop_extra_27.sdf,../large_fep_dataset/data/fep_benchmark_processed/merck_cdk8_5cei_new_helix_loop_extra_protein.pdb,1091,7.5104427,6.604266,6.597286,7.205685,6.532845,6.7498627,7.023196,6.3752556,6.728944,8.092366,6.942015
1092,merck/cdk8_5cei_new_helix_loop_extra,merck/cdk8_5cei_new_helix_loop_extra/13,../large_fep_dataset/data/fep_benchmark_processed/merck_cdk8_5cei_new_helix_loop_extra_13.sdf,../large_fep_dataset/data/fep_benchmark_processed/merck_cdk8_5cei_new_helix_loop_extra_protein.pdb,1092,7.6522336,7.4926796,7.5060544,7.1432166,7.7174716,7.900407,6.959677,7.8557096,6.563991,8.303812,7.5095243
1093,merck/cdk8_5cei_new_helix_loop_extra,merck/cdk8_5cei_new_helix_loop_extra/39,../large_fep_dataset/data/fep_benchmark_processed/merck_cdk8_5cei_new_helix_loop_extra_39.sdf,../large_fep_dataset/data/fep_benchmark_processed/merck_cdk8_5cei_new_helix_loop_extra_protein.pdb,1093,7.273013,6.815633,7.42216,7.0661407,7.1449995,7.1961184,6.9825263,7.273065,7.467068,7.5646544,7.2205377
1094,merck/cdk8_5cei_new_helix_loop_extra,merck/cdk8_5cei_new_helix_loop_extra/32,../large_fep_dataset/data/fep_benchmark_processed/merck_cdk8_5cei_new_helix_loop_extra_32.sdf,../large_fep_dataset/data/fep_benchmark_processed/merck_cdk8_5cei_new_helix_loop_extra_protein.pdb,1094,7.6316695,6.817745,7.5345674,6.9979362,6.478843,6.553971,7.0080953,6.8260903,6.366187,7.6690717,6.9884176
1095,merck/cdk8_5cei_new_helix_loop_extra,merck/cdk8_5cei_new_helix_loop_extra/37,../large_fep_dataset/data/fep_benchmark_processed/merck_cdk8_5cei_new_helix_loop_extra_37.sdf,../large_fep_dataset/data/fep_benchmark_processed/merck_cdk8_5cei_new_helix_loop_extra_protein.pdb,1095,7.516704,6.8181148,7.7448626,7.5309277,7.3835278,7.1259723,7.057257,7.6657085,7.673161,8.089364,7.460561
1096,merck/cdk8_5cei_new_helix_loop_extra,merck/cdk8_5cei_new_helix_loop_extra/23,../large_fep_dataset/data/fep_benchmark_processed/merck_cdk8_5cei_new_helix_loop_extra_23.sdf,../large_fep_dataset/data/fep_benchmark_processed/merck_cdk8_5cei_new_helix_loop_extra_protein.pdb,1096,7.5422616,6.4872203,7.575395,7.179222,7.5523863,7.429084,6.8833838,6.792041,6.6914926,7.3771367,7.150963
1097,merck/cdk8_5cei_new_helix_loop_extra,merck/cdk8_5cei_new_helix_loop_extra/15,../large_fep_dataset/data/fep_benchmark_processed/merck_cdk8_5cei_new_helix_loop_extra_15.sdf,../large_fep_dataset/data/fep_benchmark_processed/merck_cdk8_5cei_new_helix_loop_extra_protein.pdb,1097,7.429082,6.517916,7.4212923,7.154085,6.879668,7.3536053,6.9910793,7.213493,6.197777,6.899109,7.0057106
1098,merck/cdk8_5cei_new_helix_loop_extra,merck/cdk8_5cei_new_helix_loop_extra/34,../large_fep_dataset/data/fep_benchmark_processed/merck_cdk8_5cei_new_helix_loop_extra_34.sdf,../large_fep_dataset/data/fep_benchmark_processed/merck_cdk8_5cei_new_helix_loop_extra_protein.pdb,1098,7.986587,7.5206246,7.944186,7.440037,7.2543335,7.9898233,7.754681,8.25439,7.718939,8.341109,7.8204713
1099,merck/cdk8_5cei_new_helix_loop_extra,merck/cdk8_5cei_new_helix_loop_extra/25,../large_fep_dataset/data/fep_benchmark_processed/merck_cdk8_5cei_new_helix_loop_extra_25.sdf,../large_fep_dataset/data/fep_benchmark_processed/merck_cdk8_5cei_new_helix_loop_extra_protein.pdb,1099,7.4041095,6.7276373,6.7815266,6.9763637,6.771439,7.9733977,7.197962,6.951082,5.7765837,7.2057285,6.976583
1100,merck/cdk8_5cei_new_helix_loop_extra,merck/cdk8_5cei_new_helix_loop_extra/14,../large_fep_dataset/data/fep_benchmark_processed/merck_cdk8_5cei_new_helix_loop_extra_14.sdf,../large_fep_dataset/data/fep_benchmark_processed/merck_cdk8_5cei_new_helix_loop_extra_protein.pdb,1100,6.1866856,6.5824547,6.7807384,6.6409554,6.706839,7.3146772,6.1994495,7.0735016,6.082984,6.481652,6.6049943
1101,merck/cdk8_5cei_new_helix_loop_extra,merck/cdk8_5cei_new_helix_loop_extra/36,../large_fep_dataset/data/fep_benchmark_processed/merck_cdk8_5cei_new_helix_loop_extra_36.sdf,../large_fep_dataset/data/fep_benchmark_processed/merck_cdk8_5cei_new_helix_loop_extra_protein.pdb,1101,7.37315,6.983304,8.165245,7.203255,7.5311146,7.4448004,7.4923997,7.651149,7.4324155,7.651025,7.4927855
1102,merck/cdk8_5cei_new_helix_loop_extra,merck/cdk8_5cei_new_helix_loop_extra/18 flipped,../large_fep_dataset/data/fep_benchmark_processed/merck_cdk8_5cei_new_helix_loop_extra_18_flipped.sdf,../large_fep_dataset/data/fep_benchmark_processed/merck_cdk8_5cei_new_helix_loop_extra_protein.pdb,1102,8.022743,7.3295884,7.900962,7.50025,7.252132,7.8900986,7.4422817,7.490047,7.1198025,7.7468166,7.569472
1103,merck/cdk8_5cei_new_helix_loop_extra,merck/cdk8_5cei_new_helix_loop_extra/16 flipped,../large_fep_dataset/data/fep_benchmark_processed/merck_cdk8_5cei_new_helix_loop_extra_16_flipped.sdf,../large_fep_dataset/data/fep_benchmark_processed/merck_cdk8_5cei_new_helix_loop_extra_protein.pdb,1103,7.0990105,6.1507463,7.145001,6.639328,6.8456593,7.1787887,6.3087397,6.4555445,6.628165,7.431845,6.788283
1104,merck/cdk8_5cei_new_helix_loop_extra,merck/cdk8_5cei_new_helix_loop_extra/17 flipped,../large_fep_dataset/data/fep_benchmark_processed/merck_cdk8_5cei_new_helix_loop_extra_17_flipped.sdf,../large_fep_dataset/data/fep_benchmark_processed/merck_cdk8_5cei_new_helix_loop_extra_protein.pdb,1104,7.5737734,6.8323803,7.7055025,8.179233,7.0238695,7.5156207,7.1883163,7.20277,6.852882,7.4756126,7.3549957
1105,merck/cdk8_5cei_new_helix_loop_extra,merck/cdk8_5cei_new_helix_loop_extra/44 flipped,../large_fep_dataset/data/fep_benchmark_processed/merck_cdk8_5cei_new_helix_loop_extra_44_flipped.sdf,../large_fep_dataset/data/fep_benchmark_processed/merck_cdk8_5cei_new_helix_loop_extra_protein.pdb,1105,7.646815,7.275366,7.812588,7.3391657,7.495241,7.571435,7.3323164,7.909231,7.421526,7.9535203,7.5757203
1106,merck/cdk8_5cei_new_helix_loop_extra,merck/cdk8_5cei_new_helix_loop_extra/45 flipped,../large_fep_dataset/data/fep_benchmark_processed/merck_cdk8_5cei_new_helix_loop_extra_45_flipped.sdf,../large_fep_dataset/data/fep_benchmark_processed/merck_cdk8_5cei_new_helix_loop_extra_protein.pdb,1106,8.210857,7.449961,7.90769,7.5063486,7.983838,8.351914,7.564796,8.071561,7.88095,7.391437,7.8319345
1107,merck/cdk8_5cei_new_helix_loop_extra,merck/cdk8_5cei_new_helix_loop_extra/42 flipped,../large_fep_dataset/data/fep_benchmark_processed/merck_cdk8_5cei_new_helix_loop_extra_42_flipped.sdf,../large_fep_dataset/data/fep_benchmark_processed/merck_cdk8_5cei_new_helix_loop_extra_protein.pdb,1107,7.564082,7.741826,7.6553483,7.783631,7.6751347,8.3253355,7.4872413,8.17072,7.651406,8.513548,7.8568277
1108,waterset/urokinase,"waterset/urokinase/10302 (1GJ7, no water pose)","../large_fep_dataset/data/fep_benchmark_processed/waterset_urokinase_10302_(1GJ7,_no_water_pose).sdf",../large_fep_dataset/data/fep_benchmark_processed/waterset_urokinase_protein.pdb,1108,6.3262997,6.5505195,6.13824,6.2751956,6.4702535,7.156316,6.4451404,6.540484,5.981559,6.553381,6.4437394
1109,waterset/urokinase,waterset/urokinase/11417 (no water pose),../large_fep_dataset/data/fep_benchmark_processed/waterset_urokinase_11417_(no_water_pose).sdf,../large_fep_dataset/data/fep_benchmark_processed/waterset_urokinase_protein.pdb,1109,6.7329764,6.3179803,6.679885,6.113665,6.956053,7.362178,6.501028,6.259206,6.324898,6.5246305,6.57725
1110,waterset/urokinase,waterset/urokinase/7806 (no water pose),../large_fep_dataset/data/fep_benchmark_processed/waterset_urokinase_7806_(no_water_pose).sdf,../large_fep_dataset/data/fep_benchmark_processed/waterset_urokinase_protein.pdb,1110,6.126284,5.843425,5.9386835,5.7393146,6.2630253,6.221886,6.5054784,5.7516813,6.0576596,5.9621305,6.0409575
1111,waterset/urokinase,waterset/urokinase/8696 (no water pose),../large_fep_dataset/data/fep_benchmark_processed/waterset_urokinase_8696_(no_water_pose).sdf,../large_fep_dataset/data/fep_benchmark_processed/waterset_urokinase_protein.pdb,1111,6.425352,6.184441,6.1024866,5.949085,6.7964807,6.944642,6.6990647,6.2510796,6.5921216,6.8342853,6.477904
1112,waterset/scyt_dehyd,waterset/scyt_dehyd/3d,../large_fep_dataset/data/fep_benchmark_processed/waterset_scyt_dehyd_3d.sdf,../large_fep_dataset/data/fep_benchmark_processed/waterset_scyt_dehyd_protein.pdb,1112,6.219168,6.8474054,6.3380294,5.965061,5.6734867,6.6983485,7.0665364,6.655305,6.9679427,6.7579875,6.518927
1113,waterset/scyt_dehyd,waterset/scyt_dehyd/8d,../large_fep_dataset/data/fep_benchmark_processed/waterset_scyt_dehyd_8d.sdf,../large_fep_dataset/data/fep_benchmark_processed/waterset_scyt_dehyd_protein.pdb,1113,7.0282745,7.3023534,7.008792,6.4899526,6.2539253,7.47569,7.9777327,7.1327105,7.5238967,7.2865458,7.1479874
1114,waterset/scyt_dehyd,waterset/scyt_dehyd/2d,../large_fep_dataset/data/fep_benchmark_processed/waterset_scyt_dehyd_2d.sdf,../large_fep_dataset/data/fep_benchmark_processed/waterset_scyt_dehyd_protein.pdb,1114,7.0808825,7.9454,6.7605567,6.6254053,6.6835895,7.382783,7.7858124,7.2432504,7.134752,7.4183764,7.2060804
1115,waterset/scyt_dehyd,waterset/scyt_dehyd/4d,../large_fep_dataset/data/fep_benchmark_processed/waterset_scyt_dehyd_4d.sdf,../large_fep_dataset/data/fep_benchmark_processed/waterset_scyt_dehyd_protein.pdb,1115,7.897764,8.2490425,8.010124,7.496359,8.011857,8.311961,8.22972,8.731528,7.4701266,8.864895,8.127337
1116,waterset/scyt_dehyd,waterset/scyt_dehyd/5d,../large_fep_dataset/data/fep_benchmark_processed/waterset_scyt_dehyd_5d.sdf,../large_fep_dataset/data/fep_benchmark_processed/waterset_scyt_dehyd_protein.pdb,1116,8.061532,8.2143345,7.696727,6.203771,6.790896,7.57637,8.08256,7.392218,7.7589245,7.5388603,7.531619
1117,waterset/scyt_dehyd,waterset/scyt_dehyd/6d,../large_fep_dataset/data/fep_benchmark_processed/waterset_scyt_dehyd_6d.sdf,../large_fep_dataset/data/fep_benchmark_processed/waterset_scyt_dehyd_protein.pdb,1117,7.3963556,7.90623,7.357691,6.6903763,6.07375,7.333819,7.6896105,7.5070453,7.37112,7.4423103,7.276831
1118,waterset/scyt_dehyd,waterset/scyt_dehyd/7d,../large_fep_dataset/data/fep_benchmark_processed/waterset_scyt_dehyd_7d.sdf,../large_fep_dataset/data/fep_benchmark_processed/waterset_scyt_dehyd_protein.pdb,1118,7.8346624,8.725303,8.890768,7.3450623,8.145651,8.592343,8.420903,8.692408,7.6891956,8.708141,8.304443
1119,waterset/brd41_ASH106,waterset/brd41_ASH106/cmpd 5 (1-Butenyl),../large_fep_dataset/data/fep_benchmark_processed/waterset_brd41_ASH106_cmpd_5_(1-Butenyl).sdf,../large_fep_dataset/data/fep_benchmark_processed/waterset_brd41_ASH106_protein.pdb,1119,6.8139253,5.656067,7.2280545,6.6717963,6.715308,6.504095,6.1307025,6.9231167,6.4987516,6.213851,6.535567
1120,waterset/brd41_ASH106,waterset/brd41_ASH106/cmpd 2 (methyl),../large_fep_dataset/data/fep_benchmark_processed/waterset_brd41_ASH106_cmpd_2_(methyl).sdf,../large_fep_dataset/data/fep_benchmark_processed/waterset_brd41_ASH106_protein.pdb,1120,5.948348,5.515758,5.1985593,5.4734864,5.4354024,5.5071607,5.63659,5.852195,5.4360933,5.0101395,5.501373
1121,waterset/brd41_ASH106,waterset/brd41_ASH106/cmpd 3 (Allyl),../large_fep_dataset/data/fep_benchmark_processed/waterset_brd41_ASH106_cmpd_3_(Allyl).sdf,../large_fep_dataset/data/fep_benchmark_processed/waterset_brd41_ASH106_protein.pdb,1121,6.603396,5.24446,5.944454,6.721296,6.0764065,6.423497,6.250044,6.572891,6.2301307,6.3975854,6.2464166
1122,waterset/brd41_ASH106,waterset/brd41_ASH106/cmpd 9 (methoxyethyl),../large_fep_dataset/data/fep_benchmark_processed/waterset_brd41_ASH106_cmpd_9_(methoxyethyl).sdf,../large_fep_dataset/data/fep_benchmark_processed/waterset_brd41_ASH106_protein.pdb,1122,6.6780252,5.299538,6.456229,6.5516872,6.2935452,7.003486,6.0920453,6.232302,6.938867,6.1992626,6.374499
1123,waterset/brd41_ASH106,waterset/brd41_ASH106/cmpd 6 (ethyl),../large_fep_dataset/data/fep_benchmark_processed/waterset_brd41_ASH106_cmpd_6_(ethyl).sdf,../large_fep_dataset/data/fep_benchmark_processed/waterset_brd41_ASH106_protein.pdb,1123,6.192858,5.7248125,5.4261985,5.96619,6.304242,5.6064887,5.55223,6.387104,6.30904,5.2373776,5.870654
1124,waterset/brd41_ASH106,waterset/brd41_ASH106/cmpd 8 (n-Butyl),../large_fep_dataset/data/fep_benchmark_processed/waterset_brd41_ASH106_cmpd_8_(n-Butyl).sdf,../large_fep_dataset/data/fep_benchmark_processed/waterset_brd41_ASH106_protein.pdb,1124,6.507431,5.6117105,6.941153,6.966299,6.921239,6.80586,6.3901315,6.9375978,6.825031,6.125034,6.6031485
1125,waterset/brd41_ASH106,waterset/brd41_ASH106/cmpd 7 (n-propyl),../large_fep_dataset/data/fep_benchmark_processed/waterset_brd41_ASH106_cmpd_7_(n-propyl).sdf,../large_fep_dataset/data/fep_benchmark_processed/waterset_brd41_ASH106_protein.pdb,1125,6.5594044,6.022769,6.4856324,7.056258,6.487288,6.2561874,6.253349,6.7523212,7.167919,5.999783,6.5040917
1126,waterset/brd41_ASH106,waterset/brd41_ASH106/cmpd 4 (Crotyl),../large_fep_dataset/data/fep_benchmark_processed/waterset_brd41_ASH106_cmpd_4_(Crotyl).sdf,../large_fep_dataset/data/fep_benchmark_processed/waterset_brd41_ASH106_protein.pdb,1126,6.876319,5.5595407,7.1734715,6.6166725,6.7786784,6.6968527,6.170518,7.1224847,6.623268,6.187855,6.5805664
1127,waterset/hsp90_woodhead,waterset/hsp90_woodhead/4,../large_fep_dataset/data/fep_benchmark_processed/waterset_hsp90_woodhead_4.sdf,../large_fep_dataset/data/fep_benchmark_processed/waterset_hsp90_woodhead_protein.pdb,1127,7.8902407,6.8700504,6.610808,6.8688607,7.422272,7.678775,7.504891,7.1183977,7.504358,6.557185,7.2025833
1128,waterset/hsp90_woodhead,waterset/hsp90_woodhead/1,../large_fep_dataset/data/fep_benchmark_processed/waterset_hsp90_woodhead_1.sdf,../large_fep_dataset/data/fep_benchmark_processed/waterset_hsp90_woodhead_protein.pdb,1128,8.105359,7.8112473,8.4289875,8.324411,8.123613,7.5581365,7.9974384,8.327626,8.362968,8.275276,8.131506
1129,waterset/hsp90_woodhead,waterset/hsp90_woodhead/3,../large_fep_dataset/data/fep_benchmark_processed/waterset_hsp90_woodhead_3.sdf,../large_fep_dataset/data/fep_benchmark_processed/waterset_hsp90_woodhead_protein.pdb,1129,7.8694196,6.9549985,6.814154,6.926507,7.3526883,7.581743,7.3335676,7.2475247,7.2353163,6.8383055,7.215422
1130,waterset/hsp90_woodhead,waterset/hsp90_woodhead/2,../large_fep_dataset/data/fep_benchmark_processed/waterset_hsp90_woodhead_2.sdf,../large_fep_dataset/data/fep_benchmark_processed/waterset_hsp90_woodhead_protein.pdb,1130,6.7396884,6.983767,6.190884,5.8161736,5.981191,6.864444,6.844519,6.4697013,6.519928,6.607661,6.501796
1131,waterset/throm_nozob_hip75,waterset/throm_nozob_hip75/2d pose 2,../large_fep_dataset/data/fep_benchmark_processed/waterset_throm_nozob_hip75_2d_pose_2.sdf,../large_fep_dataset/data/fep_benchmark_processed/waterset_throm_nozob_hip75_protein.pdb,1131,7.764597,6.161862,5.716433,6.8472753,6.8252892,6.545982,6.142238,6.4362903,6.123092,6.7167006,6.527976
1132,waterset/throm_nozob_hip75,waterset/throm_nozob_hip75/2c pose 2,../large_fep_dataset/data/fep_benchmark_processed/waterset_throm_nozob_hip75_2c_pose_2.sdf,../large_fep_dataset/data/fep_benchmark_processed/waterset_throm_nozob_hip75_protein.pdb,1132,7.557026,6.5024347,6.915311,7.114805,7.051512,7.450209,6.768502,7.084545,6.5875134,7.0391283,7.007099
1133,waterset/throm_nozob_hip75,waterset/throm_nozob_hip75/7b,../large_fep_dataset/data/fep_benchmark_processed/waterset_throm_nozob_hip75_7b.sdf,../large_fep_dataset/data/fep_benchmark_processed/waterset_throm_nozob_hip75_protein.pdb,1133,7.134294,6.8796134,7.2202916,7.5242424,6.702434,7.0840154,6.827356,7.5941443,7.0571723,6.5111804,7.0534735
1134,waterset/throm_nozob_hip75,waterset/throm_nozob_hip75/7c pose 1,../large_fep_dataset/data/fep_benchmark_processed/waterset_throm_nozob_hip75_7c_pose_1.sdf,../large_fep_dataset/data/fep_benchmark_processed/waterset_throm_nozob_hip75_protein.pdb,1134,7.531765,6.695136,6.968297,7.155379,7.325192,7.260916,7.1035447,7.844261,7.40252,7.1603565,7.244737
1135,waterset/throm_nozob_hip75,waterset/throm_nozob_hip75/7f,../large_fep_dataset/data/fep_benchmark_processed/waterset_throm_nozob_hip75_7f.sdf,../large_fep_dataset/data/fep_benchmark_processed/waterset_throm_nozob_hip75_protein.pdb,1135,7.370193,6.7238884,7.229049,6.5974813,7.1344876,7.452275,6.04517,6.6533647,7.1916604,7.1312914,6.952886
1136,waterset/throm_nozob_hip75,waterset/throm_nozob_hip75/2b pose 1,../large_fep_dataset/data/fep_benchmark_processed/waterset_throm_nozob_hip75_2b_pose_1.sdf,../large_fep_dataset/data/fep_benchmark_processed/waterset_throm_nozob_hip75_protein.pdb,1136,7.432365,6.620782,6.328142,6.466476,7.129758,7.16587,6.5264993,6.7043834,7.0577064,6.4584556,6.7890444
1137,waterset/throm_nozob_hip75,waterset/throm_nozob_hip75/1a pose 2,../large_fep_dataset/data/fep_benchmark_processed/waterset_throm_nozob_hip75_1a_pose_2.sdf,../large_fep_dataset/data/fep_benchmark_processed/waterset_throm_nozob_hip75_protein.pdb,1137,7.2146955,6.160163,7.127627,7.5085015,7.110378,7.075006,6.7562947,7.0616627,6.5424924,6.993176,6.9549994
1138,waterset/throm_nozob_hip75,waterset/throm_nozob_hip75/7e pose 1,../large_fep_dataset/data/fep_benchmark_processed/waterset_throm_nozob_hip75_7e_pose_1.sdf,../large_fep_dataset/data/fep_benchmark_processed/waterset_throm_nozob_hip75_protein.pdb,1138,7.945891,7.0525923,6.7483196,6.9285583,7.354872,7.7319474,6.219248,6.913811,7.706422,6.3237557,7.0925417
1139,waterset/throm_nozob_hip75,waterset/throm_nozob_hip75/6a pose 1,../large_fep_dataset/data/fep_benchmark_processed/waterset_throm_nozob_hip75_6a_pose_1.sdf,../large_fep_dataset/data/fep_benchmark_processed/waterset_throm_nozob_hip75_protein.pdb,1139,7.8447495,6.995218,7.9170012,7.5510936,7.658501,7.5010552,8.0986805,8.040873,7.8359165,7.235447,7.667853
1140,waterset/throm_nozob_hip75,waterset/throm_nozob_hip75/5,../large_fep_dataset/data/fep_benchmark_processed/waterset_throm_nozob_hip75_5.sdf,../large_fep_dataset/data/fep_benchmark_processed/waterset_throm_nozob_hip75_protein.pdb,1140,7.119095,6.3105693,6.265339,6.352283,7.0925446,6.9755,5.6990833,6.4898763,6.574352,6.1315017,6.5010147
1141,waterset/throm_nozob_hip75,waterset/throm_nozob_hip75/1c pose 2,../large_fep_dataset/data/fep_benchmark_processed/waterset_throm_nozob_hip75_1c_pose_2.sdf,../large_fep_dataset/data/fep_benchmark_processed/waterset_throm_nozob_hip75_protein.pdb,1141,7.328335,6.7068,6.9677553,7.3359213,7.3967,7.4713326,6.3797812,7.571959,7.2458663,7.0067735,7.1411223
1142,waterset/throm_nozob_hip75,waterset/throm_nozob_hip75/2a pose 2,../large_fep_dataset/data/fep_benchmark_processed/waterset_throm_nozob_hip75_2a_pose_2.sdf,../large_fep_dataset/data/fep_benchmark_processed/waterset_throm_nozob_hip75_protein.pdb,1142,6.998693,7.091018,5.4421334,7.943875,7.502949,7.541517,6.9999433,7.2755203,7.3365836,7.12688,7.1259108
1143,waterset/throm_nozob_hip75,waterset/throm_nozob_hip75/7a pose 2,../large_fep_dataset/data/fep_benchmark_processed/waterset_throm_nozob_hip75_7a_pose_2.sdf,../large_fep_dataset/data/fep_benchmark_processed/waterset_throm_nozob_hip75_protein.pdb,1143,8.214593,7.0796056,7.589283,6.735784,7.2847776,7.7047396,7.1862106,7.077556,7.4209523,7.769917,7.4063425
1144,waterset/throm_nozob_hip75,waterset/throm_nozob_hip75/3b pose 1,../large_fep_dataset/data/fep_benchmark_processed/waterset_throm_nozob_hip75_3b_pose_1.sdf,../large_fep_dataset/data/fep_benchmark_processed/waterset_throm_nozob_hip75_protein.pdb,1144,7.566191,7.3106356,7.5460153,7.4383736,7.4808784,7.8196692,6.816468,6.733909,7.5436797,7.7558694,7.401169
1145,waterset/throm_nozob_hip75,waterset/throm_nozob_hip75/6d pose 2,../large_fep_dataset/data/fep_benchmark_processed/waterset_throm_nozob_hip75_6d_pose_2.sdf,../large_fep_dataset/data/fep_benchmark_processed/waterset_throm_nozob_hip75_protein.pdb,1145,7.340536,6.690061,7.3481197,7.090808,7.630159,7.9904513,7.4988456,7.3907504,6.733226,7.3753877,7.308834
1146,waterset/throm_nozob_hip75,waterset/throm_nozob_hip75/6c pose 1,../large_fep_dataset/data/fep_benchmark_processed/waterset_throm_nozob_hip75_6c_pose_1.sdf,../large_fep_dataset/data/fep_benchmark_processed/waterset_throm_nozob_hip75_protein.pdb,1146,7.6708465,6.860609,7.512615,7.2742124,7.969775,7.6603928,7.308154,7.206141,7.3048916,6.6319065,7.3399544
1147,waterset/throm_nozob_hip75,waterset/throm_nozob_hip75/3a xtal pose,../large_fep_dataset/data/fep_benchmark_processed/waterset_throm_nozob_hip75_3a_xtal_pose.sdf,../large_fep_dataset/data/fep_benchmark_processed/waterset_throm_nozob_hip75_protein.pdb,1147,8.300119,7.1675944,7.5851264,7.045382,7.2016997,7.786533,6.7647853,7.1226516,7.3167005,7.594317,7.388491
1148,waterset/throm_nozob_hip75,waterset/throm_nozob_hip75/1b pose 2,../large_fep_dataset/data/fep_benchmark_processed/waterset_throm_nozob_hip75_1b_pose_2.sdf,../large_fep_dataset/data/fep_benchmark_processed/waterset_throm_nozob_hip75_protein.pdb,1148,7.3442526,6.7648363,7.487034,7.2837877,7.145359,7.175537,7.078738,7.874974,6.987324,6.966083,7.2107925
1149,waterset/throm_nozob_hip75,waterset/throm_nozob_hip75/6b pose 2,../large_fep_dataset/data/fep_benchmark_processed/waterset_throm_nozob_hip75_6b_pose_2.sdf,../large_fep_dataset/data/fep_benchmark_processed/waterset_throm_nozob_hip75_protein.pdb,1149,7.9874806,7.387909,8.072564,7.4733233,7.497467,8.195916,7.980903,8.160587,7.565043,7.389331,7.771052
1150,waterset/throm_nozob_hip75,waterset/throm_nozob_hip75/6e pose 1,../large_fep_dataset/data/fep_benchmark_processed/waterset_throm_nozob_hip75_6e_pose_1.sdf,../large_fep_dataset/data/fep_benchmark_processed/waterset_throm_nozob_hip75_protein.pdb,1150,7.8374853,6.7565913,7.9245167,7.5101695,7.8977838,7.555017,7.9084463,8.037315,7.672992,7.2594104,7.6359725
1151,waterset/throm_nozob_hip75,waterset/throm_nozob_hip75/1d pose 2,../large_fep_dataset/data/fep_benchmark_processed/waterset_throm_nozob_hip75_1d_pose_2.sdf,../large_fep_dataset/data/fep_benchmark_processed/waterset_throm_nozob_hip75_protein.pdb,1151,7.62938,7.022097,7.4753428,7.779082,7.5307794,7.249678,7.4762754,8.344859,8.4578905,7.896142,7.6861525
1152,waterset/taf12,waterset/taf12/cmpd 5 (1-Butenyl),../large_fep_dataset/data/fep_benchmark_processed/waterset_taf12_cmpd_5_(1-Butenyl).sdf,../large_fep_dataset/data/fep_benchmark_processed/waterset_taf12_protein.pdb,1152,7.211762,6.9816837,7.9889913,6.8680763,6.974792,7.1446333,7.026819,7.115602,7.260157,6.3920064,7.0964518
1153,waterset/taf12,waterset/taf12/cmpd 2 (methyl),../large_fep_dataset/data/fep_benchmark_processed/waterset_taf12_cmpd_2_(methyl).sdf,../large_fep_dataset/data/fep_benchmark_processed/waterset_taf12_protein.pdb,1153,6.3096523,5.885129,6.3622723,5.75758,5.6916413,5.854153,5.656664,5.4488406,5.8158836,5.920175,5.8701987
1154,waterset/taf12,waterset/taf12/cmpd 3 (Allyl),../large_fep_dataset/data/fep_benchmark_processed/waterset_taf12_cmpd_3_(Allyl).sdf,../large_fep_dataset/data/fep_benchmark_processed/waterset_taf12_protein.pdb,1154,6.6478615,6.3725643,6.9848804,6.303795,6.4189053,6.815497,6.1198792,6.7948523,6.528077,6.3278856,6.53142
1155,waterset/taf12,waterset/taf12/cmpd 9 (methoxyethyl),../large_fep_dataset/data/fep_benchmark_processed/waterset_taf12_cmpd_9_(methoxyethyl).sdf,../large_fep_dataset/data/fep_benchmark_processed/waterset_taf12_protein.pdb,1155,6.4002805,6.1742916,6.883254,6.3437886,6.993943,6.898854,6.598587,6.0349407,7.1293745,6.3386292,6.5795937
1156,waterset/taf12,waterset/taf12/cmpd 6 (ethyl),../large_fep_dataset/data/fep_benchmark_processed/waterset_taf12_cmpd_6_(ethyl).sdf,../large_fep_dataset/data/fep_benchmark_processed/waterset_taf12_protein.pdb,1156,6.0645533,5.9282217,6.316267,6.2265334,6.3793745,5.9815,5.706475,6.386809,7.0163326,6.3902802,6.2396345
1157,waterset/taf12,waterset/taf12/cmpd 8 (n-Butyl),../large_fep_dataset/data/fep_benchmark_processed/waterset_taf12_cmpd_8_(n-Butyl).sdf,../large_fep_dataset/data/fep_benchmark_processed/waterset_taf12_protein.pdb,1157,6.1698523,6.5456986,7.2162533,7.3189282,6.951677,7.0552926,6.8008313,6.7605534,7.5079784,6.8092613,6.9136324
1158,waterset/taf12,waterset/taf12/cmpd 7 (n-propyl),../large_fep_dataset/data/fep_benchmark_processed/waterset_taf12_cmpd_7_(n-propyl).sdf,../large_fep_dataset/data/fep_benchmark_processed/waterset_taf12_protein.pdb,1158,6.279323,6.474552,6.845889,7.355248,6.750745,6.63473,6.498943,6.895416,7.4116454,7.0904665,6.823696
1159,waterset/taf12,waterset/taf12/cmpd 4 (Crotyl),../large_fep_dataset/data/fep_benchmark_processed/waterset_taf12_cmpd_4_(Crotyl).sdf,../large_fep_dataset/data/fep_benchmark_processed/waterset_taf12_protein.pdb,1159,7.1702566,6.393854,7.850193,6.9328556,7.122894,7.2197633,6.433259,6.9367185,6.789324,6.1413856,6.89905
1160,waterset/chk1,waterset/chk1/21 (Xtal),../large_fep_dataset/data/fep_benchmark_processed/waterset_chk1_21_(Xtal).sdf,../large_fep_dataset/data/fep_benchmark_processed/waterset_chk1_protein.pdb,1160,9.283131,8.460695,9.001357,8.472914,8.045832,9.368121,8.4105625,8.754462,8.915185,8.729201,8.744146
1161,waterset/chk1,waterset/chk1/22,../large_fep_dataset/data/fep_benchmark_processed/waterset_chk1_22.sdf,../large_fep_dataset/data/fep_benchmark_processed/waterset_chk1_protein.pdb,1161,9.221139,8.72284,9.41625,8.701258,7.925809,9.952663,8.820513,8.668977,8.9057255,8.843249,8.917841
1162,waterset/chk1,waterset/chk1/24 pose 2,../large_fep_dataset/data/fep_benchmark_processed/waterset_chk1_24_pose_2.sdf,../large_fep_dataset/data/fep_benchmark_processed/waterset_chk1_protein.pdb,1162,8.312286,6.9827123,8.099585,7.876686,8.163987,7.7385564,7.4165597,7.59892,7.769229,7.858027,7.7816544
1163,waterset/chk1,waterset/chk1/14 docked,../large_fep_dataset/data/fep_benchmark_processed/waterset_chk1_14_docked.sdf,../large_fep_dataset/data/fep_benchmark_processed/waterset_chk1_protein.pdb,1163,8.744159,7.15259,7.5431905,7.9455,7.898488,7.904362,7.763241,8.397098,8.021213,7.592632,7.896247
1164,waterset/chk1,waterset/chk1/18 docked,../large_fep_dataset/data/fep_benchmark_processed/waterset_chk1_18_docked.sdf,../large_fep_dataset/data/fep_benchmark_processed/waterset_chk1_protein.pdb,1164,7.91033,7.1236367,7.8566647,7.9552245,6.92222,8.101304,7.6733656,7.2189226,7.4502044,7.382525,7.559439
1165,waterset/chk1,waterset/chk1/13 docked,../large_fep_dataset/data/fep_benchmark_processed/waterset_chk1_13_docked.sdf,../large_fep_dataset/data/fep_benchmark_processed/waterset_chk1_protein.pdb,1165,7.951857,6.969698,7.015984,7.6456285,7.307922,7.992259,7.0964565,7.133805,7.384747,7.1268697,7.362523
1166,waterset/chk1,waterset/chk1/20,../large_fep_dataset/data/fep_benchmark_processed/waterset_chk1_20.sdf,../large_fep_dataset/data/fep_benchmark_processed/waterset_chk1_protein.pdb,1166,7.853143,6.7030096,7.599797,7.7729087,7.5422916,7.192373,6.841477,7.552803,7.2267737,7.354544,7.363912
1167,waterset/chk1,waterset/chk1/12 docked,../large_fep_dataset/data/fep_benchmark_processed/waterset_chk1_12_docked.sdf,../large_fep_dataset/data/fep_benchmark_processed/waterset_chk1_protein.pdb,1167,8.274087,7.1386847,7.2737503,7.2588224,7.0889144,8.05445,7.180644,7.1848087,7.514881,7.3424993,7.431154
1168,waterset/chk1,waterset/chk1/16 docked,../large_fep_dataset/data/fep_benchmark_processed/waterset_chk1_16_docked.sdf,../large_fep_dataset/data/fep_benchmark_processed/waterset_chk1_protein.pdb,1168,8.203253,7.3298492,8.257571,8.10589,8.200802,8.472545,7.9533916,7.980106,8.389309,7.966112,8.085882
1169,waterset/chk1,waterset/chk1/19,../large_fep_dataset/data/fep_benchmark_processed/waterset_chk1_19.sdf,../large_fep_dataset/data/fep_benchmark_processed/waterset_chk1_protein.pdb,1169,8.071453,7.2240233,8.40919,7.908364,8.079463,8.355985,8.379047,7.72417,7.9887023,7.793136,7.9933534
1170,waterset/chk1,waterset/chk1/17 torsion adjust,../large_fep_dataset/data/fep_benchmark_processed/waterset_chk1_17_torsion_adjust.sdf,../large_fep_dataset/data/fep_benchmark_processed/waterset_chk1_protein.pdb,1170,8.654042,7.3361692,8.354958,8.130855,7.2751718,7.989472,7.8154316,7.82609,7.635619,7.9382677,7.895608
1171,waterset/chk1,waterset/chk1/15 docked,../large_fep_dataset/data/fep_benchmark_processed/waterset_chk1_15_docked.sdf,../large_fep_dataset/data/fep_benchmark_processed/waterset_chk1_protein.pdb,1171,8.23767,7.2220573,7.4111247,7.9064965,7.0758505,7.9394946,7.4642544,7.837918,7.732534,7.9195957,7.6746993
1172,waterset/chk1,waterset/chk1/11 docked,../large_fep_dataset/data/fep_benchmark_processed/waterset_chk1_11_docked.sdf,../large_fep_dataset/data/fep_benchmark_processed/waterset_chk1_protein.pdb,1172,8.49888,7.695595,7.8553705,7.8075247,7.9531975,8.445834,7.701598,8.165335,8.000348,7.6283607,7.9752045
1173,waterset/hsp90_kung,waterset/hsp90_kung/cmpd 16,../large_fep_dataset/data/fep_benchmark_processed/waterset_hsp90_kung_cmpd_16.sdf,../large_fep_dataset/data/fep_benchmark_processed/waterset_hsp90_kung_protein.pdb,1173,8.623301,8.196459,8.222602,7.4117537,8.382976,8.342997,8.070105,8.526664,8.331433,8.186696,8.2295
1174,waterset/hsp90_kung,waterset/hsp90_kung/cmpd 9,../large_fep_dataset/data/fep_benchmark_processed/waterset_hsp90_kung_cmpd_9.sdf,../large_fep_dataset/data/fep_benchmark_processed/waterset_hsp90_kung_protein.pdb,1174,7.373845,7.6380496,6.6983333,7.215411,6.6609697,6.685475,7.4601746,7.8349686,7.7776775,7.8325844,7.317749
1175,waterset/hsp90_kung,waterset/hsp90_kung/cmpd 13,../large_fep_dataset/data/fep_benchmark_processed/waterset_hsp90_kung_cmpd_13.sdf,../large_fep_dataset/data/fep_benchmark_processed/waterset_hsp90_kung_protein.pdb,1175,8.35026,8.4685955,8.563941,7.907526,8.415242,7.9156218,8.092874,8.861917,8.089443,8.903257,8.356868
1176,waterset/hsp90_kung,waterset/hsp90_kung/cmpd 14,../large_fep_dataset/data/fep_benchmark_processed/waterset_hsp90_kung_cmpd_14.sdf,../large_fep_dataset/data/fep_benchmark_processed/waterset_hsp90_kung_protein.pdb,1176,7.569,7.450569,6.8904147,6.81833,6.8104706,6.7862177,7.848418,7.802589,7.7257266,7.304978,7.3006716
1177,waterset/hsp90_kung,waterset/hsp90_kung/cmpd 15,../large_fep_dataset/data/fep_benchmark_processed/waterset_hsp90_kung_cmpd_15.sdf,../large_fep_dataset/data/fep_benchmark_processed/waterset_hsp90_kung_protein.pdb,1177,8.015085,7.777019,6.7223544,7.2715664,7.432529,7.554689,8.268878,8.232147,7.886731,7.563442,7.6724443
1178,waterset/hsp90_kung,waterset/hsp90_kung/cmpd 7,../large_fep_dataset/data/fep_benchmark_processed/waterset_hsp90_kung_cmpd_7.sdf,../large_fep_dataset/data/fep_benchmark_processed/waterset_hsp90_kung_protein.pdb,1178,7.354923,7.1810975,6.8325505,7.2677145,6.217757,6.809187,7.9595914,7.669783,7.4639225,7.056026,7.1812553
1179,waterset/hsp90_kung,waterset/hsp90_kung/cmpd 17,../large_fep_dataset/data/fep_benchmark_processed/waterset_hsp90_kung_cmpd_17.sdf,../large_fep_dataset/data/fep_benchmark_processed/waterset_hsp90_kung_protein.pdb,1179,8.457704,7.9532576,7.6988335,7.54002,8.674017,8.045779,7.6138506,7.773116,7.642164,8.283674,7.9682417
1180,waterset/hsp90_kung,waterset/hsp90_kung/cmpd 11,../large_fep_dataset/data/fep_benchmark_processed/waterset_hsp90_kung_cmpd_11.sdf,../large_fep_dataset/data/fep_benchmark_processed/waterset_hsp90_kung_protein.pdb,1180,7.88119,7.8097577,7.2580624,7.3220735,7.44856,7.1594033,8.183848,8.293415,7.9844236,8.068786,7.7409525
1181,waterset/hsp90_kung,waterset/hsp90_kung/cmpd 12,../large_fep_dataset/data/fep_benchmark_processed/waterset_hsp90_kung_cmpd_12.sdf,../large_fep_dataset/data/fep_benchmark_processed/waterset_hsp90_kung_protein.pdb,1181,7.608288,7.792775,6.7275023,7.5981565,7.296461,6.9309397,7.920251,8.326219,7.5897613,7.9437213,7.573407
1182,waterset/hsp90_kung,waterset/hsp90_kung/cmpd 10,../large_fep_dataset/data/fep_benchmark_processed/waterset_hsp90_kung_cmpd_10.sdf,../large_fep_dataset/data/fep_benchmark_processed/waterset_hsp90_kung_protein.pdb,1182,7.972411,7.5517993,7.0395503,7.096581,7.067541,7.9702125,7.621281,8.096211,7.2344117,7.9154286,7.5565424
1183,waterset/hsp90_kung,waterset/hsp90_kung/cmpd 8,../large_fep_dataset/data/fep_benchmark_processed/waterset_hsp90_kung_cmpd_8.sdf,../large_fep_dataset/data/fep_benchmark_processed/waterset_hsp90_kung_protein.pdb,1183,6.773955,7.068066,5.4271398,6.5245156,5.9179654,6.5779786,7.739011,7.262534,7.495012,6.5790553,6.7365227
