Unnamed: 0,group_id,unique_id,sdf_file,pdb_file,graph_id,preds_0,preds_1,preds_2,preds_3,preds_4,preds_5,preds_6,preds_7,preds_8,preds_9,preds
0,bayer_macrocycles/wagner_brd4,bayer_macrocycles/wagner_brd4/61a,../large_fep_dataset/data/fep_benchmark_processed/bayer_macrocycles_wagner_brd4_61a.sdf,../large_fep_dataset/data/fep_benchmark_processed/bayer_macrocycles_wagner_brd4_protein.pdb,0,8.339321,8.31761,8.230793,8.40867,8.227718,8.099594,8.357306,8.200135,8.479682,7.627395,8.228823
1,bayer_macrocycles/wagner_brd4,bayer_macrocycles/wagner_brd4/25e,../large_fep_dataset/data/fep_benchmark_processed/bayer_macrocycles_wagner_brd4_25e.sdf,../large_fep_dataset/data/fep_benchmark_processed/bayer_macrocycles_wagner_brd4_protein.pdb,1,7.0633,7.5904007,7.6342134,7.8668494,7.782768,7.8247967,7.9795012,7.7170744,7.8598986,7.327394,7.6646194
2,bayer_macrocycles/wagner_brd4,bayer_macrocycles/wagner_brd4/11,../large_fep_dataset/data/fep_benchmark_processed/bayer_macrocycles_wagner_brd4_11.sdf,../large_fep_dataset/data/fep_benchmark_processed/bayer_macrocycles_wagner_brd4_protein.pdb,2,5.301829,5.8535523,5.3847575,5.2272115,5.553495,5.2560644,5.5801992,5.1480327,6.3727517,5.4240623,5.5101957
3,bayer_macrocycles/ftase_extraligs_custcore_stereo,"bayer_macrocycles/ftase_extraligs_custcore_stereo/lig 2, deprot","../large_fep_dataset/data/fep_benchmark_processed/bayer_macrocycles_ftase_extraligs_custcore_stereo_lig_2,_deprot.sdf",../large_fep_dataset/data/fep_benchmark_processed/bayer_macrocycles_ftase_extraligs_custcore_stereo_protein.pdb,3,8.990169,8.334359,8.295124,9.082359,8.822279,8.097561,8.590399,8.659619,9.021436,8.65011,8.654342
4,bayer_macrocycles/ftase_extraligs_custcore_stereo,"bayer_macrocycles/ftase_extraligs_custcore_stereo/lig 66, deprot","../large_fep_dataset/data/fep_benchmark_processed/bayer_macrocycles_ftase_extraligs_custcore_stereo_lig_66,_deprot.sdf",../large_fep_dataset/data/fep_benchmark_processed/bayer_macrocycles_ftase_extraligs_custcore_stereo_protein.pdb,4,7.9473023,7.245055,6.8671365,7.7407584,8.083933,8.315422,7.5286345,7.908711,8.301409,7.645905,7.7584267
5,bayer_macrocycles/ftase_extraligs_custcore_stereo,"bayer_macrocycles/ftase_extraligs_custcore_stereo/lig 68, deprot","../large_fep_dataset/data/fep_benchmark_processed/bayer_macrocycles_ftase_extraligs_custcore_stereo_lig_68,_deprot.sdf",../large_fep_dataset/data/fep_benchmark_processed/bayer_macrocycles_ftase_extraligs_custcore_stereo_protein.pdb,5,8.207345,7.1281085,7.031546,8.097108,7.6804795,8.423331,8.11371,8.077672,8.348386,7.554445,7.8662133
6,bayer_macrocycles/ftase_extraligs_custcore_stereo,bayer_macrocycles/ftase_extraligs_custcore_stereo/lig 51 stereo,../large_fep_dataset/data/fep_benchmark_processed/bayer_macrocycles_ftase_extraligs_custcore_stereo_lig_51_stereo.sdf,../large_fep_dataset/data/fep_benchmark_processed/bayer_macrocycles_ftase_extraligs_custcore_stereo_protein.pdb,6,8.079003,7.1994176,6.431414,7.5310636,7.5235085,8.015746,8.196256,8.316419,8.301246,7.607226,7.7201295
7,bayer_macrocycles/ftase_extraligs_custcore_stereo,bayer_macrocycles/ftase_extraligs_custcore_stereo/lig 49 stereo,../large_fep_dataset/data/fep_benchmark_processed/bayer_macrocycles_ftase_extraligs_custcore_stereo_lig_49_stereo.sdf,../large_fep_dataset/data/fep_benchmark_processed/bayer_macrocycles_ftase_extraligs_custcore_stereo_protein.pdb,7,7.7376823,6.9379516,6.5373673,7.435055,7.81664,7.741704,7.573041,7.992226,8.2094,7.366757,7.5347824
8,jacs_set/ptp1b,jacs_set/ptp1b/23477,../large_fep_dataset/data/fep_benchmark_processed/jacs_set_ptp1b_23477.sdf,../large_fep_dataset/data/fep_benchmark_processed/jacs_set_ptp1b_protein.pdb,8,6.6869216,6.1829076,6.375316,6.52106,6.20855,6.136445,6.2549276,6.6221466,6.5419736,6.6947002,6.4224944
9,jacs_set/ptp1b,jacs_set/ptp1b/23484,../large_fep_dataset/data/fep_benchmark_processed/jacs_set_ptp1b_23484.sdf,../large_fep_dataset/data/fep_benchmark_processed/jacs_set_ptp1b_protein.pdb,9,6.3229904,6.069802,6.2238035,7.5566115,6.2863083,6.5714526,6.1371517,7.153576,5.801667,6.868641,6.4992003
10,jacs_set/ptp1b,jacs_set/ptp1b/23467,../large_fep_dataset/data/fep_benchmark_processed/jacs_set_ptp1b_23467.sdf,../large_fep_dataset/data/fep_benchmark_processed/jacs_set_ptp1b_protein.pdb,10,5.683609,5.732453,5.89843,5.9488926,5.9455504,5.40845,5.803067,5.8284264,5.705519,5.931705,5.7886105
11,jacs_set/ptp1b,jacs_set/ptp1b/20667,../large_fep_dataset/data/fep_benchmark_processed/jacs_set_ptp1b_20667.sdf,../large_fep_dataset/data/fep_benchmark_processed/jacs_set_ptp1b_protein.pdb,11,7.3502645,6.894426,7.513683,7.7386947,7.281409,7.4262056,7.310637,7.7612314,7.423835,7.204621,7.3905005
12,jacs_set/ptp1b,jacs_set/ptp1b/23469,../large_fep_dataset/data/fep_benchmark_processed/jacs_set_ptp1b_23469.sdf,../large_fep_dataset/data/fep_benchmark_processed/jacs_set_ptp1b_protein.pdb,12,6.4592934,5.957247,5.9569902,6.241,5.584478,5.7134705,5.805165,6.1571264,5.8725433,5.9393086,5.9686627
13,jacs_set/ptp1b,jacs_set/ptp1b/23483,../large_fep_dataset/data/fep_benchmark_processed/jacs_set_ptp1b_23483.sdf,../large_fep_dataset/data/fep_benchmark_processed/jacs_set_ptp1b_protein.pdb,13,7.0319753,7.1995006,7.502475,7.484961,7.3212423,7.65173,7.096253,7.5652213,7.1036515,7.613415,7.357042
14,jacs_set/ptp1b,jacs_set/ptp1b/23480,../large_fep_dataset/data/fep_benchmark_processed/jacs_set_ptp1b_23480.sdf,../large_fep_dataset/data/fep_benchmark_processed/jacs_set_ptp1b_protein.pdb,14,6.9566183,6.4953856,6.6210275,7.2989407,7.196085,7.023338,6.8748884,6.8320374,6.887689,7.5114436,6.9697447
15,jacs_set/ptp1b,jacs_set/ptp1b/23474,../large_fep_dataset/data/fep_benchmark_processed/jacs_set_ptp1b_23474.sdf,../large_fep_dataset/data/fep_benchmark_processed/jacs_set_ptp1b_protein.pdb,15,7.023079,6.0355306,6.5696464,7.5449605,6.914787,6.699917,7.3128195,7.47125,7.0577154,6.9546113,6.9584312
16,jacs_set/ptp1b,jacs_set/ptp1b/23473,../large_fep_dataset/data/fep_benchmark_processed/jacs_set_ptp1b_23473.sdf,../large_fep_dataset/data/fep_benchmark_processed/jacs_set_ptp1b_protein.pdb,16,5.650164,5.2336555,5.76753,6.1452885,5.2647114,5.2901907,5.692462,6.2182493,5.5488772,5.6624546,5.647359
17,jacs_set/ptp1b,jacs_set/ptp1b/23471,../large_fep_dataset/data/fep_benchmark_processed/jacs_set_ptp1b_23471.sdf,../large_fep_dataset/data/fep_benchmark_processed/jacs_set_ptp1b_protein.pdb,17,6.400271,6.1697116,6.274986,6.4441595,5.9650164,5.923637,6.144473,6.1360765,6.2209287,6.1547184,6.183398
18,jacs_set/ptp1b,jacs_set/ptp1b/20669,../large_fep_dataset/data/fep_benchmark_processed/jacs_set_ptp1b_20669.sdf,../large_fep_dataset/data/fep_benchmark_processed/jacs_set_ptp1b_protein.pdb,18,6.47374,6.3379,6.0035214,7.0029917,5.822878,6.0431747,6.29081,6.1845584,6.016738,5.8973055,6.2073617
19,jacs_set/ptp1b,jacs_set/ptp1b/23476,../large_fep_dataset/data/fep_benchmark_processed/jacs_set_ptp1b_23476.sdf,../large_fep_dataset/data/fep_benchmark_processed/jacs_set_ptp1b_protein.pdb,19,6.7414675,5.9638033,6.2886515,6.9940186,6.7770376,6.3956656,6.7721977,6.6965356,7.137195,6.7027225,6.6469297
20,jacs_set/ptp1b,jacs_set/ptp1b/23466,../large_fep_dataset/data/fep_benchmark_processed/jacs_set_ptp1b_23466.sdf,../large_fep_dataset/data/fep_benchmark_processed/jacs_set_ptp1b_protein.pdb,20,5.760188,6.094834,5.925063,6.123438,5.7672877,5.883382,5.80729,5.897639,6.1032877,6.2689576,5.963137
21,jacs_set/ptp1b,jacs_set/ptp1b/23472,../large_fep_dataset/data/fep_benchmark_processed/jacs_set_ptp1b_23472.sdf,../large_fep_dataset/data/fep_benchmark_processed/jacs_set_ptp1b_protein.pdb,21,6.7575326,6.304685,6.256171,6.2388477,6.4045005,6.1735106,6.7051015,7.2921166,6.313824,6.3072453,6.475354
22,jacs_set/ptp1b,jacs_set/ptp1b/23482,../large_fep_dataset/data/fep_benchmark_processed/jacs_set_ptp1b_23482.sdf,../large_fep_dataset/data/fep_benchmark_processed/jacs_set_ptp1b_protein.pdb,22,6.69516,6.732371,6.7776065,7.04184,6.8420396,6.8332577,6.5738516,6.978031,6.813574,6.9078054,6.8195534
23,jacs_set/ptp1b,jacs_set/ptp1b/23486,../large_fep_dataset/data/fep_benchmark_processed/jacs_set_ptp1b_23486.sdf,../large_fep_dataset/data/fep_benchmark_processed/jacs_set_ptp1b_protein.pdb,23,6.7812033,6.6708026,6.672859,7.5002065,7.176578,7.0890703,6.676976,7.290179,6.616352,6.8244276,6.9298654
24,jacs_set/ptp1b,jacs_set/ptp1b/23470,../large_fep_dataset/data/fep_benchmark_processed/jacs_set_ptp1b_23470.sdf,../large_fep_dataset/data/fep_benchmark_processed/jacs_set_ptp1b_protein.pdb,24,7.047221,6.4905915,6.3860955,6.962841,6.2614098,6.420329,6.5401344,6.433875,6.3657136,6.5983124,6.550653
25,jacs_set/ptp1b,jacs_set/ptp1b/23468,../large_fep_dataset/data/fep_benchmark_processed/jacs_set_ptp1b_23468.sdf,../large_fep_dataset/data/fep_benchmark_processed/jacs_set_ptp1b_protein.pdb,25,6.5504003,6.1590786,6.021544,6.6655426,6.3661747,6.1918707,6.436041,6.583564,6.037176,6.1301346,6.3141527
26,jacs_set/ptp1b,jacs_set/ptp1b/23485,../large_fep_dataset/data/fep_benchmark_processed/jacs_set_ptp1b_23485.sdf,../large_fep_dataset/data/fep_benchmark_processed/jacs_set_ptp1b_protein.pdb,26,6.703976,6.4187465,6.92732,7.2825346,6.8660493,6.7014217,6.263007,7.416842,6.042756,6.8945456,6.7517195
27,jacs_set/ptp1b,jacs_set/ptp1b/23330,../large_fep_dataset/data/fep_benchmark_processed/jacs_set_ptp1b_23330.sdf,../large_fep_dataset/data/fep_benchmark_processed/jacs_set_ptp1b_protein.pdb,27,6.7610908,5.932781,6.4339924,6.9417486,6.667427,6.408852,6.6699076,6.891865,7.5549912,6.3649116,6.662757
28,jacs_set/ptp1b,jacs_set/ptp1b/20670,../large_fep_dataset/data/fep_benchmark_processed/jacs_set_ptp1b_20670.sdf,../large_fep_dataset/data/fep_benchmark_processed/jacs_set_ptp1b_protein.pdb,28,6.820413,6.062146,6.3148556,6.971416,6.830795,6.3591633,6.890585,6.762974,7.1877227,6.6923623,6.6892433
29,jacs_set/ptp1b,jacs_set/ptp1b/23479,../large_fep_dataset/data/fep_benchmark_processed/jacs_set_ptp1b_23479.sdf,../large_fep_dataset/data/fep_benchmark_processed/jacs_set_ptp1b_protein.pdb,29,7.001274,6.540903,6.3248496,7.4620943,6.8499513,6.753935,6.7341585,6.6779184,7.0201473,6.838356,6.8203583
30,jacs_set/ptp1b,jacs_set/ptp1b/23475,../large_fep_dataset/data/fep_benchmark_processed/jacs_set_ptp1b_23475.sdf,../large_fep_dataset/data/fep_benchmark_processed/jacs_set_ptp1b_protein.pdb,30,6.7939835,6.041798,6.216658,6.8450465,6.4594903,6.2847557,6.7962723,6.483246,6.910921,6.683854,6.5516024
31,jacs_set/mcl1_extra_flips,jacs_set/mcl1_extra_flips/23,../large_fep_dataset/data/fep_benchmark_processed/jacs_set_mcl1_extra_flips_23.sdf,../large_fep_dataset/data/fep_benchmark_processed/jacs_set_mcl1_extra_flips_protein.pdb,31,6.0092244,5.4637165,5.3622537,5.1497374,5.0458345,5.503585,6.0836773,5.527436,5.587173,5.7054467,5.5438085
32,jacs_set/mcl1_extra_flips,jacs_set/mcl1_extra_flips/26,../large_fep_dataset/data/fep_benchmark_processed/jacs_set_mcl1_extra_flips_26.sdf,../large_fep_dataset/data/fep_benchmark_processed/jacs_set_mcl1_extra_flips_protein.pdb,32,5.9510546,5.126663,5.662338,5.320502,5.622527,5.346608,5.856186,5.9416933,5.6833572,5.7882605,5.6299186
33,jacs_set/mcl1_extra_flips,jacs_set/mcl1_extra_flips/27,../large_fep_dataset/data/fep_benchmark_processed/jacs_set_mcl1_extra_flips_27.sdf,../large_fep_dataset/data/fep_benchmark_processed/jacs_set_mcl1_extra_flips_protein.pdb,33,5.4014254,5.3429623,5.382872,5.083643,5.35905,4.7889194,5.549504,5.254044,5.242634,5.6689973,5.3074055
34,jacs_set/mcl1_extra_flips,jacs_set/mcl1_extra_flips/28,../large_fep_dataset/data/fep_benchmark_processed/jacs_set_mcl1_extra_flips_28.sdf,../large_fep_dataset/data/fep_benchmark_processed/jacs_set_mcl1_extra_flips_protein.pdb,34,5.531802,5.414404,5.2931705,5.0576963,5.8227386,5.22681,5.717745,5.478632,5.5174656,5.7703285,5.483079
35,jacs_set/mcl1_extra_flips,jacs_set/mcl1_extra_flips/29,../large_fep_dataset/data/fep_benchmark_processed/jacs_set_mcl1_extra_flips_29.sdf,../large_fep_dataset/data/fep_benchmark_processed/jacs_set_mcl1_extra_flips_protein.pdb,35,5.849906,5.5082335,5.6288204,5.1978273,5.655996,5.8255963,5.526964,4.9683895,5.8654566,5.8662295,5.589342
36,jacs_set/mcl1_extra_flips,jacs_set/mcl1_extra_flips/30 flip,../large_fep_dataset/data/fep_benchmark_processed/jacs_set_mcl1_extra_flips_30_flip.sdf,../large_fep_dataset/data/fep_benchmark_processed/jacs_set_mcl1_extra_flips_protein.pdb,36,5.783454,5.5773435,5.4681196,5.4065,5.567094,5.409798,5.9985514,5.4927654,5.554065,6.04749,5.6305184
37,jacs_set/mcl1_extra_flips,jacs_set/mcl1_extra_flips/31,../large_fep_dataset/data/fep_benchmark_processed/jacs_set_mcl1_extra_flips_31.sdf,../large_fep_dataset/data/fep_benchmark_processed/jacs_set_mcl1_extra_flips_protein.pdb,37,6.1645474,5.291138,5.8083606,5.2735877,5.9096465,5.6271663,5.493395,5.1341443,5.6623855,5.5793066,5.5943675
38,jacs_set/mcl1_extra_flips,jacs_set/mcl1_extra_flips/32,../large_fep_dataset/data/fep_benchmark_processed/jacs_set_mcl1_extra_flips_32.sdf,../large_fep_dataset/data/fep_benchmark_processed/jacs_set_mcl1_extra_flips_protein.pdb,38,5.9080734,5.361574,5.4119396,5.4562154,5.8309026,5.2980394,5.837338,5.2186637,5.386204,5.7192698,5.5428214
39,jacs_set/mcl1_extra_flips,jacs_set/mcl1_extra_flips/33,../large_fep_dataset/data/fep_benchmark_processed/jacs_set_mcl1_extra_flips_33.sdf,../large_fep_dataset/data/fep_benchmark_processed/jacs_set_mcl1_extra_flips_protein.pdb,39,6.001809,5.7025666,6.0220513,5.8707476,5.700582,5.559534,6.0340433,5.6320825,5.680488,5.8831167,5.8087025
40,jacs_set/mcl1_extra_flips,jacs_set/mcl1_extra_flips/34,../large_fep_dataset/data/fep_benchmark_processed/jacs_set_mcl1_extra_flips_34.sdf,../large_fep_dataset/data/fep_benchmark_processed/jacs_set_mcl1_extra_flips_protein.pdb,40,6.102966,5.611873,6.1365547,5.6117115,6.0303454,5.806256,5.778439,5.3432217,5.991049,5.9449816,5.83574
41,jacs_set/mcl1_extra_flips,jacs_set/mcl1_extra_flips/35,../large_fep_dataset/data/fep_benchmark_processed/jacs_set_mcl1_extra_flips_35.sdf,../large_fep_dataset/data/fep_benchmark_processed/jacs_set_mcl1_extra_flips_protein.pdb,41,6.494574,6.5677896,6.3695717,5.8283825,5.658186,6.145524,6.162212,6.326631,6.0157843,6.6009474,6.21696
42,jacs_set/mcl1_extra_flips,jacs_set/mcl1_extra_flips/36,../large_fep_dataset/data/fep_benchmark_processed/jacs_set_mcl1_extra_flips_36.sdf,../large_fep_dataset/data/fep_benchmark_processed/jacs_set_mcl1_extra_flips_protein.pdb,42,6.4150944,5.574475,6.3438025,5.93694,6.2771516,6.267574,6.0965004,6.1049485,5.927246,6.697159,6.1640887
43,jacs_set/mcl1_extra_flips,jacs_set/mcl1_extra_flips/37,../large_fep_dataset/data/fep_benchmark_processed/jacs_set_mcl1_extra_flips_37.sdf,../large_fep_dataset/data/fep_benchmark_processed/jacs_set_mcl1_extra_flips_protein.pdb,43,6.373894,6.396391,6.534199,5.7439413,6.2851033,6.005313,6.0717397,6.2949853,6.4880533,6.6956515,6.288927
44,jacs_set/mcl1_extra_flips,jacs_set/mcl1_extra_flips/38 flip,../large_fep_dataset/data/fep_benchmark_processed/jacs_set_mcl1_extra_flips_38_flip.sdf,../large_fep_dataset/data/fep_benchmark_processed/jacs_set_mcl1_extra_flips_protein.pdb,44,5.8025985,5.5235143,5.294967,5.4248495,5.572803,5.3202243,5.746023,5.7637897,5.7242894,5.9344597,5.610752
45,jacs_set/mcl1_extra_flips,jacs_set/mcl1_extra_flips/39,../large_fep_dataset/data/fep_benchmark_processed/jacs_set_mcl1_extra_flips_39.sdf,../large_fep_dataset/data/fep_benchmark_processed/jacs_set_mcl1_extra_flips_protein.pdb,45,5.8916802,5.791444,5.9043393,5.220533,5.3267884,5.427213,6.0413275,5.531116,5.7251654,5.873365,5.673297
46,jacs_set/mcl1_extra_flips,jacs_set/mcl1_extra_flips/40 flip,../large_fep_dataset/data/fep_benchmark_processed/jacs_set_mcl1_extra_flips_40_flip.sdf,../large_fep_dataset/data/fep_benchmark_processed/jacs_set_mcl1_extra_flips_protein.pdb,46,5.7595706,5.5698323,5.58652,5.612839,5.7892666,5.6962414,6.109781,5.7025957,5.788847,5.9257584,5.754125
47,jacs_set/mcl1_extra_flips,jacs_set/mcl1_extra_flips/41 flip,../large_fep_dataset/data/fep_benchmark_processed/jacs_set_mcl1_extra_flips_41_flip.sdf,../large_fep_dataset/data/fep_benchmark_processed/jacs_set_mcl1_extra_flips_protein.pdb,47,6.2114553,6.053925,6.1311107,5.4427156,6.02562,5.9040813,6.256899,5.8757153,5.965902,6.178618,6.004604
48,jacs_set/mcl1_extra_flips,jacs_set/mcl1_extra_flips/42,../large_fep_dataset/data/fep_benchmark_processed/jacs_set_mcl1_extra_flips_42.sdf,../large_fep_dataset/data/fep_benchmark_processed/jacs_set_mcl1_extra_flips_protein.pdb,48,6.045707,5.770379,5.453831,5.533054,5.772586,5.772446,5.484101,5.6853366,5.6039224,6.0126038,5.713397
49,jacs_set/mcl1_extra_flips,jacs_set/mcl1_extra_flips/43 flip,../large_fep_dataset/data/fep_benchmark_processed/jacs_set_mcl1_extra_flips_43_flip.sdf,../large_fep_dataset/data/fep_benchmark_processed/jacs_set_mcl1_extra_flips_protein.pdb,49,5.80066,5.5986476,5.483584,5.704689,5.2529826,5.704831,5.8205233,5.4756565,5.6780863,6.173429,5.6693087
50,jacs_set/mcl1_extra_flips,jacs_set/mcl1_extra_flips/44,../large_fep_dataset/data/fep_benchmark_processed/jacs_set_mcl1_extra_flips_44.sdf,../large_fep_dataset/data/fep_benchmark_processed/jacs_set_mcl1_extra_flips_protein.pdb,50,6.663159,5.9129896,6.2190065,5.9948006,5.552312,6.574251,6.04484,6.087981,5.902084,6.2482276,6.119965
51,jacs_set/mcl1_extra_flips,jacs_set/mcl1_extra_flips/45,../large_fep_dataset/data/fep_benchmark_processed/jacs_set_mcl1_extra_flips_45.sdf,../large_fep_dataset/data/fep_benchmark_processed/jacs_set_mcl1_extra_flips_protein.pdb,51,6.0544796,5.423782,6.0852027,5.7086587,5.9537063,6.3853874,6.2963676,6.052947,5.965127,6.499694,6.0425353
52,jacs_set/mcl1_extra_flips,jacs_set/mcl1_extra_flips/46 flip,../large_fep_dataset/data/fep_benchmark_processed/jacs_set_mcl1_extra_flips_46_flip.sdf,../large_fep_dataset/data/fep_benchmark_processed/jacs_set_mcl1_extra_flips_protein.pdb,52,5.8096943,5.7760205,5.864306,5.550844,5.9666257,5.36411,6.077556,5.676217,6.002881,6.1640024,5.8252254
53,jacs_set/mcl1_extra_flips,jacs_set/mcl1_extra_flips/47 flip,../large_fep_dataset/data/fep_benchmark_processed/jacs_set_mcl1_extra_flips_47_flip.sdf,../large_fep_dataset/data/fep_benchmark_processed/jacs_set_mcl1_extra_flips_protein.pdb,53,5.4985347,5.9090605,5.569832,5.5747013,5.240233,5.8195553,5.813699,5.4313893,5.1898394,5.2841377,5.5330977
54,jacs_set/mcl1_extra_flips,jacs_set/mcl1_extra_flips/48 flip,../large_fep_dataset/data/fep_benchmark_processed/jacs_set_mcl1_extra_flips_48_flip.sdf,../large_fep_dataset/data/fep_benchmark_processed/jacs_set_mcl1_extra_flips_protein.pdb,54,5.797276,5.464274,5.602563,5.500442,5.3702803,5.5242324,5.2563314,5.2148037,4.827497,5.5272746,5.4084973
55,jacs_set/mcl1_extra_flips,jacs_set/mcl1_extra_flips/49,../large_fep_dataset/data/fep_benchmark_processed/jacs_set_mcl1_extra_flips_49.sdf,../large_fep_dataset/data/fep_benchmark_processed/jacs_set_mcl1_extra_flips_protein.pdb,55,6.902349,6.6870813,6.57466,6.170926,6.204094,6.249663,6.2083387,6.406621,6.2275176,6.5406904,6.4171934
56,jacs_set/mcl1_extra_flips,jacs_set/mcl1_extra_flips/50,../large_fep_dataset/data/fep_benchmark_processed/jacs_set_mcl1_extra_flips_50.sdf,../large_fep_dataset/data/fep_benchmark_processed/jacs_set_mcl1_extra_flips_protein.pdb,56,6.801788,6.5244317,6.788866,6.6067476,7.1782756,6.63532,6.3781204,6.7954416,6.9025445,6.863896,6.7475433
57,jacs_set/mcl1_extra_flips,jacs_set/mcl1_extra_flips/51,../large_fep_dataset/data/fep_benchmark_processed/jacs_set_mcl1_extra_flips_51.sdf,../large_fep_dataset/data/fep_benchmark_processed/jacs_set_mcl1_extra_flips_protein.pdb,57,6.3153057,6.3182864,6.2201066,6.2147913,5.9493985,6.0800166,6.002094,6.3179436,6.12773,6.452921,6.1998596
58,jacs_set/mcl1_extra_flips,jacs_set/mcl1_extra_flips/52,../large_fep_dataset/data/fep_benchmark_processed/jacs_set_mcl1_extra_flips_52.sdf,../large_fep_dataset/data/fep_benchmark_processed/jacs_set_mcl1_extra_flips_protein.pdb,58,6.8407006,6.555147,6.440629,5.897287,5.933382,6.2652373,6.158649,6.647778,6.1497273,6.5063596,6.3394895
59,jacs_set/mcl1_extra_flips,jacs_set/mcl1_extra_flips/53,../large_fep_dataset/data/fep_benchmark_processed/jacs_set_mcl1_extra_flips_53.sdf,../large_fep_dataset/data/fep_benchmark_processed/jacs_set_mcl1_extra_flips_protein.pdb,59,6.8026223,6.6019363,6.6796427,6.1526194,6.511916,6.5870705,6.3022337,7.096675,6.6534796,6.9803834,6.6368585
60,jacs_set/mcl1_extra_flips,jacs_set/mcl1_extra_flips/54,../large_fep_dataset/data/fep_benchmark_processed/jacs_set_mcl1_extra_flips_54.sdf,../large_fep_dataset/data/fep_benchmark_processed/jacs_set_mcl1_extra_flips_protein.pdb,60,6.341628,6.299413,5.763916,5.7751536,6.150418,5.956066,5.869247,6.1764636,5.8871446,6.3187113,6.0538163
61,jacs_set/mcl1_extra_flips,jacs_set/mcl1_extra_flips/56,../large_fep_dataset/data/fep_benchmark_processed/jacs_set_mcl1_extra_flips_56.sdf,../large_fep_dataset/data/fep_benchmark_processed/jacs_set_mcl1_extra_flips_protein.pdb,61,6.888726,6.6423297,7.1637964,6.4051676,7.2277246,6.953994,6.9321475,6.952878,7.132766,6.8461576,6.914569
62,jacs_set/mcl1_extra_flips,jacs_set/mcl1_extra_flips/57,../large_fep_dataset/data/fep_benchmark_processed/jacs_set_mcl1_extra_flips_57.sdf,../large_fep_dataset/data/fep_benchmark_processed/jacs_set_mcl1_extra_flips_protein.pdb,62,6.6574745,6.3021913,6.1585946,6.041165,6.2547293,6.281896,6.4979606,6.351088,6.072193,6.0459614,6.2663255
63,jacs_set/mcl1_extra_flips,jacs_set/mcl1_extra_flips/58,../large_fep_dataset/data/fep_benchmark_processed/jacs_set_mcl1_extra_flips_58.sdf,../large_fep_dataset/data/fep_benchmark_processed/jacs_set_mcl1_extra_flips_protein.pdb,63,6.9857035,6.7443166,7.166622,6.46907,7.340706,7.0981965,7.3139358,7.4859147,7.1029625,7.0578146,7.0765243
64,jacs_set/mcl1_extra_flips,jacs_set/mcl1_extra_flips/60,../large_fep_dataset/data/fep_benchmark_processed/jacs_set_mcl1_extra_flips_60.sdf,../large_fep_dataset/data/fep_benchmark_processed/jacs_set_mcl1_extra_flips_protein.pdb,64,6.3307686,6.286686,6.478084,6.0154567,6.4958973,5.9162717,6.204803,6.691278,6.604506,7.2622013,6.4285955
65,jacs_set/mcl1_extra_flips,jacs_set/mcl1_extra_flips/61,../large_fep_dataset/data/fep_benchmark_processed/jacs_set_mcl1_extra_flips_61.sdf,../large_fep_dataset/data/fep_benchmark_processed/jacs_set_mcl1_extra_flips_protein.pdb,65,6.7359056,6.2697015,6.9762893,6.7796946,7.1219497,6.4494543,6.6640573,6.949749,6.5421977,7.230798,6.7719803
66,jacs_set/mcl1_extra_flips,jacs_set/mcl1_extra_flips/62,../large_fep_dataset/data/fep_benchmark_processed/jacs_set_mcl1_extra_flips_62.sdf,../large_fep_dataset/data/fep_benchmark_processed/jacs_set_mcl1_extra_flips_protein.pdb,66,6.1511674,6.2687597,6.3842416,6.109305,5.7396507,5.83398,6.37548,6.324492,5.5950685,6.417995,6.120014
67,jacs_set/mcl1_extra_flips,jacs_set/mcl1_extra_flips/63,../large_fep_dataset/data/fep_benchmark_processed/jacs_set_mcl1_extra_flips_63.sdf,../large_fep_dataset/data/fep_benchmark_processed/jacs_set_mcl1_extra_flips_protein.pdb,67,6.485159,6.59873,6.6230545,6.119129,6.9497256,6.1657085,6.6453514,7.19229,6.930789,7.328951,6.703889
68,jacs_set/mcl1_extra_flips,jacs_set/mcl1_extra_flips/64,../large_fep_dataset/data/fep_benchmark_processed/jacs_set_mcl1_extra_flips_64.sdf,../large_fep_dataset/data/fep_benchmark_processed/jacs_set_mcl1_extra_flips_protein.pdb,68,6.132859,6.2439013,5.865025,5.61529,5.7117286,5.800068,6.439221,6.0954943,5.7912426,6.300011,5.999484
69,jacs_set/mcl1_extra_flips,jacs_set/mcl1_extra_flips/65,../large_fep_dataset/data/fep_benchmark_processed/jacs_set_mcl1_extra_flips_65.sdf,../large_fep_dataset/data/fep_benchmark_processed/jacs_set_mcl1_extra_flips_protein.pdb,69,6.2327147,6.638275,6.690388,6.011042,7.0593357,6.2453027,6.391808,7.02781,6.9541054,7.44977,6.6700554
70,jacs_set/mcl1_extra_flips,jacs_set/mcl1_extra_flips/66,../large_fep_dataset/data/fep_benchmark_processed/jacs_set_mcl1_extra_flips_66.sdf,../large_fep_dataset/data/fep_benchmark_processed/jacs_set_mcl1_extra_flips_protein.pdb,70,5.73196,6.1195855,5.7856426,5.3086133,5.730059,5.702619,6.194141,6.3092427,6.119125,6.328384,5.932937
71,jacs_set/mcl1_extra_flips,jacs_set/mcl1_extra_flips/67,../large_fep_dataset/data/fep_benchmark_processed/jacs_set_mcl1_extra_flips_67.sdf,../large_fep_dataset/data/fep_benchmark_processed/jacs_set_mcl1_extra_flips_protein.pdb,71,6.6922693,6.173381,6.79072,6.1752825,6.6478643,5.9913588,6.568014,7.086022,6.8279448,6.969219,6.592208
72,jacs_set/mcl1_extra_flips,jacs_set/mcl1_extra_flips/68,../large_fep_dataset/data/fep_benchmark_processed/jacs_set_mcl1_extra_flips_68.sdf,../large_fep_dataset/data/fep_benchmark_processed/jacs_set_mcl1_extra_flips_protein.pdb,72,6.1781077,6.4186754,5.6561713,5.527985,5.867438,5.9874725,6.334558,6.2100916,5.4980817,6.6976166,6.0376196
73,jacs_set/cdk2,jacs_set/cdk2/17,../large_fep_dataset/data/fep_benchmark_processed/jacs_set_cdk2_17.sdf,../large_fep_dataset/data/fep_benchmark_processed/jacs_set_cdk2_protein.pdb,73,5.906459,5.454885,6.1503625,5.5058784,5.4707046,6.166243,6.2215858,5.654753,5.409043,5.5943055,5.7534223
74,jacs_set/cdk2,jacs_set/cdk2/28,../large_fep_dataset/data/fep_benchmark_processed/jacs_set_cdk2_28.sdf,../large_fep_dataset/data/fep_benchmark_processed/jacs_set_cdk2_protein.pdb,74,6.701009,6.2837567,7.1716743,6.523215,7.179929,6.4218335,6.935141,6.550765,6.621838,7.277489,6.7666655
75,jacs_set/cdk2,jacs_set/cdk2/22,../large_fep_dataset/data/fep_benchmark_processed/jacs_set_cdk2_22.sdf,../large_fep_dataset/data/fep_benchmark_processed/jacs_set_cdk2_protein.pdb,75,6.130132,5.7153764,5.749118,5.944449,5.4815655,5.7817783,6.4224815,6.232614,5.4423776,5.7327867,5.8632684
76,jacs_set/cdk2,jacs_set/cdk2/30,../large_fep_dataset/data/fep_benchmark_processed/jacs_set_cdk2_30.sdf,../large_fep_dataset/data/fep_benchmark_processed/jacs_set_cdk2_protein.pdb,76,5.984715,6.250176,6.2534213,5.939338,6.4641523,6.323899,6.5381446,6.4621143,5.9487653,6.054644,6.2219367
77,jacs_set/cdk2,jacs_set/cdk2/1h1r,../large_fep_dataset/data/fep_benchmark_processed/jacs_set_cdk2_1h1r.sdf,../large_fep_dataset/data/fep_benchmark_processed/jacs_set_cdk2_protein.pdb,77,5.9243917,5.356973,5.831809,5.8153753,5.3705873,6.2706776,5.8522625,5.729615,5.5158334,5.703384,5.7370915
78,jacs_set/cdk2,jacs_set/cdk2/1h1s,../large_fep_dataset/data/fep_benchmark_processed/jacs_set_cdk2_1h1s.sdf,../large_fep_dataset/data/fep_benchmark_processed/jacs_set_cdk2_protein.pdb,78,6.756837,6.8219905,7.1805634,6.419333,6.690462,6.30632,6.9061418,6.975725,6.159184,6.2303987,6.6446953
79,jacs_set/cdk2,jacs_set/cdk2/21,../large_fep_dataset/data/fep_benchmark_processed/jacs_set_cdk2_21.sdf,../large_fep_dataset/data/fep_benchmark_processed/jacs_set_cdk2_protein.pdb,79,6.143397,5.3296876,5.6499314,6.0003386,5.330487,5.9325876,6.044258,6.0484405,5.5867767,5.647581,5.7713485
80,jacs_set/cdk2,jacs_set/cdk2/1oiy,../large_fep_dataset/data/fep_benchmark_processed/jacs_set_cdk2_1oiy.sdf,../large_fep_dataset/data/fep_benchmark_processed/jacs_set_cdk2_protein.pdb,80,5.9681034,5.625051,5.786156,5.6275053,6.0883455,5.863849,5.8784804,6.213309,5.511108,5.609589,5.8171496
81,jacs_set/cdk2,jacs_set/cdk2/1oiu,../large_fep_dataset/data/fep_benchmark_processed/jacs_set_cdk2_1oiu.sdf,../large_fep_dataset/data/fep_benchmark_processed/jacs_set_cdk2_protein.pdb,81,6.4016795,6.529528,6.3156686,5.987997,6.2085166,7.169617,6.503937,6.883186,6.2220526,6.1417184,6.43639
82,jacs_set/cdk2,jacs_set/cdk2/31,../large_fep_dataset/data/fep_benchmark_processed/jacs_set_cdk2_31.sdf,../large_fep_dataset/data/fep_benchmark_processed/jacs_set_cdk2_protein.pdb,82,6.1069894,5.62542,6.0404344,6.156426,6.5528064,6.3275795,6.354031,6.422419,6.091793,5.8155885,6.1493487
83,jacs_set/cdk2,jacs_set/cdk2/29,../large_fep_dataset/data/fep_benchmark_processed/jacs_set_cdk2_29.sdf,../large_fep_dataset/data/fep_benchmark_processed/jacs_set_cdk2_protein.pdb,83,7.209009,6.1373186,7.088988,7.1601925,7.2069726,7.368718,6.793496,7.049807,7.0016775,7.483917,7.0500097
84,jacs_set/cdk2,jacs_set/cdk2/26,../large_fep_dataset/data/fep_benchmark_processed/jacs_set_cdk2_26.sdf,../large_fep_dataset/data/fep_benchmark_processed/jacs_set_cdk2_protein.pdb,84,6.297128,5.7159433,5.8973694,6.1259356,6.264883,6.216711,6.1061535,6.189146,5.778129,5.70027,6.029167
85,jacs_set/cdk2,jacs_set/cdk2/1oi9,../large_fep_dataset/data/fep_benchmark_processed/jacs_set_cdk2_1oi9.sdf,../large_fep_dataset/data/fep_benchmark_processed/jacs_set_cdk2_protein.pdb,85,6.5162535,5.8111324,6.3111525,6.9192853,6.952191,6.345565,6.298089,6.4769635,5.838085,6.3635097,6.3832226
86,jacs_set/cdk2,jacs_set/cdk2/20,../large_fep_dataset/data/fep_benchmark_processed/jacs_set_cdk2_20.sdf,../large_fep_dataset/data/fep_benchmark_processed/jacs_set_cdk2_protein.pdb,86,6.0700517,5.358158,5.6163445,6.0932765,5.7005405,6.0284867,6.2550545,6.162194,5.7240634,5.633018,5.864119
87,jacs_set/cdk2,jacs_set/cdk2/32,../large_fep_dataset/data/fep_benchmark_processed/jacs_set_cdk2_32.sdf,../large_fep_dataset/data/fep_benchmark_processed/jacs_set_cdk2_protein.pdb,87,6.604992,6.302486,6.676401,6.9994087,6.2920575,6.334674,6.433716,6.903325,5.9172454,6.668876,6.513318
88,jacs_set/cdk2,jacs_set/cdk2/1h1q,../large_fep_dataset/data/fep_benchmark_processed/jacs_set_cdk2_1h1q.sdf,../large_fep_dataset/data/fep_benchmark_processed/jacs_set_cdk2_protein.pdb,88,6.199052,5.6951466,6.288477,6.0866036,6.0684447,6.235476,6.1918387,6.1057725,5.668253,5.7911777,6.033024
89,jacs_set/jnk1_manual_flips,jacs_set/jnk1_manual_flips/18626-1,../large_fep_dataset/data/fep_benchmark_processed/jacs_set_jnk1_manual_flips_18626-1.sdf,../large_fep_dataset/data/fep_benchmark_processed/jacs_set_jnk1_manual_flips_protein.pdb,89,6.6063886,5.9785314,6.6926746,7.713595,6.488702,7.4316726,7.2168484,6.9359527,5.980859,7.199929,6.824515
90,jacs_set/jnk1_manual_flips,jacs_set/jnk1_manual_flips/18628-1_flip,../large_fep_dataset/data/fep_benchmark_processed/jacs_set_jnk1_manual_flips_18628-1_flip.sdf,../large_fep_dataset/data/fep_benchmark_processed/jacs_set_jnk1_manual_flips_protein.pdb,90,6.766355,6.2613473,6.189002,7.2839184,6.091463,6.7729692,6.6569123,6.176042,6.2510195,6.6087446,6.505777
91,jacs_set/jnk1_manual_flips,jacs_set/jnk1_manual_flips/18629-1,../large_fep_dataset/data/fep_benchmark_processed/jacs_set_jnk1_manual_flips_18629-1.sdf,../large_fep_dataset/data/fep_benchmark_processed/jacs_set_jnk1_manual_flips_protein.pdb,91,6.8271804,6.384377,6.3981247,7.423128,6.481791,7.347387,6.6452255,6.3753166,6.3641925,7.0136533,6.7260375
92,jacs_set/jnk1_manual_flips,jacs_set/jnk1_manual_flips/18636-1,../large_fep_dataset/data/fep_benchmark_processed/jacs_set_jnk1_manual_flips_18636-1.sdf,../large_fep_dataset/data/fep_benchmark_processed/jacs_set_jnk1_manual_flips_protein.pdb,92,6.717887,6.0020037,6.5447974,7.59813,6.3095927,7.601494,6.881149,7.9158936,6.582025,6.9414244,6.90944
93,jacs_set/jnk1_manual_flips,jacs_set/jnk1_manual_flips/17124-1,../large_fep_dataset/data/fep_benchmark_processed/jacs_set_jnk1_manual_flips_17124-1.sdf,../large_fep_dataset/data/fep_benchmark_processed/jacs_set_jnk1_manual_flips_protein.pdb,93,7.1682262,6.3075824,6.513505,7.721107,6.3745427,7.613198,6.9001894,7.6413965,6.8113813,7.5616765,7.0612807
94,jacs_set/jnk1_manual_flips,jacs_set/jnk1_manual_flips/18627-1,../large_fep_dataset/data/fep_benchmark_processed/jacs_set_jnk1_manual_flips_18627-1.sdf,../large_fep_dataset/data/fep_benchmark_processed/jacs_set_jnk1_manual_flips_protein.pdb,94,6.4730697,5.317121,6.8598022,7.6331797,6.4707694,7.5903068,7.133813,7.0933957,6.186732,7.267862,6.8026047
95,jacs_set/jnk1_manual_flips,jacs_set/jnk1_manual_flips/18638-1,../large_fep_dataset/data/fep_benchmark_processed/jacs_set_jnk1_manual_flips_18638-1.sdf,../large_fep_dataset/data/fep_benchmark_processed/jacs_set_jnk1_manual_flips_protein.pdb,95,6.6376767,6.2300344,6.7715025,7.1723394,6.393152,7.551996,7.077721,7.2406483,6.796538,7.5053096,6.9376917
96,jacs_set/jnk1_manual_flips,jacs_set/jnk1_manual_flips/18659-1,../large_fep_dataset/data/fep_benchmark_processed/jacs_set_jnk1_manual_flips_18659-1.sdf,../large_fep_dataset/data/fep_benchmark_processed/jacs_set_jnk1_manual_flips_protein.pdb,96,6.495362,6.8245606,6.359603,7.1104856,6.4977617,6.6255903,6.8849826,6.7419143,6.600023,6.87871,6.701899
97,jacs_set/jnk1_manual_flips,jacs_set/jnk1_manual_flips/18639-1,../large_fep_dataset/data/fep_benchmark_processed/jacs_set_jnk1_manual_flips_18639-1.sdf,../large_fep_dataset/data/fep_benchmark_processed/jacs_set_jnk1_manual_flips_protein.pdb,97,6.930484,6.711577,6.526897,7.0740585,6.5851955,7.2849245,6.578446,7.318257,6.386039,7.627247,6.9023123
98,jacs_set/jnk1_manual_flips,jacs_set/jnk1_manual_flips/18634-1,../large_fep_dataset/data/fep_benchmark_processed/jacs_set_jnk1_manual_flips_18634-1.sdf,../large_fep_dataset/data/fep_benchmark_processed/jacs_set_jnk1_manual_flips_protein.pdb,98,6.546208,6.3203187,6.255063,6.9931264,6.0310993,7.0893793,6.7766514,6.804465,6.50964,7.1554337,6.6481385
99,jacs_set/jnk1_manual_flips,jacs_set/jnk1_manual_flips/18630-1,../large_fep_dataset/data/fep_benchmark_processed/jacs_set_jnk1_manual_flips_18630-1.sdf,../large_fep_dataset/data/fep_benchmark_processed/jacs_set_jnk1_manual_flips_protein.pdb,99,6.683741,6.2199297,6.2506557,7.1998816,5.99735,7.3286705,6.6258116,6.204221,6.304091,7.190484,6.600484
100,jacs_set/jnk1_manual_flips,jacs_set/jnk1_manual_flips/18637-1,../large_fep_dataset/data/fep_benchmark_processed/jacs_set_jnk1_manual_flips_18637-1.sdf,../large_fep_dataset/data/fep_benchmark_processed/jacs_set_jnk1_manual_flips_protein.pdb,100,6.720135,6.5792775,6.94388,7.582711,6.5586786,7.244636,7.250131,6.87158,6.7517834,7.5315013,7.003432
101,jacs_set/jnk1_manual_flips,jacs_set/jnk1_manual_flips/18658-1,../large_fep_dataset/data/fep_benchmark_processed/jacs_set_jnk1_manual_flips_18658-1.sdf,../large_fep_dataset/data/fep_benchmark_processed/jacs_set_jnk1_manual_flips_protein.pdb,101,6.588003,6.5695505,6.344308,7.0285134,6.577923,6.6898537,6.8434234,6.8164587,6.5126295,7.150488,6.7121153
102,jacs_set/jnk1_manual_flips,jacs_set/jnk1_manual_flips/18632-1,../large_fep_dataset/data/fep_benchmark_processed/jacs_set_jnk1_manual_flips_18632-1.sdf,../large_fep_dataset/data/fep_benchmark_processed/jacs_set_jnk1_manual_flips_protein.pdb,102,6.6837144,6.5527663,6.340292,7.499799,6.647622,6.996549,6.782644,6.693906,6.5106215,6.752655,6.7460566
103,jacs_set/jnk1_manual_flips,jacs_set/jnk1_manual_flips/18633-1,../large_fep_dataset/data/fep_benchmark_processed/jacs_set_jnk1_manual_flips_18633-1.sdf,../large_fep_dataset/data/fep_benchmark_processed/jacs_set_jnk1_manual_flips_protein.pdb,103,6.296608,5.662677,6.3626494,7.3234334,6.5600185,7.0862737,6.7672563,6.7328115,6.5800014,6.8486514,6.6220374
104,jacs_set/jnk1_manual_flips,jacs_set/jnk1_manual_flips/18635-1,../large_fep_dataset/data/fep_benchmark_processed/jacs_set_jnk1_manual_flips_18635-1.sdf,../large_fep_dataset/data/fep_benchmark_processed/jacs_set_jnk1_manual_flips_protein.pdb,104,6.7748537,6.4127164,6.509781,7.3583484,6.8244543,7.246664,7.2450905,6.937635,6.215382,6.9084754,6.8433394
105,jacs_set/jnk1_manual_flips,jacs_set/jnk1_manual_flips/18631-1,../large_fep_dataset/data/fep_benchmark_processed/jacs_set_jnk1_manual_flips_18631-1.sdf,../large_fep_dataset/data/fep_benchmark_processed/jacs_set_jnk1_manual_flips_protein.pdb,105,6.620271,6.2149806,6.42533,7.115048,6.0755334,6.6511083,6.63265,6.910879,6.155933,6.6926246,6.5494356
106,jacs_set/jnk1_manual_flips,jacs_set/jnk1_manual_flips/18660-1,../large_fep_dataset/data/fep_benchmark_processed/jacs_set_jnk1_manual_flips_18660-1.sdf,../large_fep_dataset/data/fep_benchmark_processed/jacs_set_jnk1_manual_flips_protein.pdb,106,6.951003,6.438945,6.9187956,7.1207156,6.695919,6.46929,7.318287,7.027053,7.197885,7.849803,6.9987693
107,jacs_set/jnk1_manual_flips,jacs_set/jnk1_manual_flips/18625-1,../large_fep_dataset/data/fep_benchmark_processed/jacs_set_jnk1_manual_flips_18625-1.sdf,../large_fep_dataset/data/fep_benchmark_processed/jacs_set_jnk1_manual_flips_protein.pdb,107,6.545122,6.17408,6.863524,7.39656,6.324715,7.2738895,6.721797,7.5797267,6.246652,7.2203703,6.8346434
108,jacs_set/jnk1_manual_flips,jacs_set/jnk1_manual_flips/18624-1,../large_fep_dataset/data/fep_benchmark_processed/jacs_set_jnk1_manual_flips_18624-1.sdf,../large_fep_dataset/data/fep_benchmark_processed/jacs_set_jnk1_manual_flips_protein.pdb,108,6.4054008,5.9596887,6.442912,7.059737,6.1000466,6.814675,6.5319724,6.136534,6.1625314,6.681915,6.4295416
109,jacs_set/jnk1_manual_flips,jacs_set/jnk1_manual_flips/18652-1,../large_fep_dataset/data/fep_benchmark_processed/jacs_set_jnk1_manual_flips_18652-1.sdf,../large_fep_dataset/data/fep_benchmark_processed/jacs_set_jnk1_manual_flips_protein.pdb,109,6.59382,6.129137,6.836944,7.3657074,6.575517,7.392329,6.9650555,7.0874457,6.737899,7.755065,6.943892
110,jacs_set/thrombin_core,jacs_set/thrombin_core/6a,../large_fep_dataset/data/fep_benchmark_processed/jacs_set_thrombin_core_6a.sdf,../large_fep_dataset/data/fep_benchmark_processed/jacs_set_thrombin_core_protein.pdb,110,7.065755,6.8737974,7.2292867,7.3112483,7.465242,6.0966425,6.927941,7.248233,7.028708,7.4783626,7.072521
111,jacs_set/thrombin_core,jacs_set/thrombin_core/3a,../large_fep_dataset/data/fep_benchmark_processed/jacs_set_thrombin_core_3a.sdf,../large_fep_dataset/data/fep_benchmark_processed/jacs_set_thrombin_core_protein.pdb,111,5.6904225,5.5307555,5.5779314,5.6712456,5.81741,5.553989,6.1217074,5.7925525,5.491094,5.803034,5.705014
112,jacs_set/thrombin_core,jacs_set/thrombin_core/1d,../large_fep_dataset/data/fep_benchmark_processed/jacs_set_thrombin_core_1d.sdf,../large_fep_dataset/data/fep_benchmark_processed/jacs_set_thrombin_core_protein.pdb,112,5.4547677,5.370428,5.434829,5.9281216,6.807051,5.869381,5.7773576,5.7770433,5.9678874,6.042377,5.8429246
113,jacs_set/thrombin_core,jacs_set/thrombin_core/6e,../large_fep_dataset/data/fep_benchmark_processed/jacs_set_thrombin_core_6e.sdf,../large_fep_dataset/data/fep_benchmark_processed/jacs_set_thrombin_core_protein.pdb,113,7.0922284,6.9132624,7.291036,7.3062725,7.6079693,6.20081,7.1702237,6.9025984,6.828046,7.3287416,7.064119
114,jacs_set/thrombin_core,jacs_set/thrombin_core/6b,../large_fep_dataset/data/fep_benchmark_processed/jacs_set_thrombin_core_6b.sdf,../large_fep_dataset/data/fep_benchmark_processed/jacs_set_thrombin_core_protein.pdb,114,6.5442886,6.12347,6.0838475,6.5884004,6.5154862,5.3715553,6.7746925,6.125534,6.676564,6.8928328,6.369667
115,jacs_set/thrombin_core,jacs_set/thrombin_core/1b,../large_fep_dataset/data/fep_benchmark_processed/jacs_set_thrombin_core_1b.sdf,../large_fep_dataset/data/fep_benchmark_processed/jacs_set_thrombin_core_protein.pdb,115,5.479967,5.068993,5.1867876,5.8019643,5.752961,4.911394,5.1492963,5.2011256,5.489909,5.700924,5.374332
116,jacs_set/thrombin_core,jacs_set/thrombin_core/1a,../large_fep_dataset/data/fep_benchmark_processed/jacs_set_thrombin_core_1a.sdf,../large_fep_dataset/data/fep_benchmark_processed/jacs_set_thrombin_core_protein.pdb,116,5.5835266,5.2976675,5.4289184,5.8245687,6.256315,5.467383,5.6931133,5.6608815,5.5890055,5.8586287,5.6660004
117,jacs_set/thrombin_core,jacs_set/thrombin_core/5,../large_fep_dataset/data/fep_benchmark_processed/jacs_set_thrombin_core_5.sdf,../large_fep_dataset/data/fep_benchmark_processed/jacs_set_thrombin_core_protein.pdb,117,5.6611843,5.285279,5.43859,5.7629037,5.6861906,5.292388,5.243709,5.56396,5.426933,5.6984625,5.50596
118,jacs_set/thrombin_core,jacs_set/thrombin_core/3b,../large_fep_dataset/data/fep_benchmark_processed/jacs_set_thrombin_core_3b.sdf,../large_fep_dataset/data/fep_benchmark_processed/jacs_set_thrombin_core_protein.pdb,118,5.417955,5.908459,5.4823995,6.2375345,5.99342,5.6301246,6.0502887,5.846212,5.7184806,5.952614,5.8237486
119,jacs_set/thrombin_core,jacs_set/thrombin_core/7a,../large_fep_dataset/data/fep_benchmark_processed/jacs_set_thrombin_core_7a.sdf,../large_fep_dataset/data/fep_benchmark_processed/jacs_set_thrombin_core_protein.pdb,119,6.247442,5.534583,5.671117,6.402576,6.265837,5.418396,6.6895227,5.855358,6.146706,6.285704,6.051724
120,jacs_set/thrombin_core,jacs_set/thrombin_core/1c,../large_fep_dataset/data/fep_benchmark_processed/jacs_set_thrombin_core_1c.sdf,../large_fep_dataset/data/fep_benchmark_processed/jacs_set_thrombin_core_protein.pdb,120,5.601296,5.8930774,5.46036,6.0573206,6.979361,5.903269,5.9014044,5.45742,5.8204055,6.157369,5.923128
121,jacs_set/tyk2,jacs_set/tyk2/jmc_23,../large_fep_dataset/data/fep_benchmark_processed/jacs_set_tyk2_jmc_23.sdf,../large_fep_dataset/data/fep_benchmark_processed/jacs_set_tyk2_protein.pdb,121,8.331761,8.293259,7.7465987,7.8200817,7.8249016,7.99579,8.099961,8.465501,7.8910413,7.7960033,8.02649
122,jacs_set/tyk2,jacs_set/tyk2/ejm_47,../large_fep_dataset/data/fep_benchmark_processed/jacs_set_tyk2_ejm_47.sdf,../large_fep_dataset/data/fep_benchmark_processed/jacs_set_tyk2_protein.pdb,122,7.906615,7.994806,7.519954,7.8925004,7.376261,8.001853,7.5594015,8.082679,8.058894,7.802374,7.8195343
123,jacs_set/tyk2,jacs_set/tyk2/ejm_49,../large_fep_dataset/data/fep_benchmark_processed/jacs_set_tyk2_ejm_49.sdf,../large_fep_dataset/data/fep_benchmark_processed/jacs_set_tyk2_protein.pdb,123,7.154178,6.7879415,7.120708,6.8169384,6.5462546,6.9905047,7.2857885,7.2920713,7.1053314,6.8406005,6.9940324
124,jacs_set/tyk2,jacs_set/tyk2/ejm_31,../large_fep_dataset/data/fep_benchmark_processed/jacs_set_tyk2_ejm_31.sdf,../large_fep_dataset/data/fep_benchmark_processed/jacs_set_tyk2_protein.pdb,124,7.194733,7.2000904,6.902617,7.075059,7.59828,6.9323163,7.2866993,7.2154837,7.271823,7.453069,7.2130175
125,jacs_set/tyk2,jacs_set/tyk2/ejm_45,../large_fep_dataset/data/fep_benchmark_processed/jacs_set_tyk2_ejm_45.sdf,../large_fep_dataset/data/fep_benchmark_processed/jacs_set_tyk2_protein.pdb,125,7.9033537,7.7929616,7.517362,7.469552,7.446772,7.6226187,7.7402916,7.7616515,7.948451,7.737786,7.6940804
126,jacs_set/tyk2,jacs_set/tyk2/ejm_44,../large_fep_dataset/data/fep_benchmark_processed/jacs_set_tyk2_ejm_44.sdf,../large_fep_dataset/data/fep_benchmark_processed/jacs_set_tyk2_protein.pdb,126,6.658121,6.991054,7.221296,6.415047,6.965934,7.231998,6.997212,7.341826,7.0468144,6.8370333,6.9706335
127,jacs_set/tyk2,jacs_set/tyk2/ejm_43,../large_fep_dataset/data/fep_benchmark_processed/jacs_set_tyk2_ejm_43.sdf,../large_fep_dataset/data/fep_benchmark_processed/jacs_set_tyk2_protein.pdb,127,7.167259,7.066209,7.1394353,7.055777,6.789142,7.317156,7.057508,7.425167,7.4935784,6.7445426,7.1255774
128,jacs_set/tyk2,jacs_set/tyk2/ejm_50,../large_fep_dataset/data/fep_benchmark_processed/jacs_set_tyk2_ejm_50.sdf,../large_fep_dataset/data/fep_benchmark_processed/jacs_set_tyk2_protein.pdb,128,7.07996,7.1731734,6.9087706,7.14657,6.76985,6.7122345,7.822765,7.2468567,7.765525,7.758882,7.238458
129,jacs_set/tyk2,jacs_set/tyk2/ejm_42,../large_fep_dataset/data/fep_benchmark_processed/jacs_set_tyk2_ejm_42.sdf,../large_fep_dataset/data/fep_benchmark_processed/jacs_set_tyk2_protein.pdb,129,7.3325076,6.985465,7.1245317,6.8726654,6.7893405,6.788582,7.2771378,6.9475484,7.187184,6.7357655,7.0040727
130,jacs_set/tyk2,jacs_set/tyk2/ejm_55,../large_fep_dataset/data/fep_benchmark_processed/jacs_set_tyk2_ejm_55.sdf,../large_fep_dataset/data/fep_benchmark_processed/jacs_set_tyk2_protein.pdb,130,7.634444,7.3114004,6.6551285,7.1653814,7.1509385,6.7725477,7.4031587,7.2983127,7.6455507,7.1919274,7.222879
131,jacs_set/tyk2,jacs_set/tyk2/ejm_48,../large_fep_dataset/data/fep_benchmark_processed/jacs_set_tyk2_ejm_48.sdf,../large_fep_dataset/data/fep_benchmark_processed/jacs_set_tyk2_protein.pdb,131,7.681129,7.730824,7.4165044,7.8264933,7.3414164,7.9388156,7.279845,7.8501053,7.7566843,7.513882,7.63357
132,jacs_set/tyk2,jacs_set/tyk2/ejm_54,../large_fep_dataset/data/fep_benchmark_processed/jacs_set_tyk2_ejm_54.sdf,../large_fep_dataset/data/fep_benchmark_processed/jacs_set_tyk2_protein.pdb,132,7.424502,7.6426363,7.2080994,7.4539456,6.9105773,6.6643815,7.487366,7.865896,7.837859,6.9992404,7.34945
133,jacs_set/tyk2,jacs_set/tyk2/jmc_28,../large_fep_dataset/data/fep_benchmark_processed/jacs_set_tyk2_jmc_28.sdf,../large_fep_dataset/data/fep_benchmark_processed/jacs_set_tyk2_protein.pdb,133,7.788096,7.812972,7.7707853,7.695431,7.2675467,8.127342,7.462672,7.993625,7.878967,7.8931603,7.7690597
134,jacs_set/tyk2,jacs_set/tyk2/jmc_27,../large_fep_dataset/data/fep_benchmark_processed/jacs_set_tyk2_jmc_27.sdf,../large_fep_dataset/data/fep_benchmark_processed/jacs_set_tyk2_protein.pdb,134,8.309891,7.5502195,7.7501073,7.2404413,7.46153,7.4791145,7.959086,8.03187,7.5469365,8.062234,7.7391424
135,jacs_set/tyk2,jacs_set/tyk2/jmc_30,../large_fep_dataset/data/fep_benchmark_processed/jacs_set_tyk2_jmc_30.sdf,../large_fep_dataset/data/fep_benchmark_processed/jacs_set_tyk2_protein.pdb,135,8.18158,7.638085,7.9308085,7.8345456,7.7435517,8.188973,8.211756,8.256232,7.6491246,7.835778,7.9470434
136,jacs_set/tyk2,jacs_set/tyk2/ejm_46,../large_fep_dataset/data/fep_benchmark_processed/jacs_set_tyk2_ejm_46.sdf,../large_fep_dataset/data/fep_benchmark_processed/jacs_set_tyk2_protein.pdb,136,8.23684,8.1600275,8.141704,8.012855,7.629365,8.297006,8.072344,8.528404,7.980125,8.032919,8.109159
137,jacs_set/p38,jacs_set/p38/2j,../large_fep_dataset/data/fep_benchmark_processed/jacs_set_p38_2j.sdf,../large_fep_dataset/data/fep_benchmark_processed/jacs_set_p38_protein.pdb,137,7.7687078,8.429219,7.4745293,7.312737,7.415234,7.290461,7.9225283,8.273296,8.376392,8.007397,7.8270507
138,jacs_set/p38,jacs_set/p38/2gg,../large_fep_dataset/data/fep_benchmark_processed/jacs_set_p38_2gg.sdf,../large_fep_dataset/data/fep_benchmark_processed/jacs_set_p38_protein.pdb,138,7.553069,8.108358,7.363385,7.01211,6.782761,7.672173,7.716796,6.693865,7.5983486,8.011121,7.4511995
139,jacs_set/p38,jacs_set/p38/2q,../large_fep_dataset/data/fep_benchmark_processed/jacs_set_p38_2q.sdf,../large_fep_dataset/data/fep_benchmark_processed/jacs_set_p38_protein.pdb,139,7.8141503,7.819697,7.5654373,7.3078275,7.4395328,7.831596,7.836736,7.7967925,7.5732727,7.5107074,7.6495743
140,jacs_set/p38,jacs_set/p38/2t,../large_fep_dataset/data/fep_benchmark_processed/jacs_set_p38_2t.sdf,../large_fep_dataset/data/fep_benchmark_processed/jacs_set_p38_protein.pdb,140,7.847258,8.321559,7.986774,8.341506,7.701001,8.024576,8.00615,7.7647915,7.4770775,8.039496,7.9510183
141,jacs_set/p38,jacs_set/p38/2g,../large_fep_dataset/data/fep_benchmark_processed/jacs_set_p38_2g.sdf,../large_fep_dataset/data/fep_benchmark_processed/jacs_set_p38_protein.pdb,141,7.292212,8.291838,7.475973,7.3695655,7.1167526,7.0637665,7.683328,7.126042,7.3360424,7.7227106,7.4478226
142,jacs_set/p38,jacs_set/p38/2l,../large_fep_dataset/data/fep_benchmark_processed/jacs_set_p38_2l.sdf,../large_fep_dataset/data/fep_benchmark_processed/jacs_set_p38_protein.pdb,142,7.9958363,8.317917,7.9050164,7.8850656,7.7997036,7.837575,8.356744,8.076842,8.527943,7.926554,8.062919
143,jacs_set/p38,jacs_set/p38/2ee,../large_fep_dataset/data/fep_benchmark_processed/jacs_set_p38_2ee.sdf,../large_fep_dataset/data/fep_benchmark_processed/jacs_set_p38_protein.pdb,143,6.9243116,7.814874,7.2868834,6.845157,7.3323865,7.4702673,7.8556013,7.1449013,7.0846357,7.446195,7.3205214
144,jacs_set/p38,jacs_set/p38/2aa,../large_fep_dataset/data/fep_benchmark_processed/jacs_set_p38_2aa.sdf,../large_fep_dataset/data/fep_benchmark_processed/jacs_set_p38_protein.pdb,144,6.9236665,7.0881333,6.587692,7.3457947,6.512448,7.5326557,7.897994,6.8174505,8.005276,7.615341,7.2326446
145,jacs_set/p38,jacs_set/p38/2o,../large_fep_dataset/data/fep_benchmark_processed/jacs_set_p38_2o.sdf,../large_fep_dataset/data/fep_benchmark_processed/jacs_set_p38_protein.pdb,145,7.973666,7.945009,8.24283,8.009233,7.244463,7.7313495,8.210024,8.168189,7.9630823,7.5349684,7.9022813
146,jacs_set/p38,jacs_set/p38/3flw,../large_fep_dataset/data/fep_benchmark_processed/jacs_set_p38_3flw.sdf,../large_fep_dataset/data/fep_benchmark_processed/jacs_set_p38_protein.pdb,146,7.182669,7.470251,7.060468,7.1781793,6.315475,7.163255,7.354498,6.854947,7.6272063,7.3765197,7.1583467
147,jacs_set/p38,jacs_set/p38/2u,../large_fep_dataset/data/fep_benchmark_processed/jacs_set_p38_2u.sdf,../large_fep_dataset/data/fep_benchmark_processed/jacs_set_p38_protein.pdb,147,8.09529,8.272565,7.898599,7.2574644,7.881266,7.9865603,8.569044,8.101546,8.094755,7.5773215,7.973442
148,jacs_set/p38,jacs_set/p38/2p,../large_fep_dataset/data/fep_benchmark_processed/jacs_set_p38_2p.sdf,../large_fep_dataset/data/fep_benchmark_processed/jacs_set_p38_protein.pdb,148,7.911224,8.004344,7.959118,7.991211,7.811699,7.828873,8.540896,8.335151,8.157416,7.6699233,8.020986
149,jacs_set/p38,jacs_set/p38/2h,../large_fep_dataset/data/fep_benchmark_processed/jacs_set_p38_2h.sdf,../large_fep_dataset/data/fep_benchmark_processed/jacs_set_p38_protein.pdb,149,7.687979,7.8072395,7.3420453,6.7252593,6.8356633,7.256461,7.475764,7.191884,7.1602645,7.685111,7.316767
150,jacs_set/p38,jacs_set/p38/3fmk,../large_fep_dataset/data/fep_benchmark_processed/jacs_set_p38_3fmk.sdf,../large_fep_dataset/data/fep_benchmark_processed/jacs_set_p38_protein.pdb,150,7.3484464,7.6457725,7.0747366,7.3245473,7.1452446,7.7180924,8.112135,6.726293,7.486634,7.7636867,7.434559
151,jacs_set/p38,jacs_set/p38/2i,../large_fep_dataset/data/fep_benchmark_processed/jacs_set_p38_2i.sdf,../large_fep_dataset/data/fep_benchmark_processed/jacs_set_p38_protein.pdb,151,8.051869,8.452682,7.3373046,7.363653,7.5337343,7.3559546,7.8748665,8.197906,7.638313,7.5875373,7.7393823
152,jacs_set/p38,jacs_set/p38/2f,../large_fep_dataset/data/fep_benchmark_processed/jacs_set_p38_2f.sdf,../large_fep_dataset/data/fep_benchmark_processed/jacs_set_p38_protein.pdb,152,7.775933,7.95917,7.7061744,7.3451257,7.235593,7.2869167,7.720422,7.2829304,7.8499393,7.6499934,7.5812197
153,jacs_set/p38,jacs_set/p38/2x,../large_fep_dataset/data/fep_benchmark_processed/jacs_set_p38_2x.sdf,../large_fep_dataset/data/fep_benchmark_processed/jacs_set_p38_protein.pdb,153,7.579699,7.942733,7.5269213,7.4226747,6.628461,7.1320786,8.119931,7.488294,7.816046,7.80157,7.5458403
154,jacs_set/p38,jacs_set/p38/2ff,../large_fep_dataset/data/fep_benchmark_processed/jacs_set_p38_2ff.sdf,../large_fep_dataset/data/fep_benchmark_processed/jacs_set_p38_protein.pdb,154,8.176119,8.023375,7.7316146,7.716101,7.393369,7.6817136,8.151545,7.2978883,8.035618,7.860044,7.8067384
155,jacs_set/p38,jacs_set/p38/2k,../large_fep_dataset/data/fep_benchmark_processed/jacs_set_p38_2k.sdf,../large_fep_dataset/data/fep_benchmark_processed/jacs_set_p38_protein.pdb,155,7.8290763,8.010836,7.434616,7.585152,7.0321674,7.130585,8.104458,8.111849,7.66085,7.324761,7.622435
156,jacs_set/p38,jacs_set/p38/2n,../large_fep_dataset/data/fep_benchmark_processed/jacs_set_p38_2n.sdf,../large_fep_dataset/data/fep_benchmark_processed/jacs_set_p38_protein.pdb,156,7.3734994,7.833225,7.826321,7.8772087,7.848631,7.582823,8.147682,8.034608,8.2437935,7.7506986,7.8518496
157,jacs_set/p38,jacs_set/p38/3flq,../large_fep_dataset/data/fep_benchmark_processed/jacs_set_p38_3flq.sdf,../large_fep_dataset/data/fep_benchmark_processed/jacs_set_p38_protein.pdb,157,7.3535333,7.611934,7.3677874,7.4375844,7.1971807,8.101219,7.8229594,6.9246087,7.8891697,7.3690996,7.5075083
158,jacs_set/p38,jacs_set/p38/3fln,../large_fep_dataset/data/fep_benchmark_processed/jacs_set_p38_3fln.sdf,../large_fep_dataset/data/fep_benchmark_processed/jacs_set_p38_protein.pdb,158,7.554283,8.272906,7.6924076,7.4481106,6.7374673,7.4527845,7.98375,7.8207097,8.048237,7.8524804,7.6863127
159,jacs_set/p38,jacs_set/p38/2e,../large_fep_dataset/data/fep_benchmark_processed/jacs_set_p38_2e.sdf,../large_fep_dataset/data/fep_benchmark_processed/jacs_set_p38_protein.pdb,159,7.5861316,7.9020348,7.479249,6.941575,6.9762425,7.050099,7.6950912,7.5177336,7.657755,7.8259907,7.4631896
160,jacs_set/p38,jacs_set/p38/3fmh,../large_fep_dataset/data/fep_benchmark_processed/jacs_set_p38_3fmh.sdf,../large_fep_dataset/data/fep_benchmark_processed/jacs_set_p38_protein.pdb,160,7.477991,7.5848513,7.0742946,7.286828,7.029058,7.731552,7.919444,6.5296445,7.503556,7.8172174,7.395444
161,jacs_set/p38,jacs_set/p38/2c,../large_fep_dataset/data/fep_benchmark_processed/jacs_set_p38_2c.sdf,../large_fep_dataset/data/fep_benchmark_processed/jacs_set_p38_protein.pdb,161,7.3003707,7.425607,7.12139,7.298222,6.6628428,6.815933,6.9216886,7.158798,6.8475175,6.8921885,7.0444555
162,jacs_set/p38,jacs_set/p38/2y,../large_fep_dataset/data/fep_benchmark_processed/jacs_set_p38_2y.sdf,../large_fep_dataset/data/fep_benchmark_processed/jacs_set_p38_protein.pdb,162,7.249405,6.851517,7.4633226,6.702162,6.503417,7.2438293,7.2291975,6.732841,7.670024,7.643315,7.1289034
163,jacs_set/p38,jacs_set/p38/2s,../large_fep_dataset/data/fep_benchmark_processed/jacs_set_p38_2s.sdf,../large_fep_dataset/data/fep_benchmark_processed/jacs_set_p38_protein.pdb,163,7.719423,7.758184,7.540652,8.012985,7.489915,7.5438514,8.482404,8.123334,8.240793,7.3857846,7.8297324
164,jacs_set/p38,jacs_set/p38/2m,../large_fep_dataset/data/fep_benchmark_processed/jacs_set_p38_2m.sdf,../large_fep_dataset/data/fep_benchmark_processed/jacs_set_p38_protein.pdb,164,7.9239855,7.6791873,7.6667457,7.6085587,7.3635707,7.73468,8.2423525,8.115162,7.9872804,7.8512278,7.8172746
165,jacs_set/p38,jacs_set/p38/2bb,../large_fep_dataset/data/fep_benchmark_processed/jacs_set_p38_2bb.sdf,../large_fep_dataset/data/fep_benchmark_processed/jacs_set_p38_protein.pdb,165,7.638534,6.8704247,7.0921817,7.6768136,6.7785296,7.682946,7.5701146,7.1165633,7.864197,7.5691032,7.3859406
166,jacs_set/p38,jacs_set/p38/2v,../large_fep_dataset/data/fep_benchmark_processed/jacs_set_p38_2v.sdf,../large_fep_dataset/data/fep_benchmark_processed/jacs_set_p38_protein.pdb,166,6.8881826,6.884766,6.419002,7.31898,6.437375,6.9931073,7.3357167,6.6849256,7.1283975,7.4502473,6.95407
167,jacs_set/p38,jacs_set/p38/2r,../large_fep_dataset/data/fep_benchmark_processed/jacs_set_p38_2r.sdf,../large_fep_dataset/data/fep_benchmark_processed/jacs_set_p38_protein.pdb,167,8.207673,7.7257237,7.5699005,7.5600853,7.1533256,7.466172,8.110556,8.238084,8.230165,7.690194,7.7951875
168,jacs_set/p38,jacs_set/p38/3flz,../large_fep_dataset/data/fep_benchmark_processed/jacs_set_p38_3flz.sdf,../large_fep_dataset/data/fep_benchmark_processed/jacs_set_p38_protein.pdb,168,7.121952,7.9649563,7.083988,7.1892667,6.729889,7.103912,6.9460316,7.081349,7.0736017,7.7805076,7.2075453
169,jacs_set/p38,jacs_set/p38/2z,../large_fep_dataset/data/fep_benchmark_processed/jacs_set_p38_2z.sdf,../large_fep_dataset/data/fep_benchmark_processed/jacs_set_p38_protein.pdb,169,7.412403,7.3953443,7.144446,7.192828,6.158671,7.630058,7.3818936,6.9580436,8.136987,7.201785,7.2612457
170,jacs_set/p38,jacs_set/p38/3fly,../large_fep_dataset/data/fep_benchmark_processed/jacs_set_p38_3fly.sdf,../large_fep_dataset/data/fep_benchmark_processed/jacs_set_p38_protein.pdb,170,7.1744647,7.5172043,7.108884,7.3458834,6.9178286,7.5083904,7.503536,6.8788486,7.7836637,7.592959,7.3331656
171,jacs_set/bace,jacs_set/bace/CAT-13n,../large_fep_dataset/data/fep_benchmark_processed/jacs_set_bace_CAT-13n.sdf,../large_fep_dataset/data/fep_benchmark_processed/jacs_set_bace_protein.pdb,171,6.085251,6.1767907,6.4773116,6.7814403,6.866475,6.1515465,6.4883356,6.421104,6.5067296,6.522931,6.447791
172,jacs_set/bace,jacs_set/bace/CAT-13e,../large_fep_dataset/data/fep_benchmark_processed/jacs_set_bace_CAT-13e.sdf,../large_fep_dataset/data/fep_benchmark_processed/jacs_set_bace_protein.pdb,172,6.662392,6.248659,6.633142,6.9059043,6.624063,6.679524,7.008695,6.5173526,6.4923387,6.517379,6.6289454
173,jacs_set/bace,jacs_set/bace/CAT-4a,../large_fep_dataset/data/fep_benchmark_processed/jacs_set_bace_CAT-4a.sdf,../large_fep_dataset/data/fep_benchmark_processed/jacs_set_bace_protein.pdb,173,5.515758,5.328696,5.268433,5.701757,5.6618795,5.366695,5.2909656,5.3486376,5.3499026,5.3448887,5.4177613
174,jacs_set/bace,jacs_set/bace/CAT-4m,../large_fep_dataset/data/fep_benchmark_processed/jacs_set_bace_CAT-4m.sdf,../large_fep_dataset/data/fep_benchmark_processed/jacs_set_bace_protein.pdb,174,6.148814,6.3941073,6.5454183,6.5095806,6.340842,5.581778,6.2293367,5.9915643,6.105761,5.8066516,6.1653852
175,jacs_set/bace,jacs_set/bace/CAT-17b,../large_fep_dataset/data/fep_benchmark_processed/jacs_set_bace_CAT-17b.sdf,../large_fep_dataset/data/fep_benchmark_processed/jacs_set_bace_protein.pdb,175,6.273827,6.2063837,6.650847,6.6418223,5.961157,6.034868,6.7195535,6.7844,6.1753545,6.351926,6.380014
176,jacs_set/bace,jacs_set/bace/CAT-13j,../large_fep_dataset/data/fep_benchmark_processed/jacs_set_bace_CAT-13j.sdf,../large_fep_dataset/data/fep_benchmark_processed/jacs_set_bace_protein.pdb,176,5.752886,5.876291,6.442853,6.6771345,6.4576526,5.8766665,6.235861,6.350229,6.434708,6.0310082,6.2135286
177,jacs_set/bace,jacs_set/bace/CAT-13d,../large_fep_dataset/data/fep_benchmark_processed/jacs_set_bace_CAT-13d.sdf,../large_fep_dataset/data/fep_benchmark_processed/jacs_set_bace_protein.pdb,177,6.7062764,6.4738016,7.073627,6.7542505,6.3461933,6.666906,7.0925274,6.769359,6.6719503,6.478218,6.703311
178,jacs_set/bace,jacs_set/bace/CAT-13b,../large_fep_dataset/data/fep_benchmark_processed/jacs_set_bace_CAT-13b.sdf,../large_fep_dataset/data/fep_benchmark_processed/jacs_set_bace_protein.pdb,178,6.1177874,5.921808,6.379478,6.4445677,6.43147,5.962659,6.5800486,6.1992764,6.179243,6.2721906,6.2488523
179,jacs_set/bace,jacs_set/bace/CAT-13a,../large_fep_dataset/data/fep_benchmark_processed/jacs_set_bace_CAT-13a.sdf,../large_fep_dataset/data/fep_benchmark_processed/jacs_set_bace_protein.pdb,179,6.124583,6.1911755,6.531732,6.1340065,6.4628367,5.741503,6.656286,6.238382,6.264314,6.06142,6.2406235
180,jacs_set/bace,jacs_set/bace/CAT-13h,../large_fep_dataset/data/fep_benchmark_processed/jacs_set_bace_CAT-13h.sdf,../large_fep_dataset/data/fep_benchmark_processed/jacs_set_bace_protein.pdb,180,6.7213254,6.838548,7.3893547,7.211942,6.976851,6.863249,7.2679234,7.064568,6.767174,6.503376,6.960431
181,jacs_set/bace,jacs_set/bace/CAT-13o,../large_fep_dataset/data/fep_benchmark_processed/jacs_set_bace_CAT-13o.sdf,../large_fep_dataset/data/fep_benchmark_processed/jacs_set_bace_protein.pdb,181,6.8062844,6.675648,6.942753,7.0089245,7.50509,6.5095983,7.2745757,6.9496665,6.8181186,6.6108336,6.9101496
182,jacs_set/bace,jacs_set/bace/CAT-13g,../large_fep_dataset/data/fep_benchmark_processed/jacs_set_bace_CAT-13g.sdf,../large_fep_dataset/data/fep_benchmark_processed/jacs_set_bace_protein.pdb,182,6.6457396,6.022813,6.29792,6.485743,6.472943,6.1865373,6.652361,6.55399,6.0705023,6.2186446,6.3607187
183,jacs_set/bace,jacs_set/bace/CAT-4k,../large_fep_dataset/data/fep_benchmark_processed/jacs_set_bace_CAT-4k.sdf,../large_fep_dataset/data/fep_benchmark_processed/jacs_set_bace_protein.pdb,183,5.7465925,5.516615,5.444444,6.214072,5.939841,5.48575,5.3351974,5.722402,5.47158,5.7071834,5.6583676
184,jacs_set/bace,jacs_set/bace/CAT-17g,../large_fep_dataset/data/fep_benchmark_processed/jacs_set_bace_CAT-17g.sdf,../large_fep_dataset/data/fep_benchmark_processed/jacs_set_bace_protein.pdb,184,6.9575186,6.7359776,6.7955403,6.8295655,6.452218,6.4307294,6.7899737,7.2568192,7.1150064,6.306885,6.7670236
185,jacs_set/bace,jacs_set/bace/CAT-4l,../large_fep_dataset/data/fep_benchmark_processed/jacs_set_bace_CAT-4l.sdf,../large_fep_dataset/data/fep_benchmark_processed/jacs_set_bace_protein.pdb,185,6.1125226,5.916792,5.783455,6.5365973,6.3599896,5.8563046,5.6768537,5.8253255,6.0816426,6.1686068,6.0318084
186,jacs_set/bace,jacs_set/bace/CAT-4j,../large_fep_dataset/data/fep_benchmark_processed/jacs_set_bace_CAT-4j.sdf,../large_fep_dataset/data/fep_benchmark_processed/jacs_set_bace_protein.pdb,186,6.0603275,5.705967,5.808636,6.2143784,5.8452034,5.3252845,5.581675,6.0119414,5.8029227,5.874597,5.823093
187,jacs_set/bace,jacs_set/bace/CAT-4n,../large_fep_dataset/data/fep_benchmark_processed/jacs_set_bace_CAT-4n.sdf,../large_fep_dataset/data/fep_benchmark_processed/jacs_set_bace_protein.pdb,187,6.511036,6.4053106,6.4666877,7.0461287,6.736329,5.7237854,6.0455565,6.1233377,6.433616,6.4259353,6.3917723
188,jacs_set/bace,jacs_set/bace/CAT-13i,../large_fep_dataset/data/fep_benchmark_processed/jacs_set_bace_CAT-13i.sdf,../large_fep_dataset/data/fep_benchmark_processed/jacs_set_bace_protein.pdb,188,6.6769376,6.6254773,6.370789,6.417671,6.8864393,6.3587546,6.7147536,6.563069,6.7332535,6.53841,6.5885553
189,jacs_set/bace,jacs_set/bace/CAT-17f,../large_fep_dataset/data/fep_benchmark_processed/jacs_set_bace_CAT-17f.sdf,../large_fep_dataset/data/fep_benchmark_processed/jacs_set_bace_protein.pdb,189,6.928032,6.6013994,6.711895,6.70618,6.534711,6.2136183,6.528783,7.0834427,6.977314,6.3419223,6.6627297
190,jacs_set/bace,jacs_set/bace/CAT-4p,../large_fep_dataset/data/fep_benchmark_processed/jacs_set_bace_CAT-4p.sdf,../large_fep_dataset/data/fep_benchmark_processed/jacs_set_bace_protein.pdb,190,6.5764937,6.744119,6.843214,7.2629347,6.812187,6.666968,6.4259334,6.73177,6.8769803,6.275664,6.7216263
191,jacs_set/bace,jacs_set/bace/CAT-13c,../large_fep_dataset/data/fep_benchmark_processed/jacs_set_bace_CAT-13c.sdf,../large_fep_dataset/data/fep_benchmark_processed/jacs_set_bace_protein.pdb,191,6.0021095,6.302386,6.5434413,6.5601974,6.674248,5.998081,6.555882,6.3318524,6.1965923,6.2420344,6.340682
192,jacs_set/bace,jacs_set/bace/CAT-24,../large_fep_dataset/data/fep_benchmark_processed/jacs_set_bace_CAT-24.sdf,../large_fep_dataset/data/fep_benchmark_processed/jacs_set_bace_protein.pdb,192,7.768442,7.603887,7.7469172,7.9487267,7.4344583,7.3707027,7.0200906,7.589061,7.942135,7.1032896,7.552771
193,jacs_set/bace,jacs_set/bace/CAT-4i,../large_fep_dataset/data/fep_benchmark_processed/jacs_set_bace_CAT-4i.sdf,../large_fep_dataset/data/fep_benchmark_processed/jacs_set_bace_protein.pdb,193,5.8117733,5.820026,5.691775,5.9205527,5.690548,5.663204,5.377167,5.8309727,5.66586,5.620659,5.7092533
194,jacs_set/bace,jacs_set/bace/CAT-4c,../large_fep_dataset/data/fep_benchmark_processed/jacs_set_bace_CAT-4c.sdf,../large_fep_dataset/data/fep_benchmark_processed/jacs_set_bace_protein.pdb,194,5.397626,5.0647783,5.141076,5.7215567,5.434385,5.20655,5.3198714,5.526892,5.8316507,5.337227,5.3981614
195,jacs_set/bace,jacs_set/bace/CAT-17i,../large_fep_dataset/data/fep_benchmark_processed/jacs_set_bace_CAT-17i.sdf,../large_fep_dataset/data/fep_benchmark_processed/jacs_set_bace_protein.pdb,195,6.4156337,6.106145,6.8791676,6.137441,6.3360515,6.1033897,6.6288853,6.4319835,6.1283197,5.7581916,6.2925205
196,jacs_set/bace,jacs_set/bace/CAT-13k,../large_fep_dataset/data/fep_benchmark_processed/jacs_set_bace_CAT-13k.sdf,../large_fep_dataset/data/fep_benchmark_processed/jacs_set_bace_protein.pdb,196,6.1531167,6.3950577,6.5895066,6.4706783,6.776216,6.1626873,5.9759603,6.2422314,6.588734,6.273342,6.3627534
197,jacs_set/bace,jacs_set/bace/CAT-17a,../large_fep_dataset/data/fep_benchmark_processed/jacs_set_bace_CAT-17a.sdf,../large_fep_dataset/data/fep_benchmark_processed/jacs_set_bace_protein.pdb,197,6.8648987,6.9735107,7.3330307,7.131874,6.9408965,6.9903045,7.2220078,6.8529882,6.784572,6.649474,6.974355
198,jacs_set/bace,jacs_set/bace/CAT-17c,../large_fep_dataset/data/fep_benchmark_processed/jacs_set_bace_CAT-17c.sdf,../large_fep_dataset/data/fep_benchmark_processed/jacs_set_bace_protein.pdb,198,6.8258724,6.553211,6.4939957,6.945703,6.3148613,6.3155375,6.8755136,6.603072,6.556369,6.327748,6.581189
199,jacs_set/bace,jacs_set/bace/CAT-4o,../large_fep_dataset/data/fep_benchmark_processed/jacs_set_bace_CAT-4o.sdf,../large_fep_dataset/data/fep_benchmark_processed/jacs_set_bace_protein.pdb,199,6.3290057,6.2592154,6.3535547,6.866037,6.5947022,5.9560895,6.15884,6.7741985,6.8903484,6.156197,6.433819
200,jacs_set/bace,jacs_set/bace/CAT-17d,../large_fep_dataset/data/fep_benchmark_processed/jacs_set_bace_CAT-17d.sdf,../large_fep_dataset/data/fep_benchmark_processed/jacs_set_bace_protein.pdb,200,6.558885,5.881498,6.31667,6.290411,6.143842,5.965085,6.109561,6.6512537,6.33712,5.793389,6.2047715
201,jacs_set/bace,jacs_set/bace/CAT-4b,../large_fep_dataset/data/fep_benchmark_processed/jacs_set_bace_CAT-4b.sdf,../large_fep_dataset/data/fep_benchmark_processed/jacs_set_bace_protein.pdb,201,5.880838,5.8143907,6.0206413,6.15375,6.0935726,5.892871,5.7299,6.183629,6.3125405,5.7787046,5.986084
202,jacs_set/bace,jacs_set/bace/CAT-13f,../large_fep_dataset/data/fep_benchmark_processed/jacs_set_bace_CAT-13f.sdf,../large_fep_dataset/data/fep_benchmark_processed/jacs_set_bace_protein.pdb,202,6.888368,6.0861835,6.5939584,6.8721447,6.6055846,6.606889,6.9608417,6.514927,6.528698,6.5317626,6.6189356
203,jacs_set/bace,jacs_set/bace/CAT-4d,../large_fep_dataset/data/fep_benchmark_processed/jacs_set_bace_CAT-4d.sdf,../large_fep_dataset/data/fep_benchmark_processed/jacs_set_bace_protein.pdb,203,5.9369016,5.758978,5.9360247,6.0013514,6.0539775,5.707584,6.0161176,6.375133,6.4487762,5.446313,5.968116
204,jacs_set/bace,jacs_set/bace/CAT-13m,../large_fep_dataset/data/fep_benchmark_processed/jacs_set_bace_CAT-13m.sdf,../large_fep_dataset/data/fep_benchmark_processed/jacs_set_bace_protein.pdb,204,6.3636785,6.3059783,6.813838,6.6104517,6.808171,6.45891,6.5973396,6.4798436,6.3722663,6.5036116,6.531408
205,jacs_set/bace,jacs_set/bace/CAT-17h,../large_fep_dataset/data/fep_benchmark_processed/jacs_set_bace_CAT-17h.sdf,../large_fep_dataset/data/fep_benchmark_processed/jacs_set_bace_protein.pdb,205,7.086813,7.1696076,7.3009686,6.8723416,6.65239,6.884838,6.860449,7.4911313,7.207976,6.6732354,7.019975
206,jacs_set/bace,jacs_set/bace/CAT-17e,../large_fep_dataset/data/fep_benchmark_processed/jacs_set_bace_CAT-17e.sdf,../large_fep_dataset/data/fep_benchmark_processed/jacs_set_bace_protein.pdb,206,6.5941906,6.521003,7.044255,7.055992,6.2751026,6.411909,6.6855335,7.1044345,6.5524864,6.283499,6.6528406
207,charge_annhil/jnk1,charge_annhil/jnk1/6a,../large_fep_dataset/data/fep_benchmark_processed/charge_annhil_jnk1_6a.sdf,../large_fep_dataset/data/fep_benchmark_processed/charge_annhil_jnk1_protein.pdb,207,5.8267326,5.7641764,5.641699,6.4944267,5.76402,6.5239544,6.8024206,5.9638085,5.787287,6.315922,6.0884447
208,charge_annhil/jnk1,charge_annhil/jnk1/19a_neu,../large_fep_dataset/data/fep_benchmark_processed/charge_annhil_jnk1_19a_neu.sdf,../large_fep_dataset/data/fep_benchmark_processed/charge_annhil_jnk1_protein.pdb,208,5.58874,5.3149557,5.7815485,6.695521,6.5163984,5.578096,6.309808,5.9168777,5.8017774,6.0440245,5.9547744
209,charge_annhil/jnk1,charge_annhil/jnk1/19b_neu,../large_fep_dataset/data/fep_benchmark_processed/charge_annhil_jnk1_19b_neu.sdf,../large_fep_dataset/data/fep_benchmark_processed/charge_annhil_jnk1_protein.pdb,209,6.016601,6.0778913,4.9393473,5.877105,5.9880247,6.0692563,6.3185873,5.638369,5.3430934,5.6626277,5.793091
210,charge_annhil/jnk1,charge_annhil/jnk1/19b_charg,../large_fep_dataset/data/fep_benchmark_processed/charge_annhil_jnk1_19b_charg.sdf,../large_fep_dataset/data/fep_benchmark_processed/charge_annhil_jnk1_protein.pdb,210,5.987358,5.821747,4.9387817,6.304261,5.8989244,5.934661,6.2343235,5.72077,5.1678267,5.7638197,5.7772474
211,charge_annhil/jnk1,charge_annhil/jnk1/19a_charg,../large_fep_dataset/data/fep_benchmark_processed/charge_annhil_jnk1_19a_charg.sdf,../large_fep_dataset/data/fep_benchmark_processed/charge_annhil_jnk1_protein.pdb,211,5.8099885,5.1988873,5.922387,6.8644075,6.2847915,5.6746707,6.4637914,6.234881,5.746901,6.1410866,6.034179
212,charge_annhil/egfr,charge_annhil/egfr/21,../large_fep_dataset/data/fep_benchmark_processed/charge_annhil_egfr_21.sdf,../large_fep_dataset/data/fep_benchmark_processed/charge_annhil_egfr_protein.pdb,212,7.4909315,7.945696,7.772412,7.761985,7.7982287,8.044702,7.958234,7.6823344,7.6312985,8.014331,7.810015
213,charge_annhil/egfr,charge_annhil/egfr/27neu,../large_fep_dataset/data/fep_benchmark_processed/charge_annhil_egfr_27neu.sdf,../large_fep_dataset/data/fep_benchmark_processed/charge_annhil_egfr_protein.pdb,213,8.039774,7.62562,7.8363066,7.6687856,8.001203,7.9833255,7.8605456,7.6700244,7.7539873,8.42251,7.8862085
214,charge_annhil/egfr,charge_annhil/egfr/27chargR,../large_fep_dataset/data/fep_benchmark_processed/charge_annhil_egfr_27chargR.sdf,../large_fep_dataset/data/fep_benchmark_processed/charge_annhil_egfr_protein.pdb,214,7.661414,7.543045,7.777621,7.436097,7.9509134,7.905338,8.14065,7.584384,7.6716986,8.384072,7.805523
215,charge_annhil/egfr,charge_annhil/egfr/27chargS,../large_fep_dataset/data/fep_benchmark_processed/charge_annhil_egfr_27chargS.sdf,../large_fep_dataset/data/fep_benchmark_processed/charge_annhil_egfr_protein.pdb,215,7.8051867,7.643922,7.789044,7.510116,7.879375,7.912315,8.031069,7.6941247,7.5529947,8.402745,7.82209
216,charge_annhil/egfr,charge_annhil/egfr/28neu,../large_fep_dataset/data/fep_benchmark_processed/charge_annhil_egfr_28neu.sdf,../large_fep_dataset/data/fep_benchmark_processed/charge_annhil_egfr_protein.pdb,216,7.870354,7.1740384,7.473152,7.7584386,7.5375338,8.1359215,8.172767,7.1267695,7.862319,7.9901423,7.710143
217,charge_annhil/egfr,charge_annhil/egfr/28charg,../large_fep_dataset/data/fep_benchmark_processed/charge_annhil_egfr_28charg.sdf,../large_fep_dataset/data/fep_benchmark_processed/charge_annhil_egfr_protein.pdb,217,7.873097,7.680514,7.7451906,7.8614984,8.0470705,8.063908,8.1439495,7.271336,7.800683,8.520136,7.9007387
218,charge_annhil/egfr,charge_annhil/egfr/29neu,../large_fep_dataset/data/fep_benchmark_processed/charge_annhil_egfr_29neu.sdf,../large_fep_dataset/data/fep_benchmark_processed/charge_annhil_egfr_protein.pdb,218,7.7501116,7.245488,8.028437,7.4438653,7.967621,7.8910103,7.382359,7.3854284,7.6496572,8.587097,7.7331076
219,charge_annhil/egfr,charge_annhil/egfr/29charg,../large_fep_dataset/data/fep_benchmark_processed/charge_annhil_egfr_29charg.sdf,../large_fep_dataset/data/fep_benchmark_processed/charge_annhil_egfr_protein.pdb,219,8.005841,7.400738,8.06256,7.4600525,8.294804,7.9418936,7.7257857,7.354949,7.5405197,8.794217,7.858136
220,charge_annhil/egfr,charge_annhil/egfr/30neu,../large_fep_dataset/data/fep_benchmark_processed/charge_annhil_egfr_30neu.sdf,../large_fep_dataset/data/fep_benchmark_processed/charge_annhil_egfr_protein.pdb,220,7.7889395,7.2654066,7.697831,7.508336,7.7465434,8.155293,7.801512,7.1955576,7.6312,8.384281,7.7174897
221,charge_annhil/egfr,charge_annhil/egfr/30charg,../large_fep_dataset/data/fep_benchmark_processed/charge_annhil_egfr_30charg.sdf,../large_fep_dataset/data/fep_benchmark_processed/charge_annhil_egfr_protein.pdb,221,7.740045,7.6375394,7.808615,7.390359,7.701138,8.165313,7.987201,7.4845996,7.687826,8.293424,7.7896066
222,charge_annhil/ptp1b,charge_annhil/ptp1b/26charg,../large_fep_dataset/data/fep_benchmark_processed/charge_annhil_ptp1b_26charg.sdf,../large_fep_dataset/data/fep_benchmark_processed/charge_annhil_ptp1b_protein.pdb,222,6.9410844,6.323267,6.9558554,7.0397797,7.148341,6.680948,6.723299,6.8726277,7.3534174,6.8232656,6.8861885
223,charge_annhil/ptp1b,charge_annhil/ptp1b/26neu,../large_fep_dataset/data/fep_benchmark_processed/charge_annhil_ptp1b_26neu.sdf,../large_fep_dataset/data/fep_benchmark_processed/charge_annhil_ptp1b_protein.pdb,223,6.8086205,6.4101887,6.8772707,6.981289,7.0241466,6.9082594,6.8520036,6.799094,6.9499607,6.907342,6.851818
224,charge_annhil/ptp1b,charge_annhil/ptp1b/27,../large_fep_dataset/data/fep_benchmark_processed/charge_annhil_ptp1b_27.sdf,../large_fep_dataset/data/fep_benchmark_processed/charge_annhil_ptp1b_protein.pdb,224,7.136228,6.695613,6.6993294,7.3411407,7.16042,7.171556,6.7745314,6.539232,7.074524,6.8793163,6.9471884
225,charge_annhil/ptp1b,charge_annhil/ptp1b/32,../large_fep_dataset/data/fep_benchmark_processed/charge_annhil_ptp1b_32.sdf,../large_fep_dataset/data/fep_benchmark_processed/charge_annhil_ptp1b_protein.pdb,225,7.4164867,6.828489,7.9667106,7.726034,7.6878834,7.568431,7.377358,7.770082,7.313013,7.198267,7.4852753
226,charge_annhil/irak4_s2,charge_annhil/irak4_s2/17charg,../large_fep_dataset/data/fep_benchmark_processed/charge_annhil_irak4_s2_17charg.sdf,../large_fep_dataset/data/fep_benchmark_processed/charge_annhil_irak4_s2_protein.pdb,226,6.8859253,6.7929354,6.7267303,7.116101,6.2496004,6.4538345,6.695929,7.174767,6.4877768,6.5717616,6.7155356
227,charge_annhil/irak4_s2,charge_annhil/irak4_s2/17neu,../large_fep_dataset/data/fep_benchmark_processed/charge_annhil_irak4_s2_17neu.sdf,../large_fep_dataset/data/fep_benchmark_processed/charge_annhil_irak4_s2_protein.pdb,227,7.1132684,7.558633,7.058326,7.4953036,7.006939,6.6529064,7.006076,7.1785216,6.6853256,6.7667956,7.0522094
228,charge_annhil/irak4_s2,charge_annhil/irak4_s2/5neu,../large_fep_dataset/data/fep_benchmark_processed/charge_annhil_irak4_s2_5neu.sdf,../large_fep_dataset/data/fep_benchmark_processed/charge_annhil_irak4_s2_protein.pdb,228,7.45663,6.911279,7.1726637,7.4842963,6.164897,6.7639003,7.7938714,7.398465,6.7106,7.1509156,7.1007524
229,charge_annhil/irak4_s2,charge_annhil/irak4_s2/18,../large_fep_dataset/data/fep_benchmark_processed/charge_annhil_irak4_s2_18.sdf,../large_fep_dataset/data/fep_benchmark_processed/charge_annhil_irak4_s2_protein.pdb,229,6.5608344,6.5235605,6.61448,6.887813,6.5364227,6.4083257,6.884268,6.8256083,6.222527,6.536519,6.6000357
230,charge_annhil/irak4_s2,charge_annhil/irak4_s2/6,../large_fep_dataset/data/fep_benchmark_processed/charge_annhil_irak4_s2_6.sdf,../large_fep_dataset/data/fep_benchmark_processed/charge_annhil_irak4_s2_protein.pdb,230,6.494531,6.8749433,6.830701,6.919409,6.0298076,6.116757,6.4108686,6.47803,6.6799026,6.3185396,6.515349
231,charge_annhil/irak4_s2,charge_annhil/irak4_s2/5charg,../large_fep_dataset/data/fep_benchmark_processed/charge_annhil_irak4_s2_5charg.sdf,../large_fep_dataset/data/fep_benchmark_processed/charge_annhil_irak4_s2_protein.pdb,231,7.2780066,6.884355,7.0287952,7.3789315,5.828525,6.5475945,7.6312385,7.0534105,6.8807793,7.0967674,6.9608397
232,charge_annhil/irak4_s2,charge_annhil/irak4_s2/14,../large_fep_dataset/data/fep_benchmark_processed/charge_annhil_irak4_s2_14.sdf,../large_fep_dataset/data/fep_benchmark_processed/charge_annhil_irak4_s2_protein.pdb,232,6.687025,6.4979625,6.515476,6.7344933,6.34081,6.380716,6.293652,6.6641464,6.375322,6.238128,6.472773
233,charge_annhil/dlk,charge_annhil/dlk/9,../large_fep_dataset/data/fep_benchmark_processed/charge_annhil_dlk_9.sdf,../large_fep_dataset/data/fep_benchmark_processed/charge_annhil_dlk_protein.pdb,233,6.170329,6.1431866,6.687757,6.7139664,7.0682964,6.6800385,6.4347157,6.623906,6.7039404,6.4967527,6.5722885
234,charge_annhil/dlk,charge_annhil/dlk/17charg,../large_fep_dataset/data/fep_benchmark_processed/charge_annhil_dlk_17charg.sdf,../large_fep_dataset/data/fep_benchmark_processed/charge_annhil_dlk_protein.pdb,234,6.8867183,6.7986636,7.153185,6.807299,6.8852406,7.1815763,6.7706895,6.9528995,6.6687756,7.0247664,6.9129815
235,charge_annhil/dlk,charge_annhil/dlk/17neu,../large_fep_dataset/data/fep_benchmark_processed/charge_annhil_dlk_17neu.sdf,../large_fep_dataset/data/fep_benchmark_processed/charge_annhil_dlk_protein.pdb,235,6.8398256,6.8232555,7.00787,6.8004894,7.1869864,7.1463,6.7818966,7.0043635,6.7830143,7.1646976,6.95387
236,charge_annhil/dlk,charge_annhil/dlk/4charg,../large_fep_dataset/data/fep_benchmark_processed/charge_annhil_dlk_4charg.sdf,../large_fep_dataset/data/fep_benchmark_processed/charge_annhil_dlk_protein.pdb,236,6.2939095,6.2248077,6.1402454,6.2716126,6.7057557,6.678793,6.358649,6.681285,6.7050853,6.1018662,6.416201
237,charge_annhil/dlk,charge_annhil/dlk/4neu,../large_fep_dataset/data/fep_benchmark_processed/charge_annhil_dlk_4neu.sdf,../large_fep_dataset/data/fep_benchmark_processed/charge_annhil_dlk_protein.pdb,237,6.4007845,6.0227027,6.460515,6.6252785,6.5945864,6.788302,6.2414865,6.4313216,6.5701666,6.16945,6.4304595
238,charge_annhil/dlk,charge_annhil/dlk/18,../large_fep_dataset/data/fep_benchmark_processed/charge_annhil_dlk_18.sdf,../large_fep_dataset/data/fep_benchmark_processed/charge_annhil_dlk_protein.pdb,238,6.684479,6.8892245,6.8819094,6.7183385,6.7082815,7.110286,6.4439206,6.7099276,6.333187,6.755639,6.7235193
239,charge_annhil/dlk,charge_annhil/dlk/8,../large_fep_dataset/data/fep_benchmark_processed/charge_annhil_dlk_8.sdf,../large_fep_dataset/data/fep_benchmark_processed/charge_annhil_dlk_protein.pdb,239,6.477036,7.015418,6.9240413,7.1318784,7.414084,7.4160333,6.7160063,7.1190476,6.7997622,6.7204146,6.9733725
240,charge_annhil/irak4_s3,charge_annhil/irak4_s3/28neu,../large_fep_dataset/data/fep_benchmark_processed/charge_annhil_irak4_s3_28neu.sdf,../large_fep_dataset/data/fep_benchmark_processed/charge_annhil_irak4_s3_protein.pdb,240,6.4361186,6.600149,7.0854692,6.7695413,6.4676523,6.5649033,6.8721538,6.647751,6.929732,6.7517214,6.7125196
241,charge_annhil/irak4_s3,charge_annhil/irak4_s3/19charg,../large_fep_dataset/data/fep_benchmark_processed/charge_annhil_irak4_s3_19charg.sdf,../large_fep_dataset/data/fep_benchmark_processed/charge_annhil_irak4_s3_protein.pdb,241,7.0537524,6.557988,6.903692,6.7129483,6.5194497,6.826476,7.109575,7.0339055,7.1842875,6.9275994,6.8829675
242,charge_annhil/irak4_s3,charge_annhil/irak4_s3/29,../large_fep_dataset/data/fep_benchmark_processed/charge_annhil_irak4_s3_29.sdf,../large_fep_dataset/data/fep_benchmark_processed/charge_annhil_irak4_s3_protein.pdb,242,6.463617,6.3545413,6.40796,7.114982,6.463294,6.275192,7.338536,6.434396,6.67948,6.1637692,6.569577
243,charge_annhil/irak4_s3,charge_annhil/irak4_s3/19neu,../large_fep_dataset/data/fep_benchmark_processed/charge_annhil_irak4_s3_19neu.sdf,../large_fep_dataset/data/fep_benchmark_processed/charge_annhil_irak4_s3_protein.pdb,243,7.0188265,6.508973,7.158189,6.6132603,6.4560857,6.576191,6.9641647,6.7766085,7.0021043,6.7852187,6.7859626
244,charge_annhil/irak4_s3,charge_annhil/irak4_s3/28charg,../large_fep_dataset/data/fep_benchmark_processed/charge_annhil_irak4_s3_28charg.sdf,../large_fep_dataset/data/fep_benchmark_processed/charge_annhil_irak4_s3_protein.pdb,244,6.7040453,6.529383,6.8567123,6.6627116,6.6264586,6.6203346,7.0157766,6.8632727,7.041143,6.886689,6.7806525
245,charge_annhil/irak4_s3,charge_annhil/irak4_s3/27,../large_fep_dataset/data/fep_benchmark_processed/charge_annhil_irak4_s3_27.sdf,../large_fep_dataset/data/fep_benchmark_processed/charge_annhil_irak4_s3_protein.pdb,245,6.8734837,6.6753273,6.7286444,6.584527,6.4912558,6.3218184,6.7235994,6.9899416,6.309168,6.891789,6.6589556
246,charge_annhil/ephx2,charge_annhil/ephx2/47charg,../large_fep_dataset/data/fep_benchmark_processed/charge_annhil_ephx2_47charg.sdf,../large_fep_dataset/data/fep_benchmark_processed/charge_annhil_ephx2_protein.pdb,246,8.187174,8.154085,7.564561,8.353317,7.979842,7.72095,7.8262634,7.9290094,7.9266233,8.13639,7.9778214
247,charge_annhil/ephx2,charge_annhil/ephx2/19charg,../large_fep_dataset/data/fep_benchmark_processed/charge_annhil_ephx2_19charg.sdf,../large_fep_dataset/data/fep_benchmark_processed/charge_annhil_ephx2_protein.pdb,247,6.022551,5.789617,5.6745653,6.393291,6.8973165,6.9869356,7.4545593,6.5499444,6.400439,7.0489945,6.5218215
248,charge_annhil/ephx2,charge_annhil/ephx2/19neu,../large_fep_dataset/data/fep_benchmark_processed/charge_annhil_ephx2_19neu.sdf,../large_fep_dataset/data/fep_benchmark_processed/charge_annhil_ephx2_protein.pdb,248,6.3735104,6.625368,5.695336,6.658646,6.9691973,7.427733,7.245232,7.3315725,7.144422,7.149703,6.862072
249,charge_annhil/ephx2,charge_annhil/ephx2/20,../large_fep_dataset/data/fep_benchmark_processed/charge_annhil_ephx2_20.sdf,../large_fep_dataset/data/fep_benchmark_processed/charge_annhil_ephx2_protein.pdb,249,6.7797594,6.3563943,5.655309,6.7291913,7.170152,7.538162,7.216034,7.1537414,7.1968546,7.038675,6.8834276
250,charge_annhil/ephx2,charge_annhil/ephx2/47neu,../large_fep_dataset/data/fep_benchmark_processed/charge_annhil_ephx2_47neu.sdf,../large_fep_dataset/data/fep_benchmark_processed/charge_annhil_ephx2_protein.pdb,250,8.188849,8.239975,7.8769846,8.535235,8.13646,7.8017344,7.7494984,7.8831325,7.9148903,8.072029,8.03988
251,charge_annhil/ephx2,charge_annhil/ephx2/33,../large_fep_dataset/data/fep_benchmark_processed/charge_annhil_ephx2_33.sdf,../large_fep_dataset/data/fep_benchmark_processed/charge_annhil_ephx2_protein.pdb,251,7.7286153,7.754321,7.1564116,7.74766,7.7155585,8.012326,7.968663,7.667031,8.019329,7.763024,7.7532935
252,charge_annhil/jak1,charge_annhil/jak1/17,../large_fep_dataset/data/fep_benchmark_processed/charge_annhil_jak1_17.sdf,../large_fep_dataset/data/fep_benchmark_processed/charge_annhil_jak1_protein.pdb,252,7.1751804,7.260563,7.103528,7.463735,7.515637,7.256186,7.3254795,7.5393095,7.4393263,7.0981965,7.3177147
253,charge_annhil/jak1,charge_annhil/jak1/18charg,../large_fep_dataset/data/fep_benchmark_processed/charge_annhil_jak1_18charg.sdf,../large_fep_dataset/data/fep_benchmark_processed/charge_annhil_jak1_protein.pdb,253,7.940908,8.095975,7.4779716,7.7213197,7.7447224,7.39816,8.239406,7.660718,7.8325453,7.800015,7.7911744
254,charge_annhil/jak1,charge_annhil/jak1/18neu,../large_fep_dataset/data/fep_benchmark_processed/charge_annhil_jak1_18neu.sdf,../large_fep_dataset/data/fep_benchmark_processed/charge_annhil_jak1_protein.pdb,254,8.18968,8.021192,7.1529536,7.630853,7.7157445,7.581893,8.15021,8.017805,7.9213142,8.052587,7.8434243
255,charge_annhil/jak1,charge_annhil/jak1/jmc_25,../large_fep_dataset/data/fep_benchmark_processed/charge_annhil_jak1_jmc_25.sdf,../large_fep_dataset/data/fep_benchmark_processed/charge_annhil_jak1_protein.pdb,255,7.7433443,7.839765,7.297433,7.4231806,7.8712006,7.8614078,7.7081566,7.900971,7.8652773,7.621479,7.7132215
256,charge_annhil/jak1,charge_annhil/jak1/jmc_34,../large_fep_dataset/data/fep_benchmark_processed/charge_annhil_jak1_jmc_34.sdf,../large_fep_dataset/data/fep_benchmark_processed/charge_annhil_jak1_protein.pdb,256,8.09952,8.6503525,8.296518,7.9643984,8.372816,8.407435,8.514341,8.468668,8.279947,8.467649,8.352164
257,charge_annhil/jak1,charge_annhil/jak1/16charg,../large_fep_dataset/data/fep_benchmark_processed/charge_annhil_jak1_16charg.sdf,../large_fep_dataset/data/fep_benchmark_processed/charge_annhil_jak1_protein.pdb,257,7.372735,7.604488,7.091972,7.2831984,7.5268607,6.9725804,7.628938,7.3316774,6.8104334,7.072883,7.269576
258,charge_annhil/jak1,charge_annhil/jak1/16neu,../large_fep_dataset/data/fep_benchmark_processed/charge_annhil_jak1_16neu.sdf,../large_fep_dataset/data/fep_benchmark_processed/charge_annhil_jak1_protein.pdb,258,7.1259494,7.65786,7.279222,7.458566,7.079532,6.522195,7.568279,7.7232,6.9258447,6.9691052,7.230975
259,charge_annhil/jak1,charge_annhil/jak1/jmc_22,../large_fep_dataset/data/fep_benchmark_processed/charge_annhil_jak1_jmc_22.sdf,../large_fep_dataset/data/fep_benchmark_processed/charge_annhil_jak1_protein.pdb,259,7.550091,7.6208477,7.8627157,7.720101,7.911225,7.6508093,7.926139,8.169704,7.552198,7.521928,7.7485757
260,charge_annhil/tyk2,charge_annhil/tyk2/ejm_47,../large_fep_dataset/data/fep_benchmark_processed/charge_annhil_tyk2_ejm_47.sdf,../large_fep_dataset/data/fep_benchmark_processed/charge_annhil_tyk2_protein.pdb,260,7.934655,8.160493,7.5344353,7.937594,7.227669,7.561224,7.712059,8.001277,7.8165884,7.455579,7.7341576
261,charge_annhil/tyk2,charge_annhil/tyk2/jmc_32charg,../large_fep_dataset/data/fep_benchmark_processed/charge_annhil_tyk2_jmc_32charg.sdf,../large_fep_dataset/data/fep_benchmark_processed/charge_annhil_tyk2_protein.pdb,261,7.7881856,7.4880757,7.867687,7.413511,7.433279,7.474769,7.6772494,7.765806,7.4565115,7.599695,7.5964766
262,charge_annhil/tyk2,charge_annhil/tyk2/jmc_31,../large_fep_dataset/data/fep_benchmark_processed/charge_annhil_tyk2_jmc_31.sdf,../large_fep_dataset/data/fep_benchmark_processed/charge_annhil_tyk2_protein.pdb,262,7.6737046,7.7307,7.893069,7.2182074,7.366885,7.1526303,8.247956,7.970978,7.6779623,7.8904195,7.682251
263,charge_annhil/tyk2,charge_annhil/tyk2/jmc_32neu,../large_fep_dataset/data/fep_benchmark_processed/charge_annhil_tyk2_jmc_32neu.sdf,../large_fep_dataset/data/fep_benchmark_processed/charge_annhil_tyk2_protein.pdb,263,7.727655,7.7365236,7.9056864,7.531904,7.7419767,7.2962046,8.023933,8.170398,7.715666,7.49889,7.7348833
264,charge_annhil/tyk2,charge_annhil/tyk2/ejm_52neu,../large_fep_dataset/data/fep_benchmark_processed/charge_annhil_tyk2_ejm_52neu.sdf,../large_fep_dataset/data/fep_benchmark_processed/charge_annhil_tyk2_protein.pdb,264,7.5480824,7.9148374,7.538885,7.88449,7.0071616,7.2584434,7.730619,7.791659,7.824638,7.6549497,7.6153765
265,charge_annhil/tyk2,charge_annhil/tyk2/ejm_52charg,../large_fep_dataset/data/fep_benchmark_processed/charge_annhil_tyk2_ejm_52charg.sdf,../large_fep_dataset/data/fep_benchmark_processed/charge_annhil_tyk2_protein.pdb,265,7.314503,7.668286,7.2372627,7.9022737,6.559207,7.0117435,7.6647997,7.447498,7.583343,7.6887126,7.407763
266,charge_annhil/tyk2,charge_annhil/tyk2/ejm_46,../large_fep_dataset/data/fep_benchmark_processed/charge_annhil_tyk2_ejm_46.sdf,../large_fep_dataset/data/fep_benchmark_processed/charge_annhil_tyk2_protein.pdb,266,8.237412,8.2974,8.159193,7.964583,7.600053,8.116697,8.096033,8.321708,8.038247,8.003775,8.083509
267,charge_annhil/itk,charge_annhil/itk/17,../large_fep_dataset/data/fep_benchmark_processed/charge_annhil_itk_17.sdf,../large_fep_dataset/data/fep_benchmark_processed/charge_annhil_itk_protein.pdb,267,8.81962,8.326502,8.982405,8.648377,8.746881,9.013345,8.572801,8.578417,8.338979,8.730549,8.675787
268,charge_annhil/itk,charge_annhil/itk/1neu,../large_fep_dataset/data/fep_benchmark_processed/charge_annhil_itk_1neu.sdf,../large_fep_dataset/data/fep_benchmark_processed/charge_annhil_itk_protein.pdb,268,8.9017515,8.882197,8.804669,8.695892,8.716051,8.702712,8.924969,8.593249,8.440514,8.551086,8.72131
269,charge_annhil/itk,charge_annhil/itk/1charg,../large_fep_dataset/data/fep_benchmark_processed/charge_annhil_itk_1charg.sdf,../large_fep_dataset/data/fep_benchmark_processed/charge_annhil_itk_protein.pdb,269,8.780636,8.972053,8.741818,8.438195,8.965279,8.716244,9.010323,8.769143,8.551345,8.497037,8.744207
270,charge_annhil/itk,charge_annhil/itk/18,../large_fep_dataset/data/fep_benchmark_processed/charge_annhil_itk_18.sdf,../large_fep_dataset/data/fep_benchmark_processed/charge_annhil_itk_protein.pdb,270,8.823257,8.665927,9.356632,8.556987,9.097263,9.025792,8.549255,8.614632,8.622105,8.703739,8.801558
271,charge_annhil/itk,charge_annhil/itk/19,../large_fep_dataset/data/fep_benchmark_processed/charge_annhil_itk_19.sdf,../large_fep_dataset/data/fep_benchmark_processed/charge_annhil_itk_protein.pdb,271,8.542094,8.729767,8.694069,8.358178,8.567104,8.286824,8.886347,7.9459786,7.846772,8.929249,8.478638
272,charge_annhil/thrombin_whole_map,charge_annhil/thrombin_whole_map/11,../large_fep_dataset/data/fep_benchmark_processed/charge_annhil_thrombin_whole_map_11.sdf,../large_fep_dataset/data/fep_benchmark_processed/charge_annhil_thrombin_whole_map_protein.pdb,272,5.505167,5.6947923,5.331821,5.339319,6.4130583,6.041047,6.180896,5.6404777,6.2455025,5.7966876,5.8188767
273,charge_annhil/thrombin_whole_map,charge_annhil/thrombin_whole_map/1,../large_fep_dataset/data/fep_benchmark_processed/charge_annhil_thrombin_whole_map_1.sdf,../large_fep_dataset/data/fep_benchmark_processed/charge_annhil_thrombin_whole_map_protein.pdb,273,5.41986,4.9723644,5.097157,5.612068,5.1574054,5.2511983,5.5467615,5.782567,5.2325964,5.5191183,5.35911
274,charge_annhil/thrombin_whole_map,charge_annhil/thrombin_whole_map/3,../large_fep_dataset/data/fep_benchmark_processed/charge_annhil_thrombin_whole_map_3.sdf,../large_fep_dataset/data/fep_benchmark_processed/charge_annhil_thrombin_whole_map_protein.pdb,274,5.692127,5.1289244,4.194466,5.275925,5.091389,5.446579,5.823622,4.656956,4.699143,5.3306117,5.1339746
275,charge_annhil/thrombin_whole_map,charge_annhil/thrombin_whole_map/jmb2009-4,../large_fep_dataset/data/fep_benchmark_processed/charge_annhil_thrombin_whole_map_jmb2009-4.sdf,../large_fep_dataset/data/fep_benchmark_processed/charge_annhil_thrombin_whole_map_protein.pdb,275,7.999635,7.0262036,7.7461424,7.4058385,7.408723,7.513143,7.5911875,7.0720935,7.445704,7.1376724,7.4346337
276,charge_annhil/thrombin_whole_map,charge_annhil/thrombin_whole_map/10,../large_fep_dataset/data/fep_benchmark_processed/charge_annhil_thrombin_whole_map_10.sdf,../large_fep_dataset/data/fep_benchmark_processed/charge_annhil_thrombin_whole_map_protein.pdb,276,5.2778573,5.543406,5.6644306,5.5758715,5.040617,5.9764037,6.143881,5.3067236,5.598528,5.89551,5.6023226
277,charge_annhil/thrombin_whole_map,charge_annhil/thrombin_whole_map/2,../large_fep_dataset/data/fep_benchmark_processed/charge_annhil_thrombin_whole_map_2.sdf,../large_fep_dataset/data/fep_benchmark_processed/charge_annhil_thrombin_whole_map_protein.pdb,277,5.346652,5.0624037,4.9663506,5.4567065,5.086288,5.1789603,5.8849382,5.015414,4.510172,5.249987,5.175788
278,charge_annhil/cdk2,charge_annhil/cdk2/39neu,../large_fep_dataset/data/fep_benchmark_processed/charge_annhil_cdk2_39neu.sdf,../large_fep_dataset/data/fep_benchmark_processed/charge_annhil_cdk2_protein.pdb,278,5.912883,5.8229647,6.0625787,6.344596,5.695823,6.652832,5.7769938,6.182865,5.4871917,5.463226,5.940195
279,charge_annhil/cdk2,charge_annhil/cdk2/39charg,../large_fep_dataset/data/fep_benchmark_processed/charge_annhil_cdk2_39charg.sdf,../large_fep_dataset/data/fep_benchmark_processed/charge_annhil_cdk2_protein.pdb,279,5.936489,5.833594,6.009445,6.1200495,5.8614407,6.471975,5.654172,6.292525,5.5396576,5.592719,5.9312067
280,charge_annhil/cdk2,charge_annhil/cdk2/34,../large_fep_dataset/data/fep_benchmark_processed/charge_annhil_cdk2_34.sdf,../large_fep_dataset/data/fep_benchmark_processed/charge_annhil_cdk2_protein.pdb,280,6.0751553,5.705328,6.2974753,5.45294,5.9298773,6.4224443,5.5731936,6.2624793,5.809631,5.246376,5.87749
281,charge_annhil/cdk2,charge_annhil/cdk2/25,../large_fep_dataset/data/fep_benchmark_processed/charge_annhil_cdk2_25.sdf,../large_fep_dataset/data/fep_benchmark_processed/charge_annhil_cdk2_protein.pdb,281,6.1843524,5.6311035,6.678324,6.0061436,6.1167455,6.685065,6.286399,6.60604,6.107945,6.4971333,6.2799253
282,fragments/hsp90_frag_2rings,fragments/hsp90_frag_2rings/18,../large_fep_dataset/data/fep_benchmark_processed/fragments_hsp90_frag_2rings_18.sdf,../large_fep_dataset/data/fep_benchmark_processed/fragments_hsp90_frag_2rings_protein.pdb,282,6.670741,5.749146,6.287021,7.0357366,6.7956824,7.0677905,5.994072,6.483933,7.0606956,6.449847,6.5594664
283,fragments/hsp90_frag_2rings,fragments/hsp90_frag_2rings/17,../large_fep_dataset/data/fep_benchmark_processed/fragments_hsp90_frag_2rings_17.sdf,../large_fep_dataset/data/fep_benchmark_processed/fragments_hsp90_frag_2rings_protein.pdb,283,6.55644,6.0841684,6.8744082,7.325065,6.7202783,7.385667,6.751617,6.8573885,6.702091,6.6236796,6.7880797
284,fragments/hsp90_frag_2rings,fragments/hsp90_frag_2rings/19,../large_fep_dataset/data/fep_benchmark_processed/fragments_hsp90_frag_2rings_19.sdf,../large_fep_dataset/data/fep_benchmark_processed/fragments_hsp90_frag_2rings_protein.pdb,284,6.942742,6.3606167,6.802745,7.4126034,6.834687,7.3553467,7.477137,6.8744774,6.978859,6.868728,6.990794
285,fragments/hsp90_frag_2rings,fragments/hsp90_frag_2rings/15,../large_fep_dataset/data/fep_benchmark_processed/fragments_hsp90_frag_2rings_15.sdf,../large_fep_dataset/data/fep_benchmark_processed/fragments_hsp90_frag_2rings_protein.pdb,285,6.006313,5.70339,6.261247,7.1322846,6.5939975,6.9521265,5.976445,6.579534,6.8957267,6.382938,6.4484
286,fragments/hsp90_frag_2rings,fragments/hsp90_frag_2rings/14,../large_fep_dataset/data/fep_benchmark_processed/fragments_hsp90_frag_2rings_14.sdf,../large_fep_dataset/data/fep_benchmark_processed/fragments_hsp90_frag_2rings_protein.pdb,286,6.155502,5.63639,6.5613713,6.316623,6.2951055,6.1687074,5.3526206,5.7173643,6.971251,6.258859,6.1433797
287,fragments/hsp90_frag_2rings,fragments/hsp90_frag_2rings/16,../large_fep_dataset/data/fep_benchmark_processed/fragments_hsp90_frag_2rings_16.sdf,../large_fep_dataset/data/fep_benchmark_processed/fragments_hsp90_frag_2rings_protein.pdb,287,6.249691,6.1543403,6.7210736,7.4423103,6.7747645,7.381695,6.725711,7.047939,6.748907,6.7282586,6.7974687
288,fragments/frag_liga_auto,fragments/frag_liga_auto/12,../large_fep_dataset/data/fep_benchmark_processed/fragments_frag_liga_auto_12.sdf,../large_fep_dataset/data/fep_benchmark_processed/fragments_frag_liga_auto_protein.pdb,288,7.1577826,7.0344214,7.1429057,6.462858,6.9835567,7.6259527,7.427135,7.0055146,6.815473,6.576843,7.0232444
289,fragments/frag_liga_auto,fragments/frag_liga_auto/9,../large_fep_dataset/data/fep_benchmark_processed/fragments_frag_liga_auto_9.sdf,../large_fep_dataset/data/fep_benchmark_processed/fragments_frag_liga_auto_protein.pdb,289,5.8153067,4.8123007,5.294475,4.409315,5.480067,5.3428307,4.7561874,5.150732,5.935593,5.448354,5.2445164
290,fragments/frag_liga_auto,fragments/frag_liga_auto/5,../large_fep_dataset/data/fep_benchmark_processed/fragments_frag_liga_auto_5.sdf,../large_fep_dataset/data/fep_benchmark_processed/fragments_frag_liga_auto_protein.pdb,290,4.606956,3.8166099,5.1753745,4.1794,4.7773094,4.5656705,4.441833,4.0095205,5.098351,4.551488,4.522251
291,fragments/frag_liga_auto,fragments/frag_liga_auto/6,../large_fep_dataset/data/fep_benchmark_processed/fragments_frag_liga_auto_6.sdf,../large_fep_dataset/data/fep_benchmark_processed/fragments_frag_liga_auto_protein.pdb,291,6.077541,4.6569223,5.804392,5.0295124,5.243451,5.0863314,5.1807265,4.897525,6.0649076,5.586096,5.3627405
292,fragments/frag_liga_auto,fragments/frag_liga_auto/11,../large_fep_dataset/data/fep_benchmark_processed/fragments_frag_liga_auto_11.sdf,../large_fep_dataset/data/fep_benchmark_processed/fragments_frag_liga_auto_protein.pdb,292,6.636845,6.6734033,6.5897427,5.604775,6.0378947,7.115312,6.497169,5.898282,7.2290306,6.141619,6.442407
293,fragments/frag_liga_auto,fragments/frag_liga_auto/10,../large_fep_dataset/data/fep_benchmark_processed/fragments_frag_liga_auto_10.sdf,../large_fep_dataset/data/fep_benchmark_processed/fragments_frag_liga_auto_protein.pdb,293,5.2799215,4.667244,5.5373588,4.4553804,5.0493393,5.600239,4.5835576,4.4351425,5.474353,5.3044753,5.038701
294,fragments/frag_liga_auto,fragments/frag_liga_auto/8,../large_fep_dataset/data/fep_benchmark_processed/fragments_frag_liga_auto_8.sdf,../large_fep_dataset/data/fep_benchmark_processed/fragments_frag_liga_auto_protein.pdb,294,6.4768553,5.9584165,6.2712536,5.5600185,6.340142,6.070636,6.0137677,5.964996,6.7973423,6.2302732,6.1683702
295,fragments/frag_liga_auto,fragments/frag_liga_auto/3,../large_fep_dataset/data/fep_benchmark_processed/fragments_frag_liga_auto_3.sdf,../large_fep_dataset/data/fep_benchmark_processed/fragments_frag_liga_auto_protein.pdb,295,4.41214,4.134264,4.40647,4.2945466,4.2446737,4.775946,4.6760607,4.345918,4.5056033,4.470682,4.4266305
296,fragments/frag_liga_auto,fragments/frag_liga_auto/7,../large_fep_dataset/data/fep_benchmark_processed/fragments_frag_liga_auto_7.sdf,../large_fep_dataset/data/fep_benchmark_processed/fragments_frag_liga_auto_protein.pdb,296,4.8050313,3.8947947,5.1536756,4.3149157,4.8958783,4.5651283,4.706186,4.2170243,5.8850803,5.1167164,4.7554426
297,fragments/frag_liga_auto,fragments/frag_liga_auto/13,../large_fep_dataset/data/fep_benchmark_processed/fragments_frag_liga_auto_13.sdf,../large_fep_dataset/data/fep_benchmark_processed/fragments_frag_liga_auto_protein.pdb,297,6.9690967,7.0519805,6.956288,6.1673646,6.514475,7.1092587,7.0332055,6.7636867,6.8581314,6.0349317,6.745842
298,fragments/frag_liga_auto,fragments/frag_liga_auto/4,../large_fep_dataset/data/fep_benchmark_processed/fragments_frag_liga_auto_4.sdf,../large_fep_dataset/data/fep_benchmark_processed/fragments_frag_liga_auto_protein.pdb,298,5.181216,4.4220824,5.116045,4.885925,4.785033,4.7274513,4.6363072,4.431737,5.2532716,4.7404814,4.817955
299,fragments/hsp90_frag_single_ring,fragments/hsp90_frag_single_ring/10,../large_fep_dataset/data/fep_benchmark_processed/fragments_hsp90_frag_single_ring_10.sdf,../large_fep_dataset/data/fep_benchmark_processed/fragments_hsp90_frag_single_ring_protein.pdb,299,5.8501754,5.1688175,5.0465364,5.769969,5.3950496,5.535331,5.4902425,5.575526,5.026201,5.5547357,5.4412584
300,fragments/hsp90_frag_single_ring,fragments/hsp90_frag_single_ring/3,../large_fep_dataset/data/fep_benchmark_processed/fragments_hsp90_frag_single_ring_3.sdf,../large_fep_dataset/data/fep_benchmark_processed/fragments_hsp90_frag_single_ring_protein.pdb,300,5.5650067,5.10033,5.350545,6.158779,5.755406,5.0679173,5.47018,5.23555,5.0157056,5.318274,5.4037695
301,fragments/hsp90_frag_single_ring,fragments/hsp90_frag_single_ring/9,../large_fep_dataset/data/fep_benchmark_processed/fragments_hsp90_frag_single_ring_9.sdf,../large_fep_dataset/data/fep_benchmark_processed/fragments_hsp90_frag_single_ring_protein.pdb,301,5.3691225,5.2209086,5.5018234,5.6172123,4.9814105,5.767927,5.765664,4.790423,5.174487,5.614362,5.380334
302,fragments/hsp90_frag_single_ring,fragments/hsp90_frag_single_ring/8,../large_fep_dataset/data/fep_benchmark_processed/fragments_hsp90_frag_single_ring_8.sdf,../large_fep_dataset/data/fep_benchmark_processed/fragments_hsp90_frag_single_ring_protein.pdb,302,5.4233017,4.725868,6.1563625,5.597023,5.138318,5.4190416,4.7903485,5.0622616,5.4735165,5.4189143,5.3204956
303,fragments/hsp90_frag_single_ring,fragments/hsp90_frag_single_ring/11,../large_fep_dataset/data/fep_benchmark_processed/fragments_hsp90_frag_single_ring_11.sdf,../large_fep_dataset/data/fep_benchmark_processed/fragments_hsp90_frag_single_ring_protein.pdb,303,5.703004,4.6814675,6.0169325,5.592272,5.0262885,6.4367857,5.054265,5.391037,6.1757154,5.6414595,5.5719233
304,fragments/hsp90_frag_single_ring,fragments/hsp90_frag_single_ring/12,../large_fep_dataset/data/fep_benchmark_processed/fragments_hsp90_frag_single_ring_12.sdf,../large_fep_dataset/data/fep_benchmark_processed/fragments_hsp90_frag_single_ring_protein.pdb,304,6.093548,4.9608216,5.582002,6.1129217,5.5466137,6.6289225,5.025341,6.0142636,5.307685,5.7247324,5.699685
305,fragments/hsp90_frag_single_ring,fragments/hsp90_frag_single_ring/2,../large_fep_dataset/data/fep_benchmark_processed/fragments_hsp90_frag_single_ring_2.sdf,../large_fep_dataset/data/fep_benchmark_processed/fragments_hsp90_frag_single_ring_protein.pdb,305,5.117004,4.9222054,5.50252,5.707009,5.0673904,5.108027,5.1777124,4.765416,5.049829,5.232972,5.165008
306,fragments/jak2_set1,fragments/jak2_set1/2_3E63,../large_fep_dataset/data/fep_benchmark_processed/fragments_jak2_set1_2_3E63.sdf,../large_fep_dataset/data/fep_benchmark_processed/fragments_jak2_set1_protein.pdb,306,6.047782,4.930261,5.7944136,5.4524927,5.970779,5.5173297,5.970069,5.506567,5.6985464,5.602315,5.649056
307,fragments/jak2_set1,fragments/jak2_set1/9,../large_fep_dataset/data/fep_benchmark_processed/fragments_jak2_set1_9.sdf,../large_fep_dataset/data/fep_benchmark_processed/fragments_jak2_set1_protein.pdb,307,6.6444893,5.417132,5.941458,5.975951,6.50075,6.3588786,6.180774,5.678792,6.5648994,6.217565,6.1480684
308,fragments/jak2_set1,fragments/jak2_set1/8,../large_fep_dataset/data/fep_benchmark_processed/fragments_jak2_set1_8.sdf,../large_fep_dataset/data/fep_benchmark_processed/fragments_jak2_set1_protein.pdb,308,6.6110516,5.3780556,6.1279874,5.503613,6.244402,6.5836344,6.3818865,5.897725,6.293993,6.0533333,6.107568
309,fragments/jak2_set1,fragments/jak2_set1/5,../large_fep_dataset/data/fep_benchmark_processed/fragments_jak2_set1_5.sdf,../large_fep_dataset/data/fep_benchmark_processed/fragments_jak2_set1_protein.pdb,309,5.638187,5.609358,5.6639705,5.679665,5.732705,5.8447247,5.6003456,5.367638,5.793599,5.2400723,5.6170263
310,fragments/jak2_set1,fragments/jak2_set1/10,../large_fep_dataset/data/fep_benchmark_processed/fragments_jak2_set1_10.sdf,../large_fep_dataset/data/fep_benchmark_processed/fragments_jak2_set1_protein.pdb,310,6.676627,5.5711784,6.379191,5.597541,6.2267876,6.397163,6.523215,6.051452,6.389684,5.614475,6.1427317
311,fragments/jak2_set1,fragments/jak2_set1/4a,../large_fep_dataset/data/fep_benchmark_processed/fragments_jak2_set1_4a.sdf,../large_fep_dataset/data/fep_benchmark_processed/fragments_jak2_set1_protein.pdb,311,4.935908,4.7695284,5.5105834,5.233225,5.370924,5.3316703,5.650457,5.028897,5.0650964,4.6516905,5.154798
312,fragments/jak2_set1,fragments/jak2_set1/4b,../large_fep_dataset/data/fep_benchmark_processed/fragments_jak2_set1_4b.sdf,../large_fep_dataset/data/fep_benchmark_processed/fragments_jak2_set1_protein.pdb,312,5.168482,4.793186,5.383212,5.0128736,5.6122923,5.276558,5.5474167,4.932104,5.02992,4.549556,5.1305604
313,fragments/jak2_set1,fragments/jak2_set1/6,../large_fep_dataset/data/fep_benchmark_processed/fragments_jak2_set1_6.sdf,../large_fep_dataset/data/fep_benchmark_processed/fragments_jak2_set1_protein.pdb,313,5.7422166,5.558618,5.51724,5.4834566,5.532243,5.7672653,6.269622,5.7841325,5.923422,5.4988284,5.7077045
314,fragments/jak2_set1,fragments/jak2_set1/3,../large_fep_dataset/data/fep_benchmark_processed/fragments_jak2_set1_3.sdf,../large_fep_dataset/data/fep_benchmark_processed/fragments_jak2_set1_protein.pdb,314,5.67927,4.575579,5.4014697,5.402787,5.293285,5.868765,5.471933,5.3117547,5.5452137,5.2658367,5.3815894
315,fragments/jak2_set1,fragments/jak2_set1/1_3E62,../large_fep_dataset/data/fep_benchmark_processed/fragments_jak2_set1_1_3E62.sdf,../large_fep_dataset/data/fep_benchmark_processed/fragments_jak2_set1_protein.pdb,315,4.022903,4.0100846,4.527112,4.070825,4.3739443,4.352574,4.4041905,3.823982,3.6971247,4.212708,4.1495447
316,fragments/jak2_set1,fragments/jak2_set1/7,../large_fep_dataset/data/fep_benchmark_processed/fragments_jak2_set1_7.sdf,../large_fep_dataset/data/fep_benchmark_processed/fragments_jak2_set1_protein.pdb,316,5.819601,6.299245,5.7548,6.5618477,6.429354,5.73032,5.9004107,6.49922,6.2164187,6.2212095,6.143243
317,fragments/frag_mup1,fragments/frag_mup1/IBT,../large_fep_dataset/data/fep_benchmark_processed/fragments_frag_mup1_IBT.sdf,../large_fep_dataset/data/fep_benchmark_processed/fragments_frag_mup1_protein.pdb,317,3.6386988,3.4354,3.9655914,4.13637,3.9421737,5.3407054,4.4258294,3.7761507,4.2648478,4.1347885,4.1060553
318,fragments/frag_mup1,fragments/frag_mup1/MT,../large_fep_dataset/data/fep_benchmark_processed/fragments_frag_mup1_MT.sdf,../large_fep_dataset/data/fep_benchmark_processed/fragments_frag_mup1_protein.pdb,318,3.1024501,2.954102,2.9176702,3.5348487,3.0825381,2.1879807,2.5388236,2.0235758,3.4679384,2.9038906,2.871382
319,fragments/frag_mup1,fragments/frag_mup1/PT,../large_fep_dataset/data/fep_benchmark_processed/fragments_frag_mup1_PT.sdf,../large_fep_dataset/data/fep_benchmark_processed/fragments_frag_mup1_protein.pdb,319,4.1650896,3.1147156,3.35869,3.9206376,3.2333417,3.6411657,4.537474,3.427696,4.156814,3.3929677,3.694859
320,fragments/frag_mup1,fragments/frag_mup1/SBT_R,../large_fep_dataset/data/fep_benchmark_processed/fragments_frag_mup1_SBT_R.sdf,../large_fep_dataset/data/fep_benchmark_processed/fragments_frag_mup1_protein.pdb,320,4.050545,3.7377257,4.3203697,3.9869401,4.6981378,4.8972692,4.434448,4.5755615,4.6749177,3.8210053,4.319692
321,fragments/frag_mup1,fragments/frag_mup1/SBT_S,../large_fep_dataset/data/fep_benchmark_processed/fragments_frag_mup1_SBT_S.sdf,../large_fep_dataset/data/fep_benchmark_processed/fragments_frag_mup1_protein.pdb,321,4.1003804,3.6887746,4.2317376,4.3094625,4.6096315,5.17911,4.6501265,4.47765,4.469402,3.6219032,4.3338175
322,fragments/frag_mup1,fragments/frag_mup1/IPT,../large_fep_dataset/data/fep_benchmark_processed/fragments_frag_mup1_IPT.sdf,../large_fep_dataset/data/fep_benchmark_processed/fragments_frag_mup1_protein.pdb,322,4.0534215,3.380623,4.1839747,3.6229136,4.1604133,4.704769,3.9131498,4.0870805,4.252931,3.222778,3.9582055
323,fragments/frag_mup1,fragments/frag_mup1/ET,../large_fep_dataset/data/fep_benchmark_processed/fragments_frag_mup1_ET.sdf,../large_fep_dataset/data/fep_benchmark_processed/fragments_frag_mup1_protein.pdb,323,4.04968,3.152527,3.540387,3.6030774,3.2026522,3.465209,3.6120725,3.0021162,4.009769,3.1911044,3.4828598
324,fragments/frag_p38,fragments/frag_p38/4,../large_fep_dataset/data/fep_benchmark_processed/fragments_frag_p38_4.sdf,../large_fep_dataset/data/fep_benchmark_processed/fragments_frag_p38_protein.pdb,324,4.20111,4.4753957,4.4422836,4.817074,4.6682224,4.9525533,3.935673,4.5413923,4.84667,4.649548,4.552992
325,fragments/frag_p38,fragments/frag_p38/1_1W7H,../large_fep_dataset/data/fep_benchmark_processed/fragments_frag_p38_1_1W7H.sdf,../large_fep_dataset/data/fep_benchmark_processed/fragments_frag_p38_protein.pdb,325,4.154002,4.0556064,3.9653668,3.893114,3.673501,4.4914775,3.4418273,3.948079,4.0540657,4.141747,3.9818788
326,fragments/frag_p38,fragments/frag_p38/6,../large_fep_dataset/data/fep_benchmark_processed/fragments_frag_p38_6.sdf,../large_fep_dataset/data/fep_benchmark_processed/fragments_frag_p38_protein.pdb,326,4.4534364,5.099456,4.8806996,5.5051713,4.9630117,5.861042,5.8130555,4.725219,5.6928096,5.279206,5.227311
327,fragments/frag_p38,fragments/frag_p38/5_1WBW,../large_fep_dataset/data/fep_benchmark_processed/fragments_frag_p38_5_1WBW.sdf,../large_fep_dataset/data/fep_benchmark_processed/fragments_frag_p38_protein.pdb,327,4.850056,5.625675,4.9775457,4.744947,4.7368507,5.0626583,4.644662,5.177354,4.425773,5.1693974,4.9414916
328,fragments/frag_p38,fragments/frag_p38/7,../large_fep_dataset/data/fep_benchmark_processed/fragments_frag_p38_7.sdf,../large_fep_dataset/data/fep_benchmark_processed/fragments_frag_p38_protein.pdb,328,5.463894,5.608756,6.0245996,5.6478972,5.1454897,6.3176327,5.331615,5.6660886,5.895145,5.945341,5.7046456
329,fragments/frag_p38,fragments/frag_p38/3,../large_fep_dataset/data/fep_benchmark_processed/fragments_frag_p38_3.sdf,../large_fep_dataset/data/fep_benchmark_processed/fragments_frag_p38_protein.pdb,329,3.916251,3.3980846,3.3587556,3.5528817,3.0912724,3.339586,3.3032928,3.5705059,3.2057412,3.4831865,3.4219558
330,fragments/t4lysozyme_uvt,fragments/t4lysozyme_uvt/meta methyl ethyl benzene,../large_fep_dataset/data/fep_benchmark_processed/fragments_t4lysozyme_uvt_meta_methyl_ethyl_benzene.sdf,../large_fep_dataset/data/fep_benchmark_processed/fragments_t4lysozyme_uvt_protein.pdb,330,4.3718305,4.0825677,4.154175,3.975226,4.2844048,4.377375,4.1651664,4.8008876,3.4483957,4.2361917,4.189622
331,fragments/t4lysozyme_uvt,fragments/t4lysozyme_uvt/methyl benzene,../large_fep_dataset/data/fep_benchmark_processed/fragments_t4lysozyme_uvt_methyl_benzene.sdf,../large_fep_dataset/data/fep_benchmark_processed/fragments_t4lysozyme_uvt_protein.pdb,331,4.162498,3.4563859,4.0216737,3.8761406,4.8747625,4.379386,3.9835672,4.2421713,3.5144103,4.3667145,4.0877714
332,fragments/t4lysozyme_uvt,fragments/t4lysozyme_uvt/ethyl benzene,../large_fep_dataset/data/fep_benchmark_processed/fragments_t4lysozyme_uvt_ethyl_benzene.sdf,../large_fep_dataset/data/fep_benchmark_processed/fragments_t4lysozyme_uvt_protein.pdb,332,3.8133924,4.370623,4.067897,3.800064,4.163603,4.2461658,4.148749,4.170049,3.3292933,4.0225754,4.013241
333,fragments/t4lysozyme_uvt,fragments/t4lysozyme_uvt/ortho methyl ethyl benzene,../large_fep_dataset/data/fep_benchmark_processed/fragments_t4lysozyme_uvt_ortho_methyl_ethyl_benzene.sdf,../large_fep_dataset/data/fep_benchmark_processed/fragments_t4lysozyme_uvt_protein.pdb,333,4.599299,4.164633,4.0995407,3.8387341,4.5287504,3.6788876,4.616023,4.3778467,3.7015033,4.1250315,4.1730247
334,fragments/t4lysozyme_uvt,fragments/t4lysozyme_uvt/m-xylene,../large_fep_dataset/data/fep_benchmark_processed/fragments_t4lysozyme_uvt_m-xylene.sdf,../large_fep_dataset/data/fep_benchmark_processed/fragments_t4lysozyme_uvt_protein.pdb,334,4.319008,3.444078,3.8008769,3.0047443,4.2043896,3.7630076,3.853618,4.0081615,3.3238428,4.43485,3.8156579
335,fragments/t4lysozyme_uvt,fragments/t4lysozyme_uvt/p-xylene,../large_fep_dataset/data/fep_benchmark_processed/fragments_t4lysozyme_uvt_p-xylene.sdf,../large_fep_dataset/data/fep_benchmark_processed/fragments_t4lysozyme_uvt_protein.pdb,335,4.0568314,3.848407,4.4319563,3.5744371,5.3632536,3.2233605,3.5649204,4.2194686,3.3608491,4.348782,3.9992263
336,fragments/t4lysozyme_uvt,fragments/t4lysozyme_uvt/o-xylene,../large_fep_dataset/data/fep_benchmark_processed/fragments_t4lysozyme_uvt_o-xylene.sdf,../large_fep_dataset/data/fep_benchmark_processed/fragments_t4lysozyme_uvt_protein.pdb,336,4.008301,3.4711678,3.9484472,3.4928641,5.019622,2.946639,4.150984,4.0806637,3.4426396,4.069696,3.8631024
337,fragments/t4lysozyme_uvt,fragments/t4lysozyme_uvt/butyl benzene,../large_fep_dataset/data/fep_benchmark_processed/fragments_t4lysozyme_uvt_butyl_benzene.sdf,../large_fep_dataset/data/fep_benchmark_processed/fragments_t4lysozyme_uvt_protein.pdb,337,4.4895744,4.728253,4.8140154,3.9524264,4.2221766,5.352036,4.875465,4.3312573,4.505947,4.2052455,4.5476394
338,fragments/t4lysozyme_uvt,fragments/t4lysozyme_uvt/propyl benzene,../large_fep_dataset/data/fep_benchmark_processed/fragments_t4lysozyme_uvt_propyl_benzene.sdf,../large_fep_dataset/data/fep_benchmark_processed/fragments_t4lysozyme_uvt_protein.pdb,338,4.2340093,4.750293,4.6555305,3.7552235,4.3933034,4.244503,4.3931465,4.090121,4.198442,3.9120886,4.262666
339,fragments/t4lysozyme_uvt,fragments/t4lysozyme_uvt/para methyl ethyl benzene,../large_fep_dataset/data/fep_benchmark_processed/fragments_t4lysozyme_uvt_para_methyl_ethyl_benzene.sdf,../large_fep_dataset/data/fep_benchmark_processed/fragments_t4lysozyme_uvt_protein.pdb,339,3.8131685,4.2423143,4.4274683,3.9384556,5.043571,3.8175626,4.100012,4.306775,3.6398404,4.33718,4.1666346
340,fragments/t4lysozyme_uvt,fragments/t4lysozyme_uvt/benzene,../large_fep_dataset/data/fep_benchmark_processed/fragments_t4lysozyme_uvt_benzene.sdf,../large_fep_dataset/data/fep_benchmark_processed/fragments_t4lysozyme_uvt_protein.pdb,340,4.34738,3.5798903,4.4072914,3.5612748,4.215335,4.531484,4.2582664,3.691532,3.9191942,4.842629,4.1354275
341,fragments/t4lysozyme_uvt,fragments/t4lysozyme_uvt/isobutyl benzene,../large_fep_dataset/data/fep_benchmark_processed/fragments_t4lysozyme_uvt_isobutyl_benzene.sdf,../large_fep_dataset/data/fep_benchmark_processed/fragments_t4lysozyme_uvt_protein.pdb,341,4.7462916,4.5357194,5.080566,3.8792045,3.787265,4.407285,5.0006046,4.597869,4.023537,3.964118,4.402246
342,fragments/frag_mcl1_noweak,fragments/frag_mcl1_noweak/2,../large_fep_dataset/data/fep_benchmark_processed/fragments_frag_mcl1_noweak_2.sdf,../large_fep_dataset/data/fep_benchmark_processed/fragments_frag_mcl1_noweak_protein.pdb,342,4.180266,4.1708994,4.2741833,3.7247205,3.8777025,4.541442,4.506973,4.378537,4.2989707,4.443904,4.23976
343,fragments/frag_mcl1_noweak,fragments/frag_mcl1_noweak/3,../large_fep_dataset/data/fep_benchmark_processed/fragments_frag_mcl1_noweak_3.sdf,../large_fep_dataset/data/fep_benchmark_processed/fragments_frag_mcl1_noweak_protein.pdb,343,4.704593,5.0375323,4.967529,5.005246,5.1288176,4.6562567,5.208403,4.68571,4.6180506,5.597212,4.960935
344,fragments/frag_mcl1_noweak,fragments/frag_mcl1_noweak/4,../large_fep_dataset/data/fep_benchmark_processed/fragments_frag_mcl1_noweak_4.sdf,../large_fep_dataset/data/fep_benchmark_processed/fragments_frag_mcl1_noweak_protein.pdb,344,4.3268814,4.7503543,4.2679057,4.59086,4.8710904,4.800358,4.95811,5.012217,4.7285666,4.4887056,4.679505
345,fragments/frag_mcl1_noweak,fragments/frag_mcl1_noweak/5,../large_fep_dataset/data/fep_benchmark_processed/fragments_frag_mcl1_noweak_5.sdf,../large_fep_dataset/data/fep_benchmark_processed/fragments_frag_mcl1_noweak_protein.pdb,345,4.5422645,4.5728607,4.0847282,4.9901223,4.9127717,4.966138,5.3666067,4.822673,4.35723,4.816486,4.7431884
346,fragments/frag_mcl1_noweak,fragments/frag_mcl1_noweak/7,../large_fep_dataset/data/fep_benchmark_processed/fragments_frag_mcl1_noweak_7.sdf,../large_fep_dataset/data/fep_benchmark_processed/fragments_frag_mcl1_noweak_protein.pdb,346,4.7117906,4.961371,4.408415,4.8147516,4.6767135,4.963004,5.2289224,4.3028016,3.6455455,5.0836854,4.6797004
347,fragments/frag_mcl1_noweak,fragments/frag_mcl1_noweak/8,../large_fep_dataset/data/fep_benchmark_processed/fragments_frag_mcl1_noweak_8.sdf,../large_fep_dataset/data/fep_benchmark_processed/fragments_frag_mcl1_noweak_protein.pdb,347,4.3648562,4.844236,4.094065,4.7908034,4.5759773,4.509665,5.5250173,4.389468,3.8522568,4.5980167,4.5544367
348,fragments/frag_mcl1_noweak,fragments/frag_mcl1_noweak/9,../large_fep_dataset/data/fep_benchmark_processed/fragments_frag_mcl1_noweak_9.sdf,../large_fep_dataset/data/fep_benchmark_processed/fragments_frag_mcl1_noweak_protein.pdb,348,4.2283263,4.36479,3.9715154,4.671721,4.6531487,4.543576,4.551652,3.5099149,3.3918815,4.567731,4.245425
349,fragments/frag_mcl1_noweak,fragments/frag_mcl1_noweak/10,../large_fep_dataset/data/fep_benchmark_processed/fragments_frag_mcl1_noweak_10.sdf,../large_fep_dataset/data/fep_benchmark_processed/fragments_frag_mcl1_noweak_protein.pdb,349,4.7887483,5.082962,4.456018,4.640867,5.1186457,4.990156,4.9887304,4.056007,3.654704,5.4233603,4.72002
350,fragments/frag_mcl1_noweak,fragments/frag_mcl1_noweak/11,../large_fep_dataset/data/fep_benchmark_processed/fragments_frag_mcl1_noweak_11.sdf,../large_fep_dataset/data/fep_benchmark_processed/fragments_frag_mcl1_noweak_protein.pdb,350,5.863853,5.6400585,5.5884705,5.3368564,5.649857,5.3442755,5.814414,6.243977,5.535118,5.0559983,5.607288
351,fragments/frag_mcl1_noweak,fragments/frag_mcl1_noweak/14,../large_fep_dataset/data/fep_benchmark_processed/fragments_frag_mcl1_noweak_14.sdf,../large_fep_dataset/data/fep_benchmark_processed/fragments_frag_mcl1_noweak_protein.pdb,351,4.458915,4.1268096,4.475809,4.3657694,5.215585,5.01433,5.3234415,4.5028663,4.7527504,4.383346,4.661962
352,fragments/frag_mcl1_noweak,fragments/frag_mcl1_noweak/15,../large_fep_dataset/data/fep_benchmark_processed/fragments_frag_mcl1_noweak_15.sdf,../large_fep_dataset/data/fep_benchmark_processed/fragments_frag_mcl1_noweak_protein.pdb,352,5.631421,5.5997643,5.5995293,5.922132,5.730967,5.344131,5.4594526,5.5323462,5.4799757,5.443457,5.574318
353,fragments/frag_mcl1_noweak,fragments/frag_mcl1_noweak/13 flipped,../large_fep_dataset/data/fep_benchmark_processed/fragments_frag_mcl1_noweak_13_flipped.sdf,../large_fep_dataset/data/fep_benchmark_processed/fragments_frag_mcl1_noweak_protein.pdb,353,4.0841217,4.3637896,4.2922435,4.2083974,4.4854703,4.9074154,4.430072,4.175142,4.173988,4.4783278,4.3598967
354,fragments/jak2_set2_extra,fragments/jak2_set2_extra/13_3E64,../large_fep_dataset/data/fep_benchmark_processed/fragments_jak2_set2_extra_13_3E64.sdf,../large_fep_dataset/data/fep_benchmark_processed/fragments_jak2_set2_extra_protein.pdb,354,6.961792,6.9338126,7.09115,7.0902185,7.216136,7.054238,6.7543664,7.3668685,6.931596,6.873828,7.0274
355,fragments/jak2_set2_extra,fragments/jak2_set2_extra/21,../large_fep_dataset/data/fep_benchmark_processed/fragments_jak2_set2_extra_21.sdf,../large_fep_dataset/data/fep_benchmark_processed/fragments_jak2_set2_extra_protein.pdb,355,7.214122,6.9951773,6.9568305,6.970413,7.0703225,7.22121,6.8680124,7.2648034,7.446604,6.6200933,7.0627594
356,fragments/jak2_set2_extra,fragments/jak2_set2_extra/20,../large_fep_dataset/data/fep_benchmark_processed/fragments_jak2_set2_extra_20.sdf,../large_fep_dataset/data/fep_benchmark_processed/fragments_jak2_set2_extra_protein.pdb,356,7.183658,7.1541495,7.0387383,7.158059,7.4356,7.636369,6.81017,7.131421,7.2977066,6.524577,7.1370444
357,fragments/jak2_set2_extra,fragments/jak2_set2_extra/18,../large_fep_dataset/data/fep_benchmark_processed/fragments_jak2_set2_extra_18.sdf,../large_fep_dataset/data/fep_benchmark_processed/fragments_jak2_set2_extra_protein.pdb,357,6.3099937,6.513503,7.026758,6.626082,6.655323,6.5967026,6.341867,7.29166,6.234964,6.329072,6.5925927
358,fragments/jak2_set2_extra,fragments/jak2_set2_extra/14,../large_fep_dataset/data/fep_benchmark_processed/fragments_jak2_set2_extra_14.sdf,../large_fep_dataset/data/fep_benchmark_processed/fragments_jak2_set2_extra_protein.pdb,358,7.583788,5.921802,6.782142,6.280166,6.482999,6.4366517,6.1354084,6.2895904,6.5213437,6.2003226,6.463422
359,fragments/jak2_set2_extra,fragments/jak2_set2_extra/12,../large_fep_dataset/data/fep_benchmark_processed/fragments_jak2_set2_extra_12.sdf,../large_fep_dataset/data/fep_benchmark_processed/fragments_jak2_set2_extra_protein.pdb,359,7.1060166,6.9031444,7.005967,6.900243,7.2509923,7.091085,6.405195,7.1852927,6.7509327,6.58791,6.9186783
360,fragments/jak2_set2_extra,fragments/jak2_set2_extra/15,../large_fep_dataset/data/fep_benchmark_processed/fragments_jak2_set2_extra_15.sdf,../large_fep_dataset/data/fep_benchmark_processed/fragments_jak2_set2_extra_protein.pdb,360,6.3542957,6.0774755,6.4731746,5.8504953,5.8752384,6.161325,5.9592953,6.27906,6.332935,5.6866293,6.1049924
361,fragments/jak2_set2_extra,fragments/jak2_set2_extra/22 flip,../large_fep_dataset/data/fep_benchmark_processed/fragments_jak2_set2_extra_22_flip.sdf,../large_fep_dataset/data/fep_benchmark_processed/fragments_jak2_set2_extra_protein.pdb,361,7.401499,7.6335254,7.5482483,7.3202124,7.144108,7.8101673,6.767304,7.3750134,6.7637076,7.172848,7.293664
362,macrocycles/3RKZ_lig62to70_alpha05,macrocycles/3RKZ_lig62to70_alpha05/lignad_63,../large_fep_dataset/data/fep_benchmark_processed/macrocycles_3RKZ_lig62to70_alpha05_lignad_63.sdf,../large_fep_dataset/data/fep_benchmark_processed/macrocycles_3RKZ_lig62to70_alpha05_protein.pdb,362,6.5148706,5.800925,6.359594,6.7042356,6.3975816,6.388544,6.3393164,6.42681,6.3538337,6.6928234,6.397853
363,macrocycles/3RKZ_lig62to70_alpha05,macrocycles/3RKZ_lig62to70_alpha05/ligand_69,../large_fep_dataset/data/fep_benchmark_processed/macrocycles_3RKZ_lig62to70_alpha05_ligand_69.sdf,../large_fep_dataset/data/fep_benchmark_processed/macrocycles_3RKZ_lig62to70_alpha05_protein.pdb,363,7.2928114,7.1073203,7.6951985,7.3629518,7.1556854,7.3249497,7.0805583,7.577086,7.5030074,7.0619965,7.316157
364,macrocycles/3RKZ_lig62to70_alpha05,macrocycles/3RKZ_lig62to70_alpha05/ligand_62,../large_fep_dataset/data/fep_benchmark_processed/macrocycles_3RKZ_lig62to70_alpha05_ligand_62.sdf,../large_fep_dataset/data/fep_benchmark_processed/macrocycles_3RKZ_lig62to70_alpha05_protein.pdb,364,6.6184225,6.519192,6.9601197,6.7655244,6.45282,6.8643217,6.6858125,6.447928,6.805123,6.1860895,6.630536
365,macrocycles/3RKZ_lig62to70_alpha05,macrocycles/3RKZ_lig62to70_alpha05/lignad_65,../large_fep_dataset/data/fep_benchmark_processed/macrocycles_3RKZ_lig62to70_alpha05_lignad_65.sdf,../large_fep_dataset/data/fep_benchmark_processed/macrocycles_3RKZ_lig62to70_alpha05_protein.pdb,365,6.618376,5.896272,6.5547795,6.975851,6.455547,6.427961,6.4777036,6.3243136,6.318542,6.2956567,6.4345
366,macrocycles/3RKZ_lig62to70_alpha05,macrocycles/3RKZ_lig62to70_alpha05/lignad_68,../large_fep_dataset/data/fep_benchmark_processed/macrocycles_3RKZ_lig62to70_alpha05_lignad_68.sdf,../large_fep_dataset/data/fep_benchmark_processed/macrocycles_3RKZ_lig62to70_alpha05_protein.pdb,366,6.426012,5.7286887,6.066175,6.157718,6.20314,6.184847,6.5174484,6.0861177,6.207165,6.307933,6.1885247
367,macrocycles/3RKZ_lig62to70_alpha05,macrocycles/3RKZ_lig62to70_alpha05/ligand_64,../large_fep_dataset/data/fep_benchmark_processed/macrocycles_3RKZ_lig62to70_alpha05_ligand_64.sdf,../large_fep_dataset/data/fep_benchmark_processed/macrocycles_3RKZ_lig62to70_alpha05_protein.pdb,367,6.3550053,6.676353,6.630946,7.0317607,6.8647695,6.9004683,6.801775,6.5679383,6.744239,6.8660645,6.7439322
368,macrocycles/3RKZ_lig62to70_alpha05,macrocycles/3RKZ_lig62to70_alpha05/ligand_70,../large_fep_dataset/data/fep_benchmark_processed/macrocycles_3RKZ_lig62to70_alpha05_ligand_70.sdf,../large_fep_dataset/data/fep_benchmark_processed/macrocycles_3RKZ_lig62to70_alpha05_protein.pdb,368,7.3785167,6.9539413,7.663231,7.351104,7.170614,7.3667865,7.3147125,7.6257277,7.4397497,7.1360564,7.3400435
369,macrocycles/MHT1_lig3_alpha05,macrocycles/MHT1_lig3_alpha05/5AN26_ligand,../large_fep_dataset/data/fep_benchmark_processed/macrocycles_MHT1_lig3_alpha05_5AN26_ligand.sdf,../large_fep_dataset/data/fep_benchmark_processed/macrocycles_MHT1_lig3_alpha05_protein.pdb,369,5.5009174,6.0644317,6.4903975,5.4427886,5.113008,5.886347,6.1132455,5.7757983,6.7335978,5.861618,5.8982153
370,macrocycles/MHT1_lig3_alpha05,macrocycles/MHT1_lig3_alpha05/5ANT_A_ligand,../large_fep_dataset/data/fep_benchmark_processed/macrocycles_MHT1_lig3_alpha05_5ANT_A_ligand.sdf,../large_fep_dataset/data/fep_benchmark_processed/macrocycles_MHT1_lig3_alpha05_protein.pdb,370,5.9964495,6.2445936,6.739557,5.8132386,5.5264535,6.0083184,6.2200465,5.940429,6.6980677,6.2827415,6.1469893
371,macrocycles/MHT1_lig3_alpha05,macrocycles/MHT1_lig3_alpha05/5ANU_ligand,../large_fep_dataset/data/fep_benchmark_processed/macrocycles_MHT1_lig3_alpha05_5ANU_ligand.sdf,../large_fep_dataset/data/fep_benchmark_processed/macrocycles_MHT1_lig3_alpha05_protein.pdb,371,6.6866612,7.3567443,6.8890834,6.7673144,6.599658,6.468331,6.3003855,6.3751383,6.628509,6.9850507,6.7056875
372,macrocycles/2B8V_lig24and25_alpha05,macrocycles/2B8V_lig24and25_alpha05/ligand25_S,../large_fep_dataset/data/fep_benchmark_processed/macrocycles_2B8V_lig24and25_alpha05_ligand25_S.sdf,../large_fep_dataset/data/fep_benchmark_processed/macrocycles_2B8V_lig24and25_alpha05_protein.pdb,372,5.7088704,5.504268,5.922792,5.701736,5.8498344,6.4491806,5.258921,6.1532235,6.416735,5.761932,5.87275
373,macrocycles/2B8V_lig24and25_alpha05,macrocycles/2B8V_lig24and25_alpha05/ligand24_S,../large_fep_dataset/data/fep_benchmark_processed/macrocycles_2B8V_lig24and25_alpha05_ligand24_S.sdf,../large_fep_dataset/data/fep_benchmark_processed/macrocycles_2B8V_lig24and25_alpha05_protein.pdb,373,5.6727967,6.025212,6.011319,5.3275514,5.698536,6.15961,5.524766,5.3616176,5.3650227,5.8556767,5.7002106
374,macrocycles/ck2_custcore_hotlys,macrocycles/ck2_custcore_hotlys/ligand_15,../large_fep_dataset/data/fep_benchmark_processed/macrocycles_ck2_custcore_hotlys_ligand_15.sdf,../large_fep_dataset/data/fep_benchmark_processed/macrocycles_ck2_custcore_hotlys_protein.pdb,374,7.658906,7.6211796,7.8339443,7.872536,7.710231,7.801217,8.244049,7.5371013,7.5696774,6.824045,7.6672883
375,macrocycles/ck2_custcore_hotlys,macrocycles/ck2_custcore_hotlys/ligand_14,../large_fep_dataset/data/fep_benchmark_processed/macrocycles_ck2_custcore_hotlys_ligand_14.sdf,../large_fep_dataset/data/fep_benchmark_processed/macrocycles_ck2_custcore_hotlys_protein.pdb,375,7.843397,7.605198,8.131568,8.336228,7.8131566,8.147892,7.8132696,8.006179,8.354624,7.9800587,8.003157
376,macrocycles/2E9P_lig4to7_alpha05,macrocycles/2E9P_lig4to7_alpha05/ligand_5,../large_fep_dataset/data/fep_benchmark_processed/macrocycles_2E9P_lig4to7_alpha05_ligand_5.sdf,../large_fep_dataset/data/fep_benchmark_processed/macrocycles_2E9P_lig4to7_alpha05_protein.pdb,376,8.474172,8.460045,7.936134,7.773363,7.9613853,8.556333,7.9689474,8.082628,8.126521,8.073014,8.141253
377,macrocycles/2E9P_lig4to7_alpha05,macrocycles/2E9P_lig4to7_alpha05/ligand_7,../large_fep_dataset/data/fep_benchmark_processed/macrocycles_2E9P_lig4to7_alpha05_ligand_7.sdf,../large_fep_dataset/data/fep_benchmark_processed/macrocycles_2E9P_lig4to7_alpha05_protein.pdb,377,8.048591,8.251586,7.620244,8.015282,7.8124843,8.330183,7.594287,7.655086,8.112156,7.6237555,7.9063654
378,macrocycles/2E9P_lig4to7_alpha05,macrocycles/2E9P_lig4to7_alpha05/ligand_4,../large_fep_dataset/data/fep_benchmark_processed/macrocycles_2E9P_lig4to7_alpha05_ligand_4.sdf,../large_fep_dataset/data/fep_benchmark_processed/macrocycles_2E9P_lig4to7_alpha05_protein.pdb,378,7.5393147,7.992866,7.1865554,7.5927916,7.5787764,7.6474032,7.7592497,7.6591725,7.811032,8.293901,7.7061067
379,macrocycles/2E9P_lig4to7_alpha05,macrocycles/2E9P_lig4to7_alpha05/ligand_6,../large_fep_dataset/data/fep_benchmark_processed/macrocycles_2E9P_lig4to7_alpha05_ligand_6.sdf,../large_fep_dataset/data/fep_benchmark_processed/macrocycles_2E9P_lig4to7_alpha05_protein.pdb,379,8.285703,8.483182,7.658027,8.017234,7.877075,8.465052,7.851986,7.949414,7.948091,8.020059,8.055582
380,macrocycles/2Q15_lig17to21_alpha05,macrocycles/2Q15_lig17to21_alpha05/ligand_20_S,../large_fep_dataset/data/fep_benchmark_processed/macrocycles_2Q15_lig17to21_alpha05_ligand_20_S.sdf,../large_fep_dataset/data/fep_benchmark_processed/macrocycles_2Q15_lig17to21_alpha05_protein.pdb,380,7.51456,7.104191,6.9199624,7.147216,7.5431824,7.212055,7.3220325,7.0653586,7.9582925,7.2325134,7.301936
381,macrocycles/2Q15_lig17to21_alpha05,macrocycles/2Q15_lig17to21_alpha05/ligand_21,../large_fep_dataset/data/fep_benchmark_processed/macrocycles_2Q15_lig17to21_alpha05_ligand_21.sdf,../large_fep_dataset/data/fep_benchmark_processed/macrocycles_2Q15_lig17to21_alpha05_protein.pdb,381,7.659628,7.2594376,7.046522,7.0101147,7.6606913,6.9271436,7.4677978,7.3054156,8.147412,7.56695,7.405111
382,macrocycles/2Q15_lig17to21_alpha05,macrocycles/2Q15_lig17to21_alpha05/ligand_18,../large_fep_dataset/data/fep_benchmark_processed/macrocycles_2Q15_lig17to21_alpha05_ligand_18.sdf,../large_fep_dataset/data/fep_benchmark_processed/macrocycles_2Q15_lig17to21_alpha05_protein.pdb,382,7.045369,7.055759,7.0809813,7.0277762,7.3459015,6.9910145,6.5728774,7.0541863,7.065682,6.814156,7.00537
383,macrocycles/2Q15_lig17to21_alpha05,macrocycles/2Q15_lig17to21_alpha05/ligand_17_enu,../large_fep_dataset/data/fep_benchmark_processed/macrocycles_2Q15_lig17to21_alpha05_ligand_17_enu.sdf,../large_fep_dataset/data/fep_benchmark_processed/macrocycles_2Q15_lig17to21_alpha05_protein.pdb,383,7.3033733,7.1120496,7.117422,7.1612086,7.257218,7.26706,6.8828087,6.6169615,7.6688294,7.079162,7.1466093
384,macrocycles/2Q15_lig17to21_alpha05,macrocycles/2Q15_lig17to21_alpha05/ligand_19,../large_fep_dataset/data/fep_benchmark_processed/macrocycles_2Q15_lig17to21_alpha05_ligand_19.sdf,../large_fep_dataset/data/fep_benchmark_processed/macrocycles_2Q15_lig17to21_alpha05_protein.pdb,384,7.6276236,7.3097816,6.869708,7.071045,7.4710584,7.1767416,7.08254,7.299238,7.968183,7.2511635,7.312709
385,macrocycles/hsp90_3hvd_custcore,macrocycles/hsp90_3hvd_custcore/lig_3B27,../large_fep_dataset/data/fep_benchmark_processed/macrocycles_hsp90_3hvd_custcore_lig_3B27.sdf,../large_fep_dataset/data/fep_benchmark_processed/macrocycles_hsp90_3hvd_custcore_protein.pdb,385,4.995927,4.6647034,4.8363686,4.7517195,4.472094,4.4484,4.963137,4.3679523,5.8851824,4.723702,4.810919
386,macrocycles/hsp90_3hvd_custcore,macrocycles/hsp90_3hvd_custcore/18 minimized,../large_fep_dataset/data/fep_benchmark_processed/macrocycles_hsp90_3hvd_custcore_18_minimized.sdf,../large_fep_dataset/data/fep_benchmark_processed/macrocycles_hsp90_3hvd_custcore_protein.pdb,386,7.9991045,8.302958,8.084158,7.870286,7.7499623,8.0478945,7.80754,8.301381,8.181077,7.251891,7.9596252
387,macrocycles/hsp90_3hvd_custcore,"macrocycles/hsp90_3hvd_custcore/8, 3VHA","../large_fep_dataset/data/fep_benchmark_processed/macrocycles_hsp90_3hvd_custcore_8,_3VHA.sdf",../large_fep_dataset/data/fep_benchmark_processed/macrocycles_hsp90_3hvd_custcore_protein.pdb,387,7.186265,6.6382275,7.0736785,6.7842593,6.640744,7.1189685,6.877308,5.854302,7.1178827,6.455299,6.7746935
388,macrocycles/hsp90_3hvd_custcore,macrocycles/hsp90_3hvd_custcore/13,../large_fep_dataset/data/fep_benchmark_processed/macrocycles_hsp90_3hvd_custcore_13.sdf,../large_fep_dataset/data/fep_benchmark_processed/macrocycles_hsp90_3hvd_custcore_protein.pdb,388,8.066814,7.322679,6.9393034,7.263004,7.031665,7.940205,7.8570848,8.139556,7.9933624,7.1189785,7.567266
389,macrocycles/hsp90_3hvd_custcore,macrocycles/hsp90_3hvd_custcore/9,../large_fep_dataset/data/fep_benchmark_processed/macrocycles_hsp90_3hvd_custcore_9.sdf,../large_fep_dataset/data/fep_benchmark_processed/macrocycles_hsp90_3hvd_custcore_protein.pdb,389,7.3056593,6.9790297,6.7734613,6.717288,6.320021,7.1021004,6.955206,6.0329256,7.350366,6.715997,6.825206
390,macrocycles/hsp90_3hvd_custcore,"macrocycles/hsp90_3hvd_custcore/16, 3VHD","../large_fep_dataset/data/fep_benchmark_processed/macrocycles_hsp90_3hvd_custcore_16,_3VHD.sdf",../large_fep_dataset/data/fep_benchmark_processed/macrocycles_hsp90_3hvd_custcore_protein.pdb,390,8.181034,8.326893,8.046452,7.890334,8.262952,8.317794,8.091351,8.72132,8.31424,7.692814,8.184519
391,macrocycles/hsp90_3hvd_custcore,"macrocycles/hsp90_3hvd_custcore/11, 3VHC","../large_fep_dataset/data/fep_benchmark_processed/macrocycles_hsp90_3hvd_custcore_11,_3VHC.sdf",../large_fep_dataset/data/fep_benchmark_processed/macrocycles_hsp90_3hvd_custcore_protein.pdb,391,8.026053,7.857731,7.404419,7.5056195,7.7793927,8.41854,7.7814007,8.345992,8.401615,7.3713255,7.889209
392,macrocycles/hsp90_3hvd_custcore,macrocycles/hsp90_3hvd_custcore/12,../large_fep_dataset/data/fep_benchmark_processed/macrocycles_hsp90_3hvd_custcore_12.sdf,../large_fep_dataset/data/fep_benchmark_processed/macrocycles_hsp90_3hvd_custcore_protein.pdb,392,8.112556,7.50735,7.2916374,7.599352,7.0961285,8.20298,7.782525,8.125588,8.056588,7.0785565,7.6853266
393,macrocycles/hsp90_3hvd_custcore,macrocycles/hsp90_3hvd_custcore/7,../large_fep_dataset/data/fep_benchmark_processed/macrocycles_hsp90_3hvd_custcore_7.sdf,../large_fep_dataset/data/fep_benchmark_processed/macrocycles_hsp90_3hvd_custcore_protein.pdb,393,7.5461645,6.757484,7.103097,6.799853,6.4658194,7.14473,7.02321,6.0788994,7.3118563,6.476687,6.8707795
394,macrocycles/hsp90_3hvd_custcore,"macrocycles/hsp90_3hvd_custcore/17, top conformer","../large_fep_dataset/data/fep_benchmark_processed/macrocycles_hsp90_3hvd_custcore_17,_top_conformer.sdf",../large_fep_dataset/data/fep_benchmark_processed/macrocycles_hsp90_3hvd_custcore_protein.pdb,394,8.188358,8.196388,8.364146,7.975633,8.172327,8.390037,8.245129,8.621937,8.3370285,7.4368687,8.192785
395,scaffold_hopping/Fxa_2ei8,scaffold_hopping/Fxa_2ei8/Edoxaban,../large_fep_dataset/data/fep_benchmark_processed/scaffold_hopping_Fxa_2ei8_Edoxaban.sdf,../large_fep_dataset/data/fep_benchmark_processed/scaffold_hopping_Fxa_2ei8_protein.pdb,395,7.0765777,7.6988993,7.5271564,7.44776,7.3793573,7.3266835,7.8028235,7.9161887,7.100403,7.8325624,7.5108414
396,scaffold_hopping/Fxa_2ei8,scaffold_hopping/Fxa_2ei8/4d,../large_fep_dataset/data/fep_benchmark_processed/scaffold_hopping_Fxa_2ei8_4d.sdf,../large_fep_dataset/data/fep_benchmark_processed/scaffold_hopping_Fxa_2ei8_protein.pdb,396,7.952724,7.999321,8.22858,7.852439,7.477804,7.470779,7.978496,8.367443,7.5792017,8.086196,7.8992987
397,scaffold_hopping/Fxa_2ei8,scaffold_hopping/Fxa_2ei8/4c,../large_fep_dataset/data/fep_benchmark_processed/scaffold_hopping_Fxa_2ei8_4c.sdf,../large_fep_dataset/data/fep_benchmark_processed/scaffold_hopping_Fxa_2ei8_protein.pdb,397,8.013941,8.064136,8.088825,7.4857183,7.5809927,7.438324,7.981856,8.257666,7.477454,7.9266167,7.8315535
398,scaffold_hopping/TPSB2_3v7t,scaffold_hopping/TPSB2_3v7t/1,../large_fep_dataset/data/fep_benchmark_processed/scaffold_hopping_TPSB2_3v7t_1.sdf,../large_fep_dataset/data/fep_benchmark_processed/scaffold_hopping_TPSB2_3v7t_protein.pdb,398,6.3584833,5.833709,5.9740787,6.0584,6.4466405,5.889686,6.188151,6.48671,6.307262,6.345793,6.1888914
399,scaffold_hopping/TPSB2_3v7t,scaffold_hopping/TPSB2_3v7t/2,../large_fep_dataset/data/fep_benchmark_processed/scaffold_hopping_TPSB2_3v7t_2.sdf,../large_fep_dataset/data/fep_benchmark_processed/scaffold_hopping_TPSB2_3v7t_protein.pdb,399,6.967702,6.840121,6.4680734,6.2370095,6.6370406,6.296377,6.3570433,6.566254,6.430627,7.004633,6.5804877
400,scaffold_hopping/Bace1_4zsp,scaffold_hopping/Bace1_4zsp/31,../large_fep_dataset/data/fep_benchmark_processed/scaffold_hopping_Bace1_4zsp_31.sdf,../large_fep_dataset/data/fep_benchmark_processed/scaffold_hopping_Bace1_4zsp_protein.pdb,400,5.6005163,4.9163146,6.0647097,5.4604516,4.845296,5.439398,5.189412,5.7020793,6.0279546,5.3630066,5.4609137
401,scaffold_hopping/Bace1_4zsp,scaffold_hopping/Bace1_4zsp/7,../large_fep_dataset/data/fep_benchmark_processed/scaffold_hopping_Bace1_4zsp_7.sdf,../large_fep_dataset/data/fep_benchmark_processed/scaffold_hopping_Bace1_4zsp_protein.pdb,401,5.4118595,5.8042707,5.792879,5.0025735,5.6112666,5.411652,5.3828244,5.361899,5.5546665,5.412379,5.4746275
402,scaffold_hopping/Bace1_4zsp,scaffold_hopping/Bace1_4zsp/6,../large_fep_dataset/data/fep_benchmark_processed/scaffold_hopping_Bace1_4zsp_6.sdf,../large_fep_dataset/data/fep_benchmark_processed/scaffold_hopping_Bace1_4zsp_protein.pdb,402,5.7901096,5.444911,5.8268776,5.690731,5.2430215,5.499703,5.845738,5.833297,5.57339,5.933108,5.668089
403,scaffold_hopping/EZH2_5ij7_corehop,scaffold_hopping/EZH2_5ij7_corehop/22,../large_fep_dataset/data/fep_benchmark_processed/scaffold_hopping_EZH2_5ij7_corehop_22.sdf,../large_fep_dataset/data/fep_benchmark_processed/scaffold_hopping_EZH2_5ij7_corehop_protein.pdb,403,7.0973573,6.310812,6.4986897,7.149393,6.166361,6.138456,6.4337597,6.196527,6.519489,6.607691,6.511853
404,scaffold_hopping/EZH2_5ij7_corehop,scaffold_hopping/EZH2_5ij7_corehop/31,../large_fep_dataset/data/fep_benchmark_processed/scaffold_hopping_EZH2_5ij7_corehop_31.sdf,../large_fep_dataset/data/fep_benchmark_processed/scaffold_hopping_EZH2_5ij7_corehop_protein.pdb,404,5.8852205,6.521098,6.350533,6.337234,5.9905314,5.139784,6.828279,6.3705506,6.4861736,6.626941,6.253635
405,scaffold_hopping/EZH2_5ij7_corehop,scaffold_hopping/EZH2_5ij7_corehop/29,../large_fep_dataset/data/fep_benchmark_processed/scaffold_hopping_EZH2_5ij7_corehop_29.sdf,../large_fep_dataset/data/fep_benchmark_processed/scaffold_hopping_EZH2_5ij7_corehop_protein.pdb,405,6.173599,6.8025765,6.2689257,6.6116934,6.3598976,5.5450535,7.19766,6.7477374,6.9419236,6.8218174,6.5470886
406,scaffold_hopping/EZH2_5ij7_corehop,scaffold_hopping/EZH2_5ij7_corehop/27,../large_fep_dataset/data/fep_benchmark_processed/scaffold_hopping_EZH2_5ij7_corehop_27.sdf,../large_fep_dataset/data/fep_benchmark_processed/scaffold_hopping_EZH2_5ij7_corehop_protein.pdb,406,6.8287706,6.082922,6.261466,6.621509,5.795235,5.578765,6.2101603,6.029944,6.486546,6.5024157,6.2397733
407,scaffold_hopping/CHK1_3u9n_corehop,scaffold_hopping/CHK1_3u9n_corehop/17,../large_fep_dataset/data/fep_benchmark_processed/scaffold_hopping_CHK1_3u9n_corehop_17.sdf,../large_fep_dataset/data/fep_benchmark_processed/scaffold_hopping_CHK1_3u9n_corehop_protein.pdb,407,6.702076,7.3516974,7.371655,6.939783,7.130615,6.6771746,7.462137,7.209513,6.57614,7.0982413,7.0519037
408,scaffold_hopping/CHK1_3u9n_corehop,scaffold_hopping/CHK1_3u9n_corehop/1,../large_fep_dataset/data/fep_benchmark_processed/scaffold_hopping_CHK1_3u9n_corehop_1.sdf,../large_fep_dataset/data/fep_benchmark_processed/scaffold_hopping_CHK1_3u9n_corehop_protein.pdb,408,7.4577556,7.6008844,7.597821,7.4345183,7.444258,7.123833,7.4063244,7.4843245,7.089715,6.9735627,7.3613
409,scaffold_hopping/CHK1_3u9n_corehop,scaffold_hopping/CHK1_3u9n_corehop/21,../large_fep_dataset/data/fep_benchmark_processed/scaffold_hopping_CHK1_3u9n_corehop_21.sdf,../large_fep_dataset/data/fep_benchmark_processed/scaffold_hopping_CHK1_3u9n_corehop_protein.pdb,409,7.2723355,7.910554,7.591163,7.0249248,7.215908,7.050152,7.7030363,7.1933455,7.0212474,6.666027,7.2648697
410,scaffold_hopping/CHK1_3u9n_corehop,scaffold_hopping/CHK1_3u9n_corehop/20,../large_fep_dataset/data/fep_benchmark_processed/scaffold_hopping_CHK1_3u9n_corehop_20.sdf,../large_fep_dataset/data/fep_benchmark_processed/scaffold_hopping_CHK1_3u9n_corehop_protein.pdb,410,7.214757,7.6326942,7.8056183,7.3248024,7.203677,6.954491,8.093351,7.2614374,7.1360073,7.260686,7.388753
411,scaffold_hopping/CHK1_3u9n_corehop,scaffold_hopping/CHK1_3u9n_corehop/19,../large_fep_dataset/data/fep_benchmark_processed/scaffold_hopping_CHK1_3u9n_corehop_19.sdf,../large_fep_dataset/data/fep_benchmark_processed/scaffold_hopping_CHK1_3u9n_corehop_protein.pdb,411,7.147396,7.5436583,7.6513953,7.224825,7.11696,6.874839,7.5634665,6.942828,7.126642,7.044383,7.223639
412,gpcrs/a2a_hip278,gpcrs/a2a_hip278/4g,../large_fep_dataset/data/fep_benchmark_processed/gpcrs_a2a_hip278_4g.sdf,../large_fep_dataset/data/fep_benchmark_processed/gpcrs_a2a_hip278_protein.pdb,412,5.8412533,5.6260962,6.2353663,6.134273,5.9261513,5.571354,6.375517,5.6872764,5.6087804,5.9419203,5.894799
413,gpcrs/a2a_hip278,gpcrs/a2a_hip278/4h,../large_fep_dataset/data/fep_benchmark_processed/gpcrs_a2a_hip278_4h.sdf,../large_fep_dataset/data/fep_benchmark_processed/gpcrs_a2a_hip278_protein.pdb,413,5.9319983,5.710482,6.035844,5.742164,6.2300496,5.837151,6.4035997,5.9096766,5.704151,5.6988077,5.920392
414,gpcrs/a2a_hip278,gpcrs/a2a_hip278/4jS,../large_fep_dataset/data/fep_benchmark_processed/gpcrs_a2a_hip278_4jS.sdf,../large_fep_dataset/data/fep_benchmark_processed/gpcrs_a2a_hip278_protein.pdb,414,6.4396935,5.922116,6.2803545,6.0717754,6.316271,5.751602,6.3777175,5.7409086,5.7817564,5.8524914,6.053468
415,gpcrs/a2a_hip278,gpcrs/a2a_hip278/4kU,../large_fep_dataset/data/fep_benchmark_processed/gpcrs_a2a_hip278_4kU.sdf,../large_fep_dataset/data/fep_benchmark_processed/gpcrs_a2a_hip278_protein.pdb,415,6.3394175,5.4643693,6.284246,6.049781,7.0591097,6.2006006,6.850062,5.9848056,7.1300216,6.3580413,6.372045
416,gpcrs/a2a_hip278,gpcrs/a2a_hip278/4lD,../large_fep_dataset/data/fep_benchmark_processed/gpcrs_a2a_hip278_4lD.sdf,../large_fep_dataset/data/fep_benchmark_processed/gpcrs_a2a_hip278_protein.pdb,416,6.0823975,5.9241495,6.807127,6.0134974,6.395587,5.938249,6.510709,5.9357567,6.699272,6.3834257,6.269017
417,gpcrs/a2a_hip278,gpcrs/a2a_hip278/4i,../large_fep_dataset/data/fep_benchmark_processed/gpcrs_a2a_hip278_4i.sdf,../large_fep_dataset/data/fep_benchmark_processed/gpcrs_a2a_hip278_protein.pdb,417,6.3934383,5.749757,6.6137924,6.3048496,6.2225146,6.1340585,6.116738,6.2474346,5.9510436,5.682311,6.141594
418,gpcrs/a2a_hip278,gpcrs/a2a_hip278/4a,../large_fep_dataset/data/fep_benchmark_processed/gpcrs_a2a_hip278_4a.sdf,../large_fep_dataset/data/fep_benchmark_processed/gpcrs_a2a_hip278_protein.pdb,418,5.5120373,5.499475,5.469599,5.848734,5.4254904,5.4134364,6.262193,4.9380803,5.800664,5.021759,5.519147
419,gpcrs/a2a_hip278,gpcrs/a2a_hip278/4b D,../large_fep_dataset/data/fep_benchmark_processed/gpcrs_a2a_hip278_4b_D.sdf,../large_fep_dataset/data/fep_benchmark_processed/gpcrs_a2a_hip278_protein.pdb,419,6.02692,6.0780725,6.058294,6.4141974,5.906,5.5878944,6.634639,5.1986623,5.8596945,6.431089,6.0195465
420,gpcrs/a2a_hip278,gpcrs/a2a_hip278/4c,../large_fep_dataset/data/fep_benchmark_processed/gpcrs_a2a_hip278_4c.sdf,../large_fep_dataset/data/fep_benchmark_processed/gpcrs_a2a_hip278_protein.pdb,420,6.5352035,6.0140553,6.7912664,6.345775,5.7992387,5.613007,6.7094593,5.332449,6.235094,6.0370893,6.141264
421,gpcrs/a2a_hip278,gpcrs/a2a_hip278/4d,../large_fep_dataset/data/fep_benchmark_processed/gpcrs_a2a_hip278_4d.sdf,../large_fep_dataset/data/fep_benchmark_processed/gpcrs_a2a_hip278_protein.pdb,421,6.743582,6.8148956,6.8623896,6.4783926,6.2713943,5.84183,7.2164836,5.9533443,6.4111166,6.6647644,6.5258193
422,gpcrs/a2a_hip278,gpcrs/a2a_hip278/4o,../large_fep_dataset/data/fep_benchmark_processed/gpcrs_a2a_hip278_4o.sdf,../large_fep_dataset/data/fep_benchmark_processed/gpcrs_a2a_hip278_protein.pdb,422,5.917552,5.9998965,6.4897356,6.596093,6.165292,6.0879283,6.8824625,5.853135,6.3906155,5.8444376,6.2227144
423,gpcrs/a2a_hip278,gpcrs/a2a_hip278/4f,../large_fep_dataset/data/fep_benchmark_processed/gpcrs_a2a_hip278_4f.sdf,../large_fep_dataset/data/fep_benchmark_processed/gpcrs_a2a_hip278_protein.pdb,423,6.1923795,6.1796923,6.9162035,6.1877904,6.224823,5.712817,6.596795,6.3345194,6.137205,6.0810504,6.2563276
424,gpcrs/a2a_hip278,gpcrs/a2a_hip278/4e D,../large_fep_dataset/data/fep_benchmark_processed/gpcrs_a2a_hip278_4e_D.sdf,../large_fep_dataset/data/fep_benchmark_processed/gpcrs_a2a_hip278_protein.pdb,424,6.210445,6.096152,7.481097,6.697403,6.609209,6.5921955,6.981853,5.5909686,6.6778517,6.753888,6.569106
425,gpcrs/a2a_hip278,gpcrs/a2a_hip278/4m D,../large_fep_dataset/data/fep_benchmark_processed/gpcrs_a2a_hip278_4m_D.sdf,../large_fep_dataset/data/fep_benchmark_processed/gpcrs_a2a_hip278_protein.pdb,425,5.431598,6.034861,6.2557726,6.3941083,5.86228,5.868669,6.4678855,5.0657406,6.1345577,5.855028,5.93705
426,gpcrs/a2a_hip278,gpcrs/a2a_hip278/4q,../large_fep_dataset/data/fep_benchmark_processed/gpcrs_a2a_hip278_4q.sdf,../large_fep_dataset/data/fep_benchmark_processed/gpcrs_a2a_hip278_protein.pdb,426,5.1912994,6.105825,5.623461,5.560128,5.051146,6.2894607,6.1978016,4.8301167,6.292496,5.3716946,5.651343
427,gpcrs/a2a_hip278,gpcrs/a2a_hip278/4n,../large_fep_dataset/data/fep_benchmark_processed/gpcrs_a2a_hip278_4n.sdf,../large_fep_dataset/data/fep_benchmark_processed/gpcrs_a2a_hip278_protein.pdb,427,5.4346733,5.711172,6.4495816,6.1287823,5.6333904,5.603583,6.1651793,5.444062,6.0567822,5.6854744,5.831268
428,gpcrs/a2a_hip278,gpcrs/a2a_hip278/4r U,../large_fep_dataset/data/fep_benchmark_processed/gpcrs_a2a_hip278_4r_U.sdf,../large_fep_dataset/data/fep_benchmark_processed/gpcrs_a2a_hip278_protein.pdb,428,5.9094305,6.2465725,6.1997004,5.978073,6.6264963,6.1345515,6.344996,6.1555715,6.3237867,5.9825826,6.1901765
429,gpcrs/a2a_hip278,gpcrs/a2a_hip278/4o deprotonated,../large_fep_dataset/data/fep_benchmark_processed/gpcrs_a2a_hip278_4o_deprotonated.sdf,../large_fep_dataset/data/fep_benchmark_processed/gpcrs_a2a_hip278_protein.pdb,429,5.3829117,5.98072,5.750308,5.843286,5.8529606,5.7273746,6.595153,5.4661636,5.9351063,5.6592,5.819319
430,gpcrs/a2a_hip278,gpcrs/a2a_hip278/4eD deprotonated,../large_fep_dataset/data/fep_benchmark_processed/gpcrs_a2a_hip278_4eD_deprotonated.sdf,../large_fep_dataset/data/fep_benchmark_processed/gpcrs_a2a_hip278_protein.pdb,430,6.215812,6.2792306,6.4745593,6.4529204,6.253072,6.199381,6.7717943,5.417259,5.7194424,6.272755,6.2056227
431,gpcrs/a2a_hip278,gpcrs/a2a_hip278/4f deprotonated,../large_fep_dataset/data/fep_benchmark_processed/gpcrs_a2a_hip278_4f_deprotonated.sdf,../large_fep_dataset/data/fep_benchmark_processed/gpcrs_a2a_hip278_protein.pdb,431,5.955808,6.0287585,6.0795817,6.112326,6.1587186,5.489816,6.893266,5.712309,5.6421647,5.675595,5.974834
432,gpcrs/ox2_hip_custcore,gpcrs/ox2_hip_custcore/set 1: 1,../large_fep_dataset/data/fep_benchmark_processed/gpcrs_ox2_hip_custcore_set_1:_1.sdf,../large_fep_dataset/data/fep_benchmark_processed/gpcrs_ox2_hip_custcore_protein.pdb,432,7.0057964,7.0268035,7.142786,7.174972,7.018396,7.559751,6.822208,6.7688823,5.759911,6.722153,6.9001665
433,gpcrs/ox2_hip_custcore,gpcrs/ox2_hip_custcore/set 1: 2,../large_fep_dataset/data/fep_benchmark_processed/gpcrs_ox2_hip_custcore_set_1:_2.sdf,../large_fep_dataset/data/fep_benchmark_processed/gpcrs_ox2_hip_custcore_protein.pdb,433,6.9838214,6.285348,6.4244943,7.3730536,6.636329,7.264246,6.815673,7.3465,5.929786,6.811219,6.7870474
434,gpcrs/ox2_hip_custcore,gpcrs/ox2_hip_custcore/set 1: 3,../large_fep_dataset/data/fep_benchmark_processed/gpcrs_ox2_hip_custcore_set_1:_3.sdf,../large_fep_dataset/data/fep_benchmark_processed/gpcrs_ox2_hip_custcore_protein.pdb,434,7.505251,6.3468866,6.2336955,6.8671126,6.4093766,7.471922,6.03712,6.571623,6.394673,6.259774,6.6097436
435,gpcrs/ox2_hip_custcore,gpcrs/ox2_hip_custcore/set 1: 4,../large_fep_dataset/data/fep_benchmark_processed/gpcrs_ox2_hip_custcore_set_1:_4.sdf,../large_fep_dataset/data/fep_benchmark_processed/gpcrs_ox2_hip_custcore_protein.pdb,435,7.4159584,7.474958,7.4968243,7.9724107,7.064571,7.258555,6.9750113,7.460896,6.0420876,7.382021,7.2543287
436,gpcrs/ox2_hip_custcore,gpcrs/ox2_hip_custcore/set 1: 5,../large_fep_dataset/data/fep_benchmark_processed/gpcrs_ox2_hip_custcore_set_1:_5.sdf,../large_fep_dataset/data/fep_benchmark_processed/gpcrs_ox2_hip_custcore_protein.pdb,436,7.00736,6.905412,6.505929,7.5925064,6.881863,7.7424264,7.1030426,7.7003794,6.3550234,7.3666735,7.116061
437,gpcrs/ox2_hip_custcore,gpcrs/ox2_hip_custcore/set 1: 6,../large_fep_dataset/data/fep_benchmark_processed/gpcrs_ox2_hip_custcore_set_1:_6.sdf,../large_fep_dataset/data/fep_benchmark_processed/gpcrs_ox2_hip_custcore_protein.pdb,437,7.3474407,6.4424486,6.5143294,7.6759334,6.7152762,7.1481743,7.052698,7.3521986,6.0283628,7.1848383,6.94617
438,gpcrs/ox2_hip_custcore,gpcrs/ox2_hip_custcore/set 1: 7,../large_fep_dataset/data/fep_benchmark_processed/gpcrs_ox2_hip_custcore_set_1:_7.sdf,../large_fep_dataset/data/fep_benchmark_processed/gpcrs_ox2_hip_custcore_protein.pdb,438,7.01929,7.1410213,7.379213,7.4767976,7.0562477,7.8405976,7.004241,7.3424215,6.356567,7.4230757,7.2039475
439,gpcrs/ox2_hip_custcore,gpcrs/ox2_hip_custcore/set 1: 8,../large_fep_dataset/data/fep_benchmark_processed/gpcrs_ox2_hip_custcore_set_1:_8.sdf,../large_fep_dataset/data/fep_benchmark_processed/gpcrs_ox2_hip_custcore_protein.pdb,439,7.0770693,7.1202836,7.4018135,7.4558005,6.9142575,7.475065,7.1525984,7.045932,6.0998144,7.073179,7.081582
440,gpcrs/ox2_hip_custcore,gpcrs/ox2_hip_custcore/set 1: 9,../large_fep_dataset/data/fep_benchmark_processed/gpcrs_ox2_hip_custcore_set_1:_9.sdf,../large_fep_dataset/data/fep_benchmark_processed/gpcrs_ox2_hip_custcore_protein.pdb,440,6.1570253,6.8036656,6.0234365,6.975875,6.4536843,7.312178,6.4521036,6.5389924,6.5060496,6.919105,6.614212
441,gpcrs/ox2_hip_custcore,gpcrs/ox2_hip_custcore/set 1: 10,../large_fep_dataset/data/fep_benchmark_processed/gpcrs_ox2_hip_custcore_set_1:_10.sdf,../large_fep_dataset/data/fep_benchmark_processed/gpcrs_ox2_hip_custcore_protein.pdb,441,7.4486294,6.8161297,6.860699,8.009262,6.6818056,7.0930877,6.9393425,6.9114594,5.741719,7.1538806,6.9656014
442,gpcrs/ox2_hip_custcore,gpcrs/ox2_hip_custcore/set 1: 11,../large_fep_dataset/data/fep_benchmark_processed/gpcrs_ox2_hip_custcore_set_1:_11.sdf,../large_fep_dataset/data/fep_benchmark_processed/gpcrs_ox2_hip_custcore_protein.pdb,442,7.3033776,7.5065336,7.3105173,7.928187,7.1912713,7.7015333,6.8875065,7.099356,6.2083716,7.3839936,7.252065
443,gpcrs/ox2_hip_custcore,gpcrs/ox2_hip_custcore/set 1: 12,../large_fep_dataset/data/fep_benchmark_processed/gpcrs_ox2_hip_custcore_set_1:_12.sdf,../large_fep_dataset/data/fep_benchmark_processed/gpcrs_ox2_hip_custcore_protein.pdb,443,7.0610924,6.5328135,6.310804,7.5696144,6.7937865,7.1986175,6.900129,7.052345,6.1248064,7.2087355,6.8752737
444,gpcrs/ox2_hip_custcore,gpcrs/ox2_hip_custcore/set 1: 13,../large_fep_dataset/data/fep_benchmark_processed/gpcrs_ox2_hip_custcore_set_1:_13.sdf,../large_fep_dataset/data/fep_benchmark_processed/gpcrs_ox2_hip_custcore_protein.pdb,444,6.3507276,5.6745048,6.5722957,7.098261,6.572265,7.29186,6.41258,6.4895353,5.7520514,6.243345,6.4457426
445,gpcrs/ox2_hip_custcore,gpcrs/ox2_hip_custcore/set 1: 14,../large_fep_dataset/data/fep_benchmark_processed/gpcrs_ox2_hip_custcore_set_1:_14.sdf,../large_fep_dataset/data/fep_benchmark_processed/gpcrs_ox2_hip_custcore_protein.pdb,445,7.106593,6.7363925,7.1292844,7.1476955,7.166883,7.5353165,6.6822987,7.2106194,5.9972205,7.357637,7.006994
446,gpcrs/ox2_hip_custcore,gpcrs/ox2_hip_custcore/set 1: 15,../large_fep_dataset/data/fep_benchmark_processed/gpcrs_ox2_hip_custcore_set_1:_15.sdf,../large_fep_dataset/data/fep_benchmark_processed/gpcrs_ox2_hip_custcore_protein.pdb,446,7.2039213,6.1197286,5.8349204,6.9623117,6.586641,7.17333,6.424903,6.5770874,6.7372165,6.7009306,6.632099
447,gpcrs/ox2_hip_custcore,gpcrs/ox2_hip_custcore/set 1: 16,../large_fep_dataset/data/fep_benchmark_processed/gpcrs_ox2_hip_custcore_set_1:_16.sdf,../large_fep_dataset/data/fep_benchmark_processed/gpcrs_ox2_hip_custcore_protein.pdb,447,7.4748554,6.4845138,6.9108653,7.408705,7.0157585,7.0162554,7.040637,7.1155977,5.926918,7.201622,6.9595733
448,gpcrs/ox2_hip_custcore,gpcrs/ox2_hip_custcore/set 1: 17,../large_fep_dataset/data/fep_benchmark_processed/gpcrs_ox2_hip_custcore_set_1:_17.sdf,../large_fep_dataset/data/fep_benchmark_processed/gpcrs_ox2_hip_custcore_protein.pdb,448,7.07147,6.6171517,6.8038273,7.2292747,6.651398,6.915172,6.6770687,7.1181526,6.226339,7.0498877,6.835974
449,gpcrs/ox2_hip_custcore,gpcrs/ox2_hip_custcore/set 1: 18,../large_fep_dataset/data/fep_benchmark_processed/gpcrs_ox2_hip_custcore_set_1:_18.sdf,../large_fep_dataset/data/fep_benchmark_processed/gpcrs_ox2_hip_custcore_protein.pdb,449,7.321867,6.7148314,7.659459,7.8539243,7.447282,7.0493083,6.925635,7.513875,6.526487,7.379924,7.2392592
450,gpcrs/ox2_hip_custcore,gpcrs/ox2_hip_custcore/set 1: 19,../large_fep_dataset/data/fep_benchmark_processed/gpcrs_ox2_hip_custcore_set_1:_19.sdf,../large_fep_dataset/data/fep_benchmark_processed/gpcrs_ox2_hip_custcore_protein.pdb,450,6.913208,6.61369,7.2318573,7.42151,7.494968,7.3483152,6.9497566,7.6892753,5.97302,7.1399126,7.0775514
451,gpcrs/ox2_hip_custcore,gpcrs/ox2_hip_custcore/set 1: 20,../large_fep_dataset/data/fep_benchmark_processed/gpcrs_ox2_hip_custcore_set_1:_20.sdf,../large_fep_dataset/data/fep_benchmark_processed/gpcrs_ox2_hip_custcore_protein.pdb,451,6.732637,6.98619,6.369927,7.347198,6.8024416,7.2319026,6.8203583,7.0169563,6.1662555,7.144625,6.8618493
452,gpcrs/ox2_hip_custcore,gpcrs/ox2_hip_custcore/set 1: 21,../large_fep_dataset/data/fep_benchmark_processed/gpcrs_ox2_hip_custcore_set_1:_21.sdf,../large_fep_dataset/data/fep_benchmark_processed/gpcrs_ox2_hip_custcore_protein.pdb,452,6.5878453,6.45442,6.056774,6.8701267,6.288748,7.1553864,6.498581,7.0674257,5.7383866,6.9937067,6.5711403
453,gpcrs/ox2_hip_custcore,gpcrs/ox2_hip_custcore/set 1: 22,../large_fep_dataset/data/fep_benchmark_processed/gpcrs_ox2_hip_custcore_set_1:_22.sdf,../large_fep_dataset/data/fep_benchmark_processed/gpcrs_ox2_hip_custcore_protein.pdb,453,6.7445607,6.5813913,6.703402,7.327902,6.5341525,7.382367,6.6465993,7.3231215,5.9411526,6.964313,6.8148956
454,gpcrs/ox2_hip_custcore,gpcrs/ox2_hip_custcore/set 1: 23,../large_fep_dataset/data/fep_benchmark_processed/gpcrs_ox2_hip_custcore_set_1:_23.sdf,../large_fep_dataset/data/fep_benchmark_processed/gpcrs_ox2_hip_custcore_protein.pdb,454,6.994031,6.489566,6.463038,7.399922,6.5240254,7.1659265,6.6105905,6.4104795,6.0742245,7.0373297,6.7169137
455,gpcrs/ox2_hip_custcore,gpcrs/ox2_hip_custcore/set 1: 24,../large_fep_dataset/data/fep_benchmark_processed/gpcrs_ox2_hip_custcore_set_1:_24.sdf,../large_fep_dataset/data/fep_benchmark_processed/gpcrs_ox2_hip_custcore_protein.pdb,455,6.889417,7.077543,6.8394637,7.6171756,6.755094,7.168252,6.914618,6.9568324,6.1739674,7.1150665,6.950743
456,gpcrs/ox2_hip_custcore,gpcrs/ox2_hip_custcore/set 1: 25,../large_fep_dataset/data/fep_benchmark_processed/gpcrs_ox2_hip_custcore_set_1:_25.sdf,../large_fep_dataset/data/fep_benchmark_processed/gpcrs_ox2_hip_custcore_protein.pdb,456,7.3665695,6.8414054,6.850559,7.5886664,6.6529994,7.464778,7.0197253,6.9668884,6.3452053,7.010688,7.010749
457,gpcrs/ox2_hip_custcore,gpcrs/ox2_hip_custcore/set 1: 26,../large_fep_dataset/data/fep_benchmark_processed/gpcrs_ox2_hip_custcore_set_1:_26.sdf,../large_fep_dataset/data/fep_benchmark_processed/gpcrs_ox2_hip_custcore_protein.pdb,457,6.9358053,6.7919416,6.9422693,7.491373,6.7630477,7.5814424,6.848129,7.1417203,6.0852017,6.9567056,6.9537635
458,gpcrs/ox2_hip_custcore,gpcrs/ox2_hip_custcore/set 1: 27,../large_fep_dataset/data/fep_benchmark_processed/gpcrs_ox2_hip_custcore_set_1:_27.sdf,../large_fep_dataset/data/fep_benchmark_processed/gpcrs_ox2_hip_custcore_protein.pdb,458,7.0107064,6.7300377,6.79963,7.2685437,6.9659867,7.038385,6.486929,6.930973,5.675802,6.965304,6.787229
459,gpcrs/ox2_hip_custcore,gpcrs/ox2_hip_custcore/set 2: 1,../large_fep_dataset/data/fep_benchmark_processed/gpcrs_ox2_hip_custcore_set_2:_1.sdf,../large_fep_dataset/data/fep_benchmark_processed/gpcrs_ox2_hip_custcore_protein.pdb,459,7.0956216,6.711051,6.490805,7.1437693,6.8235197,6.858173,6.082175,6.622526,6.222842,6.36751,6.6418
460,gpcrs/ox2_hip_custcore,gpcrs/ox2_hip_custcore/set 2: 2,../large_fep_dataset/data/fep_benchmark_processed/gpcrs_ox2_hip_custcore_set_2:_2.sdf,../large_fep_dataset/data/fep_benchmark_processed/gpcrs_ox2_hip_custcore_protein.pdb,460,7.304132,6.5361853,6.3774447,6.2903533,6.482543,6.392455,6.3543477,5.9938116,6.3399854,6.9023623,6.4973617
461,gpcrs/ox2_hip_custcore,gpcrs/ox2_hip_custcore/set 2: 3,../large_fep_dataset/data/fep_benchmark_processed/gpcrs_ox2_hip_custcore_set_2:_3.sdf,../large_fep_dataset/data/fep_benchmark_processed/gpcrs_ox2_hip_custcore_protein.pdb,461,7.1051116,6.745115,6.748471,7.054067,7.1309323,6.6200023,6.0045886,6.7023644,6.0723705,6.9274707,6.7110496
462,gpcrs/ox2_hip_custcore,gpcrs/ox2_hip_custcore/set 2: 4,../large_fep_dataset/data/fep_benchmark_processed/gpcrs_ox2_hip_custcore_set_2:_4.sdf,../large_fep_dataset/data/fep_benchmark_processed/gpcrs_ox2_hip_custcore_protein.pdb,462,6.9952354,7.0108814,6.548752,6.9308047,7.1084824,6.5389686,5.7963724,6.9286013,6.0530267,6.4064665,6.6317587
463,gpcrs/ox2_hip_custcore,gpcrs/ox2_hip_custcore/set 2: 5 adjust,../large_fep_dataset/data/fep_benchmark_processed/gpcrs_ox2_hip_custcore_set_2:_5_adjust.sdf,../large_fep_dataset/data/fep_benchmark_processed/gpcrs_ox2_hip_custcore_protein.pdb,463,7.2451797,6.8994617,6.906652,6.5676427,7.0814466,6.8516583,6.2421865,7.0627265,6.621409,7.135897,6.861426
464,gpcrs/ox2_hip_custcore,gpcrs/ox2_hip_custcore/set 2: 6,../large_fep_dataset/data/fep_benchmark_processed/gpcrs_ox2_hip_custcore_set_2:_6.sdf,../large_fep_dataset/data/fep_benchmark_processed/gpcrs_ox2_hip_custcore_protein.pdb,464,7.084661,7.0012,6.6413736,6.99891,7.1193404,6.9237,6.346577,7.26591,6.668605,6.3242393,6.837451
465,gpcrs/ox2_hip_custcore,gpcrs/ox2_hip_custcore/set 2: 7,../large_fep_dataset/data/fep_benchmark_processed/gpcrs_ox2_hip_custcore_set_2:_7.sdf,../large_fep_dataset/data/fep_benchmark_processed/gpcrs_ox2_hip_custcore_protein.pdb,465,7.514392,6.586801,6.562615,6.7213664,6.8183627,6.71741,6.537558,6.615468,6.167924,6.828921,6.707082
466,gpcrs/ox2_hip_custcore,gpcrs/ox2_hip_custcore/set 2: 8,../large_fep_dataset/data/fep_benchmark_processed/gpcrs_ox2_hip_custcore_set_2:_8.sdf,../large_fep_dataset/data/fep_benchmark_processed/gpcrs_ox2_hip_custcore_protein.pdb,466,7.199532,6.8171353,6.654516,7.345142,7.1621366,6.9493647,6.535831,6.8447127,5.7285867,6.626778,6.786374
467,gpcrs/ox2_hip_custcore,gpcrs/ox2_hip_custcore/set 2: 9,../large_fep_dataset/data/fep_benchmark_processed/gpcrs_ox2_hip_custcore_set_2:_9.sdf,../large_fep_dataset/data/fep_benchmark_processed/gpcrs_ox2_hip_custcore_protein.pdb,467,7.277572,7.0070944,6.6770415,7.298229,7.225384,6.491974,6.367532,7.045363,6.4836698,6.980995,6.8854856
468,gpcrs/ox2_hip_custcore,gpcrs/ox2_hip_custcore/set 2: 10,../large_fep_dataset/data/fep_benchmark_processed/gpcrs_ox2_hip_custcore_set_2:_10.sdf,../large_fep_dataset/data/fep_benchmark_processed/gpcrs_ox2_hip_custcore_protein.pdb,468,7.4474473,6.9901752,6.6064997,7.363779,6.9188056,6.657063,6.4753885,6.8949275,6.325564,6.543277,6.8222923
469,gpcrs/ox2_hip_custcore,gpcrs/ox2_hip_custcore/set 2: 11,../large_fep_dataset/data/fep_benchmark_processed/gpcrs_ox2_hip_custcore_set_2:_11.sdf,../large_fep_dataset/data/fep_benchmark_processed/gpcrs_ox2_hip_custcore_protein.pdb,469,7.310215,6.764617,6.581304,6.8566957,6.842571,6.9029336,6.6815786,6.2743177,5.714891,7.014054,6.694318
470,gpcrs/ox2_hip_custcore,gpcrs/ox2_hip_custcore/set 2: 12,../large_fep_dataset/data/fep_benchmark_processed/gpcrs_ox2_hip_custcore_set_2:_12.sdf,../large_fep_dataset/data/fep_benchmark_processed/gpcrs_ox2_hip_custcore_protein.pdb,470,6.9450316,7.0036397,6.672894,7.024162,7.4980636,6.995635,6.876615,6.994056,6.3745666,7.2170815,6.9601746
471,gpcrs/ox2_hip_custcore,gpcrs/ox2_hip_custcore/set 2: 13,../large_fep_dataset/data/fep_benchmark_processed/gpcrs_ox2_hip_custcore_set_2:_13.sdf,../large_fep_dataset/data/fep_benchmark_processed/gpcrs_ox2_hip_custcore_protein.pdb,471,6.934634,7.1049523,6.6204925,6.743241,6.941327,6.3371673,6.29169,6.373875,5.7985387,6.8665566,6.6012473
472,gpcrs/ox2_hip_custcore,gpcrs/ox2_hip_custcore/set 2: 14,../large_fep_dataset/data/fep_benchmark_processed/gpcrs_ox2_hip_custcore_set_2:_14.sdf,../large_fep_dataset/data/fep_benchmark_processed/gpcrs_ox2_hip_custcore_protein.pdb,472,7.248244,6.9822965,6.556609,6.8325386,7.151844,6.5170016,6.5005403,6.346674,6.111767,6.7263765,6.697389
473,gpcrs/ox2_hip_custcore,gpcrs/ox2_hip_custcore/set 2: 15,../large_fep_dataset/data/fep_benchmark_processed/gpcrs_ox2_hip_custcore_set_2:_15.sdf,../large_fep_dataset/data/fep_benchmark_processed/gpcrs_ox2_hip_custcore_protein.pdb,473,7.5651755,7.136018,6.633979,7.1320987,7.1089697,6.1548076,6.334116,6.5442023,6.6551785,7.60034,6.8864884
474,gpcrs/ox2_hip_custcore,gpcrs/ox2_hip_custcore/set 2: 16,../large_fep_dataset/data/fep_benchmark_processed/gpcrs_ox2_hip_custcore_set_2:_16.sdf,../large_fep_dataset/data/fep_benchmark_processed/gpcrs_ox2_hip_custcore_protein.pdb,474,8.021743,7.1168475,6.624548,6.777151,7.2171,7.250365,6.921966,6.6614666,6.402307,7.2683964,7.026189
475,gpcrs/ox2_hip_custcore,gpcrs/ox2_hip_custcore/set 2: 17,../large_fep_dataset/data/fep_benchmark_processed/gpcrs_ox2_hip_custcore_set_2:_17.sdf,../large_fep_dataset/data/fep_benchmark_processed/gpcrs_ox2_hip_custcore_protein.pdb,475,7.2601104,6.672847,6.4707546,7.3546124,6.8301005,6.6080384,6.918024,6.6663876,6.183273,6.4708886,6.7435036
476,gpcrs/ox2_hip_custcore,gpcrs/ox2_hip_custcore/set 2: 18,../large_fep_dataset/data/fep_benchmark_processed/gpcrs_ox2_hip_custcore_set_2:_18.sdf,../large_fep_dataset/data/fep_benchmark_processed/gpcrs_ox2_hip_custcore_protein.pdb,476,7.2861357,7.099147,6.424144,7.2806506,7.4922037,6.6651945,6.2920785,6.63513,6.461165,6.5699344,6.820578
477,gpcrs/ox2_hip_custcore,gpcrs/ox2_hip_custcore/set 2: 19,../large_fep_dataset/data/fep_benchmark_processed/gpcrs_ox2_hip_custcore_set_2:_19.sdf,../large_fep_dataset/data/fep_benchmark_processed/gpcrs_ox2_hip_custcore_protein.pdb,477,7.304864,6.356364,6.620711,7.133617,7.074429,6.58006,6.556664,6.5395865,5.773557,6.8952394,6.683509
478,gpcrs/ox2_hip_custcore,gpcrs/ox2_hip_custcore/set 2: 20,../large_fep_dataset/data/fep_benchmark_processed/gpcrs_ox2_hip_custcore_set_2:_20.sdf,../large_fep_dataset/data/fep_benchmark_processed/gpcrs_ox2_hip_custcore_protein.pdb,478,7.0185776,7.2425046,6.4211946,7.081759,7.264004,6.441387,6.5705256,6.506036,5.6358814,7.0073495,6.7189217
479,gpcrs/ox2_hip_custcore,gpcrs/ox2_hip_custcore/set 2: 21,../large_fep_dataset/data/fep_benchmark_processed/gpcrs_ox2_hip_custcore_set_2:_21.sdf,../large_fep_dataset/data/fep_benchmark_processed/gpcrs_ox2_hip_custcore_protein.pdb,479,7.1671543,6.9822416,6.4989696,6.6736803,7.1840634,6.4891486,6.3422174,6.5112433,5.8336034,6.7875767,6.6469893
480,gpcrs/ox2_hip_custcore,gpcrs/ox2_hip_custcore/set 2: 22,../large_fep_dataset/data/fep_benchmark_processed/gpcrs_ox2_hip_custcore_set_2:_22.sdf,../large_fep_dataset/data/fep_benchmark_processed/gpcrs_ox2_hip_custcore_protein.pdb,480,6.6303387,6.904282,6.1622815,6.721549,6.6628966,6.023764,6.4532638,6.157839,6.450449,6.9063163,6.5072975
481,gpcrs/ox2_hip_custcore,gpcrs/ox2_hip_custcore/set 2: 23,../large_fep_dataset/data/fep_benchmark_processed/gpcrs_ox2_hip_custcore_set_2:_23.sdf,../large_fep_dataset/data/fep_benchmark_processed/gpcrs_ox2_hip_custcore_protein.pdb,481,7.3665924,7.2761817,6.5126047,6.691795,6.8877745,6.648037,6.370494,6.4416595,6.1385984,6.580402,6.691414
482,gpcrs/ox2_hip_custcore,gpcrs/ox2_hip_custcore/set 2: 24,../large_fep_dataset/data/fep_benchmark_processed/gpcrs_ox2_hip_custcore_set_2:_24.sdf,../large_fep_dataset/data/fep_benchmark_processed/gpcrs_ox2_hip_custcore_protein.pdb,482,7.372385,7.710862,7.156127,7.1543174,7.6651044,6.9514265,6.8636827,7.874723,6.2208734,7.4663367,7.2435837
483,gpcrs/p2y1_meta_sub,gpcrs/p2y1_meta_sub/16,../large_fep_dataset/data/fep_benchmark_processed/gpcrs_p2y1_meta_sub_16.sdf,../large_fep_dataset/data/fep_benchmark_processed/gpcrs_p2y1_meta_sub_protein.pdb,483,6.1417875,5.508041,5.924244,6.485917,6.2914515,5.589585,6.610294,6.140459,6.045011,6.0074353,6.0744224
484,gpcrs/p2y1_meta_sub,gpcrs/p2y1_meta_sub/11a,../large_fep_dataset/data/fep_benchmark_processed/gpcrs_p2y1_meta_sub_11a.sdf,../large_fep_dataset/data/fep_benchmark_processed/gpcrs_p2y1_meta_sub_protein.pdb,484,5.270156,5.1344833,5.0588336,6.2564826,4.6925364,5.195296,5.8392034,5.3915195,5.1163054,5.887698,5.3842516
485,gpcrs/p2y1_meta_sub,gpcrs/p2y1_meta_sub/6e,../large_fep_dataset/data/fep_benchmark_processed/gpcrs_p2y1_meta_sub_6e.sdf,../large_fep_dataset/data/fep_benchmark_processed/gpcrs_p2y1_meta_sub_protein.pdb,485,5.102494,4.835191,5.256875,5.138535,4.819477,5.0960593,5.075693,5.4196525,5.461645,5.378829,5.158445
486,gpcrs/p2y1_meta_sub,gpcrs/p2y1_meta_sub/11c,../large_fep_dataset/data/fep_benchmark_processed/gpcrs_p2y1_meta_sub_11c.sdf,../large_fep_dataset/data/fep_benchmark_processed/gpcrs_p2y1_meta_sub_protein.pdb,486,5.8041997,5.427393,6.2202663,6.963238,5.6915383,5.7520633,6.812974,6.7826056,6.391424,5.9057446,6.175144
487,gpcrs/p2y1_meta_sub,gpcrs/p2y1_meta_sub/6b,../large_fep_dataset/data/fep_benchmark_processed/gpcrs_p2y1_meta_sub_6b.sdf,../large_fep_dataset/data/fep_benchmark_processed/gpcrs_p2y1_meta_sub_protein.pdb,487,5.264812,4.9174223,5.211541,5.67145,4.9597783,5.5090976,5.2524223,6.0348525,5.7493033,5.8474255,5.4418097
488,gpcrs/p2y1_meta_sub,gpcrs/p2y1_meta_sub/1,../large_fep_dataset/data/fep_benchmark_processed/gpcrs_p2y1_meta_sub_1.sdf,../large_fep_dataset/data/fep_benchmark_processed/gpcrs_p2y1_meta_sub_protein.pdb,488,5.372226,5.1153636,5.6209292,6.0950093,5.120647,5.5017467,6.1367807,5.9326186,5.7900667,5.937363,5.6622744
489,gpcrs/p2y1_meta_sub,gpcrs/p2y1_meta_sub/6a,../large_fep_dataset/data/fep_benchmark_processed/gpcrs_p2y1_meta_sub_6a.sdf,../large_fep_dataset/data/fep_benchmark_processed/gpcrs_p2y1_meta_sub_protein.pdb,489,5.211747,5.0566,5.0517597,5.2276406,4.877062,5.394511,5.1438274,5.8183637,5.644666,5.8191357,5.3245316
490,gpcrs/p2y1_meta_sub,gpcrs/p2y1_meta_sub/6f,../large_fep_dataset/data/fep_benchmark_processed/gpcrs_p2y1_meta_sub_6f.sdf,../large_fep_dataset/data/fep_benchmark_processed/gpcrs_p2y1_meta_sub_protein.pdb,490,5.139866,5.148727,5.2289066,5.5994225,4.9249525,5.504289,5.7770967,5.428072,5.433736,5.95615,5.414122
491,gpcrs/p2y1_meta_sub,gpcrs/p2y1_meta_sub/6h,../large_fep_dataset/data/fep_benchmark_processed/gpcrs_p2y1_meta_sub_6h.sdf,../large_fep_dataset/data/fep_benchmark_processed/gpcrs_p2y1_meta_sub_protein.pdb,491,5.4275627,5.315209,5.348756,4.878929,5.4096384,5.6036987,5.1726146,5.375992,5.5537195,5.6824145,5.376853
492,gpcrs/p2y1_meta_sub,gpcrs/p2y1_meta_sub/6d,../large_fep_dataset/data/fep_benchmark_processed/gpcrs_p2y1_meta_sub_6d.sdf,../large_fep_dataset/data/fep_benchmark_processed/gpcrs_p2y1_meta_sub_protein.pdb,492,5.3011255,5.0418577,5.128402,5.589561,4.774397,5.187247,5.396698,5.471641,5.9856133,5.882436,5.375898
493,gpcrs/p2y1_meta_sub,gpcrs/p2y1_meta_sub/6i,../large_fep_dataset/data/fep_benchmark_processed/gpcrs_p2y1_meta_sub_6i.sdf,../large_fep_dataset/data/fep_benchmark_processed/gpcrs_p2y1_meta_sub_protein.pdb,493,5.991621,5.259208,6.032607,6.193797,5.9515915,5.796531,6.2320886,5.8506126,6.2935576,5.675765,5.927738
494,gpcrs/p2y1_meta_sub,gpcrs/p2y1_meta_sub/6g,../large_fep_dataset/data/fep_benchmark_processed/gpcrs_p2y1_meta_sub_6g.sdf,../large_fep_dataset/data/fep_benchmark_processed/gpcrs_p2y1_meta_sub_protein.pdb,494,5.0839157,4.9590297,5.301019,4.884714,4.8555827,5.32895,5.4028306,5.321127,5.3548045,5.613291,5.2105265
495,gpcrs/p2y1_meta_sub,gpcrs/p2y1_meta_sub/6n,../large_fep_dataset/data/fep_benchmark_processed/gpcrs_p2y1_meta_sub_6n.sdf,../large_fep_dataset/data/fep_benchmark_processed/gpcrs_p2y1_meta_sub_protein.pdb,495,5.234431,5.1518044,5.338802,5.7295847,5.1619186,6.322745,5.651776,5.7764845,6.0356917,5.924903,5.632814
496,gpcrs/p2y1_meta_sub,gpcrs/p2y1_meta_sub/6m,../large_fep_dataset/data/fep_benchmark_processed/gpcrs_p2y1_meta_sub_6m.sdf,../large_fep_dataset/data/fep_benchmark_processed/gpcrs_p2y1_meta_sub_protein.pdb,496,5.736277,5.268679,5.536442,5.5587444,5.229708,5.612005,5.460414,5.620262,5.5749383,5.864292,5.5461764
497,gpcrs/p2y1_meta_sub,gpcrs/p2y1_meta_sub/6p,../large_fep_dataset/data/fep_benchmark_processed/gpcrs_p2y1_meta_sub_6p.sdf,../large_fep_dataset/data/fep_benchmark_processed/gpcrs_p2y1_meta_sub_protein.pdb,497,5.861361,5.080109,5.937722,5.731318,5.81651,5.877387,5.74802,5.9095693,6.0228276,5.664666,5.764949
498,gpcrs/p2y1_meta_sub,gpcrs/p2y1_meta_sub/6k,../large_fep_dataset/data/fep_benchmark_processed/gpcrs_p2y1_meta_sub_6k.sdf,../large_fep_dataset/data/fep_benchmark_processed/gpcrs_p2y1_meta_sub_protein.pdb,498,5.743279,5.6590605,5.680691,5.659952,5.8489747,6.133385,5.592379,5.5983686,6.241416,5.7355227,5.7893033
499,gpcrs/p2y1_meta_sub,gpcrs/p2y1_meta_sub/6o,../large_fep_dataset/data/fep_benchmark_processed/gpcrs_p2y1_meta_sub_6o.sdf,../large_fep_dataset/data/fep_benchmark_processed/gpcrs_p2y1_meta_sub_protein.pdb,499,5.4206996,5.497587,5.3436313,5.9327965,5.440862,5.7644563,5.8689203,5.9873667,5.9073243,5.829571,5.6993217
500,gpcrs/p2y1_meta_sub,gpcrs/p2y1_meta_sub/6q,../large_fep_dataset/data/fep_benchmark_processed/gpcrs_p2y1_meta_sub_6q.sdf,../large_fep_dataset/data/fep_benchmark_processed/gpcrs_p2y1_meta_sub_protein.pdb,500,5.34863,4.8296337,5.7632275,5.4042826,5.0911927,5.6369643,5.583352,6.1983404,6.132089,5.738536,5.5726247
501,gpcrs/p2y1_meta_sub,gpcrs/p2y1_meta_sub/6l,../large_fep_dataset/data/fep_benchmark_processed/gpcrs_p2y1_meta_sub_6l.sdf,../large_fep_dataset/data/fep_benchmark_processed/gpcrs_p2y1_meta_sub_protein.pdb,501,5.1703396,5.079331,5.4048142,5.317663,5.034099,5.763023,5.4484305,5.9297047,5.6604505,5.9240155,5.4731874
502,gpcrs/p2y1_meta_sub,gpcrs/p2y1_meta_sub/6j,../large_fep_dataset/data/fep_benchmark_processed/gpcrs_p2y1_meta_sub_6j.sdf,../large_fep_dataset/data/fep_benchmark_processed/gpcrs_p2y1_meta_sub_protein.pdb,502,5.338049,5.046984,5.256166,5.599006,5.344762,5.005962,5.368871,5.5638895,5.492891,5.7794347,5.3796015
503,gpcrs/p2y1_ortho_sub,gpcrs/p2y1_ortho_sub/16,../large_fep_dataset/data/fep_benchmark_processed/gpcrs_p2y1_ortho_sub_16.sdf,../large_fep_dataset/data/fep_benchmark_processed/gpcrs_p2y1_ortho_sub_protein.pdb,503,6.235232,6.0152454,5.9930935,6.9865894,6.3170586,5.9090204,7.079416,6.8368273,5.8949957,5.753704,6.302118
504,gpcrs/p2y1_ortho_sub,gpcrs/p2y1_ortho_sub/11b,../large_fep_dataset/data/fep_benchmark_processed/gpcrs_p2y1_ortho_sub_11b.sdf,../large_fep_dataset/data/fep_benchmark_processed/gpcrs_p2y1_ortho_sub_protein.pdb,504,6.566369,5.919883,6.2602935,7.446994,6.3281794,6.4459233,7.2916937,7.115928,5.922747,6.0613136,6.535933
505,gpcrs/p2y1_ortho_sub,gpcrs/p2y1_ortho_sub/17,../large_fep_dataset/data/fep_benchmark_processed/gpcrs_p2y1_ortho_sub_17.sdf,../large_fep_dataset/data/fep_benchmark_processed/gpcrs_p2y1_ortho_sub_protein.pdb,505,6.342727,6.0510626,5.9740763,6.3231134,6.303198,6.5372543,6.502426,7.0611176,6.2769413,6.1261487,6.349807
506,gpcrs/p2y1_ortho_sub,gpcrs/p2y1_ortho_sub/14,../large_fep_dataset/data/fep_benchmark_processed/gpcrs_p2y1_ortho_sub_14.sdf,../large_fep_dataset/data/fep_benchmark_processed/gpcrs_p2y1_ortho_sub_protein.pdb,506,6.358933,5.6223245,5.7630997,6.24731,6.289861,6.0648227,6.6819687,5.7298937,5.686171,4.983485,5.942787
507,gpcrs/p2y1_ortho_sub,gpcrs/p2y1_ortho_sub/11e,../large_fep_dataset/data/fep_benchmark_processed/gpcrs_p2y1_ortho_sub_11e.sdf,../large_fep_dataset/data/fep_benchmark_processed/gpcrs_p2y1_ortho_sub_protein.pdb,507,5.8369975,5.557379,5.7273765,6.3232293,5.6478786,5.738991,6.1875763,6.412235,6.3334265,5.546206,5.93113
508,gpcrs/p2y1_ortho_sub,gpcrs/p2y1_ortho_sub/11d,../large_fep_dataset/data/fep_benchmark_processed/gpcrs_p2y1_ortho_sub_11d.sdf,../large_fep_dataset/data/fep_benchmark_processed/gpcrs_p2y1_ortho_sub_protein.pdb,508,6.0266914,5.6993146,6.6817613,7.061522,6.076867,6.056619,6.6120214,7.09735,6.236965,5.807455,6.3356566
509,gpcrs/p2y1_ortho_sub,gpcrs/p2y1_ortho_sub/11f,../large_fep_dataset/data/fep_benchmark_processed/gpcrs_p2y1_ortho_sub_11f.sdf,../large_fep_dataset/data/fep_benchmark_processed/gpcrs_p2y1_ortho_sub_protein.pdb,509,5.456029,5.825136,5.8818955,6.7474513,5.4071903,5.4747715,6.5570946,5.9856315,5.772175,4.9543185,5.806169
510,gpcrs/p2y1_ortho_sub,gpcrs/p2y1_ortho_sub/18,../large_fep_dataset/data/fep_benchmark_processed/gpcrs_p2y1_ortho_sub_18.sdf,../large_fep_dataset/data/fep_benchmark_processed/gpcrs_p2y1_ortho_sub_protein.pdb,510,5.8153257,5.9294996,6.503209,6.248838,6.380944,6.3751726,6.353583,7.1233907,6.4938903,5.8484845,6.307234
511,gpcrs/p2y1_ortho_sub,gpcrs/p2y1_ortho_sub/12,../large_fep_dataset/data/fep_benchmark_processed/gpcrs_p2y1_ortho_sub_12.sdf,../large_fep_dataset/data/fep_benchmark_processed/gpcrs_p2y1_ortho_sub_protein.pdb,511,6.216161,6.333767,6.114964,6.45671,6.6531253,6.469329,6.4482026,6.6294756,6.124531,5.7297997,6.317607
512,gpcrs/p2y1_ortho_sub,gpcrs/p2y1_ortho_sub/11a,../large_fep_dataset/data/fep_benchmark_processed/gpcrs_p2y1_ortho_sub_11a.sdf,../large_fep_dataset/data/fep_benchmark_processed/gpcrs_p2y1_ortho_sub_protein.pdb,512,5.412126,5.870775,5.061699,6.2924433,4.87343,5.282601,5.8718314,5.266393,5.043791,5.2446947,5.4219785
513,gpcrs/p2y1_ortho_sub,gpcrs/p2y1_ortho_sub/19,../large_fep_dataset/data/fep_benchmark_processed/gpcrs_p2y1_ortho_sub_19.sdf,../large_fep_dataset/data/fep_benchmark_processed/gpcrs_p2y1_ortho_sub_protein.pdb,513,5.6786885,5.7909403,6.0578156,6.4533067,6.076492,5.5831866,6.3959074,6.233646,5.74085,5.3440084,5.9354844
514,gpcrs/p2y1_ortho_sub,gpcrs/p2y1_ortho_sub/13,../large_fep_dataset/data/fep_benchmark_processed/gpcrs_p2y1_ortho_sub_13.sdf,../large_fep_dataset/data/fep_benchmark_processed/gpcrs_p2y1_ortho_sub_protein.pdb,514,6.0707116,5.937017,5.741643,6.3439636,6.370554,6.1204524,5.9271317,5.8267694,5.973882,5.26696,5.957908
515,janssen_bace/bace_keranen_p2,janssen_bace/bace_keranen_p2/29,../large_fep_dataset/data/fep_benchmark_processed/janssen_bace_bace_keranen_p2_29.sdf,../large_fep_dataset/data/fep_benchmark_processed/janssen_bace_bace_keranen_p2_protein.pdb,515,6.805144,6.7637568,6.5038767,6.712482,7.1246195,7.0333776,7.074661,6.834458,6.59503,6.413461,6.786086
516,janssen_bace/bace_keranen_p2,janssen_bace/bace_keranen_p2/30,../large_fep_dataset/data/fep_benchmark_processed/janssen_bace_bace_keranen_p2_30.sdf,../large_fep_dataset/data/fep_benchmark_processed/janssen_bace_bace_keranen_p2_protein.pdb,516,6.647671,6.8027577,6.552202,7.1028204,7.0189104,6.8947887,6.9145126,7.06149,6.907613,6.645273,6.8548036
517,janssen_bace/bace_keranen_p2,janssen_bace/bace_keranen_p2/31,../large_fep_dataset/data/fep_benchmark_processed/janssen_bace_bace_keranen_p2_31.sdf,../large_fep_dataset/data/fep_benchmark_processed/janssen_bace_bace_keranen_p2_protein.pdb,517,6.8487883,7.2081685,7.118985,7.3414373,7.280606,7.22006,7.0600495,7.1603465,7.310366,6.91231,7.1461115
518,janssen_bace/bace_keranen_p2,janssen_bace/bace_keranen_p2/32,../large_fep_dataset/data/fep_benchmark_processed/janssen_bace_bace_keranen_p2_32.sdf,../large_fep_dataset/data/fep_benchmark_processed/janssen_bace_bace_keranen_p2_protein.pdb,518,7.0000634,7.157687,7.3702526,7.4380727,7.3959384,6.898408,7.425928,7.452613,7.391515,6.479868,7.2010345
519,janssen_bace/bace_keranen_p2,janssen_bace/bace_keranen_p2/33,../large_fep_dataset/data/fep_benchmark_processed/janssen_bace_bace_keranen_p2_33.sdf,../large_fep_dataset/data/fep_benchmark_processed/janssen_bace_bace_keranen_p2_protein.pdb,519,6.927544,7.1880565,6.632047,7.4693794,7.57992,7.1259146,7.2671657,7.1750326,6.539866,6.6825013,7.0587435
520,janssen_bace/bace_keranen_p2,janssen_bace/bace_keranen_p2/34,../large_fep_dataset/data/fep_benchmark_processed/janssen_bace_bace_keranen_p2_34.sdf,../large_fep_dataset/data/fep_benchmark_processed/janssen_bace_bace_keranen_p2_protein.pdb,520,7.2451215,6.7020245,6.9497323,6.6673303,7.7429805,7.700853,7.4004593,6.9682055,6.8605165,6.651226,7.0888443
521,janssen_bace/bace_keranen_p2,janssen_bace/bace_keranen_p2/35,../large_fep_dataset/data/fep_benchmark_processed/janssen_bace_bace_keranen_p2_35.sdf,../large_fep_dataset/data/fep_benchmark_processed/janssen_bace_bace_keranen_p2_protein.pdb,521,6.9103503,6.6708164,7.0570583,6.960501,7.045706,6.725214,7.480689,7.046639,7.1807585,6.626891,6.970462
522,janssen_bace/bace_keranen_p2,janssen_bace/bace_keranen_p2/36 out,../large_fep_dataset/data/fep_benchmark_processed/janssen_bace_bace_keranen_p2_36_out.sdf,../large_fep_dataset/data/fep_benchmark_processed/janssen_bace_bace_keranen_p2_protein.pdb,522,7.2411237,7.27429,6.217255,7.14593,7.452132,7.231071,7.5268393,7.044184,7.2225337,6.8133287,7.1168694
523,janssen_bace/bace_keranen_p2,janssen_bace/bace_keranen_p2/37 out,../large_fep_dataset/data/fep_benchmark_processed/janssen_bace_bace_keranen_p2_37_out.sdf,../large_fep_dataset/data/fep_benchmark_processed/janssen_bace_bace_keranen_p2_protein.pdb,523,7.0719748,6.9773254,6.7213607,7.128389,7.079628,7.12115,7.315294,6.743254,7.4194818,6.614641,7.01925
524,janssen_bace/bace_keranen_p2,janssen_bace/bace_keranen_p2/39 out,../large_fep_dataset/data/fep_benchmark_processed/janssen_bace_bace_keranen_p2_39_out.sdf,../large_fep_dataset/data/fep_benchmark_processed/janssen_bace_bace_keranen_p2_protein.pdb,524,6.756279,6.797776,6.224954,6.4764657,6.9109554,7.1449523,6.9646277,7.0766006,6.7264223,6.684717,6.776374
525,janssen_bace/bace_keranen_p2,janssen_bace/bace_keranen_p2/38 out,../large_fep_dataset/data/fep_benchmark_processed/janssen_bace_bace_keranen_p2_38_out.sdf,../large_fep_dataset/data/fep_benchmark_processed/janssen_bace_bace_keranen_p2_protein.pdb,525,7.14401,7.2620764,6.798615,7.2841806,7.498049,7.333896,7.792878,6.958345,7.178288,6.9285593,7.2178893
526,janssen_bace/bace_keranen_p2,janssen_bace/bace_keranen_p2/28 out,../large_fep_dataset/data/fep_benchmark_processed/janssen_bace_bace_keranen_p2_28_out.sdf,../large_fep_dataset/data/fep_benchmark_processed/janssen_bace_bace_keranen_p2_protein.pdb,526,6.9046025,7.0375853,7.098596,7.0642424,7.568246,7.469116,7.3947005,7.014407,7.3724604,6.876274,7.180023
527,janssen_bace/bace_ciordia_retro,janssen_bace/bace_ciordia_retro/1a,../large_fep_dataset/data/fep_benchmark_processed/janssen_bace_bace_ciordia_retro_1a.sdf,../large_fep_dataset/data/fep_benchmark_processed/janssen_bace_bace_ciordia_retro_protein.pdb,527,4.5055537,4.665081,4.720134,4.503185,4.620762,4.3505406,5.154522,4.590133,4.791368,4.949974,4.685125
528,janssen_bace/bace_ciordia_retro,janssen_bace/bace_ciordia_retro/11,../large_fep_dataset/data/fep_benchmark_processed/janssen_bace_bace_ciordia_retro_11.sdf,../large_fep_dataset/data/fep_benchmark_processed/janssen_bace_bace_ciordia_retro_protein.pdb,528,6.489988,5.9579144,6.264736,6.3022475,6.300824,5.827295,6.0721326,6.191225,6.1148024,6.275122,6.1796293
529,janssen_bace/bace_ciordia_retro,janssen_bace/bace_ciordia_retro/12,../large_fep_dataset/data/fep_benchmark_processed/janssen_bace_bace_ciordia_retro_12.sdf,../large_fep_dataset/data/fep_benchmark_processed/janssen_bace_bace_ciordia_retro_protein.pdb,529,7.280482,7.250427,7.418395,7.3463926,7.471374,7.074998,7.3628855,7.260248,7.401145,7.175321,7.3041673
530,janssen_bace/bace_ciordia_retro,janssen_bace/bace_ciordia_retro/13,../large_fep_dataset/data/fep_benchmark_processed/janssen_bace_bace_ciordia_retro_13.sdf,../large_fep_dataset/data/fep_benchmark_processed/janssen_bace_bace_ciordia_retro_protein.pdb,530,6.924135,6.8063526,7.155063,7.1866465,6.804096,6.9619412,6.794272,6.9152308,6.889866,7.033395,6.9471
531,janssen_bace/bace_ciordia_retro,janssen_bace/bace_ciordia_retro/14,../large_fep_dataset/data/fep_benchmark_processed/janssen_bace_bace_ciordia_retro_14.sdf,../large_fep_dataset/data/fep_benchmark_processed/janssen_bace_bace_ciordia_retro_protein.pdb,531,6.661491,6.9354715,6.949043,7.0744452,6.7596607,6.505682,6.8234386,6.899097,6.8269777,6.747221,6.8182535
532,janssen_bace/bace_ciordia_retro,janssen_bace/bace_ciordia_retro/15,../large_fep_dataset/data/fep_benchmark_processed/janssen_bace_bace_ciordia_retro_15.sdf,../large_fep_dataset/data/fep_benchmark_processed/janssen_bace_bace_ciordia_retro_protein.pdb,532,6.14845,5.668207,6.2383857,6.4939036,6.4098697,5.590654,6.4046373,6.0131345,6.2257648,6.13061,6.1323614
533,janssen_bace/bace_ciordia_retro,janssen_bace/bace_ciordia_retro/16,../large_fep_dataset/data/fep_benchmark_processed/janssen_bace_bace_ciordia_retro_16.sdf,../large_fep_dataset/data/fep_benchmark_processed/janssen_bace_bace_ciordia_retro_protein.pdb,533,6.291361,6.0860443,6.525106,5.9465227,6.404071,6.4977784,6.2621984,6.722591,6.34232,6.194031,6.327203
534,janssen_bace/bace_ciordia_retro,janssen_bace/bace_ciordia_retro/17,../large_fep_dataset/data/fep_benchmark_processed/janssen_bace_bace_ciordia_retro_17.sdf,../large_fep_dataset/data/fep_benchmark_processed/janssen_bace_bace_ciordia_retro_protein.pdb,534,7.2836633,7.4867187,7.4617996,7.2172422,7.646539,7.0995197,7.186599,7.22315,7.4874196,7.208894,7.3301544
535,janssen_bace/bace_ciordia_retro,janssen_bace/bace_ciordia_retro/18,../large_fep_dataset/data/fep_benchmark_processed/janssen_bace_bace_ciordia_retro_18.sdf,../large_fep_dataset/data/fep_benchmark_processed/janssen_bace_bace_ciordia_retro_protein.pdb,535,7.159936,7.2959,7.14292,7.2899227,7.1213818,6.8244233,7.261231,7.0889287,7.276684,7.143327,7.1604652
536,janssen_bace/bace_ciordia_retro,janssen_bace/bace_ciordia_retro/19,../large_fep_dataset/data/fep_benchmark_processed/janssen_bace_bace_ciordia_retro_19.sdf,../large_fep_dataset/data/fep_benchmark_processed/janssen_bace_bace_ciordia_retro_protein.pdb,536,6.986963,7.2147403,6.9367023,7.2298408,6.8376493,6.8298926,6.793151,7.2128434,7.1591988,6.6815953,6.9882574
537,janssen_bace/bace_ciordia_retro,janssen_bace/bace_ciordia_retro/20,../large_fep_dataset/data/fep_benchmark_processed/janssen_bace_bace_ciordia_retro_20.sdf,../large_fep_dataset/data/fep_benchmark_processed/janssen_bace_bace_ciordia_retro_protein.pdb,537,7.321948,7.4256763,7.4001436,7.2929573,7.702921,7.3096128,7.5103464,7.2195654,7.5258017,7.1828446,7.3891816
538,janssen_bace/bace_ciordia_retro,janssen_bace/bace_ciordia_retro/21,../large_fep_dataset/data/fep_benchmark_processed/janssen_bace_bace_ciordia_retro_21.sdf,../large_fep_dataset/data/fep_benchmark_processed/janssen_bace_bace_ciordia_retro_protein.pdb,538,7.414045,7.130166,7.2196198,7.1340494,7.630564,7.0117974,7.360688,7.3724504,7.3671007,7.054898,7.269539
539,janssen_bace/bace_ciordia_retro,janssen_bace/bace_ciordia_retro/22,../large_fep_dataset/data/fep_benchmark_processed/janssen_bace_bace_ciordia_retro_22.sdf,../large_fep_dataset/data/fep_benchmark_processed/janssen_bace_bace_ciordia_retro_protein.pdb,539,6.1297665,5.6975613,6.768628,6.184493,6.128874,6.0702367,6.0573087,6.1790147,5.9810696,6.396815,6.159377
540,janssen_bace/bace_ciordia_retro,janssen_bace/bace_ciordia_retro/23,../large_fep_dataset/data/fep_benchmark_processed/janssen_bace_bace_ciordia_retro_23.sdf,../large_fep_dataset/data/fep_benchmark_processed/janssen_bace_bace_ciordia_retro_protein.pdb,540,6.7453203,6.1514883,6.5817657,6.2696066,6.707172,6.567094,6.6517506,7.0743394,6.5820737,6.379863,6.5710473
541,janssen_bace/bace_ciordia_retro,janssen_bace/bace_ciordia_retro/24,../large_fep_dataset/data/fep_benchmark_processed/janssen_bace_bace_ciordia_retro_24.sdf,../large_fep_dataset/data/fep_benchmark_processed/janssen_bace_bace_ciordia_retro_protein.pdb,541,6.993435,6.533804,6.7213774,6.8816113,7.0218315,6.980326,6.8314247,7.093855,7.0152044,6.7734833,6.884635
542,janssen_bace/bace_ciordia_retro,janssen_bace/bace_ciordia_retro/25,../large_fep_dataset/data/fep_benchmark_processed/janssen_bace_bace_ciordia_retro_25.sdf,../large_fep_dataset/data/fep_benchmark_processed/janssen_bace_bace_ciordia_retro_protein.pdb,542,6.663618,6.0731306,6.852071,6.8466396,6.3707337,6.5431824,6.6798577,6.6670313,6.6878777,6.816907,6.620105
543,janssen_bace/bace_ciordia_retro,janssen_bace/bace_ciordia_retro/26,../large_fep_dataset/data/fep_benchmark_processed/janssen_bace_bace_ciordia_retro_26.sdf,../large_fep_dataset/data/fep_benchmark_processed/janssen_bace_bace_ciordia_retro_protein.pdb,543,7.235536,6.653757,7.0399137,6.8308244,6.9496007,7.2114625,6.9698462,7.473369,6.9247603,6.740035,7.0029106
544,janssen_bace/bace_ciordia_retro,janssen_bace/bace_ciordia_retro/27,../large_fep_dataset/data/fep_benchmark_processed/janssen_bace_bace_ciordia_retro_27.sdf,../large_fep_dataset/data/fep_benchmark_processed/janssen_bace_bace_ciordia_retro_protein.pdb,544,6.999972,6.8174124,6.8288393,6.956812,7.457311,6.892017,6.809079,6.9987774,6.9135027,6.9278703,6.9601593
545,janssen_bace/bace_ciordia_retro,janssen_bace/bace_ciordia_retro/28,../large_fep_dataset/data/fep_benchmark_processed/janssen_bace_bace_ciordia_retro_28.sdf,../large_fep_dataset/data/fep_benchmark_processed/janssen_bace_bace_ciordia_retro_protein.pdb,545,6.491837,6.150649,6.3105,6.569735,6.4503136,6.0325937,6.2777953,6.4463544,6.19053,6.3555193,6.3275824
546,janssen_bace/bace_ciordia_retro,janssen_bace/bace_ciordia_retro/29,../large_fep_dataset/data/fep_benchmark_processed/janssen_bace_bace_ciordia_retro_29.sdf,../large_fep_dataset/data/fep_benchmark_processed/janssen_bace_bace_ciordia_retro_protein.pdb,546,5.9213166,6.2181673,6.747056,6.3195767,6.5410657,6.1505423,6.1891394,6.347818,6.7916365,6.54089,6.376721
547,janssen_bace/bace_ciordia_retro,janssen_bace/bace_ciordia_retro/30,../large_fep_dataset/data/fep_benchmark_processed/janssen_bace_bace_ciordia_retro_30.sdf,../large_fep_dataset/data/fep_benchmark_processed/janssen_bace_bace_ciordia_retro_protein.pdb,547,5.4978085,5.576628,5.474375,6.5048223,5.5786495,5.231698,5.5015407,5.36427,6.036972,5.946138,5.67129
548,janssen_bace/bace_ciordia_retro,janssen_bace/bace_ciordia_retro/31,../large_fep_dataset/data/fep_benchmark_processed/janssen_bace_bace_ciordia_retro_31.sdf,../large_fep_dataset/data/fep_benchmark_processed/janssen_bace_bace_ciordia_retro_protein.pdb,548,6.5279064,6.382727,6.6376,6.3839927,6.358024,5.9605756,6.2687163,6.457617,6.6592236,6.4660344,6.4102416
549,janssen_bace/bace_ciordia_retro,janssen_bace/bace_ciordia_retro/32,../large_fep_dataset/data/fep_benchmark_processed/janssen_bace_bace_ciordia_retro_32.sdf,../large_fep_dataset/data/fep_benchmark_processed/janssen_bace_bace_ciordia_retro_protein.pdb,549,6.2873926,6.0680747,6.083701,6.3123193,6.116945,5.9465046,6.1451764,6.165293,6.2503266,5.7102757,6.1086006
550,janssen_bace/bace_ciordia_retro,janssen_bace/bace_ciordia_retro/33,../large_fep_dataset/data/fep_benchmark_processed/janssen_bace_bace_ciordia_retro_33.sdf,../large_fep_dataset/data/fep_benchmark_processed/janssen_bace_bace_ciordia_retro_protein.pdb,550,6.1851764,5.8003078,6.232961,6.1376104,6.0522885,5.463432,5.7848983,5.806928,6.1592927,6.076123,5.9699016
551,janssen_bace/bace_ciordia_retro,janssen_bace/bace_ciordia_retro/34,../large_fep_dataset/data/fep_benchmark_processed/janssen_bace_bace_ciordia_retro_34.sdf,../large_fep_dataset/data/fep_benchmark_processed/janssen_bace_bace_ciordia_retro_protein.pdb,551,7.2518487,7.315313,7.3335485,7.4464464,7.43037,7.061357,7.2469053,7.527115,7.704827,6.83305,7.3150787
552,janssen_bace/bace_ciordia_retro,janssen_bace/bace_ciordia_retro/35,../large_fep_dataset/data/fep_benchmark_processed/janssen_bace_bace_ciordia_retro_35.sdf,../large_fep_dataset/data/fep_benchmark_processed/janssen_bace_bace_ciordia_retro_protein.pdb,552,6.8869166,7.023393,7.0241714,7.2324486,7.2342834,7.354317,6.9545608,6.9864984,7.386279,6.863383,7.094625
553,janssen_bace/bace_ciordia_retro,janssen_bace/bace_ciordia_retro/36,../large_fep_dataset/data/fep_benchmark_processed/janssen_bace_bace_ciordia_retro_36.sdf,../large_fep_dataset/data/fep_benchmark_processed/janssen_bace_bace_ciordia_retro_protein.pdb,553,7.9336104,8.021389,8.0810795,7.917053,8.074963,7.1342106,7.5446877,8.021849,7.9065256,7.275912,7.7911277
554,janssen_bace/bace_ciordia_retro,janssen_bace/bace_ciordia_retro/37,../large_fep_dataset/data/fep_benchmark_processed/janssen_bace_bace_ciordia_retro_37.sdf,../large_fep_dataset/data/fep_benchmark_processed/janssen_bace_bace_ciordia_retro_protein.pdb,554,6.9252396,6.8237076,6.6055555,7.2734513,7.1043572,6.723751,7.133268,6.8618326,6.9514017,6.910822,6.9313383
555,janssen_bace/bace_ciordia_retro,janssen_bace/bace_ciordia_retro/38,../large_fep_dataset/data/fep_benchmark_processed/janssen_bace_bace_ciordia_retro_38.sdf,../large_fep_dataset/data/fep_benchmark_processed/janssen_bace_bace_ciordia_retro_protein.pdb,555,6.8655176,6.811528,6.8461704,7.0239034,7.1181555,6.55342,6.9941864,6.9674854,7.243819,6.8303785,6.925456
556,janssen_bace/bace_ciordia_retro,janssen_bace/bace_ciordia_retro/39,../large_fep_dataset/data/fep_benchmark_processed/janssen_bace_bace_ciordia_retro_39.sdf,../large_fep_dataset/data/fep_benchmark_processed/janssen_bace_bace_ciordia_retro_protein.pdb,556,7.1064053,6.7857184,6.743192,6.9395666,6.9087644,6.3601956,6.800021,6.758164,6.7261505,6.78142,6.79096
557,janssen_bace/bace_ciordia_retro,janssen_bace/bace_ciordia_retro/40,../large_fep_dataset/data/fep_benchmark_processed/janssen_bace_bace_ciordia_retro_40.sdf,../large_fep_dataset/data/fep_benchmark_processed/janssen_bace_bace_ciordia_retro_protein.pdb,557,6.806755,6.0176477,6.1671515,6.4975557,6.240369,6.3579936,6.223153,6.698475,6.5644317,6.3323736,6.39059
558,janssen_bace/bace_ciordia_retro,janssen_bace/bace_ciordia_retro/41,../large_fep_dataset/data/fep_benchmark_processed/janssen_bace_bace_ciordia_retro_41.sdf,../large_fep_dataset/data/fep_benchmark_processed/janssen_bace_bace_ciordia_retro_protein.pdb,558,6.4178405,6.465077,6.8758755,6.8348927,6.24924,6.6056647,6.347382,6.7901535,6.545337,6.7984657,6.5929933
559,janssen_bace/bace_ciordia_retro,janssen_bace/bace_ciordia_retro/30_protonated,../large_fep_dataset/data/fep_benchmark_processed/janssen_bace_bace_ciordia_retro_30_protonated.sdf,../large_fep_dataset/data/fep_benchmark_processed/janssen_bace_bace_ciordia_retro_protein.pdb,559,6.0074487,5.705323,5.7722597,6.3167424,6.041748,5.49513,5.938922,5.3903646,5.697722,5.7695365,5.8135195
560,janssen_bace/bace_p3_arg368_in,janssen_bace/bace_p3_arg368_in/8a,../large_fep_dataset/data/fep_benchmark_processed/janssen_bace_bace_p3_arg368_in_8a.sdf,../large_fep_dataset/data/fep_benchmark_processed/janssen_bace_bace_p3_arg368_in_protein.pdb,560,7.2061753,7.1147943,7.689333,7.6989136,7.3628793,7.1600966,7.2376466,7.6497355,6.9512835,7.376083,7.3446946
561,janssen_bace/bace_p3_arg368_in,janssen_bace/bace_p3_arg368_in/8b,../large_fep_dataset/data/fep_benchmark_processed/janssen_bace_bace_p3_arg368_in_8b.sdf,../large_fep_dataset/data/fep_benchmark_processed/janssen_bace_bace_p3_arg368_in_protein.pdb,561,7.8357215,7.6263833,8.103081,8.349235,7.714793,7.934646,8.083197,7.7141724,8.083995,8.069574,7.9514794
562,janssen_bace/bace_p3_arg368_in,janssen_bace/bace_p3_arg368_in/8c,../large_fep_dataset/data/fep_benchmark_processed/janssen_bace_bace_p3_arg368_in_8c.sdf,../large_fep_dataset/data/fep_benchmark_processed/janssen_bace_bace_p3_arg368_in_protein.pdb,562,7.6987224,7.4439955,8.086263,7.9339347,7.4299283,7.7010603,7.3272696,7.6222615,7.2902923,7.829344,7.6363077
563,janssen_bace/bace_p3_arg368_in,janssen_bace/bace_p3_arg368_in/8d,../large_fep_dataset/data/fep_benchmark_processed/janssen_bace_bace_p3_arg368_in_8d.sdf,../large_fep_dataset/data/fep_benchmark_processed/janssen_bace_bace_p3_arg368_in_protein.pdb,563,7.524108,7.347597,7.8308854,7.90872,7.6288176,7.4992003,7.548521,7.775891,7.492487,7.704796,7.6261024
564,janssen_bace/bace_p3_arg368_in,janssen_bace/bace_p3_arg368_in/8e,../large_fep_dataset/data/fep_benchmark_processed/janssen_bace_bace_p3_arg368_in_8e.sdf,../large_fep_dataset/data/fep_benchmark_processed/janssen_bace_bace_p3_arg368_in_protein.pdb,564,8.025792,7.4479136,7.4645467,7.8531804,8.193481,7.6231437,8.143577,7.833709,7.469899,7.947349,7.8002596
565,janssen_bace/bace_p3_arg368_in,janssen_bace/bace_p3_arg368_in/8f,../large_fep_dataset/data/fep_benchmark_processed/janssen_bace_bace_p3_arg368_in_8f.sdf,../large_fep_dataset/data/fep_benchmark_processed/janssen_bace_bace_p3_arg368_in_protein.pdb,565,7.640729,7.371597,8.267546,7.816365,7.960041,7.6845345,7.675847,7.7530646,7.451044,7.250272,7.687104
566,janssen_bace/bace_p3_arg368_in,janssen_bace/bace_p3_arg368_in/8g,../large_fep_dataset/data/fep_benchmark_processed/janssen_bace_bace_p3_arg368_in_8g.sdf,../large_fep_dataset/data/fep_benchmark_processed/janssen_bace_bace_p3_arg368_in_protein.pdb,566,8.473252,7.766993,8.37013,8.762006,8.14972,7.840856,8.236261,8.187125,8.057509,8.817108,8.266096
567,janssen_bace/bace_p3_arg368_in,janssen_bace/bace_p3_arg368_in/17a,../large_fep_dataset/data/fep_benchmark_processed/janssen_bace_bace_p3_arg368_in_17a.sdf,../large_fep_dataset/data/fep_benchmark_processed/janssen_bace_bace_p3_arg368_in_protein.pdb,567,7.225896,6.811644,6.8742,7.324852,7.3487067,7.410722,7.2483616,7.5410457,7.2501984,7.326066,7.236169
568,janssen_bace/bace_p3_arg368_in,janssen_bace/bace_p3_arg368_in/17b,../large_fep_dataset/data/fep_benchmark_processed/janssen_bace_bace_p3_arg368_in_17b.sdf,../large_fep_dataset/data/fep_benchmark_processed/janssen_bace_bace_p3_arg368_in_protein.pdb,568,7.7482567,7.6617064,7.740448,7.9346175,7.606177,7.9012218,8.029712,7.884767,7.8073883,7.8658085,7.818011
569,janssen_bace/bace_p3_arg368_in,janssen_bace/bace_p3_arg368_in/17c,../large_fep_dataset/data/fep_benchmark_processed/janssen_bace_bace_p3_arg368_in_17c.sdf,../large_fep_dataset/data/fep_benchmark_processed/janssen_bace_bace_p3_arg368_in_protein.pdb,569,7.492615,7.3237987,7.507436,7.8850346,7.407058,7.587112,7.6610904,7.3713737,7.3188963,7.8808055,7.543522
570,janssen_bace/bace_p3_arg368_in,janssen_bace/bace_p3_arg368_in/17d,../large_fep_dataset/data/fep_benchmark_processed/janssen_bace_bace_p3_arg368_in_17d.sdf,../large_fep_dataset/data/fep_benchmark_processed/janssen_bace_bace_p3_arg368_in_protein.pdb,570,7.449057,7.3112845,7.8749723,7.7798347,7.6647353,7.831836,7.9162087,7.6701026,7.622958,7.4621396,7.658313
571,janssen_bace/bace_p3_arg368_in,janssen_bace/bace_p3_arg368_in/17e,../large_fep_dataset/data/fep_benchmark_processed/janssen_bace_bace_p3_arg368_in_17e.sdf,../large_fep_dataset/data/fep_benchmark_processed/janssen_bace_bace_p3_arg368_in_protein.pdb,571,7.909403,7.68628,7.55208,7.646602,8.195319,7.8171287,8.126328,7.7152996,7.2416644,7.7721376,7.766224
572,janssen_bace/bace_p3_arg368_in,janssen_bace/bace_p3_arg368_in/17f,../large_fep_dataset/data/fep_benchmark_processed/janssen_bace_bace_p3_arg368_in_17f.sdf,../large_fep_dataset/data/fep_benchmark_processed/janssen_bace_bace_p3_arg368_in_protein.pdb,572,7.5768237,7.253504,8.025604,7.583125,7.8376846,7.8799915,7.7366767,7.6599364,7.4237294,7.1762047,7.6153274
573,janssen_bace/bace_p3_arg368_in,janssen_bace/bace_p3_arg368_in/17g,../large_fep_dataset/data/fep_benchmark_processed/janssen_bace_bace_p3_arg368_in_17g.sdf,../large_fep_dataset/data/fep_benchmark_processed/janssen_bace_bace_p3_arg368_in_protein.pdb,573,8.557224,7.6250834,7.9910483,8.4671135,7.974305,8.164346,8.185898,7.999444,7.942836,8.730598,8.16379
574,janssen_bace/bace_p3_arg368_in,janssen_bace/bace_p3_arg368_in/27a,../large_fep_dataset/data/fep_benchmark_processed/janssen_bace_bace_p3_arg368_in_27a.sdf,../large_fep_dataset/data/fep_benchmark_processed/janssen_bace_bace_p3_arg368_in_protein.pdb,574,7.009144,6.8312488,7.224583,7.52991,7.480644,7.528454,7.4162583,7.4099274,7.3801813,7.301097,7.311145
575,janssen_bace/bace_p3_arg368_in,janssen_bace/bace_p3_arg368_in/27b,../large_fep_dataset/data/fep_benchmark_processed/janssen_bace_bace_p3_arg368_in_27b.sdf,../large_fep_dataset/data/fep_benchmark_processed/janssen_bace_bace_p3_arg368_in_protein.pdb,575,7.640631,7.785484,7.8877897,8.198456,7.7035246,8.045332,7.9620323,7.9321604,8.069032,7.919186,7.914363
576,janssen_bace/bace_p3_arg368_in,janssen_bace/bace_p3_arg368_in/27c,../large_fep_dataset/data/fep_benchmark_processed/janssen_bace_bace_p3_arg368_in_27c.sdf,../large_fep_dataset/data/fep_benchmark_processed/janssen_bace_bace_p3_arg368_in_protein.pdb,576,7.220193,7.3488164,7.2121215,7.421833,7.3091373,7.340215,7.6213317,7.5003004,7.7729745,7.809662,7.455658
577,janssen_bace/bace_p3_arg368_in,janssen_bace/bace_p3_arg368_in/27d,../large_fep_dataset/data/fep_benchmark_processed/janssen_bace_bace_p3_arg368_in_27d.sdf,../large_fep_dataset/data/fep_benchmark_processed/janssen_bace_bace_p3_arg368_in_protein.pdb,577,7.5367103,7.4395204,7.691241,7.9028177,7.6443543,7.981466,7.925237,7.7242107,7.640739,7.577291,7.706359
578,janssen_bace/bace_p3_arg368_in,janssen_bace/bace_p3_arg368_in/27e,../large_fep_dataset/data/fep_benchmark_processed/janssen_bace_bace_p3_arg368_in_27e.sdf,../large_fep_dataset/data/fep_benchmark_processed/janssen_bace_bace_p3_arg368_in_protein.pdb,578,7.811397,7.306415,7.2936783,7.398005,7.925547,7.526667,8.227827,7.7115617,7.5087748,7.7443366,7.6454215
579,janssen_bace/bace_p3_arg368_in,janssen_bace/bace_p3_arg368_in/27f,../large_fep_dataset/data/fep_benchmark_processed/janssen_bace_bace_p3_arg368_in_27f.sdf,../large_fep_dataset/data/fep_benchmark_processed/janssen_bace_bace_p3_arg368_in_protein.pdb,579,7.1751895,7.2374134,7.342699,7.2175097,7.5056643,7.7453394,7.6850557,7.7854834,7.541901,7.324091,7.4560347
580,janssen_bace/bace_p3_arg368_in,janssen_bace/bace_p3_arg368_in/27g,../large_fep_dataset/data/fep_benchmark_processed/janssen_bace_bace_p3_arg368_in_27g.sdf,../large_fep_dataset/data/fep_benchmark_processed/janssen_bace_bace_p3_arg368_in_protein.pdb,580,8.4515085,7.697389,7.798624,8.206339,8.013571,8.111203,8.125661,7.8028092,7.999732,8.525373,8.073221
581,janssen_bace/bace_ciordia_prospective,janssen_bace/bace_ciordia_prospective/spiro16,../large_fep_dataset/data/fep_benchmark_processed/janssen_bace_bace_ciordia_prospective_spiro16.sdf,../large_fep_dataset/data/fep_benchmark_processed/janssen_bace_bace_ciordia_prospective_protein.pdb,581,6.4470444,6.5205703,6.2583265,6.045301,6.538851,6.561252,6.686819,5.847786,6.504471,6.433366,6.384379
582,janssen_bace/bace_ciordia_prospective,janssen_bace/bace_ciordia_prospective/spiro5,../large_fep_dataset/data/fep_benchmark_processed/janssen_bace_bace_ciordia_prospective_spiro5.sdf,../large_fep_dataset/data/fep_benchmark_processed/janssen_bace_bace_ciordia_prospective_protein.pdb,582,5.893848,6.813201,6.5308056,6.1430154,5.6597033,6.1352196,6.532296,5.8173146,6.335768,6.742825,6.2604
583,janssen_bace/bace_ciordia_prospective,janssen_bace/bace_ciordia_prospective/spiro2,../large_fep_dataset/data/fep_benchmark_processed/janssen_bace_bace_ciordia_prospective_spiro2.sdf,../large_fep_dataset/data/fep_benchmark_processed/janssen_bace_bace_ciordia_prospective_protein.pdb,583,5.9861956,6.3875437,5.9471726,5.694816,5.633983,6.2142973,6.5313077,5.4994326,6.5577908,6.357857,6.0810394
584,janssen_bace/bace_ciordia_prospective,janssen_bace/bace_ciordia_prospective/spiro10,../large_fep_dataset/data/fep_benchmark_processed/janssen_bace_bace_ciordia_prospective_spiro10.sdf,../large_fep_dataset/data/fep_benchmark_processed/janssen_bace_bace_ciordia_prospective_protein.pdb,584,6.4490833,6.8448205,6.49736,6.580049,6.348191,6.528067,6.4071364,5.585482,6.781802,6.4347024,6.4456697
585,janssen_bace/bace_ciordia_prospective,janssen_bace/bace_ciordia_prospective/spiro3,../large_fep_dataset/data/fep_benchmark_processed/janssen_bace_bace_ciordia_prospective_spiro3.sdf,../large_fep_dataset/data/fep_benchmark_processed/janssen_bace_bace_ciordia_prospective_protein.pdb,585,6.43997,6.1646476,6.5476213,6.1736784,6.332222,6.111274,6.0952916,5.7243266,6.546271,6.330244,6.2465544
586,janssen_bace/bace_ciordia_prospective,janssen_bace/bace_ciordia_prospective/spiro6,../large_fep_dataset/data/fep_benchmark_processed/janssen_bace_bace_ciordia_prospective_spiro6.sdf,../large_fep_dataset/data/fep_benchmark_processed/janssen_bace_bace_ciordia_prospective_protein.pdb,586,6.61365,6.871209,6.758765,6.6125526,6.391195,6.8359065,7.0729446,5.5159345,7.113496,6.5380945,6.632375
587,janssen_bace/bace_ciordia_prospective,janssen_bace/bace_ciordia_prospective/spiro4,../large_fep_dataset/data/fep_benchmark_processed/janssen_bace_bace_ciordia_prospective_spiro4.sdf,../large_fep_dataset/data/fep_benchmark_processed/janssen_bace_bace_ciordia_prospective_protein.pdb,587,6.058293,6.4253354,5.9449177,6.277368,6.040714,6.0615406,6.27826,5.9164333,6.1225634,5.7881436,6.0913568
588,janssen_bace/bace_ciordia_prospective,janssen_bace/bace_ciordia_prospective/spiro1,../large_fep_dataset/data/fep_benchmark_processed/janssen_bace_bace_ciordia_prospective_spiro1.sdf,../large_fep_dataset/data/fep_benchmark_processed/janssen_bace_bace_ciordia_prospective_protein.pdb,588,6.273892,5.830746,6.512443,6.0665026,5.824661,6.512125,6.578087,5.6874123,6.4029613,6.3222313,6.201106
589,janssen_bace/bace_ciordia_prospective,janssen_bace/bace_ciordia_prospective/spiro15,../large_fep_dataset/data/fep_benchmark_processed/janssen_bace_bace_ciordia_prospective_spiro15.sdf,../large_fep_dataset/data/fep_benchmark_processed/janssen_bace_bace_ciordia_prospective_protein.pdb,589,6.4114003,7.049131,6.7707586,6.3651567,6.4291368,6.591617,6.8366337,6.1888533,6.9152827,6.6676016,6.622557
590,mcs_docking/renin_customcore,mcs_docking/renin_customcore/b1i5k_xray,../large_fep_dataset/data/fep_benchmark_processed/mcs_docking_renin_customcore_b1i5k_xray.sdf,../large_fep_dataset/data/fep_benchmark_processed/mcs_docking_renin_customcore_protein.pdb,590,6.9202027,7.0192237,6.7320247,6.420626,6.345232,6.67923,6.9321246,7.291124,6.424641,6.3628826,6.7127314
591,mcs_docking/renin_customcore,mcs_docking/renin_customcore/b1i5j,../large_fep_dataset/data/fep_benchmark_processed/mcs_docking_renin_customcore_b1i5j.sdf,../large_fep_dataset/data/fep_benchmark_processed/mcs_docking_renin_customcore_protein.pdb,591,6.6857705,7.272726,6.8089166,6.7675114,6.909458,6.327241,7.055826,7.26326,6.6567945,6.265263,6.801276
592,mcs_docking/renin_customcore,mcs_docking/renin_customcore/b1i2n,../large_fep_dataset/data/fep_benchmark_processed/mcs_docking_renin_customcore_b1i2n.sdf,../large_fep_dataset/data/fep_benchmark_processed/mcs_docking_renin_customcore_protein.pdb,592,7.1920342,7.0739865,6.6545672,6.2935967,6.7576923,6.5313396,6.892847,7.1726403,6.8980894,6.5978866,6.806468
593,mcs_docking/renin_customcore,mcs_docking/renin_customcore/b1i5i,../large_fep_dataset/data/fep_benchmark_processed/mcs_docking_renin_customcore_b1i5i.sdf,../large_fep_dataset/data/fep_benchmark_processed/mcs_docking_renin_customcore_protein.pdb,593,7.476136,7.2671213,6.8337536,6.0524254,6.887628,6.346843,6.900141,7.2883277,6.75018,6.417933,6.822048
594,mcs_docking/renin_customcore,mcs_docking/renin_customcore/b1i5h,../large_fep_dataset/data/fep_benchmark_processed/mcs_docking_renin_customcore_b1i5h.sdf,../large_fep_dataset/data/fep_benchmark_processed/mcs_docking_renin_customcore_protein.pdb,594,7.2409534,6.7402043,6.638573,6.217948,6.68094,6.660904,6.5657754,7.1161838,6.843111,6.2802315,6.6984816
595,mcs_docking/renin_customcore,mcs_docking/renin_customcore/b1i5l,../large_fep_dataset/data/fep_benchmark_processed/mcs_docking_renin_customcore_b1i5l.sdf,../large_fep_dataset/data/fep_benchmark_processed/mcs_docking_renin_customcore_protein.pdb,595,7.4356523,7.461449,6.6881795,6.7000146,6.9262257,7.203122,6.569232,7.38311,6.802952,6.563624,6.973356
596,mcs_docking/renin_customcore,mcs_docking/renin_customcore/b1i5n,../large_fep_dataset/data/fep_benchmark_processed/mcs_docking_renin_customcore_b1i5n.sdf,../large_fep_dataset/data/fep_benchmark_processed/mcs_docking_renin_customcore_protein.pdb,596,6.8577995,6.8580165,7.0475435,6.562052,7.11039,6.5668716,6.5172334,6.9100327,6.7274785,6.698898,6.7856317
597,mcs_docking/renin_customcore,mcs_docking/renin_customcore/b1a2m,../large_fep_dataset/data/fep_benchmark_processed/mcs_docking_renin_customcore_b1a2m.sdf,../large_fep_dataset/data/fep_benchmark_processed/mcs_docking_renin_customcore_protein.pdb,597,5.6839623,5.766809,5.9316745,5.7831926,5.9308085,5.553789,5.608119,6.454487,5.648009,5.6020684,5.7962923
598,mcs_docking/renin_customcore,mcs_docking/renin_customcore/b1i2o,../large_fep_dataset/data/fep_benchmark_processed/mcs_docking_renin_customcore_b1i2o.sdf,../large_fep_dataset/data/fep_benchmark_processed/mcs_docking_renin_customcore_protein.pdb,598,6.1082377,6.6333103,6.008078,6.7207203,5.814923,6.07571,6.1185107,6.9597673,6.515869,6.191673,6.3146796
599,mcs_docking/renin_customcore,mcs_docking/renin_customcore/b1i5o,../large_fep_dataset/data/fep_benchmark_processed/mcs_docking_renin_customcore_b1i5o.sdf,../large_fep_dataset/data/fep_benchmark_processed/mcs_docking_renin_customcore_protein.pdb,599,7.018939,7.5020714,7.195486,6.8415127,6.814366,7.355709,7.62735,7.010892,6.5911665,6.984021,7.0941515
600,mcs_docking/renin_customcore,mcs_docking/renin_customcore/b1i4i,../large_fep_dataset/data/fep_benchmark_processed/mcs_docking_renin_customcore_b1i4i.sdf,../large_fep_dataset/data/fep_benchmark_processed/mcs_docking_renin_customcore_protein.pdb,600,7.5665803,7.546684,7.4003344,7.2858977,7.3131166,7.190258,7.057029,8.077274,7.6052346,6.8225446,7.386496
601,mcs_docking/renin_customcore,mcs_docking/renin_customcore/b1i4e,../large_fep_dataset/data/fep_benchmark_processed/mcs_docking_renin_customcore_b1i4e.sdf,../large_fep_dataset/data/fep_benchmark_processed/mcs_docking_renin_customcore_protein.pdb,601,6.711716,6.990595,6.600016,6.395372,6.937923,6.4649725,7.0100555,6.9174633,6.3183227,6.60408,6.6950517
602,mcs_docking/renin_customcore,mcs_docking/renin_customcore/b1i4g,../large_fep_dataset/data/fep_benchmark_processed/mcs_docking_renin_customcore_b1i4g.sdf,../large_fep_dataset/data/fep_benchmark_processed/mcs_docking_renin_customcore_protein.pdb,602,6.5849013,6.8313255,7.2387276,6.3534393,6.783693,6.896298,7.015775,7.448004,6.5082664,6.6332016,6.8293624
603,mcs_docking/renin_customcore,mcs_docking/renin_customcore/b1i1,../large_fep_dataset/data/fep_benchmark_processed/mcs_docking_renin_customcore_b1i1.sdf,../large_fep_dataset/data/fep_benchmark_processed/mcs_docking_renin_customcore_protein.pdb,603,5.7560797,5.7088118,5.8022747,6.2788568,5.9077077,6.316365,6.3125887,5.6916847,5.5320168,5.4536614,5.8760047
604,mcs_docking/renin_customcore,mcs_docking/renin_customcore/b1i2a,../large_fep_dataset/data/fep_benchmark_processed/mcs_docking_renin_customcore_b1i2a.sdf,../large_fep_dataset/data/fep_benchmark_processed/mcs_docking_renin_customcore_protein.pdb,604,5.6786118,5.8698206,5.6783466,6.1818266,6.2200627,5.664618,6.011663,6.2733064,5.799776,5.609003,5.8987036
605,mcs_docking/renin_customcore,mcs_docking/renin_customcore/b1i2e,../large_fep_dataset/data/fep_benchmark_processed/mcs_docking_renin_customcore_b1i2e.sdf,../large_fep_dataset/data/fep_benchmark_processed/mcs_docking_renin_customcore_protein.pdb,605,6.475902,6.0997586,6.697149,6.6544724,6.537551,5.915265,6.443636,6.899596,6.016025,6.1172338,6.3856587
606,mcs_docking/renin_customcore,mcs_docking/renin_customcore/b1i2i,../large_fep_dataset/data/fep_benchmark_processed/mcs_docking_renin_customcore_b1i2i.sdf,../large_fep_dataset/data/fep_benchmark_processed/mcs_docking_renin_customcore_protein.pdb,606,6.580303,6.2962894,6.9231505,6.8518047,6.608269,6.0217214,6.3467946,6.739318,6.493143,6.2887483,6.5149546
607,mcs_docking/renin_customcore,mcs_docking/renin_customcore/b1i2j,../large_fep_dataset/data/fep_benchmark_processed/mcs_docking_renin_customcore_b1i2j.sdf,../large_fep_dataset/data/fep_benchmark_processed/mcs_docking_renin_customcore_protein.pdb,607,6.7844353,6.242502,6.1762156,6.996383,6.3875327,6.1083503,6.8427362,7.1730223,6.7227073,6.440369,6.587425
608,mcs_docking/renin_customcore,mcs_docking/renin_customcore/b1i5c,../large_fep_dataset/data/fep_benchmark_processed/mcs_docking_renin_customcore_b1i5c.sdf,../large_fep_dataset/data/fep_benchmark_processed/mcs_docking_renin_customcore_protein.pdb,608,6.739954,6.734384,6.332253,7.244486,6.806707,6.2066717,7.372948,8.015162,7.0389595,6.6117845,6.910331
609,mcs_docking/renin_customcore,mcs_docking/renin_customcore/b1i5b,../large_fep_dataset/data/fep_benchmark_processed/mcs_docking_renin_customcore_b1i5b.sdf,../large_fep_dataset/data/fep_benchmark_processed/mcs_docking_renin_customcore_protein.pdb,609,7.035054,6.9655457,6.2471266,6.767639,6.3893023,6.2239785,6.9335885,7.4228153,6.5365524,6.5751867,6.7096796
610,mcs_docking/renin_customcore,mcs_docking/renin_customcore/b1i2k,../large_fep_dataset/data/fep_benchmark_processed/mcs_docking_renin_customcore_b1i2k.sdf,../large_fep_dataset/data/fep_benchmark_processed/mcs_docking_renin_customcore_protein.pdb,610,6.483343,6.2196603,6.6453834,7.0946093,6.4359217,6.0759416,6.9650497,7.126626,6.7233596,6.4189277,6.618882
611,mcs_docking/renin_customcore,mcs_docking/renin_customcore/b1i2h,../large_fep_dataset/data/fep_benchmark_processed/mcs_docking_renin_customcore_b1i2h.sdf,../large_fep_dataset/data/fep_benchmark_processed/mcs_docking_renin_customcore_protein.pdb,611,5.918912,6.116503,5.5254707,6.682642,6.333003,5.8275375,6.2581744,6.533482,6.6025033,5.979388,6.177762
612,mcs_docking/renin_customcore,mcs_docking/renin_customcore/b1i2g,../large_fep_dataset/data/fep_benchmark_processed/mcs_docking_renin_customcore_b1i2g.sdf,../large_fep_dataset/data/fep_benchmark_processed/mcs_docking_renin_customcore_protein.pdb,612,5.935747,5.7633653,5.8334565,6.2750216,6.6753793,6.0741286,6.3130383,6.4764295,6.385512,5.990381,6.172246
613,mcs_docking/renin_customcore,mcs_docking/renin_customcore/b1i4b,../large_fep_dataset/data/fep_benchmark_processed/mcs_docking_renin_customcore_b1i4b.sdf,../large_fep_dataset/data/fep_benchmark_processed/mcs_docking_renin_customcore_protein.pdb,613,6.0413613,6.240732,6.092139,6.3561134,6.5951476,6.007993,6.6716213,6.538614,6.284176,5.877769,6.270566
614,mcs_docking/renin_customcore,mcs_docking/renin_customcore/b1i5a,../large_fep_dataset/data/fep_benchmark_processed/mcs_docking_renin_customcore_b1i5a.sdf,../large_fep_dataset/data/fep_benchmark_processed/mcs_docking_renin_customcore_protein.pdb,614,7.489451,6.747619,6.3232937,6.796792,6.8428483,6.249441,6.961211,7.1609483,6.6351457,6.780884,6.798764
615,mcs_docking/renin_customcore,mcs_docking/renin_customcore/b1i2d,../large_fep_dataset/data/fep_benchmark_processed/mcs_docking_renin_customcore_b1i2d.sdf,../large_fep_dataset/data/fep_benchmark_processed/mcs_docking_renin_customcore_protein.pdb,615,5.6651087,6.1704245,5.533409,6.6920147,6.4380183,5.557408,6.2447343,6.2704597,6.51991,5.996252,6.1087737
616,mcs_docking/renin_customcore,mcs_docking/renin_customcore/b1i4a,../large_fep_dataset/data/fep_benchmark_processed/mcs_docking_renin_customcore_b1i4a.sdf,../large_fep_dataset/data/fep_benchmark_processed/mcs_docking_renin_customcore_protein.pdb,616,5.344951,5.801559,5.8532424,5.9054418,6.0765533,5.70777,6.274804,6.173338,5.808846,5.7685103,5.871501
617,mcs_docking/renin_customcore,mcs_docking/renin_customcore/b1i5d,../large_fep_dataset/data/fep_benchmark_processed/mcs_docking_renin_customcore_b1i5d.sdf,../large_fep_dataset/data/fep_benchmark_processed/mcs_docking_renin_customcore_protein.pdb,617,7.1468387,7.170612,6.487342,7.135354,6.871072,6.2429066,7.433027,7.188197,7.4223733,6.9054217,7.000314
618,mcs_docking/renin_customcore,mcs_docking/renin_customcore/b1i2c,../large_fep_dataset/data/fep_benchmark_processed/mcs_docking_renin_customcore_b1i2c.sdf,../large_fep_dataset/data/fep_benchmark_processed/mcs_docking_renin_customcore_protein.pdb,618,5.7185345,5.7938113,5.6974244,6.089232,5.850621,5.677329,5.7840776,6.375833,6.3221684,5.435812,5.874484
619,mcs_docking/hne,mcs_docking/hne/6,../large_fep_dataset/data/fep_benchmark_processed/mcs_docking_hne_6.sdf,../large_fep_dataset/data/fep_benchmark_processed/mcs_docking_hne_protein.pdb,619,6.7131643,7.077685,6.051163,6.7293515,6.0766125,7.0582595,6.630529,6.378373,7.2123356,6.506844,6.643431
620,mcs_docking/hne,mcs_docking/hne/14,../large_fep_dataset/data/fep_benchmark_processed/mcs_docking_hne_14.sdf,../large_fep_dataset/data/fep_benchmark_processed/mcs_docking_hne_protein.pdb,620,8.111221,8.072986,7.8347597,8.1098795,7.9635987,8.311975,8.053586,8.469177,8.03459,8.148228,8.111
621,mcs_docking/hne,mcs_docking/hne/15,../large_fep_dataset/data/fep_benchmark_processed/mcs_docking_hne_15.sdf,../large_fep_dataset/data/fep_benchmark_processed/mcs_docking_hne_protein.pdb,621,8.578208,8.3992815,8.224902,8.4495125,8.504668,8.321632,8.028047,8.565185,8.343163,8.356992,8.377159
622,mcs_docking/hne,mcs_docking/hne/16,../large_fep_dataset/data/fep_benchmark_processed/mcs_docking_hne_16.sdf,../large_fep_dataset/data/fep_benchmark_processed/mcs_docking_hne_protein.pdb,622,8.535848,8.370597,8.412023,8.496009,8.463436,8.333988,8.245373,8.719113,8.463154,8.421289,8.446082
623,mcs_docking/hne,mcs_docking/hne/17,../large_fep_dataset/data/fep_benchmark_processed/mcs_docking_hne_17.sdf,../large_fep_dataset/data/fep_benchmark_processed/mcs_docking_hne_protein.pdb,623,8.254719,8.283591,8.121572,8.245731,7.808145,8.178696,8.103922,8.436219,8.03228,8.201508,8.166638
624,mcs_docking/hne,mcs_docking/hne/18,../large_fep_dataset/data/fep_benchmark_processed/mcs_docking_hne_18.sdf,../large_fep_dataset/data/fep_benchmark_processed/mcs_docking_hne_protein.pdb,624,8.010899,8.105909,8.251627,7.9999013,8.088022,8.136273,8.331047,8.405509,8.302105,8.298798,8.193008
625,mcs_docking/hne,mcs_docking/hne/19,../large_fep_dataset/data/fep_benchmark_processed/mcs_docking_hne_19.sdf,../large_fep_dataset/data/fep_benchmark_processed/mcs_docking_hne_protein.pdb,625,8.463896,8.306336,8.473528,8.297901,8.526885,8.405416,8.421064,8.742987,8.640645,8.250198,8.452887
626,mcs_docking/hne,mcs_docking/hne/20,../large_fep_dataset/data/fep_benchmark_processed/mcs_docking_hne_20.sdf,../large_fep_dataset/data/fep_benchmark_processed/mcs_docking_hne_protein.pdb,626,7.9592624,7.9450603,7.9561005,7.444083,7.6943865,7.856982,8.082961,8.002413,7.8676147,7.9928164,7.880168
627,mcs_docking/hne,mcs_docking/hne/21,../large_fep_dataset/data/fep_benchmark_processed/mcs_docking_hne_21.sdf,../large_fep_dataset/data/fep_benchmark_processed/mcs_docking_hne_protein.pdb,627,8.723903,8.491893,8.644111,8.497109,8.692981,8.342815,8.911876,8.718129,8.658423,8.744349,8.642559
628,mcs_docking/hne,mcs_docking/hne/22,../large_fep_dataset/data/fep_benchmark_processed/mcs_docking_hne_22.sdf,../large_fep_dataset/data/fep_benchmark_processed/mcs_docking_hne_protein.pdb,628,8.099044,8.02881,8.040027,7.970598,7.8320274,7.992503,8.029647,8.53074,8.150328,8.0923,8.076603
629,mcs_docking/hne,mcs_docking/hne/23,../large_fep_dataset/data/fep_benchmark_processed/mcs_docking_hne_23.sdf,../large_fep_dataset/data/fep_benchmark_processed/mcs_docking_hne_protein.pdb,629,8.530879,8.424473,8.272869,8.603963,8.535944,8.308259,8.320742,8.320824,8.308644,8.133174,8.375977
630,mcs_docking/hne,mcs_docking/hne/25,../large_fep_dataset/data/fep_benchmark_processed/mcs_docking_hne_25.sdf,../large_fep_dataset/data/fep_benchmark_processed/mcs_docking_hne_protein.pdb,630,8.571484,8.481094,8.533405,8.582931,8.534726,8.623303,8.45334,8.656977,8.549973,8.366584,8.535381
631,mcs_docking/hne,mcs_docking/hne/26,../large_fep_dataset/data/fep_benchmark_processed/mcs_docking_hne_26.sdf,../large_fep_dataset/data/fep_benchmark_processed/mcs_docking_hne_protein.pdb,631,8.247689,8.055547,8.14611,8.116544,8.222369,8.042148,8.12327,8.556509,8.435812,8.424002,8.237
632,mcs_docking/hne,mcs_docking/hne/27,../large_fep_dataset/data/fep_benchmark_processed/mcs_docking_hne_27.sdf,../large_fep_dataset/data/fep_benchmark_processed/mcs_docking_hne_protein.pdb,632,8.611152,8.314437,8.39921,8.414676,8.714564,8.4997,8.2664385,8.523753,8.539468,8.4154005,8.469879
633,mcs_docking/hne,mcs_docking/hne/28,../large_fep_dataset/data/fep_benchmark_processed/mcs_docking_hne_28.sdf,../large_fep_dataset/data/fep_benchmark_processed/mcs_docking_hne_protein.pdb,633,8.7079,8.611765,8.630869,8.645713,8.365187,8.179341,8.475422,8.938437,8.782252,8.475932,8.581282
634,mcs_docking/hne,mcs_docking/hne/29,../large_fep_dataset/data/fep_benchmark_processed/mcs_docking_hne_29.sdf,../large_fep_dataset/data/fep_benchmark_processed/mcs_docking_hne_protein.pdb,634,9.037459,8.942523,9.017075,9.010933,8.89194,8.73625,8.792723,9.044369,9.02595,8.787122,8.928634
635,mcs_docking/hne,mcs_docking/hne/30,../large_fep_dataset/data/fep_benchmark_processed/mcs_docking_hne_30.sdf,../large_fep_dataset/data/fep_benchmark_processed/mcs_docking_hne_protein.pdb,635,8.944118,8.833834,8.965817,8.7746105,8.759169,8.65447,8.82013,9.029049,8.92956,8.644015,8.835478
636,mcs_docking/hne,mcs_docking/hne/21 neutral,../large_fep_dataset/data/fep_benchmark_processed/mcs_docking_hne_21_neutral.sdf,../large_fep_dataset/data/fep_benchmark_processed/mcs_docking_hne_protein.pdb,636,8.601263,8.329659,8.694376,8.463009,8.816636,8.203156,8.988855,8.731409,8.660755,8.428794,8.591791
637,mcs_docking/hne,mcs_docking/hne/19 neutral,../large_fep_dataset/data/fep_benchmark_processed/mcs_docking_hne_19_neutral.sdf,../large_fep_dataset/data/fep_benchmark_processed/mcs_docking_hne_protein.pdb,637,8.442055,8.325044,8.747309,8.342842,8.658702,8.682405,8.540647,8.682128,8.509688,8.420596,8.535141
638,mcs_docking/hne,mcs_docking/hne/16 neutral,../large_fep_dataset/data/fep_benchmark_processed/mcs_docking_hne_16_neutral.sdf,../large_fep_dataset/data/fep_benchmark_processed/mcs_docking_hne_protein.pdb,638,8.487566,8.409854,8.671675,8.394201,8.581072,8.563457,8.215628,8.615501,8.375186,8.444137,8.475827
639,misc/hfaah,misc/hfaah/6MRG ligand,../large_fep_dataset/data/fep_benchmark_processed/misc_hfaah_6MRG_ligand.sdf,../large_fep_dataset/data/fep_benchmark_processed/misc_hfaah_protein.pdb,639,5.9763293,5.645375,5.9342456,6.0011754,5.350218,5.689553,5.988912,5.8033614,6.1470547,5.5589247,5.809515
640,misc/hfaah,misc/hfaah/fig 3,../large_fep_dataset/data/fep_benchmark_processed/misc_hfaah_fig_3.sdf,../large_fep_dataset/data/fep_benchmark_processed/misc_hfaah_protein.pdb,640,6.092786,5.6415563,5.774206,5.553877,5.479917,5.951702,5.901273,5.61287,6.1675787,5.4578424,5.763361
641,misc/hfaah,misc/hfaah/2,../large_fep_dataset/data/fep_benchmark_processed/misc_hfaah_2.sdf,../large_fep_dataset/data/fep_benchmark_processed/misc_hfaah_protein.pdb,641,5.6659784,5.4446664,5.4037123,6.194793,5.1345916,5.3161855,5.3298135,5.3831887,5.735046,5.3483424,5.4956326
642,misc/hfaah,misc/hfaah/4,../large_fep_dataset/data/fep_benchmark_processed/misc_hfaah_4.sdf,../large_fep_dataset/data/fep_benchmark_processed/misc_hfaah_protein.pdb,642,6.3016524,6.4778852,6.0784755,6.4147873,5.268383,5.605816,5.753185,5.8835206,5.729001,5.418011,5.8930717
643,misc/hfaah,misc/hfaah/6,../large_fep_dataset/data/fep_benchmark_processed/misc_hfaah_6.sdf,../large_fep_dataset/data/fep_benchmark_processed/misc_hfaah_protein.pdb,643,5.43134,5.462469,5.7478137,5.4010153,5.116459,5.7945957,5.3655787,5.6753464,5.9972434,5.4145594,5.5406413
644,misc/hfaah,misc/hfaah/9,../large_fep_dataset/data/fep_benchmark_processed/misc_hfaah_9.sdf,../large_fep_dataset/data/fep_benchmark_processed/misc_hfaah_protein.pdb,644,6.3951206,6.9164047,6.0791874,6.05709,5.7920713,6.074343,6.0695047,5.9751816,5.848248,5.777973,6.0985126
645,misc/hfaah,misc/hfaah/11,../large_fep_dataset/data/fep_benchmark_processed/misc_hfaah_11.sdf,../large_fep_dataset/data/fep_benchmark_processed/misc_hfaah_protein.pdb,645,6.4244533,6.105761,6.0312243,6.1531625,5.6822786,5.8067627,5.476187,5.7073545,5.698382,5.4217043,5.8507276
646,misc/hfaah,misc/hfaah/12,../large_fep_dataset/data/fep_benchmark_processed/misc_hfaah_12.sdf,../large_fep_dataset/data/fep_benchmark_processed/misc_hfaah_protein.pdb,646,6.078071,5.503757,5.891685,5.523279,6.042333,6.0502625,6.2391806,5.688656,6.141213,5.9619923,5.912043
647,misc/hfaah,misc/hfaah/15,../large_fep_dataset/data/fep_benchmark_processed/misc_hfaah_15.sdf,../large_fep_dataset/data/fep_benchmark_processed/misc_hfaah_protein.pdb,647,6.0871286,5.720336,5.7101717,6.0822024,5.308095,5.423556,5.899327,5.43685,5.7516117,5.238197,5.6657476
648,misc/hfaah,misc/hfaah/14,../large_fep_dataset/data/fep_benchmark_processed/misc_hfaah_14.sdf,../large_fep_dataset/data/fep_benchmark_processed/misc_hfaah_protein.pdb,648,5.4709473,5.4897766,5.39111,5.490191,4.8864083,5.4861317,5.3167596,5.769011,5.1483216,5.090568,5.353923
649,misc/hfaah,misc/hfaah/19,../large_fep_dataset/data/fep_benchmark_processed/misc_hfaah_19.sdf,../large_fep_dataset/data/fep_benchmark_processed/misc_hfaah_protein.pdb,649,5.978255,5.2995005,5.303671,5.996228,5.1893573,5.820788,5.3029165,5.4217067,5.603247,5.036762,5.495244
650,misc/hfaah,misc/hfaah/20,../large_fep_dataset/data/fep_benchmark_processed/misc_hfaah_20.sdf,../large_fep_dataset/data/fep_benchmark_processed/misc_hfaah_protein.pdb,650,5.3464007,5.0501585,5.528258,5.865211,5.2801843,5.7066154,5.4223623,5.386496,5.2950497,4.9950094,5.3875747
651,misc/hfaah,misc/hfaah/22,../large_fep_dataset/data/fep_benchmark_processed/misc_hfaah_22.sdf,../large_fep_dataset/data/fep_benchmark_processed/misc_hfaah_protein.pdb,651,6.250406,6.3555346,6.4062696,6.2768044,5.8631544,6.483185,5.974568,6.393973,5.9685493,5.599053,6.1571493
652,misc/hfaah,misc/hfaah/23,../large_fep_dataset/data/fep_benchmark_processed/misc_hfaah_23.sdf,../large_fep_dataset/data/fep_benchmark_processed/misc_hfaah_protein.pdb,652,6.4775405,6.2073236,5.7895823,5.9615064,6.4102736,5.970663,6.43382,6.237026,6.2019033,6.438425,6.2128057
653,misc/hfaah,misc/hfaah/24,../large_fep_dataset/data/fep_benchmark_processed/misc_hfaah_24.sdf,../large_fep_dataset/data/fep_benchmark_processed/misc_hfaah_protein.pdb,653,6.249975,6.3363333,6.367225,5.9305444,6.683492,6.5096483,6.6019664,6.129456,6.4727235,6.1455965,6.342696
654,misc/hfaah,misc/hfaah/25,../large_fep_dataset/data/fep_benchmark_processed/misc_hfaah_25.sdf,../large_fep_dataset/data/fep_benchmark_processed/misc_hfaah_protein.pdb,654,6.38854,6.5915613,5.9932632,6.059517,5.74404,6.380241,5.8727427,6.099337,5.9359174,5.8192215,6.088438
655,misc/hfaah,misc/hfaah/26,../large_fep_dataset/data/fep_benchmark_processed/misc_hfaah_26.sdf,../large_fep_dataset/data/fep_benchmark_processed/misc_hfaah_protein.pdb,655,6.4580455,6.5380664,6.237524,6.3136168,5.830177,6.526542,5.94713,6.126935,5.9983644,6.146261,6.2122664
656,misc/hfaah,misc/hfaah/27,../large_fep_dataset/data/fep_benchmark_processed/misc_hfaah_27.sdf,../large_fep_dataset/data/fep_benchmark_processed/misc_hfaah_protein.pdb,656,6.800075,7.0370026,6.5326295,6.569198,6.897283,6.4177628,6.4336233,6.974895,6.852845,6.7601085,6.727542
657,misc/hfaah,misc/hfaah/28,../large_fep_dataset/data/fep_benchmark_processed/misc_hfaah_28.sdf,../large_fep_dataset/data/fep_benchmark_processed/misc_hfaah_protein.pdb,657,6.20171,5.8120294,6.3790207,5.9843745,6.073521,5.5988226,5.7996597,5.873187,5.5845923,6.0450807,5.9352
658,misc/hfaah,misc/hfaah/29,../large_fep_dataset/data/fep_benchmark_processed/misc_hfaah_29.sdf,../large_fep_dataset/data/fep_benchmark_processed/misc_hfaah_protein.pdb,658,5.90692,5.6720347,5.6949472,5.736753,5.79346,5.855526,5.7203074,5.664947,6.42326,5.9142613,5.8382416
659,misc/hfaah,misc/hfaah/30,../large_fep_dataset/data/fep_benchmark_processed/misc_hfaah_30.sdf,../large_fep_dataset/data/fep_benchmark_processed/misc_hfaah_protein.pdb,659,6.0041113,6.189081,6.1888204,5.892298,5.7974343,6.0272436,6.150923,5.868107,6.5117655,5.6498904,6.027967
660,misc/hfaah,misc/hfaah/31,../large_fep_dataset/data/fep_benchmark_processed/misc_hfaah_31.sdf,../large_fep_dataset/data/fep_benchmark_processed/misc_hfaah_protein.pdb,660,6.2925916,5.784386,6.0352015,5.886386,5.7341685,5.942191,6.0187273,5.845539,6.5277085,5.676784,5.9743686
661,misc/hfaah,misc/hfaah/33 (Saha 2018),../large_fep_dataset/data/fep_benchmark_processed/misc_hfaah_33_(Saha_2018).sdf,../large_fep_dataset/data/fep_benchmark_processed/misc_hfaah_protein.pdb,661,6.3680263,5.7624645,6.027132,6.167236,6.4616714,6.0811234,6.3204226,5.8768034,6.6671968,5.829108,6.156119
662,misc/hfaah,misc/hfaah/39,../large_fep_dataset/data/fep_benchmark_processed/misc_hfaah_39.sdf,../large_fep_dataset/data/fep_benchmark_processed/misc_hfaah_protein.pdb,662,6.6600494,6.0721693,5.8899016,5.6423965,5.9877787,6.286612,6.1199503,5.833411,6.7260537,6.140763,6.135909
663,misc/hiv_prot_ekegren,misc/hiv_prot_ekegren/1,../large_fep_dataset/data/fep_benchmark_processed/misc_hiv_prot_ekegren_1.sdf,../large_fep_dataset/data/fep_benchmark_processed/misc_hiv_prot_ekegren_protein.pdb,663,8.781394,9.733765,8.461629,9.064685,8.8705015,9.073419,8.319889,8.270261,8.564214,8.173772,8.731354
664,misc/hiv_prot_ekegren,misc/hiv_prot_ekegren/9,../large_fep_dataset/data/fep_benchmark_processed/misc_hiv_prot_ekegren_9.sdf,../large_fep_dataset/data/fep_benchmark_processed/misc_hiv_prot_ekegren_protein.pdb,664,8.807206,9.126966,8.574527,8.851497,8.930574,8.836312,8.7413225,8.122448,8.623343,8.291064,8.690526
665,misc/hiv_prot_ekegren,misc/hiv_prot_ekegren/10,../large_fep_dataset/data/fep_benchmark_processed/misc_hiv_prot_ekegren_10.sdf,../large_fep_dataset/data/fep_benchmark_processed/misc_hiv_prot_ekegren_protein.pdb,665,9.142538,9.516977,8.910749,9.392334,9.220499,9.115922,8.988274,9.063289,8.597871,8.803727,9.075217
666,misc/hiv_prot_ekegren,misc/hiv_prot_ekegren/11 (2cen),../large_fep_dataset/data/fep_benchmark_processed/misc_hiv_prot_ekegren_11_(2cen).sdf,../large_fep_dataset/data/fep_benchmark_processed/misc_hiv_prot_ekegren_protein.pdb,666,9.105979,9.361645,9.077677,9.246012,8.824943,8.875178,8.835971,8.610131,8.455972,8.459465,8.885298
667,misc/hiv_prot_ekegren,misc/hiv_prot_ekegren/12,../large_fep_dataset/data/fep_benchmark_processed/misc_hiv_prot_ekegren_12.sdf,../large_fep_dataset/data/fep_benchmark_processed/misc_hiv_prot_ekegren_protein.pdb,667,8.952613,9.417295,8.954246,8.775395,8.743789,8.727462,8.898003,8.422893,8.134958,8.094363,8.712101
668,misc/hiv_prot_ekegren,misc/hiv_prot_ekegren/13,../large_fep_dataset/data/fep_benchmark_processed/misc_hiv_prot_ekegren_13.sdf,../large_fep_dataset/data/fep_benchmark_processed/misc_hiv_prot_ekegren_protein.pdb,668,8.593813,8.347209,8.158883,8.45159,8.4538555,8.292187,8.823034,7.7951164,8.124228,7.5825853,8.26225
669,misc/hiv_prot_ekegren,misc/hiv_prot_ekegren/14,../large_fep_dataset/data/fep_benchmark_processed/misc_hiv_prot_ekegren_14.sdf,../large_fep_dataset/data/fep_benchmark_processed/misc_hiv_prot_ekegren_protein.pdb,669,8.779606,9.201398,8.205853,8.407928,8.587284,8.238285,8.928594,7.8705525,8.190478,8.050715,8.446069
670,misc/hiv_prot_ekegren,misc/hiv_prot_ekegren/15,../large_fep_dataset/data/fep_benchmark_processed/misc_hiv_prot_ekegren_15.sdf,../large_fep_dataset/data/fep_benchmark_processed/misc_hiv_prot_ekegren_protein.pdb,670,8.86658,9.375178,8.61175,8.474071,8.668353,8.321105,8.848187,8.695749,7.8940926,8.045142,8.580021
671,misc/hiv_prot_ekegren,misc/hiv_prot_ekegren/16,../large_fep_dataset/data/fep_benchmark_processed/misc_hiv_prot_ekegren_16.sdf,../large_fep_dataset/data/fep_benchmark_processed/misc_hiv_prot_ekegren_protein.pdb,671,8.806965,9.280772,8.617855,8.662385,8.635651,8.456252,8.596429,8.5484705,8.020887,8.17885,8.580452
672,misc/hiv_prot_ekegren,misc/hiv_prot_ekegren/17,../large_fep_dataset/data/fep_benchmark_processed/misc_hiv_prot_ekegren_17.sdf,../large_fep_dataset/data/fep_benchmark_processed/misc_hiv_prot_ekegren_protein.pdb,672,8.89156,8.397742,8.295677,8.616486,8.306285,8.90422,8.687529,8.195778,8.055238,8.21433,8.456485
673,misc/hiv_prot_ekegren,misc/hiv_prot_ekegren/18,../large_fep_dataset/data/fep_benchmark_processed/misc_hiv_prot_ekegren_18.sdf,../large_fep_dataset/data/fep_benchmark_processed/misc_hiv_prot_ekegren_protein.pdb,673,8.85557,9.361597,8.804718,8.856584,8.6748085,8.9195,8.602049,8.592247,7.997594,8.68666,8.735133
674,misc/hiv_prot_ekegren,misc/hiv_prot_ekegren/19,../large_fep_dataset/data/fep_benchmark_processed/misc_hiv_prot_ekegren_19.sdf,../large_fep_dataset/data/fep_benchmark_processed/misc_hiv_prot_ekegren_protein.pdb,674,8.39812,8.752625,8.034977,8.614602,8.234861,8.382475,8.430892,8.084236,8.10095,8.252612,8.328635
675,misc/hiv_prot_ekegren,misc/hiv_prot_ekegren/20,../large_fep_dataset/data/fep_benchmark_processed/misc_hiv_prot_ekegren_20.sdf,../large_fep_dataset/data/fep_benchmark_processed/misc_hiv_prot_ekegren_protein.pdb,675,8.890099,9.18571,8.707454,8.863144,8.553991,9.362803,8.55404,8.502723,8.330694,8.4516115,8.740228
676,misc/cdk8_koehler,misc/cdk8_koehler/12,../large_fep_dataset/data/fep_benchmark_processed/misc_cdk8_koehler_12.sdf,../large_fep_dataset/data/fep_benchmark_processed/misc_cdk8_koehler_protein.pdb,676,7.3141074,6.303462,6.9442906,6.771086,6.513092,6.8156533,6.917702,6.810242,7.213866,7.5373015,6.9140806
677,misc/cdk8_koehler,misc/cdk8_koehler/13,../large_fep_dataset/data/fep_benchmark_processed/misc_cdk8_koehler_13.sdf,../large_fep_dataset/data/fep_benchmark_processed/misc_cdk8_koehler_protein.pdb,677,7.767689,7.954151,7.7498155,7.843722,7.8871236,7.6389756,8.207235,7.7324834,7.792741,7.777871,7.8351808
678,misc/cdk8_koehler,misc/cdk8_koehler/14,../large_fep_dataset/data/fep_benchmark_processed/misc_cdk8_koehler_14.sdf,../large_fep_dataset/data/fep_benchmark_processed/misc_cdk8_koehler_protein.pdb,678,7.516654,7.6283727,7.628889,7.9932775,7.551188,7.172989,7.586146,7.724371,7.420512,7.295404,7.5517797
679,misc/cdk8_koehler,misc/cdk8_koehler/15,../large_fep_dataset/data/fep_benchmark_processed/misc_cdk8_koehler_15.sdf,../large_fep_dataset/data/fep_benchmark_processed/misc_cdk8_koehler_protein.pdb,679,6.636057,6.731124,6.9133644,7.105961,6.513959,6.701121,7.3900394,6.949824,6.7542863,6.807632,6.8503366
680,misc/cdk8_koehler,misc/cdk8_koehler/16,../large_fep_dataset/data/fep_benchmark_processed/misc_cdk8_koehler_16.sdf,../large_fep_dataset/data/fep_benchmark_processed/misc_cdk8_koehler_protein.pdb,680,7.6902876,7.6159205,8.048005,7.925823,7.233388,7.3065205,7.1396165,7.409119,7.4012556,7.3841243,7.515406
681,misc/cdk8_koehler,misc/cdk8_koehler/17,../large_fep_dataset/data/fep_benchmark_processed/misc_cdk8_koehler_17.sdf,../large_fep_dataset/data/fep_benchmark_processed/misc_cdk8_koehler_protein.pdb,681,7.666604,7.6671066,7.5943394,7.654364,7.361086,7.0169764,7.557524,7.51455,7.404239,7.2636666,7.4700456
682,misc/cdk8_koehler,misc/cdk8_koehler/19,../large_fep_dataset/data/fep_benchmark_processed/misc_cdk8_koehler_19.sdf,../large_fep_dataset/data/fep_benchmark_processed/misc_cdk8_koehler_protein.pdb,682,7.01058,6.9800982,7.2691164,6.669919,6.860257,6.965396,7.159201,6.511936,6.723913,6.6968226,6.8847246
683,misc/cdk8_koehler,misc/cdk8_koehler/20,../large_fep_dataset/data/fep_benchmark_processed/misc_cdk8_koehler_20.sdf,../large_fep_dataset/data/fep_benchmark_processed/misc_cdk8_koehler_protein.pdb,683,7.1823044,7.099547,7.139296,6.2703824,6.6406994,7.0584745,6.9369307,6.567959,6.762268,6.5389757,6.819684
684,misc/cdk8_koehler,misc/cdk8_koehler/21,../large_fep_dataset/data/fep_benchmark_processed/misc_cdk8_koehler_21.sdf,../large_fep_dataset/data/fep_benchmark_processed/misc_cdk8_koehler_protein.pdb,684,8.340099,7.437996,8.046699,7.2088184,6.9701834,7.1543946,7.4480195,7.3782716,7.010496,6.9496317,7.394461
685,misc/cdk8_koehler,misc/cdk8_koehler/22,../large_fep_dataset/data/fep_benchmark_processed/misc_cdk8_koehler_22.sdf,../large_fep_dataset/data/fep_benchmark_processed/misc_cdk8_koehler_protein.pdb,685,7.4734488,7.7236605,7.6510296,7.96769,7.351819,7.036081,7.452397,7.2414885,7.5059276,7.587088,7.499063
686,misc/galectin3_extra,misc/galectin3_extra/18a,../large_fep_dataset/data/fep_benchmark_processed/misc_galectin3_extra_18a.sdf,../large_fep_dataset/data/fep_benchmark_processed/misc_galectin3_extra_protein.pdb,686,6.496672,6.2173467,7.219202,7.0853724,6.4983106,6.1689243,7.137496,6.197712,6.832748,6.7916083,6.6645393
687,misc/galectin3_extra,misc/galectin3_extra/18b,../large_fep_dataset/data/fep_benchmark_processed/misc_galectin3_extra_18b.sdf,../large_fep_dataset/data/fep_benchmark_processed/misc_galectin3_extra_protein.pdb,687,6.564223,6.3207297,7.027209,6.410863,6.302124,6.077799,6.780282,6.0190105,6.820868,6.51289,6.4835997
688,misc/galectin3_extra,misc/galectin3_extra/18d,../large_fep_dataset/data/fep_benchmark_processed/misc_galectin3_extra_18d.sdf,../large_fep_dataset/data/fep_benchmark_processed/misc_galectin3_extra_protein.pdb,688,6.4740586,6.169328,7.1732135,6.741046,6.0902843,5.6599274,6.635161,6.24658,6.790754,6.000433,6.398079
689,misc/galectin3_extra,misc/galectin3_extra/18e,../large_fep_dataset/data/fep_benchmark_processed/misc_galectin3_extra_18e.sdf,../large_fep_dataset/data/fep_benchmark_processed/misc_galectin3_extra_protein.pdb,689,6.227968,6.153117,6.775796,6.3797965,5.932105,5.978861,6.8620076,5.708974,6.398617,6.3145256,6.273177
690,misc/galectin3_extra,misc/galectin3_extra/18f,../large_fep_dataset/data/fep_benchmark_processed/misc_galectin3_extra_18f.sdf,../large_fep_dataset/data/fep_benchmark_processed/misc_galectin3_extra_protein.pdb,690,6.1944575,5.9161434,6.708691,6.850888,6.1344194,5.774388,6.6574197,5.658416,6.4046826,6.580433,6.287994
691,misc/galectin3_extra,misc/galectin3_extra/18g,../large_fep_dataset/data/fep_benchmark_processed/misc_galectin3_extra_18g.sdf,../large_fep_dataset/data/fep_benchmark_processed/misc_galectin3_extra_protein.pdb,691,6.544113,6.437223,6.613381,6.663067,5.578842,5.8504434,6.621411,6.011553,6.28026,6.301784,6.2902074
692,misc/galectin3_extra,misc/galectin3_extra/18h,../large_fep_dataset/data/fep_benchmark_processed/misc_galectin3_extra_18h.sdf,../large_fep_dataset/data/fep_benchmark_processed/misc_galectin3_extra_protein.pdb,692,6.4061737,6.4958425,7.039298,6.58173,5.699478,5.80527,6.770061,5.990374,6.3611536,6.5021834,6.3651567
693,misc/galectin3_extra,misc/galectin3_extra/18i,../large_fep_dataset/data/fep_benchmark_processed/misc_galectin3_extra_18i.sdf,../large_fep_dataset/data/fep_benchmark_processed/misc_galectin3_extra_protein.pdb,693,7.068671,6.5348816,7.2141237,6.4821444,6.1519003,6.195159,6.7753754,6.2500153,6.215132,7.2625885,6.6149993
694,misc/galectin3_extra,misc/galectin3_extra/17m,../large_fep_dataset/data/fep_benchmark_processed/misc_galectin3_extra_17m.sdf,../large_fep_dataset/data/fep_benchmark_processed/misc_galectin3_extra_protein.pdb,694,5.3677406,5.1723027,5.4190063,4.6527987,4.091306,5.744827,5.262475,5.1453686,5.657215,5.048653,5.1561694
695,misc/galectin3_extra,misc/galectin3_extra/17q,../large_fep_dataset/data/fep_benchmark_processed/misc_galectin3_extra_17q.sdf,../large_fep_dataset/data/fep_benchmark_processed/misc_galectin3_extra_protein.pdb,695,4.685569,4.792064,5.0579348,4.8092713,4.586628,5.289398,4.8424582,4.802183,5.5574927,4.600053,4.902305
696,misc/galectin3_extra,misc/galectin3_extra/17r,../large_fep_dataset/data/fep_benchmark_processed/misc_galectin3_extra_17r.sdf,../large_fep_dataset/data/fep_benchmark_processed/misc_galectin3_extra_protein.pdb,696,4.492766,4.903443,5.1277423,4.7166333,4.5165873,5.2055116,4.6773767,4.791624,5.4555674,4.9474754,4.883473
697,misc/galectin3_extra,misc/galectin3_extra/17n,../large_fep_dataset/data/fep_benchmark_processed/misc_galectin3_extra_17n.sdf,../large_fep_dataset/data/fep_benchmark_processed/misc_galectin3_extra_protein.pdb,697,4.8269024,5.3424654,5.5337267,4.362018,4.5535746,5.5254087,5.030032,5.3095374,5.6984196,4.8553777,5.103746
698,misc/galectin3_extra,misc/galectin3_extra/17p,../large_fep_dataset/data/fep_benchmark_processed/misc_galectin3_extra_17p.sdf,../large_fep_dataset/data/fep_benchmark_processed/misc_galectin3_extra_protein.pdb,698,5.157785,5.7717967,5.658777,4.440323,5.008025,5.588637,5.464927,5.4330845,5.8176374,5.071842,5.3412833
699,misc/galectin3_extra,misc/galectin3_extra/17o,../large_fep_dataset/data/fep_benchmark_processed/misc_galectin3_extra_17o.sdf,../large_fep_dataset/data/fep_benchmark_processed/misc_galectin3_extra_protein.pdb,699,5.199661,5.643684,5.090963,4.2185225,4.7273793,5.715997,5.4614067,5.409805,5.681121,4.8466563,5.1995196
700,misc/galectin3_extra,misc/galectin3_extra/17f,../large_fep_dataset/data/fep_benchmark_processed/misc_galectin3_extra_17f.sdf,../large_fep_dataset/data/fep_benchmark_processed/misc_galectin3_extra_protein.pdb,700,5.797008,5.9106317,6.6774383,5.457601,5.6993294,5.947837,6.242866,5.891145,6.053917,5.999312,5.9677086
701,misc/galectin3_extra,misc/galectin3_extra/17e,../large_fep_dataset/data/fep_benchmark_processed/misc_galectin3_extra_17e.sdf,../large_fep_dataset/data/fep_benchmark_processed/misc_galectin3_extra_protein.pdb,701,6.02409,6.3026314,6.5961123,5.557222,6.0943236,5.9278846,6.274271,6.3357363,6.640114,6.5561986,6.2308583
702,misc/galectin3_extra,misc/galectin3_extra/17g,../large_fep_dataset/data/fep_benchmark_processed/misc_galectin3_extra_17g.sdf,../large_fep_dataset/data/fep_benchmark_processed/misc_galectin3_extra_protein.pdb,702,6.4267898,6.470763,7.003437,5.866378,6.097563,5.944892,6.7810154,6.250194,6.6513996,6.626507,6.4118943
703,misc/galectin3_extra,misc/galectin3_extra/17a,../large_fep_dataset/data/fep_benchmark_processed/misc_galectin3_extra_17a.sdf,../large_fep_dataset/data/fep_benchmark_processed/misc_galectin3_extra_protein.pdb,703,5.2624483,5.312713,5.5441217,4.5328097,5.1584644,5.1966553,5.1575804,5.399339,5.316861,5.2468367,5.212783
704,misc/galectin3_extra,misc/galectin3_extra/17j,../large_fep_dataset/data/fep_benchmark_processed/misc_galectin3_extra_17j.sdf,../large_fep_dataset/data/fep_benchmark_processed/misc_galectin3_extra_protein.pdb,704,5.2468443,5.432045,6.075156,4.55002,4.6596546,5.6101537,5.6329064,5.510938,5.746168,5.4622188,5.39261
705,misc/galectin3_extra,misc/galectin3_extra/17l,../large_fep_dataset/data/fep_benchmark_processed/misc_galectin3_extra_17l.sdf,../large_fep_dataset/data/fep_benchmark_processed/misc_galectin3_extra_protein.pdb,705,5.154551,5.3502097,5.8849783,4.9083276,5.2622848,5.605723,5.676541,5.560131,5.567815,5.544429,5.451499
706,misc/galectin3_extra,misc/galectin3_extra/17c,../large_fep_dataset/data/fep_benchmark_processed/misc_galectin3_extra_17c.sdf,../large_fep_dataset/data/fep_benchmark_processed/misc_galectin3_extra_protein.pdb,706,5.490013,5.9394307,6.0582204,5.3171425,5.833304,5.585149,6.070013,5.881567,6.1757836,5.776202,5.812683
707,misc/galectin3_extra,misc/galectin3_extra/17k,../large_fep_dataset/data/fep_benchmark_processed/misc_galectin3_extra_17k.sdf,../large_fep_dataset/data/fep_benchmark_processed/misc_galectin3_extra_protein.pdb,707,5.3914604,5.911357,6.443618,5.519724,5.657783,5.8301067,5.7196,5.91029,5.9548273,5.5976815,5.793645
708,misc/galectin3_extra,misc/galectin3_extra/17b,../large_fep_dataset/data/fep_benchmark_processed/misc_galectin3_extra_17b.sdf,../large_fep_dataset/data/fep_benchmark_processed/misc_galectin3_extra_protein.pdb,708,5.300487,5.841883,5.8521137,5.117217,5.650447,5.343637,5.6976004,5.859827,5.8016467,5.3377514,5.580261
709,misc/galectin3_extra,misc/galectin3_extra/17h flip,../large_fep_dataset/data/fep_benchmark_processed/misc_galectin3_extra_17h_flip.sdf,../large_fep_dataset/data/fep_benchmark_processed/misc_galectin3_extra_protein.pdb,709,5.823999,5.873654,6.4093785,4.90205,5.7607994,5.3535786,6.3144917,5.9042783,6.4281077,5.7342925,5.850463
710,misc/galectin3_extra,misc/galectin3_extra/17i,../large_fep_dataset/data/fep_benchmark_processed/misc_galectin3_extra_17i.sdf,../large_fep_dataset/data/fep_benchmark_processed/misc_galectin3_extra_protein.pdb,710,5.1471353,5.636701,5.8050327,4.8167377,5.1259212,5.567801,5.66897,5.726748,5.799847,5.5629883,5.485789
711,misc/galectin3_extra,misc/galectin3_extra/17d,../large_fep_dataset/data/fep_benchmark_processed/misc_galectin3_extra_17d.sdf,../large_fep_dataset/data/fep_benchmark_processed/misc_galectin3_extra_protein.pdb,711,5.6976137,5.542025,6.2243176,4.723347,5.4879646,5.5328255,5.85886,5.8853645,6.197584,5.565081,5.6714983
712,misc/btk_extra_flip,misc/btk_extra_flip/2,../large_fep_dataset/data/fep_benchmark_processed/misc_btk_extra_flip_2.sdf,../large_fep_dataset/data/fep_benchmark_processed/misc_btk_extra_flip_protein.pdb,712,5.30703,5.508836,4.9582663,5.4653215,3.9698458,5.2902713,5.47541,5.1257534,5.0364614,5.3991847,5.1536384
713,misc/btk_extra_flip,misc/btk_extra_flip/7,../large_fep_dataset/data/fep_benchmark_processed/misc_btk_extra_flip_7.sdf,../large_fep_dataset/data/fep_benchmark_processed/misc_btk_extra_flip_protein.pdb,713,6.7747946,6.2091227,6.679296,6.7513685,6.299754,6.5916934,6.476785,6.6655746,6.6739073,6.4693027,6.5591598
714,misc/btk_extra_flip,misc/btk_extra_flip/8,../large_fep_dataset/data/fep_benchmark_processed/misc_btk_extra_flip_8.sdf,../large_fep_dataset/data/fep_benchmark_processed/misc_btk_extra_flip_protein.pdb,714,6.578233,7.0257406,6.2629275,6.4813776,6.505258,7.1542964,7.151029,6.3721976,6.7055326,6.4448915,6.668148
715,misc/btk_extra_flip,misc/btk_extra_flip/9 flip,../large_fep_dataset/data/fep_benchmark_processed/misc_btk_extra_flip_9_flip.sdf,../large_fep_dataset/data/fep_benchmark_processed/misc_btk_extra_flip_protein.pdb,715,6.9614286,6.312103,7.1992154,6.789189,6.6170983,6.3515162,7.4057045,7.295159,7.4235387,6.852101,6.9207053
716,misc/btk_extra_flip,misc/btk_extra_flip/10,../large_fep_dataset/data/fep_benchmark_processed/misc_btk_extra_flip_10.sdf,../large_fep_dataset/data/fep_benchmark_processed/misc_btk_extra_flip_protein.pdb,716,7.5248337,6.9824443,7.3904576,7.00095,6.6945024,6.89267,6.9817386,6.6024995,7.2051597,6.6871443,6.99624
717,misc/btk_extra_flip,misc/btk_extra_flip/11,../large_fep_dataset/data/fep_benchmark_processed/misc_btk_extra_flip_11.sdf,../large_fep_dataset/data/fep_benchmark_processed/misc_btk_extra_flip_protein.pdb,717,7.622683,7.2327595,7.5525184,6.9899096,7.263081,7.2764354,6.9676065,7.1001353,7.416772,7.477493,7.28994
718,opls_stress/cr_bace1,opls_stress/cr_bace1/4,../large_fep_dataset/data/fep_benchmark_processed/opls_stress_cr_bace1_4.sdf,../large_fep_dataset/data/fep_benchmark_processed/opls_stress_cr_bace1_protein.pdb,718,6.648281,6.683907,6.8192806,6.512554,6.682708,6.691125,6.732622,6.970453,6.1110973,7.258883,6.711091
719,opls_stress/cr_bace1,opls_stress/cr_bace1/1,../large_fep_dataset/data/fep_benchmark_processed/opls_stress_cr_bace1_1.sdf,../large_fep_dataset/data/fep_benchmark_processed/opls_stress_cr_bace1_protein.pdb,719,6.848582,6.7022157,6.9345684,6.5261717,6.8962193,6.5362473,6.7525535,7.012363,6.112905,6.863636,6.7185464
720,opls_stress/cr_bace1,opls_stress/cr_bace1/3,../large_fep_dataset/data/fep_benchmark_processed/opls_stress_cr_bace1_3.sdf,../large_fep_dataset/data/fep_benchmark_processed/opls_stress_cr_bace1_protein.pdb,720,6.6456547,6.300994,7.09793,6.7208366,6.7882075,6.5479,6.4287176,6.559969,6.288002,6.3829894,6.57612
721,opls_stress/cr_bace1,opls_stress/cr_bace1/7,../large_fep_dataset/data/fep_benchmark_processed/opls_stress_cr_bace1_7.sdf,../large_fep_dataset/data/fep_benchmark_processed/opls_stress_cr_bace1_protein.pdb,721,6.3059096,6.612579,6.951596,6.6321406,6.624998,6.4934225,6.3642697,6.5504403,6.889767,6.748143,6.617327
722,opls_stress/cr_bace1,opls_stress/cr_bace1/9R,../large_fep_dataset/data/fep_benchmark_processed/opls_stress_cr_bace1_9R.sdf,../large_fep_dataset/data/fep_benchmark_processed/opls_stress_cr_bace1_protein.pdb,722,6.170992,6.5894055,6.7940106,6.611772,7.2297244,6.408058,6.572539,7.08661,6.725116,6.6238933,6.681212
723,opls_stress/cr_bace1,opls_stress/cr_bace1/5,../large_fep_dataset/data/fep_benchmark_processed/opls_stress_cr_bace1_5.sdf,../large_fep_dataset/data/fep_benchmark_processed/opls_stress_cr_bace1_protein.pdb,723,6.159671,6.6237264,6.7774396,6.444302,6.7218165,6.269861,6.484686,7.119089,6.2970557,6.5994973,6.5497146
724,opls_stress/cr_bace1,opls_stress/cr_bace1/10,../large_fep_dataset/data/fep_benchmark_processed/opls_stress_cr_bace1_10.sdf,../large_fep_dataset/data/fep_benchmark_processed/opls_stress_cr_bace1_protein.pdb,724,6.497169,6.7431803,6.84422,6.1005516,6.553949,6.274111,6.063232,6.397635,6.6187124,6.223662,6.431642
725,opls_stress/cr_bace1,opls_stress/cr_bace1/6,../large_fep_dataset/data/fep_benchmark_processed/opls_stress_cr_bace1_6.sdf,../large_fep_dataset/data/fep_benchmark_processed/opls_stress_cr_bace1_protein.pdb,725,7.148264,7.1388364,7.3754163,7.003106,7.523381,7.1242805,7.244035,7.6422586,6.970153,7.09553,7.2265253
726,opls_stress/cr_bace1,opls_stress/cr_bace1/2,../large_fep_dataset/data/fep_benchmark_processed/opls_stress_cr_bace1_2.sdf,../large_fep_dataset/data/fep_benchmark_processed/opls_stress_cr_bace1_protein.pdb,726,6.44791,6.433325,6.7946305,6.350848,6.7671776,6.7013144,6.4538727,7.220206,6.2658787,6.231479,6.566664
727,opls_stress/cr_bace1,opls_stress/cr_bace1/9S,../large_fep_dataset/data/fep_benchmark_processed/opls_stress_cr_bace1_9S.sdf,../large_fep_dataset/data/fep_benchmark_processed/opls_stress_cr_bace1_protein.pdb,727,6.3734818,6.298049,6.6411533,6.6305113,7.169266,6.44583,6.6160054,6.896719,6.274025,6.6521564,6.599719
728,opls_stress/cr_bace1,opls_stress/cr_bace1/8,../large_fep_dataset/data/fep_benchmark_processed/opls_stress_cr_bace1_8.sdf,../large_fep_dataset/data/fep_benchmark_processed/opls_stress_cr_bace1_protein.pdb,728,6.2877383,6.2456775,6.736141,6.626824,6.6492567,6.422691,6.151828,6.95874,6.172371,6.6261544,6.4877424
729,opls_stress/hc_bace1,opls_stress/hc_bace1/22256_26_0_ligand,../large_fep_dataset/data/fep_benchmark_processed/opls_stress_hc_bace1_22256_26_0_ligand.sdf,../large_fep_dataset/data/fep_benchmark_processed/opls_stress_hc_bace1_protein.pdb,729,6.5512977,5.7544594,6.2810383,6.8813953,6.586851,7.1602664,7.1517005,6.475141,6.7562904,6.0120215,6.5610456
730,opls_stress/hc_bace1,opls_stress/hc_bace1/22250_20_0_ligand,../large_fep_dataset/data/fep_benchmark_processed/opls_stress_hc_bace1_22250_20_0_ligand.sdf,../large_fep_dataset/data/fep_benchmark_processed/opls_stress_hc_bace1_protein.pdb,730,6.702842,6.296084,5.807192,6.522863,6.0837846,6.143063,6.8200107,6.2303,6.37808,6.5501122,6.353433
731,opls_stress/hc_bace1,opls_stress/hc_bace1/22251_21_0_ligand,../large_fep_dataset/data/fep_benchmark_processed/opls_stress_hc_bace1_22251_21_0_ligand.sdf,../large_fep_dataset/data/fep_benchmark_processed/opls_stress_hc_bace1_protein.pdb,731,6.4489064,6.0066166,6.101772,6.6719084,6.0186257,6.3068247,6.818116,6.2280455,6.4826155,6.6229987,6.3706427
732,opls_stress/hc_bace1,opls_stress/hc_bace1/19677_19_0_ligand,../large_fep_dataset/data/fep_benchmark_processed/opls_stress_hc_bace1_19677_19_0_ligand.sdf,../large_fep_dataset/data/fep_benchmark_processed/opls_stress_hc_bace1_protein.pdb,732,6.335253,5.9513016,6.086118,6.2089953,6.3163357,7.0392494,6.8157535,6.2565236,6.3682885,6.061619,6.343944
733,opls_stress/hc_bace1,opls_stress/hc_bace1/22254_24_0_ligand,../large_fep_dataset/data/fep_benchmark_processed/opls_stress_hc_bace1_22254_24_0_ligand.sdf,../large_fep_dataset/data/fep_benchmark_processed/opls_stress_hc_bace1_protein.pdb,733,7.1915126,6.4319787,6.4003425,6.555965,6.7094965,7.0725646,7.282945,6.769615,6.8770094,6.6126556,6.790408
734,opls_stress/hc_bace1,opls_stress/hc_bace1/22252_22_0_ligand,../large_fep_dataset/data/fep_benchmark_processed/opls_stress_hc_bace1_22252_22_0_ligand.sdf,../large_fep_dataset/data/fep_benchmark_processed/opls_stress_hc_bace1_protein.pdb,734,6.7803097,6.117968,6.2257037,6.5972247,6.1808925,6.4549847,6.7895617,6.0103445,6.4738574,6.3538246,6.3984675
735,opls_stress/hc_bace1,opls_stress/hc_bace1/22253_23_0_ligand,../large_fep_dataset/data/fep_benchmark_processed/opls_stress_hc_bace1_22253_23_0_ligand.sdf,../large_fep_dataset/data/fep_benchmark_processed/opls_stress_hc_bace1_protein.pdb,735,6.821047,6.046038,6.019347,6.5050964,6.069247,5.7514176,6.2440915,6.1003532,5.9574714,5.999552,6.1513658
736,opls_stress/fxa_yoshikawa_set,opls_stress/fxa_yoshikawa_set/5f,../large_fep_dataset/data/fep_benchmark_processed/opls_stress_fxa_yoshikawa_set_5f.sdf,../large_fep_dataset/data/fep_benchmark_processed/opls_stress_fxa_yoshikawa_set_protein.pdb,736,7.8461485,8.125585,7.8298907,7.6270638,7.4661055,7.688169,8.190692,7.6179123,7.3922734,7.682075,7.746592
737,opls_stress/fxa_yoshikawa_set,opls_stress/fxa_yoshikawa_set/5g,../large_fep_dataset/data/fep_benchmark_processed/opls_stress_fxa_yoshikawa_set_5g.sdf,../large_fep_dataset/data/fep_benchmark_processed/opls_stress_fxa_yoshikawa_set_protein.pdb,737,8.229376,7.8919864,7.9552736,7.2741203,7.627079,7.340321,7.949226,8.127643,6.850733,7.4537663,7.6699524
738,opls_stress/fxa_yoshikawa_set,opls_stress/fxa_yoshikawa_set/5e,../large_fep_dataset/data/fep_benchmark_processed/opls_stress_fxa_yoshikawa_set_5e.sdf,../large_fep_dataset/data/fep_benchmark_processed/opls_stress_fxa_yoshikawa_set_protein.pdb,738,7.5885935,8.254296,8.030782,7.701089,7.555957,7.6151414,8.262159,7.7856565,7.4487467,7.789911,7.803233
739,opls_stress/fxa_yoshikawa_set,opls_stress/fxa_yoshikawa_set/5i,../large_fep_dataset/data/fep_benchmark_processed/opls_stress_fxa_yoshikawa_set_5i.sdf,../large_fep_dataset/data/fep_benchmark_processed/opls_stress_fxa_yoshikawa_set_protein.pdb,739,7.6355786,7.540477,8.021058,7.5188026,7.9506845,7.9954276,8.383887,7.6014028,7.090569,7.7697024,7.750758
740,opls_stress/fxa_yoshikawa_set,opls_stress/fxa_yoshikawa_set/5b,../large_fep_dataset/data/fep_benchmark_processed/opls_stress_fxa_yoshikawa_set_5b.sdf,../large_fep_dataset/data/fep_benchmark_processed/opls_stress_fxa_yoshikawa_set_protein.pdb,740,7.9055834,8.168553,8.060723,7.8009005,7.41558,7.6310077,8.433292,7.843867,7.401005,7.896164,7.855668
741,opls_stress/fxa_yoshikawa_set,opls_stress/fxa_yoshikawa_set/5h,../large_fep_dataset/data/fep_benchmark_processed/opls_stress_fxa_yoshikawa_set_5h.sdf,../large_fep_dataset/data/fep_benchmark_processed/opls_stress_fxa_yoshikawa_set_protein.pdb,741,7.9262013,7.5874133,7.982706,7.573326,7.7685957,7.5113406,8.023822,7.9221315,7.242314,7.80516,7.734301
742,opls_stress/fxa_yoshikawa_set,opls_stress/fxa_yoshikawa_set/5a,../large_fep_dataset/data/fep_benchmark_processed/opls_stress_fxa_yoshikawa_set_5a.sdf,../large_fep_dataset/data/fep_benchmark_processed/opls_stress_fxa_yoshikawa_set_protein.pdb,742,7.886728,7.743417,7.9593763,7.3864827,7.6078396,7.517231,8.17793,7.53137,7.4951053,7.6113734,7.6916847
743,opls_stress/fxa_yoshikawa_set,opls_stress/fxa_yoshikawa_set/5k,../large_fep_dataset/data/fep_benchmark_processed/opls_stress_fxa_yoshikawa_set_5k.sdf,../large_fep_dataset/data/fep_benchmark_processed/opls_stress_fxa_yoshikawa_set_protein.pdb,743,7.3678675,7.144413,7.2987766,7.1839724,7.3565755,7.4088855,7.395002,7.1052256,7.193143,7.538492,7.299235
744,opls_stress/fxa_yoshikawa_set,opls_stress/fxa_yoshikawa_set/5d,../large_fep_dataset/data/fep_benchmark_processed/opls_stress_fxa_yoshikawa_set_5d.sdf,../large_fep_dataset/data/fep_benchmark_processed/opls_stress_fxa_yoshikawa_set_protein.pdb,744,7.8750424,7.562,8.017499,7.6242657,7.693329,7.5911083,8.290696,7.7874393,7.6890373,7.5825644,7.7712984
745,opls_stress/fxa_yoshikawa_set,opls_stress/fxa_yoshikawa_set/5c,../large_fep_dataset/data/fep_benchmark_processed/opls_stress_fxa_yoshikawa_set_5c.sdf,../large_fep_dataset/data/fep_benchmark_processed/opls_stress_fxa_yoshikawa_set_protein.pdb,745,8.012411,7.887456,7.9611773,7.450746,7.657507,7.780353,8.316649,7.7598457,7.6852937,7.7317834,7.8243227
746,opls_stress/fxa_yoshikawa_set,opls_stress/fxa_yoshikawa_set/8e,../large_fep_dataset/data/fep_benchmark_processed/opls_stress_fxa_yoshikawa_set_8e.sdf,../large_fep_dataset/data/fep_benchmark_processed/opls_stress_fxa_yoshikawa_set_protein.pdb,746,7.6617126,7.8318405,7.4110007,7.082717,6.934085,7.2401223,7.9192524,7.623144,6.598937,7.3625593,7.3665376
747,opls_stress/fxa_yoshikawa_set,opls_stress/fxa_yoshikawa_set/8b,../large_fep_dataset/data/fep_benchmark_processed/opls_stress_fxa_yoshikawa_set_8b.sdf,../large_fep_dataset/data/fep_benchmark_processed/opls_stress_fxa_yoshikawa_set_protein.pdb,747,7.8187275,7.8583727,7.753214,7.1444693,6.7882957,7.014254,8.00395,7.7339044,6.987905,7.506481,7.4609575
748,opls_stress/fxa_yoshikawa_set,opls_stress/fxa_yoshikawa_set/8d,../large_fep_dataset/data/fep_benchmark_processed/opls_stress_fxa_yoshikawa_set_8d.sdf,../large_fep_dataset/data/fep_benchmark_processed/opls_stress_fxa_yoshikawa_set_protein.pdb,748,7.66622,7.6510425,7.8382325,7.1419163,6.9686723,7.2031717,8.055556,7.498605,6.6113944,7.217861,7.3852677
749,opls_stress/fxa_yoshikawa_set,opls_stress/fxa_yoshikawa_set/8c,../large_fep_dataset/data/fep_benchmark_processed/opls_stress_fxa_yoshikawa_set_8c.sdf,../large_fep_dataset/data/fep_benchmark_processed/opls_stress_fxa_yoshikawa_set_protein.pdb,749,7.7869015,7.7772326,7.4503884,7.201946,6.7735796,7.080171,7.9997835,7.713787,6.6504955,7.4708242,7.3905106
750,opls_stress/fxa_yoshikawa_set,opls_stress/fxa_yoshikawa_set/8g,../large_fep_dataset/data/fep_benchmark_processed/opls_stress_fxa_yoshikawa_set_8g.sdf,../large_fep_dataset/data/fep_benchmark_processed/opls_stress_fxa_yoshikawa_set_protein.pdb,750,7.3505464,7.4504294,7.495457,6.7374563,6.8619037,6.8528624,7.7773685,6.989991,6.7016582,6.975643,7.1193314
751,opls_stress/fxa_yoshikawa_set,opls_stress/fxa_yoshikawa_set/A_cor,../large_fep_dataset/data/fep_benchmark_processed/opls_stress_fxa_yoshikawa_set_A_cor.sdf,../large_fep_dataset/data/fep_benchmark_processed/opls_stress_fxa_yoshikawa_set_protein.pdb,751,7.8479476,7.545517,7.7048836,6.774577,7.2278357,6.994653,8.063856,7.543396,6.717384,7.267265,7.3687315
752,opls_stress/fxa_yoshikawa_set,opls_stress/fxa_yoshikawa_set/8f,../large_fep_dataset/data/fep_benchmark_processed/opls_stress_fxa_yoshikawa_set_8f.sdf,../large_fep_dataset/data/fep_benchmark_processed/opls_stress_fxa_yoshikawa_set_protein.pdb,752,7.482575,7.368194,7.725745,7.043221,7.0806284,6.5482316,7.587855,7.431088,6.6855083,7.200557,7.21536
753,opls_stress/fxa_yoshikawa_set,opls_stress/fxa_yoshikawa_set/8a,../large_fep_dataset/data/fep_benchmark_processed/opls_stress_fxa_yoshikawa_set_8a.sdf,../large_fep_dataset/data/fep_benchmark_processed/opls_stress_fxa_yoshikawa_set_protein.pdb,753,7.7283735,7.536945,7.4518,6.966172,6.9125605,7.0223646,8.048579,7.354098,6.5189548,7.4097805,7.294963
754,opls_stress/fxa_yoshikawa_set,opls_stress/fxa_yoshikawa_set/8h,../large_fep_dataset/data/fep_benchmark_processed/opls_stress_fxa_yoshikawa_set_8h.sdf,../large_fep_dataset/data/fep_benchmark_processed/opls_stress_fxa_yoshikawa_set_protein.pdb,754,7.865291,7.5971117,7.9028316,7.395087,7.244728,7.0695047,8.029892,7.6448784,7.2501836,7.44797,7.544748
755,opls_stress/fxa_yoshikawa_set,opls_stress/fxa_yoshikawa_set/8i,../large_fep_dataset/data/fep_benchmark_processed/opls_stress_fxa_yoshikawa_set_8i.sdf,../large_fep_dataset/data/fep_benchmark_processed/opls_stress_fxa_yoshikawa_set_protein.pdb,755,7.6108828,7.7190814,8.025558,7.204963,6.817003,7.5594983,7.8551564,7.7685447,7.327318,7.382299,7.52703
756,opls_stress/fxa_yoshikawa_set,opls_stress/fxa_yoshikawa_set/8j,../large_fep_dataset/data/fep_benchmark_processed/opls_stress_fxa_yoshikawa_set_8j.sdf,../large_fep_dataset/data/fep_benchmark_processed/opls_stress_fxa_yoshikawa_set_protein.pdb,756,7.9038434,7.868344,7.8171706,7.20067,7.37331,7.3171906,8.340496,7.9236674,7.0481677,7.524756,7.631762
757,opls_stress/fxa_yoshikawa_set,opls_stress/fxa_yoshikawa_set/8k,../large_fep_dataset/data/fep_benchmark_processed/opls_stress_fxa_yoshikawa_set_8k.sdf,../large_fep_dataset/data/fep_benchmark_processed/opls_stress_fxa_yoshikawa_set_protein.pdb,757,7.898085,7.8258433,7.8766007,7.35341,7.202968,7.3696823,8.282632,7.803885,6.9799585,7.4498496,7.6042914
758,opls_stress/fxa_yoshikawa_set,opls_stress/fxa_yoshikawa_set/8l,../large_fep_dataset/data/fep_benchmark_processed/opls_stress_fxa_yoshikawa_set_8l.sdf,../large_fep_dataset/data/fep_benchmark_processed/opls_stress_fxa_yoshikawa_set_protein.pdb,758,7.780808,7.7617173,7.933981,7.665687,7.0940866,7.561399,8.502849,7.653564,6.92048,7.500321,7.6374893
759,opls_stress/fxa_yoshikawa_set,opls_stress/fxa_yoshikawa_set/8m,../large_fep_dataset/data/fep_benchmark_processed/opls_stress_fxa_yoshikawa_set_8m.sdf,../large_fep_dataset/data/fep_benchmark_processed/opls_stress_fxa_yoshikawa_set_protein.pdb,759,7.9437523,7.4698644,7.748818,7.149679,7.427146,7.172606,8.255753,7.9315314,7.0381713,7.0940065,7.5231333
760,opls_stress/fxa_yoshikawa_set,opls_stress/fxa_yoshikawa_set/8n,../large_fep_dataset/data/fep_benchmark_processed/opls_stress_fxa_yoshikawa_set_8n.sdf,../large_fep_dataset/data/fep_benchmark_processed/opls_stress_fxa_yoshikawa_set_protein.pdb,760,7.6430984,7.3717656,7.685601,6.8815217,7.34492,7.214063,7.9402795,7.886008,6.619398,7.225357,7.3812013
761,opls_stress/fxa_yoshikawa_set,opls_stress/fxa_yoshikawa_set/8o,../large_fep_dataset/data/fep_benchmark_processed/opls_stress_fxa_yoshikawa_set_8o.sdf,../large_fep_dataset/data/fep_benchmark_processed/opls_stress_fxa_yoshikawa_set_protein.pdb,761,7.447829,7.578496,7.41524,6.408376,7.2768345,6.8722463,7.866515,7.572163,6.7641215,6.8247366,7.202656
762,opls_stress/fxa_yoshikawa_set,opls_stress/fxa_yoshikawa_set/8p,../large_fep_dataset/data/fep_benchmark_processed/opls_stress_fxa_yoshikawa_set_8p.sdf,../large_fep_dataset/data/fep_benchmark_processed/opls_stress_fxa_yoshikawa_set_protein.pdb,762,7.8838925,7.6869445,7.678898,6.928178,7.3645453,7.4474273,7.8671517,7.9133134,6.5629697,7.1843233,7.4517646
763,opls_stress/cr_bace2,opls_stress/cr_bace2/22,../large_fep_dataset/data/fep_benchmark_processed/opls_stress_cr_bace2_22.sdf,../large_fep_dataset/data/fep_benchmark_processed/opls_stress_cr_bace2_protein.pdb,763,6.9527965,6.3510275,6.9587693,6.7738543,6.757924,6.2491875,6.3002415,6.83326,6.774993,5.868228,6.5820274
764,opls_stress/cr_bace2,opls_stress/cr_bace2/16,../large_fep_dataset/data/fep_benchmark_processed/opls_stress_cr_bace2_16.sdf,../large_fep_dataset/data/fep_benchmark_processed/opls_stress_cr_bace2_protein.pdb,764,6.7278113,6.7901716,7.2156014,6.9099865,7.064747,6.5102196,6.4470677,6.688397,6.3844833,6.9337,6.767218
765,opls_stress/cr_bace2,opls_stress/cr_bace2/11,../large_fep_dataset/data/fep_benchmark_processed/opls_stress_cr_bace2_11.sdf,../large_fep_dataset/data/fep_benchmark_processed/opls_stress_cr_bace2_protein.pdb,765,6.8305707,5.9393272,7.0911546,6.536318,6.5222483,6.484869,6.223819,6.451259,6.42032,6.3019047,6.480179
766,opls_stress/cr_bace2,opls_stress/cr_bace2/21,../large_fep_dataset/data/fep_benchmark_processed/opls_stress_cr_bace2_21.sdf,../large_fep_dataset/data/fep_benchmark_processed/opls_stress_cr_bace2_protein.pdb,766,6.9974647,6.2846093,6.97617,6.669581,6.8837876,6.447155,6.9093,6.85696,6.680721,6.477253,6.7183
767,opls_stress/cr_bace2,opls_stress/cr_bace2/24,../large_fep_dataset/data/fep_benchmark_processed/opls_stress_cr_bace2_24.sdf,../large_fep_dataset/data/fep_benchmark_processed/opls_stress_cr_bace2_protein.pdb,767,6.510614,6.3026733,6.9161515,6.270888,6.744444,6.2179756,6.54149,6.624902,6.4766555,6.0279045,6.46337
768,opls_stress/cr_bace2,opls_stress/cr_bace2/12,../large_fep_dataset/data/fep_benchmark_processed/opls_stress_cr_bace2_12.sdf,../large_fep_dataset/data/fep_benchmark_processed/opls_stress_cr_bace2_protein.pdb,768,6.806169,6.2640896,7.127686,6.38492,6.5723057,6.271806,6.5453644,6.3383946,6.0378284,6.246683,6.4595246
769,opls_stress/cr_bace2,opls_stress/cr_bace2/20,../large_fep_dataset/data/fep_benchmark_processed/opls_stress_cr_bace2_20.sdf,../large_fep_dataset/data/fep_benchmark_processed/opls_stress_cr_bace2_protein.pdb,769,7.008012,6.3229837,6.8811083,6.7229176,6.767971,6.8081985,6.795002,6.750131,6.6301208,6.603802,6.7290244
770,opls_stress/cr_bace2,opls_stress/cr_bace2/19,../large_fep_dataset/data/fep_benchmark_processed/opls_stress_cr_bace2_19.sdf,../large_fep_dataset/data/fep_benchmark_processed/opls_stress_cr_bace2_protein.pdb,770,7.2232623,6.739255,7.05746,6.867485,7.0475044,6.531086,6.6558285,6.9276934,7.039296,6.7497196,6.8838587
771,opls_stress/cr_bace2,opls_stress/cr_bace2/13,../large_fep_dataset/data/fep_benchmark_processed/opls_stress_cr_bace2_13.sdf,../large_fep_dataset/data/fep_benchmark_processed/opls_stress_cr_bace2_protein.pdb,771,6.906198,6.4866376,7.1772294,6.5114784,6.972512,6.416573,6.4270883,6.51674,6.8098803,6.7497525,6.697409
772,opls_stress/cr_bace2,opls_stress/cr_bace2/23,../large_fep_dataset/data/fep_benchmark_processed/opls_stress_cr_bace2_23.sdf,../large_fep_dataset/data/fep_benchmark_processed/opls_stress_cr_bace2_protein.pdb,772,6.742105,6.42982,6.862435,6.5887246,6.8879576,6.295101,6.243844,6.7488523,6.535067,5.9357157,6.5269623
773,opls_stress/cr_bace2,opls_stress/cr_bace2/15,../large_fep_dataset/data/fep_benchmark_processed/opls_stress_cr_bace2_15.sdf,../large_fep_dataset/data/fep_benchmark_processed/opls_stress_cr_bace2_protein.pdb,773,6.926978,6.512591,7.232402,6.7917647,7.1351852,6.6177464,6.5682926,6.4867144,6.8024197,6.585919,6.766001
774,opls_stress/cr_bace2,opls_stress/cr_bace2/14,../large_fep_dataset/data/fep_benchmark_processed/opls_stress_cr_bace2_14.sdf,../large_fep_dataset/data/fep_benchmark_processed/opls_stress_cr_bace2_protein.pdb,774,6.9864426,6.2752833,7.1733837,6.3450494,6.7464085,6.4190474,6.356412,6.3954926,6.152875,6.5061083,6.53565
775,opls_stress/fxa_set3,opls_stress/fxa_set3/20814_6,../large_fep_dataset/data/fep_benchmark_processed/opls_stress_fxa_set3_20814_6.sdf,../large_fep_dataset/data/fep_benchmark_processed/opls_stress_fxa_set3_protein.pdb,775,6.8983364,7.5881066,7.954697,7.7857704,6.850824,7.5409446,8.205646,7.0987725,7.66469,7.3241777,7.4911966
776,opls_stress/fxa_set3,opls_stress/fxa_set3/20539_10,../large_fep_dataset/data/fep_benchmark_processed/opls_stress_fxa_set3_20539_10.sdf,../large_fep_dataset/data/fep_benchmark_processed/opls_stress_fxa_set3_protein.pdb,776,7.4785895,7.639434,7.9484015,7.809529,7.094125,7.7066627,7.5320535,6.948777,7.429871,7.369571,7.495701
777,opls_stress/fxa_set3,opls_stress/fxa_set3/20820_11,../large_fep_dataset/data/fep_benchmark_processed/opls_stress_fxa_set3_20820_11.sdf,../large_fep_dataset/data/fep_benchmark_processed/opls_stress_fxa_set3_protein.pdb,777,7.216423,7.325953,7.979985,7.534691,7.417644,7.3936024,7.1216946,6.6828885,7.2689004,7.450519,7.3392305
778,opls_stress/fxa_set3,opls_stress/fxa_set3/20819_8,../large_fep_dataset/data/fep_benchmark_processed/opls_stress_fxa_set3_20819_8.sdf,../large_fep_dataset/data/fep_benchmark_processed/opls_stress_fxa_set3_protein.pdb,778,7.7049985,7.5864096,7.6106033,7.7628317,7.0222387,7.66647,7.516977,7.3001328,7.4346967,7.514349,7.5119715
779,opls_stress/fxa_set6,opls_stress/fxa_set6/21083,../large_fep_dataset/data/fep_benchmark_processed/opls_stress_fxa_set6_21083.sdf,../large_fep_dataset/data/fep_benchmark_processed/opls_stress_fxa_set6_protein.pdb,779,6.73584,6.5423374,6.5123444,6.424957,6.455913,7.1922474,6.9409914,6.5259137,6.85891,7.300947,6.74904
780,opls_stress/fxa_set6,opls_stress/fxa_set6/21084,../large_fep_dataset/data/fep_benchmark_processed/opls_stress_fxa_set6_21084.sdf,../large_fep_dataset/data/fep_benchmark_processed/opls_stress_fxa_set6_protein.pdb,780,7.1647563,6.699712,7.0708785,7.023614,6.7127485,7.4066925,7.119199,7.171589,7.118649,7.4339595,7.09218
781,opls_stress/fxa_set6,opls_stress/fxa_set6/21085,../large_fep_dataset/data/fep_benchmark_processed/opls_stress_fxa_set6_21085.sdf,../large_fep_dataset/data/fep_benchmark_processed/opls_stress_fxa_set6_protein.pdb,781,7.298085,7.320637,7.3801627,7.1566057,7.2441654,7.515588,7.4680176,7.2879725,6.9070506,7.1146708,7.2692957
782,opls_stress/fxa_set6,opls_stress/fxa_set6/21086,../large_fep_dataset/data/fep_benchmark_processed/opls_stress_fxa_set6_21086.sdf,../large_fep_dataset/data/fep_benchmark_processed/opls_stress_fxa_set6_protein.pdb,782,7.1218057,6.9679823,7.2601357,7.3533006,6.887787,7.44741,7.1394763,6.9652123,6.9983773,7.174695,7.1316185
783,opls_stress/fxa_set6,opls_stress/fxa_set6/20524_2j95_cys,../large_fep_dataset/data/fep_benchmark_processed/opls_stress_fxa_set6_20524_2j95_cys.sdf,../large_fep_dataset/data/fep_benchmark_processed/opls_stress_fxa_set6_protein.pdb,783,7.51043,7.046361,7.3940635,7.2479076,7.141172,7.48659,7.5045047,7.156814,7.155847,7.4016657,7.304536
784,opls_stress/fxa_set6,opls_stress/fxa_set6/21087,../large_fep_dataset/data/fep_benchmark_processed/opls_stress_fxa_set6_21087.sdf,../large_fep_dataset/data/fep_benchmark_processed/opls_stress_fxa_set6_protein.pdb,784,7.214496,7.4587026,7.238418,7.2434535,7.3321996,7.549957,7.589598,7.120975,7.1523743,7.164972,7.3065147
785,opls_stress/fxa_set5,opls_stress/fxa_set5/20705_cys,../large_fep_dataset/data/fep_benchmark_processed/opls_stress_fxa_set5_20705_cys.sdf,../large_fep_dataset/data/fep_benchmark_processed/opls_stress_fxa_set5_protein.pdb,785,8.031065,7.676353,7.760319,7.4627333,7.6940536,7.6719713,7.802883,7.5998187,7.5752664,7.592364,7.686682
786,opls_stress/fxa_set5,opls_stress/fxa_set5/21331,../large_fep_dataset/data/fep_benchmark_processed/opls_stress_fxa_set5_21331.sdf,../large_fep_dataset/data/fep_benchmark_processed/opls_stress_fxa_set5_protein.pdb,786,7.92924,7.4133906,7.736119,7.4183145,7.556283,7.324923,7.834365,7.527205,7.4847474,7.4283323,7.5652914
787,opls_stress/hc_bace2,opls_stress/hc_bace2/37_0_ligand,../large_fep_dataset/data/fep_benchmark_processed/opls_stress_hc_bace2_37_0_ligand.sdf,../large_fep_dataset/data/fep_benchmark_processed/opls_stress_hc_bace2_protein.pdb,787,6.290979,5.3942766,6.347486,6.286649,5.8878207,5.7946835,6.3334575,5.8160725,6.4973125,6.036597,6.068534
788,opls_stress/hc_bace2,opls_stress/hc_bace2/35_0_ligand,../large_fep_dataset/data/fep_benchmark_processed/opls_stress_hc_bace2_35_0_ligand.sdf,../large_fep_dataset/data/fep_benchmark_processed/opls_stress_hc_bace2_protein.pdb,788,7.297726,6.235621,6.2978935,7.2637424,6.814733,6.683552,6.676661,6.27274,6.7171636,5.6126876,6.587252
789,opls_stress/hc_bace2,opls_stress/hc_bace2/39_0_ligand,../large_fep_dataset/data/fep_benchmark_processed/opls_stress_hc_bace2_39_0_ligand.sdf,../large_fep_dataset/data/fep_benchmark_processed/opls_stress_hc_bace2_protein.pdb,789,6.3171387,5.692254,6.211327,6.7511215,6.3666863,6.77412,6.9999394,6.286616,6.3953443,5.957738,6.3752284
790,opls_stress/hc_bace2,opls_stress/hc_bace2/34_0_ligand,../large_fep_dataset/data/fep_benchmark_processed/opls_stress_hc_bace2_34_0_ligand.sdf,../large_fep_dataset/data/fep_benchmark_processed/opls_stress_hc_bace2_protein.pdb,790,6.7203946,5.7624745,5.658592,7.138396,6.247397,6.504234,6.8821282,6.4823565,6.3604608,4.7571044,6.2513537
791,opls_stress/hc_bace2,opls_stress/hc_bace2/40_0_ligand,../large_fep_dataset/data/fep_benchmark_processed/opls_stress_hc_bace2_40_0_ligand.sdf,../large_fep_dataset/data/fep_benchmark_processed/opls_stress_hc_bace2_protein.pdb,791,6.591647,5.905038,6.0674376,6.9108663,6.558689,6.613778,6.8253555,6.5276976,6.9807067,5.1445932,6.412581
792,opls_stress/hc_bace2,opls_stress/hc_bace2/30_0_ligand,../large_fep_dataset/data/fep_benchmark_processed/opls_stress_hc_bace2_30_0_ligand.sdf,../large_fep_dataset/data/fep_benchmark_processed/opls_stress_hc_bace2_protein.pdb,792,6.3556128,5.5357895,6.4328585,6.3646374,5.9888053,6.000192,6.55648,5.8322616,6.4928474,6.068954,6.1628437
793,opls_stress/hc_bace2,opls_stress/hc_bace2/33_0_ligand,../large_fep_dataset/data/fep_benchmark_processed/opls_stress_hc_bace2_33_0_ligand.sdf,../large_fep_dataset/data/fep_benchmark_processed/opls_stress_hc_bace2_protein.pdb,793,6.5701804,5.818722,5.927847,6.733687,6.417482,6.519028,6.914385,6.432347,6.5124846,5.710496,6.3556657
794,opls_stress/hc_bace2,opls_stress/hc_bace2/41_0_ligand,../large_fep_dataset/data/fep_benchmark_processed/opls_stress_hc_bace2_41_0_ligand.sdf,../large_fep_dataset/data/fep_benchmark_processed/opls_stress_hc_bace2_protein.pdb,794,7.024554,6.0261097,6.0832086,7.2599354,6.733879,6.873172,6.8649755,6.569629,6.797435,5.966348,6.619925
795,opls_stress/hc_bace2,opls_stress/hc_bace2/42_0_ligand,../large_fep_dataset/data/fep_benchmark_processed/opls_stress_hc_bace2_42_0_ligand.sdf,../large_fep_dataset/data/fep_benchmark_processed/opls_stress_hc_bace2_protein.pdb,795,6.4313807,5.7749453,5.891416,7.1385036,6.543474,6.783242,7.3807416,6.5418334,7.146248,5.480781,6.511256
796,opls_stress/hc_bace2,opls_stress/hc_bace2/44_0_ligand,../large_fep_dataset/data/fep_benchmark_processed/opls_stress_hc_bace2_44_0_ligand.sdf,../large_fep_dataset/data/fep_benchmark_processed/opls_stress_hc_bace2_protein.pdb,796,6.193726,5.45006,6.481863,6.1935678,5.983983,6.140555,6.4416285,6.160869,6.485954,5.5977383,6.112994
797,opls_stress/fxa_set4,opls_stress/fxa_set4/1s,../large_fep_dataset/data/fep_benchmark_processed/opls_stress_fxa_set4_1s.sdf,../large_fep_dataset/data/fep_benchmark_processed/opls_stress_fxa_set4_protein.pdb,797,7.5018964,7.1716204,7.018029,7.3687205,7.177684,6.537809,7.3854637,7.1982727,6.980814,7.1982727,7.153858
798,opls_stress/fxa_set4,opls_stress/fxa_set4/21080_1j,../large_fep_dataset/data/fep_benchmark_processed/opls_stress_fxa_set4_21080_1j.sdf,../large_fep_dataset/data/fep_benchmark_processed/opls_stress_fxa_set4_protein.pdb,798,7.2276397,7.0391855,7.263403,7.5290914,7.29522,7.2569013,7.4290595,7.0205684,6.7359996,7.1157265,7.1912794
799,opls_stress/fxa_set4,opls_stress/fxa_set4/21030_1o,../large_fep_dataset/data/fep_benchmark_processed/opls_stress_fxa_set4_21030_1o.sdf,../large_fep_dataset/data/fep_benchmark_processed/opls_stress_fxa_set4_protein.pdb,799,7.423265,7.2569695,7.7686853,7.489753,7.383477,7.2655044,7.818142,7.527624,6.635916,6.876037,7.3445373
800,opls_stress/fxa_set4,opls_stress/fxa_set4/21028_1r,../large_fep_dataset/data/fep_benchmark_processed/opls_stress_fxa_set4_21028_1r.sdf,../large_fep_dataset/data/fep_benchmark_processed/opls_stress_fxa_set4_protein.pdb,800,7.202881,7.3037024,7.4765015,7.041495,6.923539,7.19384,7.6179137,7.088992,6.628806,7.122836,7.1600504
801,opls_stress/fxa_set4,opls_stress/fxa_set4/21027_1q,../large_fep_dataset/data/fep_benchmark_processed/opls_stress_fxa_set4_21027_1q.sdf,../large_fep_dataset/data/fep_benchmark_processed/opls_stress_fxa_set4_protein.pdb,801,7.207495,7.3227158,7.5105386,7.432799,7.1951966,7.2442684,7.730058,7.4647417,6.946857,7.632947,7.3687615
802,opls_stress/fxa_set4,opls_stress/fxa_set4/1t,../large_fep_dataset/data/fep_benchmark_processed/opls_stress_fxa_set4_1t.sdf,../large_fep_dataset/data/fep_benchmark_processed/opls_stress_fxa_set4_protein.pdb,802,7.3450613,7.1875825,7.3472137,7.3644304,7.2174077,6.5986834,7.2850432,7.0571427,6.912782,7.014076,7.132942
803,opls_stress/fxa_set4,opls_stress/fxa_set4/16352_1e,../large_fep_dataset/data/fep_benchmark_processed/opls_stress_fxa_set4_16352_1e.sdf,../large_fep_dataset/data/fep_benchmark_processed/opls_stress_fxa_set4_protein.pdb,803,7.463245,7.0774155,7.7170177,7.609842,7.5664115,7.158787,7.9126287,7.4266777,7.017239,7.2811527,7.4230413
804,opls_stress/fxa_set4,opls_stress/fxa_set4/21081_1k,../large_fep_dataset/data/fep_benchmark_processed/opls_stress_fxa_set4_21081_1k.sdf,../large_fep_dataset/data/fep_benchmark_processed/opls_stress_fxa_set4_protein.pdb,804,7.1357102,7.044889,7.1700754,7.7236032,7.2910037,7.3949585,7.3852305,7.2166615,7.0154247,7.466906,7.284446
805,opls_stress/fxa_set4,opls_stress/fxa_set4/21031_1p,../large_fep_dataset/data/fep_benchmark_processed/opls_stress_fxa_set4_21031_1p.sdf,../large_fep_dataset/data/fep_benchmark_processed/opls_stress_fxa_set4_protein.pdb,805,7.305062,7.2202144,7.6691694,7.3149753,7.2994905,7.2195992,7.6386137,7.540824,6.9490395,7.0190945,7.3176093
806,opls_stress/fxa_set4,opls_stress/fxa_set4/16353_1d,../large_fep_dataset/data/fep_benchmark_processed/opls_stress_fxa_set4_16353_1d.sdf,../large_fep_dataset/data/fep_benchmark_processed/opls_stress_fxa_set4_protein.pdb,806,7.31165,7.059029,7.719421,7.601582,7.5979347,7.33003,7.911382,7.2251887,7.2402806,7.4799595,7.4476457
807,opls_stress/fxa_set4,opls_stress/fxa_set4/21082_1l,../large_fep_dataset/data/fep_benchmark_processed/opls_stress_fxa_set4_21082_1l.sdf,../large_fep_dataset/data/fep_benchmark_processed/opls_stress_fxa_set4_protein.pdb,807,7.373433,6.883818,7.3044252,7.2883954,7.570209,7.043716,7.7303963,7.278141,7.242963,7.3120093,7.302751
808,opls_stress/chk1_set2,opls_stress/chk1_set2/17374_cys,../large_fep_dataset/data/fep_benchmark_processed/opls_stress_chk1_set2_17374_cys.sdf,../large_fep_dataset/data/fep_benchmark_processed/opls_stress_chk1_set2_protein.pdb,808,8.640526,8.200077,8.4973345,8.587192,8.391461,8.307117,8.3668,8.755732,8.932212,7.8868985,8.456535
809,opls_stress/chk1_set2,opls_stress/chk1_set2/17509,../large_fep_dataset/data/fep_benchmark_processed/opls_stress_chk1_set2_17509.sdf,../large_fep_dataset/data/fep_benchmark_processed/opls_stress_chk1_set2_protein.pdb,809,8.242423,8.192334,7.85034,8.047661,8.33336,8.068891,8.124167,8.49032,8.024226,7.8377314,8.121145
810,opls_stress/chk1_set3,opls_stress/chk1_set3/23882,../large_fep_dataset/data/fep_benchmark_processed/opls_stress_chk1_set3_23882.sdf,../large_fep_dataset/data/fep_benchmark_processed/opls_stress_chk1_set3_protein.pdb,810,6.69031,7.864808,7.177969,7.4566197,7.126371,7.3058023,7.6133614,7.4594955,6.986715,6.6870403,7.2368493
811,opls_stress/chk1_set3,opls_stress/chk1_set3/23703_cys,../large_fep_dataset/data/fep_benchmark_processed/opls_stress_chk1_set3_23703_cys.sdf,../large_fep_dataset/data/fep_benchmark_processed/opls_stress_chk1_set3_protein.pdb,811,7.511899,7.6903667,7.359012,7.6364822,7.52687,7.656419,7.8008265,7.293718,7.3024054,7.2789235,7.5056915
812,opls_stress/chk1_set3,opls_stress/chk1_set3/23864,../large_fep_dataset/data/fep_benchmark_processed/opls_stress_chk1_set3_23864.sdf,../large_fep_dataset/data/fep_benchmark_processed/opls_stress_chk1_set3_protein.pdb,812,7.2653008,7.3637195,7.699099,7.846932,8.087524,7.266422,7.7333956,7.302894,7.247112,7.400453,7.5212846
813,opls_stress/chk1_set3,opls_stress/chk1_set3/23863,../large_fep_dataset/data/fep_benchmark_processed/opls_stress_chk1_set3_23863.sdf,../large_fep_dataset/data/fep_benchmark_processed/opls_stress_chk1_set3_protein.pdb,813,7.6169353,7.639684,7.5633507,7.985958,7.9413743,7.4466577,7.7415075,7.476814,7.2996,7.2910366,7.600292
814,opls_stress/chk1_set7,opls_stress/chk1_set7/19997,../large_fep_dataset/data/fep_benchmark_processed/opls_stress_chk1_set7_19997.sdf,../large_fep_dataset/data/fep_benchmark_processed/opls_stress_chk1_set7_protein.pdb,814,8.197179,8.360882,7.823983,7.6021876,7.933126,8.010032,8.038246,7.8766785,7.9035335,7.852056,7.95979
815,opls_stress/chk1_set7,opls_stress/chk1_set7/19998,../large_fep_dataset/data/fep_benchmark_processed/opls_stress_chk1_set7_19998.sdf,../large_fep_dataset/data/fep_benchmark_processed/opls_stress_chk1_set7_protein.pdb,815,7.8035674,7.9842553,7.321202,7.2205367,7.351432,7.7040496,7.9335933,7.67742,7.7848325,7.6723013,7.6453195
816,opls_stress/chk1_set7,opls_stress/chk1_set7/19934_cys,../large_fep_dataset/data/fep_benchmark_processed/opls_stress_chk1_set7_19934_cys.sdf,../large_fep_dataset/data/fep_benchmark_processed/opls_stress_chk1_set7_protein.pdb,816,8.137799,8.39767,8.118122,8.079073,7.9493847,8.215225,8.173564,7.9059505,7.936542,7.9581923,8.0871525
817,opls_stress/chk1_set6,opls_stress/chk1_set6/23708_cys,../large_fep_dataset/data/fep_benchmark_processed/opls_stress_chk1_set6_23708_cys.sdf,../large_fep_dataset/data/fep_benchmark_processed/opls_stress_chk1_set6_protein.pdb,817,7.413949,7.583659,7.6164975,7.4382176,7.418578,7.084974,7.4266224,7.5134177,7.097182,6.947834,7.3540926
818,opls_stress/chk1_set6,opls_stress/chk1_set6/13,../large_fep_dataset/data/fep_benchmark_processed/opls_stress_chk1_set6_13.sdf,../large_fep_dataset/data/fep_benchmark_processed/opls_stress_chk1_set6_protein.pdb,818,7.538541,7.1508913,7.1957536,6.8630433,6.1232967,6.59046,6.583256,6.8307085,6.5103626,6.4066195,6.779292
819,opls_stress/chk1_set6,opls_stress/chk1_set6/15,../large_fep_dataset/data/fep_benchmark_processed/opls_stress_chk1_set6_15.sdf,../large_fep_dataset/data/fep_benchmark_processed/opls_stress_chk1_set6_protein.pdb,819,6.9858255,7.3426504,7.0239964,6.854521,6.7197833,6.4513535,7.7130027,7.0278673,6.7046995,6.8081193,6.963182
820,opls_stress/chk1_set4,opls_stress/chk1_set4/23704_cys,../large_fep_dataset/data/fep_benchmark_processed/opls_stress_chk1_set4_23704_cys.sdf,../large_fep_dataset/data/fep_benchmark_processed/opls_stress_chk1_set4_protein.pdb,820,7.792359,7.87825,7.7429867,7.934032,7.656213,8.020475,8.082454,7.942691,7.907466,7.634558,7.8591485
821,opls_stress/chk1_set4,opls_stress/chk1_set4/23873,../large_fep_dataset/data/fep_benchmark_processed/opls_stress_chk1_set4_23873.sdf,../large_fep_dataset/data/fep_benchmark_processed/opls_stress_chk1_set4_protein.pdb,821,8.114937,7.947579,8.033705,7.690688,7.8383865,8.171443,8.197203,7.986855,7.9276805,7.7958465,7.9704323
822,opls_stress/chk1_set5,opls_stress/chk1_set5/20315,../large_fep_dataset/data/fep_benchmark_processed/opls_stress_chk1_set5_20315.sdf,../large_fep_dataset/data/fep_benchmark_processed/opls_stress_chk1_set5_protein.pdb,822,6.9198265,6.902451,7.064999,6.7147584,6.88895,6.5170302,7.430469,6.895892,6.7960835,7.1184,6.9248857
823,opls_stress/chk1_set5,opls_stress/chk1_set5/19939_cys,../large_fep_dataset/data/fep_benchmark_processed/opls_stress_chk1_set5_19939_cys.sdf,../large_fep_dataset/data/fep_benchmark_processed/opls_stress_chk1_set5_protein.pdb,823,6.920331,6.832684,7.537695,6.89106,7.126555,6.460028,7.26081,7.124379,6.8122396,7.0278063,6.999359
824,opls_stress/chk1_set5,opls_stress/chk1_set5/19940,../large_fep_dataset/data/fep_benchmark_processed/opls_stress_chk1_set5_19940.sdf,../large_fep_dataset/data/fep_benchmark_processed/opls_stress_chk1_set5_protein.pdb,824,6.9745665,6.931625,7.950508,6.926246,7.457117,6.875681,7.707514,7.2510376,7.3570147,7.452489,7.2883806
825,opls_stress/pb_bace3,opls_stress/pb_bace3/22316,../large_fep_dataset/data/fep_benchmark_processed/opls_stress_pb_bace3_22316.sdf,../large_fep_dataset/data/fep_benchmark_processed/opls_stress_pb_bace3_protein.pdb,825,6.6712565,7.289038,7.372421,7.295476,7.165585,6.7139153,7.8024044,7.098775,6.808778,6.8639855,7.1081634
826,opls_stress/pb_bace3,opls_stress/pb_bace3/22320,../large_fep_dataset/data/fep_benchmark_processed/opls_stress_pb_bace3_22320.sdf,../large_fep_dataset/data/fep_benchmark_processed/opls_stress_pb_bace3_protein.pdb,826,7.140991,7.2417355,7.5803285,6.9868126,7.21814,7.206801,7.970912,7.146371,7.053215,7.241784,7.2787085
827,opls_stress/pb_bace3,opls_stress/pb_bace3/22319,../large_fep_dataset/data/fep_benchmark_processed/opls_stress_pb_bace3_22319.sdf,../large_fep_dataset/data/fep_benchmark_processed/opls_stress_pb_bace3_protein.pdb,827,7.0279756,7.487629,7.742747,7.16989,7.138689,7.195564,7.2942705,7.2391486,7.1272054,6.829028,7.2252145
828,opls_stress/pb_bace3,opls_stress/pb_bace3/19678_cys,../large_fep_dataset/data/fep_benchmark_processed/opls_stress_pb_bace3_19678_cys.sdf,../large_fep_dataset/data/fep_benchmark_processed/opls_stress_pb_bace3_protein.pdb,828,6.8224063,7.0936537,7.562594,7.115795,7.466975,7.2916527,7.753546,7.3257117,6.7926574,7.129266,7.2354255
829,opls_stress/chk1_set1,opls_stress/chk1_set1/19967,../large_fep_dataset/data/fep_benchmark_processed/opls_stress_chk1_set1_19967.sdf,../large_fep_dataset/data/fep_benchmark_processed/opls_stress_chk1_set1_protein.pdb,829,7.5332623,6.955827,6.9116683,7.495457,7.87382,7.3563232,7.2416663,7.3490543,7.375515,6.9755015,7.3068094
830,opls_stress/chk1_set1,opls_stress/chk1_set1/17353_cys,../large_fep_dataset/data/fep_benchmark_processed/opls_stress_chk1_set1_17353_cys.sdf,../large_fep_dataset/data/fep_benchmark_processed/opls_stress_chk1_set1_protein.pdb,830,7.0798645,7.05128,6.507294,7.1848497,7.5373683,7.0305567,7.1777844,7.084918,7.026305,6.9634757,7.06437
831,opls_stress/chk1_set1,opls_stress/chk1_set1/19971,../large_fep_dataset/data/fep_benchmark_processed/opls_stress_chk1_set1_19971.sdf,../large_fep_dataset/data/fep_benchmark_processed/opls_stress_chk1_set1_protein.pdb,831,7.369277,7.5645514,7.006487,7.2751837,7.7710633,7.5070357,7.535704,7.3175507,7.336992,6.9382815,7.362212
832,merck/pfkfb3_automap,merck/pfkfb3_automap/43,../large_fep_dataset/data/fep_benchmark_processed/merck_pfkfb3_automap_43.sdf,../large_fep_dataset/data/fep_benchmark_processed/merck_pfkfb3_automap_protein.pdb,832,6.467692,7.0220556,6.3475323,7.2733774,6.770466,7.0403833,6.7590613,6.9315352,7.0223613,6.640795,6.827525
833,merck/pfkfb3_automap,merck/pfkfb3_automap/30 flip b,../large_fep_dataset/data/fep_benchmark_processed/merck_pfkfb3_automap_30_flip_b.sdf,../large_fep_dataset/data/fep_benchmark_processed/merck_pfkfb3_automap_protein.pdb,833,5.9405236,6.327729,6.5243025,6.92556,6.6136208,6.8843393,6.6261783,5.348274,6.349184,6.2375298,6.377724
834,merck/pfkfb3_automap,merck/pfkfb3_automap/65,../large_fep_dataset/data/fep_benchmark_processed/merck_pfkfb3_automap_65.sdf,../large_fep_dataset/data/fep_benchmark_processed/merck_pfkfb3_automap_protein.pdb,834,6.6324854,6.967064,6.8113027,7.447959,7.339803,7.629287,7.2006345,6.9497585,6.863515,7.1904364,7.1032243
835,merck/pfkfb3_automap,merck/pfkfb3_automap/49,../large_fep_dataset/data/fep_benchmark_processed/merck_pfkfb3_automap_49.sdf,../large_fep_dataset/data/fep_benchmark_processed/merck_pfkfb3_automap_protein.pdb,835,6.1170216,6.132416,6.2862816,6.6876755,6.2906437,6.4743123,6.306899,6.5502605,6.358174,6.03214,6.3235826
836,merck/pfkfb3_automap,merck/pfkfb3_automap/24,../large_fep_dataset/data/fep_benchmark_processed/merck_pfkfb3_automap_24.sdf,../large_fep_dataset/data/fep_benchmark_processed/merck_pfkfb3_automap_protein.pdb,836,6.2692266,5.913699,6.7439747,6.7330713,6.827249,6.6891017,6.678834,6.4760995,6.538061,6.1155114,6.4984827
837,merck/pfkfb3_automap,merck/pfkfb3_automap/67,../large_fep_dataset/data/fep_benchmark_processed/merck_pfkfb3_automap_67.sdf,../large_fep_dataset/data/fep_benchmark_processed/merck_pfkfb3_automap_protein.pdb,837,6.1501946,6.8742843,6.865688,7.362569,6.955151,7.2186728,7.0786304,6.963526,7.3661656,6.4546866,6.9289565
838,merck/pfkfb3_automap,merck/pfkfb3_automap/62 flip,../large_fep_dataset/data/fep_benchmark_processed/merck_pfkfb3_automap_62_flip.sdf,../large_fep_dataset/data/fep_benchmark_processed/merck_pfkfb3_automap_protein.pdb,838,6.5875187,6.970055,6.5340037,7.7248273,6.652391,7.312603,7.372955,6.9513884,7.341281,6.24978,6.969681
839,merck/pfkfb3_automap,merck/pfkfb3_automap/56,../large_fep_dataset/data/fep_benchmark_processed/merck_pfkfb3_automap_56.sdf,../large_fep_dataset/data/fep_benchmark_processed/merck_pfkfb3_automap_protein.pdb,839,6.7942767,7.238742,7.4185767,7.537154,7.244636,7.3792496,7.1010027,6.4839993,6.6860356,6.5344696,7.0418143
840,merck/pfkfb3_automap,merck/pfkfb3_automap/59,../large_fep_dataset/data/fep_benchmark_processed/merck_pfkfb3_automap_59.sdf,../large_fep_dataset/data/fep_benchmark_processed/merck_pfkfb3_automap_protein.pdb,840,6.015486,6.383526,6.460634,6.4360547,6.72568,6.7654576,7.184812,7.288492,6.794811,6.5290084,6.6583962
841,merck/pfkfb3_automap,merck/pfkfb3_automap/38,../large_fep_dataset/data/fep_benchmark_processed/merck_pfkfb3_automap_38.sdf,../large_fep_dataset/data/fep_benchmark_processed/merck_pfkfb3_automap_protein.pdb,841,6.2866836,6.379284,5.984346,6.4685297,6.535026,6.075383,6.435563,6.4542766,6.031834,6.670124,6.3321047
842,merck/pfkfb3_automap,merck/pfkfb3_automap/31,../large_fep_dataset/data/fep_benchmark_processed/merck_pfkfb3_automap_31.sdf,../large_fep_dataset/data/fep_benchmark_processed/merck_pfkfb3_automap_protein.pdb,842,6.224843,6.3310456,6.67212,7.100586,6.541625,7.152189,7.0055957,6.221569,6.2981887,6.221376,6.5769134
843,merck/pfkfb3_automap,merck/pfkfb3_automap/48,../large_fep_dataset/data/fep_benchmark_processed/merck_pfkfb3_automap_48.sdf,../large_fep_dataset/data/fep_benchmark_processed/merck_pfkfb3_automap_protein.pdb,843,6.5506806,6.7799263,6.783969,7.295001,7.127566,7.2074404,6.6729903,7.068723,6.7584805,6.551,6.8795776
844,merck/pfkfb3_automap,merck/pfkfb3_automap/58,../large_fep_dataset/data/fep_benchmark_processed/merck_pfkfb3_automap_58.sdf,../large_fep_dataset/data/fep_benchmark_processed/merck_pfkfb3_automap_protein.pdb,844,6.29743,7.736137,6.660126,6.8273425,7.1654496,7.1146235,6.9850535,6.981731,7.236645,6.709456,6.9714
845,merck/pfkfb3_automap,merck/pfkfb3_automap/41,../large_fep_dataset/data/fep_benchmark_processed/merck_pfkfb3_automap_41.sdf,../large_fep_dataset/data/fep_benchmark_processed/merck_pfkfb3_automap_protein.pdb,845,6.822722,7.2555304,6.617826,7.249947,7.245674,6.7516317,7.015191,7.731065,7.095973,7.045934,7.08315
846,merck/pfkfb3_automap,merck/pfkfb3_automap/29,../large_fep_dataset/data/fep_benchmark_processed/merck_pfkfb3_automap_29.sdf,../large_fep_dataset/data/fep_benchmark_processed/merck_pfkfb3_automap_protein.pdb,846,6.4709325,6.3595877,6.6860814,6.5203767,6.9209504,6.7309265,6.6354012,6.270848,6.2449408,6.322736,6.5162783
847,merck/pfkfb3_automap,merck/pfkfb3_automap/54,../large_fep_dataset/data/fep_benchmark_processed/merck_pfkfb3_automap_54.sdf,../large_fep_dataset/data/fep_benchmark_processed/merck_pfkfb3_automap_protein.pdb,847,6.1395073,6.7316723,6.0912175,6.6196704,6.972913,6.5981326,6.6768074,6.1782727,6.137456,6.5466704,6.469232
848,merck/pfkfb3_automap,merck/pfkfb3_automap/47,../large_fep_dataset/data/fep_benchmark_processed/merck_pfkfb3_automap_47.sdf,../large_fep_dataset/data/fep_benchmark_processed/merck_pfkfb3_automap_protein.pdb,848,6.498089,7.6295824,6.992326,7.327225,6.452334,6.9951963,6.962634,7.2002473,6.641052,6.80538,6.9504066
849,merck/pfkfb3_automap,merck/pfkfb3_automap/26,../large_fep_dataset/data/fep_benchmark_processed/merck_pfkfb3_automap_26.sdf,../large_fep_dataset/data/fep_benchmark_processed/merck_pfkfb3_automap_protein.pdb,849,6.64223,6.6284146,6.7345767,6.5349617,6.4517684,6.6887035,6.5499234,6.780262,6.2273316,6.3656197,6.560379
850,merck/pfkfb3_automap,merck/pfkfb3_automap/55,../large_fep_dataset/data/fep_benchmark_processed/merck_pfkfb3_automap_55.sdf,../large_fep_dataset/data/fep_benchmark_processed/merck_pfkfb3_automap_protein.pdb,850,7.289098,6.922962,6.6824718,7.302718,7.490767,7.1692777,7.172515,7.0487494,6.7509413,6.328932,7.0158434
851,merck/pfkfb3_automap,merck/pfkfb3_automap/20,../large_fep_dataset/data/fep_benchmark_processed/merck_pfkfb3_automap_20.sdf,../large_fep_dataset/data/fep_benchmark_processed/merck_pfkfb3_automap_protein.pdb,851,6.3430386,6.946452,6.637453,7.1522098,7.3396316,7.0795155,6.668902,7.4451504,6.7548313,6.610594,6.8977776
852,merck/pfkfb3_automap,merck/pfkfb3_automap/57,../large_fep_dataset/data/fep_benchmark_processed/merck_pfkfb3_automap_57.sdf,../large_fep_dataset/data/fep_benchmark_processed/merck_pfkfb3_automap_protein.pdb,852,6.911418,6.5697923,6.6804066,7.6407146,7.123906,7.100326,7.217301,6.978009,6.9683223,7.0408306,7.0231028
853,merck/pfkfb3_automap,merck/pfkfb3_automap/42,../large_fep_dataset/data/fep_benchmark_processed/merck_pfkfb3_automap_42.sdf,../large_fep_dataset/data/fep_benchmark_processed/merck_pfkfb3_automap_protein.pdb,853,6.0916557,6.8073306,6.294752,6.797701,6.7799654,6.795975,6.677645,6.699935,6.5486975,6.69015,6.6183805
854,merck/pfkfb3_automap,merck/pfkfb3_automap/35,../large_fep_dataset/data/fep_benchmark_processed/merck_pfkfb3_automap_35.sdf,../large_fep_dataset/data/fep_benchmark_processed/merck_pfkfb3_automap_protein.pdb,854,6.4115486,6.335372,6.7002845,6.8651824,7.036029,7.1634746,6.6094832,6.0744452,5.9939766,6.272723,6.546252
855,merck/pfkfb3_automap,merck/pfkfb3_automap/44,../large_fep_dataset/data/fep_benchmark_processed/merck_pfkfb3_automap_44.sdf,../large_fep_dataset/data/fep_benchmark_processed/merck_pfkfb3_automap_protein.pdb,855,6.473273,7.035633,6.4112763,7.432611,6.601085,7.1322823,6.726083,6.4626894,7.113391,6.6782575,6.8066583
856,merck/pfkfb3_automap,merck/pfkfb3_automap/63,../large_fep_dataset/data/fep_benchmark_processed/merck_pfkfb3_automap_63.sdf,../large_fep_dataset/data/fep_benchmark_processed/merck_pfkfb3_automap_protein.pdb,856,6.7343755,6.6533012,6.600893,7.5361767,7.361143,7.474867,7.5896096,7.2249947,7.0924244,7.0364637,7.1304245
857,merck/pfkfb3_automap,merck/pfkfb3_automap/69,../large_fep_dataset/data/fep_benchmark_processed/merck_pfkfb3_automap_69.sdf,../large_fep_dataset/data/fep_benchmark_processed/merck_pfkfb3_automap_protein.pdb,857,6.1327133,7.037304,7.0711374,7.284193,7.307084,7.0300493,7.1295276,6.98112,6.825837,6.4375544,6.9236517
858,merck/pfkfb3_automap,merck/pfkfb3_automap/52,../large_fep_dataset/data/fep_benchmark_processed/merck_pfkfb3_automap_52.sdf,../large_fep_dataset/data/fep_benchmark_processed/merck_pfkfb3_automap_protein.pdb,858,6.4019785,6.708969,6.828407,7.070127,6.8887916,7.26737,6.872237,6.3426447,6.5911155,6.5360827,6.750772
859,merck/pfkfb3_automap,merck/pfkfb3_automap/19,../large_fep_dataset/data/fep_benchmark_processed/merck_pfkfb3_automap_19.sdf,../large_fep_dataset/data/fep_benchmark_processed/merck_pfkfb3_automap_protein.pdb,859,6.3831496,6.1513386,6.8017335,6.8873334,6.395289,6.6385565,6.7189713,6.1233654,6.1771736,5.9544673,6.4231377
860,merck/pfkfb3_automap,merck/pfkfb3_automap/68,../large_fep_dataset/data/fep_benchmark_processed/merck_pfkfb3_automap_68.sdf,../large_fep_dataset/data/fep_benchmark_processed/merck_pfkfb3_automap_protein.pdb,860,6.3407416,6.507296,6.8880787,7.7779193,7.1711564,7.33896,6.9873176,6.459061,7.4474845,6.403076,6.932109
861,merck/pfkfb3_automap,merck/pfkfb3_automap/33,../large_fep_dataset/data/fep_benchmark_processed/merck_pfkfb3_automap_33.sdf,../large_fep_dataset/data/fep_benchmark_processed/merck_pfkfb3_automap_protein.pdb,861,6.2757354,6.3131766,6.502325,7.235737,7.2320595,6.7261467,6.6549435,6.065416,6.4557724,6.2660923,6.57274
862,merck/pfkfb3_automap,merck/pfkfb3_automap/70,../large_fep_dataset/data/fep_benchmark_processed/merck_pfkfb3_automap_70.sdf,../large_fep_dataset/data/fep_benchmark_processed/merck_pfkfb3_automap_protein.pdb,862,6.201583,7.470912,7.0952287,7.2421284,7.0593247,7.0923147,6.6096992,7.0356812,7.3487864,6.5201993,6.9675856
863,merck/pfkfb3_automap,merck/pfkfb3_automap/53,../large_fep_dataset/data/fep_benchmark_processed/merck_pfkfb3_automap_53.sdf,../large_fep_dataset/data/fep_benchmark_processed/merck_pfkfb3_automap_protein.pdb,863,6.561228,6.74992,6.8437614,7.098688,6.9873347,6.9679346,6.814902,6.2753572,6.6197906,6.621106,6.7540026
864,merck/pfkfb3_automap,merck/pfkfb3_automap/64,../large_fep_dataset/data/fep_benchmark_processed/merck_pfkfb3_automap_64.sdf,../large_fep_dataset/data/fep_benchmark_processed/merck_pfkfb3_automap_protein.pdb,864,6.987427,7.139675,7.065112,7.5062375,7.47128,7.431188,7.224391,6.948897,7.073998,7.0990787,7.194728
865,merck/pfkfb3_automap,merck/pfkfb3_automap/39,../large_fep_dataset/data/fep_benchmark_processed/merck_pfkfb3_automap_39.sdf,../large_fep_dataset/data/fep_benchmark_processed/merck_pfkfb3_automap_protein.pdb,865,5.8248076,6.205988,6.300574,6.888253,6.6135945,6.7652926,6.3440237,6.5503764,6.308942,6.041364,6.3843217
866,merck/pfkfb3_automap,merck/pfkfb3_automap/37,../large_fep_dataset/data/fep_benchmark_processed/merck_pfkfb3_automap_37.sdf,../large_fep_dataset/data/fep_benchmark_processed/merck_pfkfb3_automap_protein.pdb,866,6.6431775,6.421549,6.914007,7.4002843,6.9811645,6.691858,6.924972,6.751155,7.148192,7.1766353,6.905299
867,merck/pfkfb3_automap,merck/pfkfb3_automap/23,../large_fep_dataset/data/fep_benchmark_processed/merck_pfkfb3_automap_23.sdf,../large_fep_dataset/data/fep_benchmark_processed/merck_pfkfb3_automap_protein.pdb,867,6.3578086,5.8596935,6.3966317,6.7396097,6.583474,6.365212,6.593438,5.354407,5.850125,5.480507,6.1580906
868,merck/pfkfb3_automap,merck/pfkfb3_automap/60 adjust,../large_fep_dataset/data/fep_benchmark_processed/merck_pfkfb3_automap_60_adjust.sdf,../large_fep_dataset/data/fep_benchmark_processed/merck_pfkfb3_automap_protein.pdb,868,6.449903,6.3295555,6.641058,6.771839,6.7779875,7.0273476,6.8929696,6.877931,6.6447854,6.3829894,6.679637
869,merck/pfkfb3_automap,merck/pfkfb3_automap/34,../large_fep_dataset/data/fep_benchmark_processed/merck_pfkfb3_automap_34.sdf,../large_fep_dataset/data/fep_benchmark_processed/merck_pfkfb3_automap_protein.pdb,869,6.642111,6.66754,6.6260257,6.936719,6.6827054,6.7483954,6.590273,6.529433,6.6387396,6.773827,6.683577
870,merck/pfkfb3_automap,merck/pfkfb3_automap/36,../large_fep_dataset/data/fep_benchmark_processed/merck_pfkfb3_automap_36.sdf,../large_fep_dataset/data/fep_benchmark_processed/merck_pfkfb3_automap_protein.pdb,870,6.1263433,6.4624486,6.477821,6.606288,6.629662,6.6043177,6.323017,6.081121,6.3375397,6.0213165,6.366987
871,merck/pfkfb3_automap,merck/pfkfb3_automap/46,../large_fep_dataset/data/fep_benchmark_processed/merck_pfkfb3_automap_46.sdf,../large_fep_dataset/data/fep_benchmark_processed/merck_pfkfb3_automap_protein.pdb,871,7.2758007,7.470304,7.0309167,7.5362997,7.4419303,7.4659777,6.876568,7.8935432,7.028197,6.774346,7.2793875
872,merck/shp2,merck/shp2/SHP099-1/Example 7,../large_fep_dataset/data/fep_benchmark_processed/merck_shp2_SHP099-1_Example_7.sdf,../large_fep_dataset/data/fep_benchmark_processed/merck_shp2_protein.pdb,872,6.431048,6.9337096,5.6843643,6.1401925,5.9561715,5.576342,6.014479,6.698116,6.224865,6.424546,6.2083836
873,merck/shp2,merck/shp2/Example 22,../large_fep_dataset/data/fep_benchmark_processed/merck_shp2_Example_22.sdf,../large_fep_dataset/data/fep_benchmark_processed/merck_shp2_protein.pdb,873,6.7556605,7.2293553,6.2305903,7.246472,7.278347,6.4515915,6.881271,6.581104,7.3480134,7.0165133,6.901892
874,merck/shp2,merck/shp2/Example 29,../large_fep_dataset/data/fep_benchmark_processed/merck_shp2_Example_29.sdf,../large_fep_dataset/data/fep_benchmark_processed/merck_shp2_protein.pdb,874,6.171694,6.347769,5.799784,5.731119,6.013231,6.181946,6.4834085,6.0843067,5.5921283,6.1308007,6.0536194
875,merck/shp2,merck/shp2/11,../large_fep_dataset/data/fep_benchmark_processed/merck_shp2_11.sdf,../large_fep_dataset/data/fep_benchmark_processed/merck_shp2_protein.pdb,875,6.5050087,6.2088842,5.848694,6.865156,5.615664,5.595012,6.398289,6.5992336,5.5891194,6.45466,6.1679716
876,merck/shp2,merck/shp2/4,../large_fep_dataset/data/fep_benchmark_processed/merck_shp2_4.sdf,../large_fep_dataset/data/fep_benchmark_processed/merck_shp2_protein.pdb,876,6.3096933,6.193113,6.156385,6.1076446,5.3461933,6.2022552,6.4901395,6.3836493,6.489382,6.1116467,6.17901
877,merck/shp2,merck/shp2/Example 2,../large_fep_dataset/data/fep_benchmark_processed/merck_shp2_Example_2.sdf,../large_fep_dataset/data/fep_benchmark_processed/merck_shp2_protein.pdb,877,5.723127,6.5392513,6.030299,6.36064,5.6329684,5.9640117,5.661172,5.5545897,5.670426,6.34079,5.947727
878,merck/shp2,merck/shp2/Example 14,../large_fep_dataset/data/fep_benchmark_processed/merck_shp2_Example_14.sdf,../large_fep_dataset/data/fep_benchmark_processed/merck_shp2_protein.pdb,878,6.622932,6.289462,5.7304835,6.8602524,6.1895986,5.7988358,6.5480366,6.0584135,5.943957,5.2113357,6.1253304
879,merck/shp2,merck/shp2/Example 26,../large_fep_dataset/data/fep_benchmark_processed/merck_shp2_Example_26.sdf,../large_fep_dataset/data/fep_benchmark_processed/merck_shp2_protein.pdb,879,7.1458883,7.5954146,6.792521,7.2133274,7.815285,6.6448054,6.9905543,7.3387265,7.6054153,7.135708,7.227765
880,merck/shp2,merck/shp2/SHP836-2,../large_fep_dataset/data/fep_benchmark_processed/merck_shp2_SHP836-2.sdf,../large_fep_dataset/data/fep_benchmark_processed/merck_shp2_protein.pdb,880,6.017025,5.7140827,5.7623386,6.4706173,5.0234046,5.833579,6.122787,6.6406426,6.477362,6.180984,6.024283
881,merck/shp2,merck/shp2/Example 6,../large_fep_dataset/data/fep_benchmark_processed/merck_shp2_Example_6.sdf,../large_fep_dataset/data/fep_benchmark_processed/merck_shp2_protein.pdb,881,7.1901045,7.1702437,7.3261833,6.730184,6.38985,6.66601,7.25988,6.5514283,6.679018,6.4793253,6.844222
882,merck/shp2,merck/shp2/Example 1,../large_fep_dataset/data/fep_benchmark_processed/merck_shp2_Example_1.sdf,../large_fep_dataset/data/fep_benchmark_processed/merck_shp2_protein.pdb,882,6.206954,6.4276643,6.229175,5.9972353,5.9978848,6.1356335,6.263912,6.8348985,6.2395573,6.5654845,6.2898397
883,merck/shp2,merck/shp2/3,../large_fep_dataset/data/fep_benchmark_processed/merck_shp2_3.sdf,../large_fep_dataset/data/fep_benchmark_processed/merck_shp2_protein.pdb,883,5.8473873,5.670222,5.973288,5.696486,4.709383,5.8587856,5.9136257,5.803137,6.0360475,6.067442,5.7575808
884,merck/shp2,merck/shp2/Example 9,../large_fep_dataset/data/fep_benchmark_processed/merck_shp2_Example_9.sdf,../large_fep_dataset/data/fep_benchmark_processed/merck_shp2_protein.pdb,884,6.7194257,6.202353,5.838344,6.3238077,6.191515,5.9051986,5.9593644,6.6320877,5.776196,6.1422744,6.169057
885,merck/shp2,merck/shp2/Example 8,../large_fep_dataset/data/fep_benchmark_processed/merck_shp2_Example_8.sdf,../large_fep_dataset/data/fep_benchmark_processed/merck_shp2_protein.pdb,885,7.054028,6.588188,6.1157074,6.4234247,6.2461343,6.198046,6.6896596,6.7405787,6.615838,6.495383,6.5166984
886,merck/shp2,merck/shp2/7,../large_fep_dataset/data/fep_benchmark_processed/merck_shp2_7.sdf,../large_fep_dataset/data/fep_benchmark_processed/merck_shp2_protein.pdb,886,6.304867,5.8385863,5.97333,6.2928963,5.886988,6.1056733,6.1495748,6.145571,6.0773177,6.2501736,6.102498
887,merck/shp2,merck/shp2/Example 24,../large_fep_dataset/data/fep_benchmark_processed/merck_shp2_Example_24.sdf,../large_fep_dataset/data/fep_benchmark_processed/merck_shp2_protein.pdb,887,6.470334,6.821147,6.3002424,7.1067038,6.7042866,6.107209,6.1965213,6.0808372,6.7458134,6.7192965,6.5252395
888,merck/shp2,merck/shp2/Example 28,../large_fep_dataset/data/fep_benchmark_processed/merck_shp2_Example_28.sdf,../large_fep_dataset/data/fep_benchmark_processed/merck_shp2_protein.pdb,888,5.9092507,6.637922,5.047234,5.166681,5.422281,5.8084745,5.533217,5.397675,5.323125,5.936299,5.618216
889,merck/shp2,merck/shp2/10,../large_fep_dataset/data/fep_benchmark_processed/merck_shp2_10.sdf,../large_fep_dataset/data/fep_benchmark_processed/merck_shp2_protein.pdb,889,6.3857265,6.6214147,4.705303,5.4477715,5.346308,5.142573,6.322829,6.5862656,5.914974,6.7128415,5.918601
890,merck/shp2,merck/shp2/Example 25,../large_fep_dataset/data/fep_benchmark_processed/merck_shp2_Example_25.sdf,../large_fep_dataset/data/fep_benchmark_processed/merck_shp2_protein.pdb,890,7.5673246,7.867011,7.098437,8.099654,7.2981114,6.222683,6.727092,7.4521565,7.384965,6.977746,7.2695184
891,merck/shp2,merck/shp2/Example 27,../large_fep_dataset/data/fep_benchmark_processed/merck_shp2_Example_27.sdf,../large_fep_dataset/data/fep_benchmark_processed/merck_shp2_protein.pdb,891,6.075999,6.2889132,5.765103,6.3881836,5.2312913,5.7869134,6.214111,6.304373,6.5156193,6.2376194,6.080812
892,merck/shp2,merck/shp2/6,../large_fep_dataset/data/fep_benchmark_processed/merck_shp2_6.sdf,../large_fep_dataset/data/fep_benchmark_processed/merck_shp2_protein.pdb,892,6.053266,5.765515,6.0624475,6.2211933,6.0554214,5.8968444,6.048465,6.5080085,6.119921,6.3883877,6.111947
893,merck/shp2,merck/shp2/Example 30,../large_fep_dataset/data/fep_benchmark_processed/merck_shp2_Example_30.sdf,../large_fep_dataset/data/fep_benchmark_processed/merck_shp2_protein.pdb,893,6.7670207,6.3191504,6.080306,6.249318,6.3199167,5.829286,6.112427,6.5415235,6.086928,6.5253897,6.2831264
894,merck/shp2,merck/shp2/Example 5,../large_fep_dataset/data/fep_benchmark_processed/merck_shp2_Example_5.sdf,../large_fep_dataset/data/fep_benchmark_processed/merck_shp2_protein.pdb,894,6.903897,7.123085,7.642933,7.1777973,7.4527617,7.02782,6.9009795,6.9701023,7.0499086,5.8572993,7.0106583
895,merck/shp2,merck/shp2/Example 4,../large_fep_dataset/data/fep_benchmark_processed/merck_shp2_Example_4.sdf,../large_fep_dataset/data/fep_benchmark_processed/merck_shp2_protein.pdb,895,5.0739517,6.117356,6.0836425,5.975854,4.964159,6.0482388,5.9279737,5.416931,5.331105,5.4538693,5.639308
896,merck/shp2,merck/shp2/Example 23,../large_fep_dataset/data/fep_benchmark_processed/merck_shp2_Example_23.sdf,../large_fep_dataset/data/fep_benchmark_processed/merck_shp2_protein.pdb,896,6.4403343,6.898746,6.2011285,6.6218944,6.904553,6.4387946,6.2282615,5.940671,6.551209,6.565834,6.4791427
897,merck/shp2,merck/shp2/Example 3,../large_fep_dataset/data/fep_benchmark_processed/merck_shp2_Example_3.sdf,../large_fep_dataset/data/fep_benchmark_processed/merck_shp2_protein.pdb,897,6.0800686,6.5595794,6.253734,6.005311,5.53653,6.0979896,6.000249,6.066651,6.0177193,6.077486,6.0695314
898,merck/cmet,merck/cmet/CHEMBL3402753_200,../large_fep_dataset/data/fep_benchmark_processed/merck_cmet_CHEMBL3402753_200.sdf,../large_fep_dataset/data/fep_benchmark_processed/merck_cmet_protein.pdb,898,6.883014,7.0910177,7.284997,6.990221,7.8059916,6.696884,7.085945,6.669873,6.5549664,7.874481,7.0937395
899,merck/cmet,merck/cmet/CHEMBL3402747_3400,../large_fep_dataset/data/fep_benchmark_processed/merck_cmet_CHEMBL3402747_3400.sdf,../large_fep_dataset/data/fep_benchmark_processed/merck_cmet_protein.pdb,899,6.6388407,6.8134155,6.487593,6.7134423,6.6972494,6.332151,6.7222137,6.9186234,5.88041,6.8454742,6.604941
900,merck/cmet,merck/cmet/CHEMBL3402744_300,../large_fep_dataset/data/fep_benchmark_processed/merck_cmet_CHEMBL3402744_300.sdf,../large_fep_dataset/data/fep_benchmark_processed/merck_cmet_protein.pdb,900,7.063042,6.9419494,6.853508,6.8525867,6.9002957,6.4324493,7.065134,7.233894,5.933176,7.298698,6.857473
901,merck/cmet,merck/cmet/CHEMBL3402745_200,../large_fep_dataset/data/fep_benchmark_processed/merck_cmet_CHEMBL3402745_200.sdf,../large_fep_dataset/data/fep_benchmark_processed/merck_cmet_protein.pdb,901,7.2997646,6.4745965,6.68919,6.824198,6.5552454,6.3699956,7.008964,6.3616495,6.1075473,6.6295333,6.6320686
902,merck/cmet,merck/cmet/CHEMBL3402750_400,../large_fep_dataset/data/fep_benchmark_processed/merck_cmet_CHEMBL3402750_400.sdf,../large_fep_dataset/data/fep_benchmark_processed/merck_cmet_protein.pdb,902,6.9637856,6.7344913,6.721352,6.8283715,7.453712,7.048367,6.72369,6.7130127,6.0085626,7.218751,6.841409
903,merck/cmet,merck/cmet/CHEMBL3402743_42,../large_fep_dataset/data/fep_benchmark_processed/merck_cmet_CHEMBL3402743_42.sdf,../large_fep_dataset/data/fep_benchmark_processed/merck_cmet_protein.pdb,903,6.731853,7.0649343,6.2319813,7.5222,6.896046,6.2163663,6.8789663,6.636286,6.571191,6.173603,6.692343
904,merck/cmet,merck/cmet/CHEMBL3402752_30000,../large_fep_dataset/data/fep_benchmark_processed/merck_cmet_CHEMBL3402752_30000.sdf,../large_fep_dataset/data/fep_benchmark_processed/merck_cmet_protein.pdb,904,7.3419323,6.866226,6.735134,7.0125446,7.4574623,6.787515,6.8467817,6.4321527,6.102353,7.245155,6.8827257
905,merck/cmet,merck/cmet/CHEMBL3402755_4200,../large_fep_dataset/data/fep_benchmark_processed/merck_cmet_CHEMBL3402755_4200.sdf,../large_fep_dataset/data/fep_benchmark_processed/merck_cmet_protein.pdb,905,7.184161,6.7185574,7.724814,6.8196783,7.235563,6.761795,7.2024784,6.7965746,6.210566,7.460287,7.011448
906,merck/cmet,merck/cmet/CHEMBL3402749_500,../large_fep_dataset/data/fep_benchmark_processed/merck_cmet_CHEMBL3402749_500.sdf,../large_fep_dataset/data/fep_benchmark_processed/merck_cmet_protein.pdb,906,6.958287,6.429496,6.343102,7.022191,7.0744233,6.687893,6.670092,6.7938547,6.24095,7.3247414,6.754503
907,merck/cmet,merck/cmet/CHEMBL3402765_11-charged-pKa-8.1,../large_fep_dataset/data/fep_benchmark_processed/merck_cmet_CHEMBL3402765_11-charged-pKa-8.1.sdf,../large_fep_dataset/data/fep_benchmark_processed/merck_cmet_protein.pdb,907,7.178186,7.0722036,6.319896,7.2299438,7.512571,6.4793434,7.097336,7.065466,7.1110787,6.400728,6.946676
908,merck/cmet,merck/cmet/CHEMBL3402742_23,../large_fep_dataset/data/fep_benchmark_processed/merck_cmet_CHEMBL3402742_23.sdf,../large_fep_dataset/data/fep_benchmark_processed/merck_cmet_protein.pdb,908,6.4206166,6.7512817,6.255082,7.65534,7.2545304,6.6392765,6.360343,6.7806735,7.1594863,6.353631,6.763026
909,merck/cmet,merck/cmet/CHEMBL3402754_40,../large_fep_dataset/data/fep_benchmark_processed/merck_cmet_CHEMBL3402754_40.sdf,../large_fep_dataset/data/fep_benchmark_processed/merck_cmet_protein.pdb,909,6.868665,6.690813,7.429195,7.4992657,7.499977,6.7485375,7.006559,6.8092246,6.9721365,7.6936536,7.1218023
910,merck/cmet,merck/cmet/CHEMBL3402748_5300,../large_fep_dataset/data/fep_benchmark_processed/merck_cmet_CHEMBL3402748_5300.sdf,../large_fep_dataset/data/fep_benchmark_processed/merck_cmet_protein.pdb,910,6.1729727,6.1476283,6.6971817,7.0065417,7.207251,6.617376,6.6008897,6.199586,5.705137,6.929518,6.528408
911,merck/cmet,merck/cmet/CHEMBL3402741_400,../large_fep_dataset/data/fep_benchmark_processed/merck_cmet_CHEMBL3402741_400.sdf,../large_fep_dataset/data/fep_benchmark_processed/merck_cmet_protein.pdb,911,6.2993855,6.7936897,6.214706,7.0057,7.099643,7.110011,6.2942333,6.51021,6.944048,6.112541,6.6384163
912,merck/cmet,merck/cmet/CHEMBL3402763_90,../large_fep_dataset/data/fep_benchmark_processed/merck_cmet_CHEMBL3402763_90.sdf,../large_fep_dataset/data/fep_benchmark_processed/merck_cmet_protein.pdb,912,6.4740996,6.942341,6.1613503,7.3930945,7.433831,7.2402024,6.9376044,6.159515,7.1064186,6.9830794,6.8831534
913,merck/cmet,merck/cmet/CHEMBL3402764_90,../large_fep_dataset/data/fep_benchmark_processed/merck_cmet_CHEMBL3402764_90.sdf,../large_fep_dataset/data/fep_benchmark_processed/merck_cmet_protein.pdb,913,6.5593643,6.7248583,6.333407,7.2683096,6.7578874,6.050139,6.932442,7.0339313,6.4643755,6.260539,6.6385255
914,merck/cmet,merck/cmet/CHEMBL3402751_2100,../large_fep_dataset/data/fep_benchmark_processed/merck_cmet_CHEMBL3402751_2100.sdf,../large_fep_dataset/data/fep_benchmark_processed/merck_cmet_protein.pdb,914,7.1452956,6.9020314,6.626225,6.866945,7.8495812,7.1969843,6.8315883,6.8851366,6.266855,7.3492684,6.9919906
915,merck/cmet,merck/cmet/CHEMBL3402756_2.7 redocked,../large_fep_dataset/data/fep_benchmark_processed/merck_cmet_CHEMBL3402756_2.7_redocked.sdf,../large_fep_dataset/data/fep_benchmark_processed/merck_cmet_protein.pdb,915,6.9979153,6.9686513,6.807794,7.1380363,7.4700656,6.5894613,7.168278,7.531784,6.985633,7.1979523,7.0855575
916,merck/cmet,merck/cmet/CHEMBL3402762_1 redocked,../large_fep_dataset/data/fep_benchmark_processed/merck_cmet_CHEMBL3402762_1_redocked.sdf,../large_fep_dataset/data/fep_benchmark_processed/merck_cmet_protein.pdb,916,7.1717315,7.0161448,7.008177,7.7125525,7.563319,7.2707367,7.634829,7.201116,7.532529,8.03904,7.4150176
917,merck/cmet,merck/cmet/CHEMBL3402760_1 redocked,../large_fep_dataset/data/fep_benchmark_processed/merck_cmet_CHEMBL3402760_1_redocked.sdf,../large_fep_dataset/data/fep_benchmark_processed/merck_cmet_protein.pdb,917,6.9108953,7.277882,6.6200066,7.288711,6.8957467,6.979137,7.784826,7.175433,7.1992965,7.454384,7.158632
918,merck/cmet,merck/cmet/CHEMBL3402757_6.5 redocked,../large_fep_dataset/data/fep_benchmark_processed/merck_cmet_CHEMBL3402757_6.5_redocked.sdf,../large_fep_dataset/data/fep_benchmark_processed/merck_cmet_protein.pdb,918,6.8385553,6.743163,6.9615498,7.327929,7.0021777,6.468856,7.0593286,7.746627,7.1237125,7.200077,7.0471983
919,merck/cmet,merck/cmet/CHEMBL3402761_1 redocked,../large_fep_dataset/data/fep_benchmark_processed/merck_cmet_CHEMBL3402761_1_redocked.sdf,../large_fep_dataset/data/fep_benchmark_processed/merck_cmet_protein.pdb,919,7.430024,7.291721,7.5524654,6.905968,6.9830074,7.0613914,7.240712,6.938407,7.3377743,7.4708548,7.2212324
920,merck/cmet,merck/cmet/CHEMBL3402758_10 redocked,../large_fep_dataset/data/fep_benchmark_processed/merck_cmet_CHEMBL3402758_10_redocked.sdf,../large_fep_dataset/data/fep_benchmark_processed/merck_cmet_protein.pdb,920,6.329465,6.2286325,6.367852,6.925244,6.8395505,6.1078506,6.8903,7.1621923,6.308289,6.6274323,6.5786805
921,merck/cmet,merck/cmet/CHEMBL3402759_5.7 redocked,../large_fep_dataset/data/fep_benchmark_processed/merck_cmet_CHEMBL3402759_5.7_redocked.sdf,../large_fep_dataset/data/fep_benchmark_processed/merck_cmet_protein.pdb,921,7.0144453,6.547867,6.3862,7.07989,7.033298,6.566502,7.065695,7.178842,6.8776474,6.9825377,6.873292
922,merck/eg5_extraprotomers,merck/eg5_extraprotomers/CHEMBL1078774,../large_fep_dataset/data/fep_benchmark_processed/merck_eg5_extraprotomers_CHEMBL1078774.sdf,../large_fep_dataset/data/fep_benchmark_processed/merck_eg5_extraprotomers_protein.pdb,922,6.503872,6.5656557,7.0709724,6.2582254,7.485976,6.3558726,6.696415,6.731958,6.604342,7.1512394,6.742453
923,merck/eg5_extraprotomers,merck/eg5_extraprotomers/CHEMBL1093087,../large_fep_dataset/data/fep_benchmark_processed/merck_eg5_extraprotomers_CHEMBL1093087.sdf,../large_fep_dataset/data/fep_benchmark_processed/merck_eg5_extraprotomers_protein.pdb,923,6.6380434,5.6477304,6.466949,6.0406075,6.6264653,5.8484898,6.85841,7.064463,6.439216,6.3914213,6.4021797
924,merck/eg5_extraprotomers,merck/eg5_extraprotomers/CHEMBL1082249,../large_fep_dataset/data/fep_benchmark_processed/merck_eg5_extraprotomers_CHEMBL1082249.sdf,../large_fep_dataset/data/fep_benchmark_processed/merck_eg5_extraprotomers_protein.pdb,924,7.0973916,6.6163483,6.8521547,7.2806025,6.703129,6.640753,6.822648,7.045285,6.8005834,6.6668663,6.852576
925,merck/eg5_extraprotomers,merck/eg5_extraprotomers/CHEMBL1089393,../large_fep_dataset/data/fep_benchmark_processed/merck_eg5_extraprotomers_CHEMBL1089393.sdf,../large_fep_dataset/data/fep_benchmark_processed/merck_eg5_extraprotomers_protein.pdb,925,5.3941174,5.1849823,5.2770476,5.4591007,6.1054583,5.127662,5.476057,5.857371,4.935018,5.569578,5.4386396
926,merck/eg5_extraprotomers,merck/eg5_extraprotomers/CHEMBL1078691,../large_fep_dataset/data/fep_benchmark_processed/merck_eg5_extraprotomers_CHEMBL1078691.sdf,../large_fep_dataset/data/fep_benchmark_processed/merck_eg5_extraprotomers_protein.pdb,926,6.7324066,6.99018,6.8446136,6.2709107,6.6751075,6.626407,6.376925,6.8665023,6.680164,6.850451,6.6913667
927,merck/eg5_extraprotomers,merck/eg5_extraprotomers/CHEMBL1086409,../large_fep_dataset/data/fep_benchmark_processed/merck_eg5_extraprotomers_CHEMBL1086409.sdf,../large_fep_dataset/data/fep_benchmark_processed/merck_eg5_extraprotomers_protein.pdb,927,6.240653,6.1842546,5.9086623,6.271068,6.695584,5.948831,6.6596284,5.8462706,6.1306195,7.1753993,6.3060975
928,merck/eg5_extraprotomers,merck/eg5_extraprotomers/CHEMBL1082248,../large_fep_dataset/data/fep_benchmark_processed/merck_eg5_extraprotomers_CHEMBL1082248.sdf,../large_fep_dataset/data/fep_benchmark_processed/merck_eg5_extraprotomers_protein.pdb,928,6.47093,5.983222,6.1086874,6.1861873,6.5461383,6.20463,6.8859086,6.8693814,6.6920958,6.6564364,6.4603615
929,merck/eg5_extraprotomers,merck/eg5_extraprotomers/CHEMBL1084678,../large_fep_dataset/data/fep_benchmark_processed/merck_eg5_extraprotomers_CHEMBL1084678.sdf,../large_fep_dataset/data/fep_benchmark_processed/merck_eg5_extraprotomers_protein.pdb,929,7.20133,6.428583,7.0829906,7.6335745,6.891982,6.4173484,7.2462516,6.447366,6.399969,6.9269004,6.867629
930,merck/eg5_extraprotomers,merck/eg5_extraprotomers/CHEMBL1084115,../large_fep_dataset/data/fep_benchmark_processed/merck_eg5_extraprotomers_CHEMBL1084115.sdf,../large_fep_dataset/data/fep_benchmark_processed/merck_eg5_extraprotomers_protein.pdb,930,5.9965453,6.247925,6.5854926,6.2649584,6.741504,5.8805394,6.742367,6.448414,6.029163,6.240471,6.317738
931,merck/eg5_extraprotomers,merck/eg5_extraprotomers/CHEMBL1084431,../large_fep_dataset/data/fep_benchmark_processed/merck_eg5_extraprotomers_CHEMBL1084431.sdf,../large_fep_dataset/data/fep_benchmark_processed/merck_eg5_extraprotomers_protein.pdb,931,6.892779,7.016753,6.6934175,7.0159903,6.624074,6.4717417,7.0736127,7.160013,6.998824,7.2812147,6.9228415
932,merck/eg5_extraprotomers,merck/eg5_extraprotomers/CHEMBL1085895,../large_fep_dataset/data/fep_benchmark_processed/merck_eg5_extraprotomers_CHEMBL1085895.sdf,../large_fep_dataset/data/fep_benchmark_processed/merck_eg5_extraprotomers_protein.pdb,932,5.6600223,6.759298,6.7445083,7.3137755,6.7436147,6.304718,6.937975,6.591084,5.9226556,6.6151786,6.5592833
933,merck/eg5_extraprotomers,merck/eg5_extraprotomers/CHEMBL1084677,../large_fep_dataset/data/fep_benchmark_processed/merck_eg5_extraprotomers_CHEMBL1084677.sdf,../large_fep_dataset/data/fep_benchmark_processed/merck_eg5_extraprotomers_protein.pdb,933,6.650419,6.6381,6.6050324,7.3207474,6.6370044,6.2520857,6.992039,6.7459683,5.581996,7.077834,6.6501226
934,merck/eg5_extraprotomers,merck/eg5_extraprotomers/CHEMBL1077227,../large_fep_dataset/data/fep_benchmark_processed/merck_eg5_extraprotomers_CHEMBL1077227.sdf,../large_fep_dataset/data/fep_benchmark_processed/merck_eg5_extraprotomers_protein.pdb,934,6.3083467,5.9997435,6.1685348,6.485549,6.0759163,5.3738136,6.313893,5.9891253,6.4831443,7.118594,6.2316656
935,merck/eg5_extraprotomers,merck/eg5_extraprotomers/CHEMBL1086410,../large_fep_dataset/data/fep_benchmark_processed/merck_eg5_extraprotomers_CHEMBL1086410.sdf,../large_fep_dataset/data/fep_benchmark_processed/merck_eg5_extraprotomers_protein.pdb,935,6.243435,6.2925034,6.2950935,6.5401397,6.360982,5.2344246,6.427116,5.9704437,6.1892905,6.9260116,6.247944
936,merck/eg5_extraprotomers,merck/eg5_extraprotomers/CHEMBL1083517,../large_fep_dataset/data/fep_benchmark_processed/merck_eg5_extraprotomers_CHEMBL1083517.sdf,../large_fep_dataset/data/fep_benchmark_processed/merck_eg5_extraprotomers_protein.pdb,936,6.740512,7.0301337,6.1280146,6.241296,6.9386334,6.8482366,7.2266703,6.9786797,7.062033,7.4610853,6.865529
937,merck/eg5_extraprotomers,merck/eg5_extraprotomers/CHEMBL1096003,../large_fep_dataset/data/fep_benchmark_processed/merck_eg5_extraprotomers_CHEMBL1096003.sdf,../large_fep_dataset/data/fep_benchmark_processed/merck_eg5_extraprotomers_protein.pdb,937,7.102985,6.5983415,6.7765584,7.784105,7.11122,6.218084,7.1052155,7.0754876,7.181015,7.4458117,7.0398827
938,merck/eg5_extraprotomers,merck/eg5_extraprotomers/CHEMBL1077204,../large_fep_dataset/data/fep_benchmark_processed/merck_eg5_extraprotomers_CHEMBL1077204.sdf,../large_fep_dataset/data/fep_benchmark_processed/merck_eg5_extraprotomers_protein.pdb,938,6.205426,6.040817,6.695094,7.0774097,6.6569724,6.171154,6.935414,6.447587,6.2599163,6.4553165,6.4945107
939,merck/eg5_extraprotomers,merck/eg5_extraprotomers/CHEMBL1083836,../large_fep_dataset/data/fep_benchmark_processed/merck_eg5_extraprotomers_CHEMBL1083836.sdf,../large_fep_dataset/data/fep_benchmark_processed/merck_eg5_extraprotomers_protein.pdb,939,6.470826,5.719193,5.348435,6.092627,6.1334853,5.287005,6.182902,5.9948783,5.1942225,6.6783643,5.9101934
940,merck/eg5_extraprotomers,merck/eg5_extraprotomers/CHEMBL1085666,../large_fep_dataset/data/fep_benchmark_processed/merck_eg5_extraprotomers_CHEMBL1085666.sdf,../large_fep_dataset/data/fep_benchmark_processed/merck_eg5_extraprotomers_protein.pdb,940,6.208723,6.3732767,6.2050314,5.506885,6.6212287,5.8664885,6.59738,6.122019,6.255537,6.9375834,6.269416
941,merck/eg5_extraprotomers,merck/eg5_extraprotomers/CHEMBL1085692,../large_fep_dataset/data/fep_benchmark_processed/merck_eg5_extraprotomers_CHEMBL1085692.sdf,../large_fep_dataset/data/fep_benchmark_processed/merck_eg5_extraprotomers_protein.pdb,941,6.908635,5.5604315,6.7182527,7.4337134,6.215736,6.2041287,6.8720255,7.0269566,6.8595033,6.2090864,6.600847
942,merck/eg5_extraprotomers,merck/eg5_extraprotomers/CHEMBL1084143,../large_fep_dataset/data/fep_benchmark_processed/merck_eg5_extraprotomers_CHEMBL1084143.sdf,../large_fep_dataset/data/fep_benchmark_processed/merck_eg5_extraprotomers_protein.pdb,942,6.1966586,6.689068,6.7538743,7.751016,7.330959,5.8121805,7.0852113,6.752222,6.114509,6.7747393,6.7260447
943,merck/eg5_extraprotomers,merck/eg5_extraprotomers/CHEMBL1096002,../large_fep_dataset/data/fep_benchmark_processed/merck_eg5_extraprotomers_CHEMBL1096002.sdf,../large_fep_dataset/data/fep_benchmark_processed/merck_eg5_extraprotomers_protein.pdb,943,7.2936473,6.8226404,7.051903,7.3714304,7.075317,6.0576367,6.8202558,6.5860105,7.5164676,6.801867,6.9397173
944,merck/eg5_extraprotomers,merck/eg5_extraprotomers/CHEMBL1089056,../large_fep_dataset/data/fep_benchmark_processed/merck_eg5_extraprotomers_CHEMBL1089056.sdf,../large_fep_dataset/data/fep_benchmark_processed/merck_eg5_extraprotomers_protein.pdb,944,6.1370244,6.402279,6.786915,6.5266113,6.1935754,5.611294,6.226148,5.8646398,5.439008,6.1878333,6.137532
945,merck/eg5_extraprotomers,merck/eg5_extraprotomers/CHEMBL1093088,../large_fep_dataset/data/fep_benchmark_processed/merck_eg5_extraprotomers_CHEMBL1093088.sdf,../large_fep_dataset/data/fep_benchmark_processed/merck_eg5_extraprotomers_protein.pdb,945,7.294518,7.363597,7.146685,7.537169,7.5206146,6.950621,6.7971926,7.1263657,7.879289,7.6086645,7.3224716
946,merck/eg5_extraprotomers,merck/eg5_extraprotomers/CHEMBL1084676,../large_fep_dataset/data/fep_benchmark_processed/merck_eg5_extraprotomers_CHEMBL1084676.sdf,../large_fep_dataset/data/fep_benchmark_processed/merck_eg5_extraprotomers_protein.pdb,946,6.7550855,6.035551,6.629533,7.500994,6.6701097,6.302828,6.981902,6.901985,6.365856,6.754106,6.6897955
947,merck/eg5_extraprotomers,merck/eg5_extraprotomers/CHEMBL1084935,../large_fep_dataset/data/fep_benchmark_processed/merck_eg5_extraprotomers_CHEMBL1084935.sdf,../large_fep_dataset/data/fep_benchmark_processed/merck_eg5_extraprotomers_protein.pdb,947,6.4951615,7.1153727,7.0233026,7.1051536,6.8791275,5.916346,6.962478,6.326977,6.4916196,7.203946,6.7519484
948,merck/eg5_extraprotomers,merck/eg5_extraprotomers/CHEMBL1078998,../large_fep_dataset/data/fep_benchmark_processed/merck_eg5_extraprotomers_CHEMBL1078998.sdf,../large_fep_dataset/data/fep_benchmark_processed/merck_eg5_extraprotomers_protein.pdb,948,6.140003,6.186965,6.782496,6.181129,6.4993973,6.0351977,6.4207416,6.1934013,5.94616,6.420265,6.2805758
949,merck/eg5_extraprotomers,merck/eg5_extraprotomers/CHEMBL1088740,../large_fep_dataset/data/fep_benchmark_processed/merck_eg5_extraprotomers_CHEMBL1088740.sdf,../large_fep_dataset/data/fep_benchmark_processed/merck_eg5_extraprotomers_protein.pdb,949,5.2449183,5.497816,6.1149406,5.536019,6.1487226,5.429555,5.7223926,5.576629,5.4346375,5.666344,5.6371975
950,merck/eg5_extraprotomers,merck/eg5_extraprotomers/CHEMBL1084143_1,../large_fep_dataset/data/fep_benchmark_processed/merck_eg5_extraprotomers_CHEMBL1084143_1.sdf,../large_fep_dataset/data/fep_benchmark_processed/merck_eg5_extraprotomers_protein.pdb,950,6.4572077,6.795287,6.9380903,7.439656,7.2135677,6.2241335,7.213204,6.5145645,6.4749403,7.123478,6.8394136
951,merck/eg5_extraprotomers,merck/eg5_extraprotomers/CHEMBL1096003_1,../large_fep_dataset/data/fep_benchmark_processed/merck_eg5_extraprotomers_CHEMBL1096003_1.sdf,../large_fep_dataset/data/fep_benchmark_processed/merck_eg5_extraprotomers_protein.pdb,951,7.0166826,6.787627,6.744173,7.7615695,7.4659553,5.927455,7.044637,6.6226025,7.2120914,7.402138,6.998493
952,merck/eg5_extraprotomers,merck/eg5_extraprotomers/CHEMBL1096002_1,../large_fep_dataset/data/fep_benchmark_processed/merck_eg5_extraprotomers_CHEMBL1096002_1.sdf,../large_fep_dataset/data/fep_benchmark_processed/merck_eg5_extraprotomers_protein.pdb,952,7.0231247,6.323323,6.5863233,7.353483,6.839714,6.0697765,6.385969,6.486845,6.8656945,6.7107887,6.664505
953,merck/eg5_extraprotomers,merck/eg5_extraprotomers/CHEMBL1084676_1,../large_fep_dataset/data/fep_benchmark_processed/merck_eg5_extraprotomers_CHEMBL1084676_1.sdf,../large_fep_dataset/data/fep_benchmark_processed/merck_eg5_extraprotomers_protein.pdb,953,6.132834,5.8334727,6.519423,7.2070384,6.5438986,6.1398654,6.844748,6.7166533,6.3830113,6.8112435,6.513219
954,merck/eg5_extraprotomers,merck/eg5_extraprotomers/CHEMBL1084677_1,../large_fep_dataset/data/fep_benchmark_processed/merck_eg5_extraprotomers_CHEMBL1084677_1.sdf,../large_fep_dataset/data/fep_benchmark_processed/merck_eg5_extraprotomers_protein.pdb,954,6.110512,6.757625,6.7946887,7.390145,6.94433,5.9804845,7.301632,6.723723,5.972618,7.029226,6.700498
955,merck/eg5_extraprotomers,merck/eg5_extraprotomers/CHEMBL1084935_1,../large_fep_dataset/data/fep_benchmark_processed/merck_eg5_extraprotomers_CHEMBL1084935_1.sdf,../large_fep_dataset/data/fep_benchmark_processed/merck_eg5_extraprotomers_protein.pdb,955,6.635659,6.5658298,7.245935,6.671724,6.589374,6.0448313,7.0882945,5.9202414,6.5269675,7.091636,6.638049
956,merck/syk_4puz_fullmap,merck/syk_4puz_fullmap/CHEMBL3265014,../large_fep_dataset/data/fep_benchmark_processed/merck_syk_4puz_fullmap_CHEMBL3265014.sdf,../large_fep_dataset/data/fep_benchmark_processed/merck_syk_4puz_fullmap_protein.pdb,956,6.998391,6.309265,6.9015484,6.913511,6.923499,6.784215,7.05214,7.0732965,7.166818,6.980029,6.9102707
957,merck/syk_4puz_fullmap,merck/syk_4puz_fullmap/CHEMBL3265036,../large_fep_dataset/data/fep_benchmark_processed/merck_syk_4puz_fullmap_CHEMBL3265036.sdf,../large_fep_dataset/data/fep_benchmark_processed/merck_syk_4puz_fullmap_protein.pdb,957,7.194554,6.8582015,6.924174,6.731473,6.8102074,7.0991564,6.678882,6.4715514,6.853541,6.4646325,6.808637
958,merck/syk_4puz_fullmap,merck/syk_4puz_fullmap/CHEMBL3265020,../large_fep_dataset/data/fep_benchmark_processed/merck_syk_4puz_fullmap_CHEMBL3265020.sdf,../large_fep_dataset/data/fep_benchmark_processed/merck_syk_4puz_fullmap_protein.pdb,958,6.9878736,6.250453,6.4440017,6.605627,6.813294,7.2226954,7.0055003,7.7742553,6.9421897,6.488112,6.8533998
959,merck/syk_4puz_fullmap,merck/syk_4puz_fullmap/CHEMBL3265023,../large_fep_dataset/data/fep_benchmark_processed/merck_syk_4puz_fullmap_CHEMBL3265023.sdf,../large_fep_dataset/data/fep_benchmark_processed/merck_syk_4puz_fullmap_protein.pdb,959,6.8070087,6.6109886,6.690111,6.686025,7.080279,6.704045,7.265607,7.723965,7.032465,6.4345226,6.903502
960,merck/syk_4puz_fullmap,merck/syk_4puz_fullmap/CHEMBL3265033,../large_fep_dataset/data/fep_benchmark_processed/merck_syk_4puz_fullmap_CHEMBL3265033.sdf,../large_fep_dataset/data/fep_benchmark_processed/merck_syk_4puz_fullmap_protein.pdb,960,7.960745,7.117048,6.838149,7.6523056,7.416483,7.109784,7.050109,7.1715665,7.002736,6.695055,7.2013984
961,merck/syk_4puz_fullmap,merck/syk_4puz_fullmap/CHEMBL3265027,../large_fep_dataset/data/fep_benchmark_processed/merck_syk_4puz_fullmap_CHEMBL3265027.sdf,../large_fep_dataset/data/fep_benchmark_processed/merck_syk_4puz_fullmap_protein.pdb,961,7.5979133,6.414435,6.3975315,6.9051623,7.0460253,6.3757977,6.210661,6.042785,6.992867,6.480548,6.6463723
962,merck/syk_4puz_fullmap,merck/syk_4puz_fullmap/CHEMBL3265028,../large_fep_dataset/data/fep_benchmark_processed/merck_syk_4puz_fullmap_CHEMBL3265028.sdf,../large_fep_dataset/data/fep_benchmark_processed/merck_syk_4puz_fullmap_protein.pdb,962,7.424018,6.098246,6.38173,6.6720076,7.0598993,6.48617,6.7314463,6.9345193,7.01582,6.7061987,6.7510056
963,merck/syk_4puz_fullmap,merck/syk_4puz_fullmap/CHEMBL3265032,../large_fep_dataset/data/fep_benchmark_processed/merck_syk_4puz_fullmap_CHEMBL3265032.sdf,../large_fep_dataset/data/fep_benchmark_processed/merck_syk_4puz_fullmap_protein.pdb,963,7.32387,6.7304587,6.894803,7.097848,6.9327083,6.81992,6.3282385,6.7300453,6.7754035,6.2888474,6.7922144
964,merck/syk_4puz_fullmap,merck/syk_4puz_fullmap/CHEMBL3265031,../large_fep_dataset/data/fep_benchmark_processed/merck_syk_4puz_fullmap_CHEMBL3265031.sdf,../large_fep_dataset/data/fep_benchmark_processed/merck_syk_4puz_fullmap_protein.pdb,964,7.6001964,7.1462655,6.782697,7.3289714,7.007788,7.1481047,7.1550016,6.6346445,7.1759896,6.776283,7.0755944
965,merck/syk_4puz_fullmap,merck/syk_4puz_fullmap/CHEMBL3265037,../large_fep_dataset/data/fep_benchmark_processed/merck_syk_4puz_fullmap_CHEMBL3265037.sdf,../large_fep_dataset/data/fep_benchmark_processed/merck_syk_4puz_fullmap_protein.pdb,965,7.5977635,7.781985,7.2616067,7.062605,7.4071836,7.284758,7.1225896,7.152607,7.3818803,6.935786,7.2988763
966,merck/syk_4puz_fullmap,merck/syk_4puz_fullmap/CHEMBL3265026,../large_fep_dataset/data/fep_benchmark_processed/merck_syk_4puz_fullmap_CHEMBL3265026.sdf,../large_fep_dataset/data/fep_benchmark_processed/merck_syk_4puz_fullmap_protein.pdb,966,7.1689234,6.523952,6.833979,6.948624,6.7495275,6.7147937,6.8677464,7.8978586,7.168017,6.612552,6.948598
967,merck/syk_4puz_fullmap,merck/syk_4puz_fullmap/CHEMBL3265012,../large_fep_dataset/data/fep_benchmark_processed/merck_syk_4puz_fullmap_CHEMBL3265012.sdf,../large_fep_dataset/data/fep_benchmark_processed/merck_syk_4puz_fullmap_protein.pdb,967,7.741395,6.4074945,6.966116,6.9330406,7.3068953,7.334413,7.078535,6.7892804,6.8755364,7.0604496,7.0493155
968,merck/syk_4puz_fullmap,merck/syk_4puz_fullmap/CHEMBL3265029,../large_fep_dataset/data/fep_benchmark_processed/merck_syk_4puz_fullmap_CHEMBL3265029.sdf,../large_fep_dataset/data/fep_benchmark_processed/merck_syk_4puz_fullmap_protein.pdb,968,6.8033514,6.202644,6.2799506,6.6976295,6.83408,6.708884,6.5394683,6.5848866,6.5832787,6.6275663,6.586174
969,merck/syk_4puz_fullmap,merck/syk_4puz_fullmap/CHEMBL3265035,../large_fep_dataset/data/fep_benchmark_processed/merck_syk_4puz_fullmap_CHEMBL3265035.sdf,../large_fep_dataset/data/fep_benchmark_processed/merck_syk_4puz_fullmap_protein.pdb,969,6.966244,6.440562,6.5409822,6.664311,6.8086543,6.9259467,6.5888443,6.531417,6.8026533,6.151607,6.642122
970,merck/syk_4puz_fullmap,merck/syk_4puz_fullmap/CHEMBL3265024,../large_fep_dataset/data/fep_benchmark_processed/merck_syk_4puz_fullmap_CHEMBL3265024.sdf,../large_fep_dataset/data/fep_benchmark_processed/merck_syk_4puz_fullmap_protein.pdb,970,7.6849823,7.1153016,6.8795247,7.1546426,6.991198,7.328826,7.378847,7.794355,7.9159503,6.7073374,7.2950964
971,merck/syk_4puz_fullmap,merck/syk_4puz_fullmap/CHEMBL3265018,../large_fep_dataset/data/fep_benchmark_processed/merck_syk_4puz_fullmap_CHEMBL3265018.sdf,../large_fep_dataset/data/fep_benchmark_processed/merck_syk_4puz_fullmap_protein.pdb,971,7.2707496,6.8819685,6.831625,7.044985,7.7396803,7.1634636,7.164004,7.6196103,7.4264245,6.9805646,7.212308
972,merck/syk_4puz_fullmap,merck/syk_4puz_fullmap/CHEMBL3265008,../large_fep_dataset/data/fep_benchmark_processed/merck_syk_4puz_fullmap_CHEMBL3265008.sdf,../large_fep_dataset/data/fep_benchmark_processed/merck_syk_4puz_fullmap_protein.pdb,972,7.333509,6.6521845,6.71374,6.940136,6.6036153,7.0332623,7.162768,7.3943586,7.0655713,6.6543746,6.955352
973,merck/syk_4puz_fullmap,merck/syk_4puz_fullmap/CHEMBL3265016,../large_fep_dataset/data/fep_benchmark_processed/merck_syk_4puz_fullmap_CHEMBL3265016.sdf,../large_fep_dataset/data/fep_benchmark_processed/merck_syk_4puz_fullmap_protein.pdb,973,7.043757,6.018627,6.4090486,6.5359807,6.8108478,6.883422,6.909217,7.760364,6.8422933,6.529095,6.7742653
974,merck/syk_4puz_fullmap,merck/syk_4puz_fullmap/CHEMBL3265025 flip,../large_fep_dataset/data/fep_benchmark_processed/merck_syk_4puz_fullmap_CHEMBL3265025_flip.sdf,../large_fep_dataset/data/fep_benchmark_processed/merck_syk_4puz_fullmap_protein.pdb,974,7.592755,7.2393594,7.448799,7.333788,6.942469,7.052125,7.4141855,7.629461,7.7350016,7.119018,7.3506956
975,merck/syk_4puz_fullmap,merck/syk_4puz_fullmap/CHEMBL3265013,../large_fep_dataset/data/fep_benchmark_processed/merck_syk_4puz_fullmap_CHEMBL3265013.sdf,../large_fep_dataset/data/fep_benchmark_processed/merck_syk_4puz_fullmap_protein.pdb,975,7.030382,6.428087,6.708264,6.769797,7.151568,6.6764784,7.2135415,7.3126907,6.707868,6.4282055,6.842688
976,merck/syk_4puz_fullmap,merck/syk_4puz_fullmap/CHEMBL3259820,../large_fep_dataset/data/fep_benchmark_processed/merck_syk_4puz_fullmap_CHEMBL3259820.sdf,../large_fep_dataset/data/fep_benchmark_processed/merck_syk_4puz_fullmap_protein.pdb,976,7.016657,6.321504,6.8180857,6.9295444,6.8125415,6.533538,7.2623873,6.8419285,6.74917,6.1536145,6.7438974
977,merck/syk_4puz_fullmap,merck/syk_4puz_fullmap/CHEMBL3265006,../large_fep_dataset/data/fep_benchmark_processed/merck_syk_4puz_fullmap_CHEMBL3265006.sdf,../large_fep_dataset/data/fep_benchmark_processed/merck_syk_4puz_fullmap_protein.pdb,977,6.6685266,6.385592,6.4833984,6.7319803,6.208992,6.232434,6.379097,7.172928,6.562881,5.9358444,6.476167
978,merck/syk_4puz_fullmap,merck/syk_4puz_fullmap/CHEMBL3265030_n,../large_fep_dataset/data/fep_benchmark_processed/merck_syk_4puz_fullmap_CHEMBL3265030_n.sdf,../large_fep_dataset/data/fep_benchmark_processed/merck_syk_4puz_fullmap_protein.pdb,978,7.8564835,7.2050557,6.6710854,7.099471,7.172007,7.0172224,7.115312,7.019751,7.5042114,7.2792287,7.1939826
979,merck/syk_4puz_fullmap,merck/syk_4puz_fullmap/CHEMBL3265022,../large_fep_dataset/data/fep_benchmark_processed/merck_syk_4puz_fullmap_CHEMBL3265022.sdf,../large_fep_dataset/data/fep_benchmark_processed/merck_syk_4puz_fullmap_protein.pdb,979,6.750375,6.6743217,6.5867486,6.8574576,7.533328,6.5075536,7.094009,7.93597,7.221173,6.5684466,6.9729376
980,merck/syk_4puz_fullmap,merck/syk_4puz_fullmap/CHEMBL3265019,../large_fep_dataset/data/fep_benchmark_processed/merck_syk_4puz_fullmap_CHEMBL3265019.sdf,../large_fep_dataset/data/fep_benchmark_processed/merck_syk_4puz_fullmap_protein.pdb,980,7.384214,6.9997835,6.719246,7.036582,7.5131207,7.045323,7.0741153,7.7658153,7.797964,6.9691005,7.230527
981,merck/syk_4puz_fullmap,merck/syk_4puz_fullmap/CHEMBL3265009,../large_fep_dataset/data/fep_benchmark_processed/merck_syk_4puz_fullmap_CHEMBL3265009.sdf,../large_fep_dataset/data/fep_benchmark_processed/merck_syk_4puz_fullmap_protein.pdb,981,6.746133,6.591113,6.7780223,6.7742352,6.8880873,6.801967,7.057466,7.6027703,7.03058,6.519002,6.8789377
982,merck/syk_4puz_fullmap,merck/syk_4puz_fullmap/CHEMBL3265021,../large_fep_dataset/data/fep_benchmark_processed/merck_syk_4puz_fullmap_CHEMBL3265021.sdf,../large_fep_dataset/data/fep_benchmark_processed/merck_syk_4puz_fullmap_protein.pdb,982,7.5159516,6.546864,6.7810497,6.893404,7.5462546,7.278453,7.342329,7.640571,7.2760077,6.494893,7.131578
983,merck/syk_4puz_fullmap,merck/syk_4puz_fullmap/CHEMBL3265005,../large_fep_dataset/data/fep_benchmark_processed/merck_syk_4puz_fullmap_CHEMBL3265005.sdf,../large_fep_dataset/data/fep_benchmark_processed/merck_syk_4puz_fullmap_protein.pdb,983,7.099369,6.6542263,6.489609,6.8478446,6.7418575,6.7134533,6.7857285,7.1463814,7.086758,6.2444983,6.780973
984,merck/syk_4puz_fullmap,merck/syk_4puz_fullmap/CHEMBL3265017,../large_fep_dataset/data/fep_benchmark_processed/merck_syk_4puz_fullmap_CHEMBL3265017.sdf,../large_fep_dataset/data/fep_benchmark_processed/merck_syk_4puz_fullmap_protein.pdb,984,7.3538594,6.5393496,6.682621,6.8464766,7.472089,6.854453,7.2081976,7.4438853,7.078652,6.809116,7.0288696
985,merck/syk_4puz_fullmap,merck/syk_4puz_fullmap/CHEMBL3265010,../large_fep_dataset/data/fep_benchmark_processed/merck_syk_4puz_fullmap_CHEMBL3265010.sdf,../large_fep_dataset/data/fep_benchmark_processed/merck_syk_4puz_fullmap_protein.pdb,985,7.3336077,6.460922,6.404744,6.6266074,6.908432,6.5856366,6.65604,7.264875,7.383157,6.717492,6.8341513
986,merck/syk_4puz_fullmap,merck/syk_4puz_fullmap/CHEMBL3265034,../large_fep_dataset/data/fep_benchmark_processed/merck_syk_4puz_fullmap_CHEMBL3265034.sdf,../large_fep_dataset/data/fep_benchmark_processed/merck_syk_4puz_fullmap_protein.pdb,986,7.4292345,6.6488094,6.5884967,7.358471,7.048703,7.071482,6.6433053,6.56545,7.0370874,6.556937,6.8947973
987,merck/syk_4puz_fullmap,merck/syk_4puz_fullmap/CHEMBL3265011 flip,../large_fep_dataset/data/fep_benchmark_processed/merck_syk_4puz_fullmap_CHEMBL3265011_flip.sdf,../large_fep_dataset/data/fep_benchmark_processed/merck_syk_4puz_fullmap_protein.pdb,987,7.421401,6.697903,6.705507,6.8153358,6.815231,7.38097,7.1981444,7.488999,7.750156,6.44621,7.0719857
988,merck/syk_4puz_fullmap,merck/syk_4puz_fullmap/CHEMBL3265015 flip,../large_fep_dataset/data/fep_benchmark_processed/merck_syk_4puz_fullmap_CHEMBL3265015_flip.sdf,../large_fep_dataset/data/fep_benchmark_processed/merck_syk_4puz_fullmap_protein.pdb,988,7.25293,6.058828,6.8799734,6.8210363,6.490176,6.8170376,6.993438,6.716188,6.811111,6.4545016,6.7295218
989,merck/syk_4puz_fullmap,merck/syk_4puz_fullmap/CHEMBL3265002,../large_fep_dataset/data/fep_benchmark_processed/merck_syk_4puz_fullmap_CHEMBL3265002.sdf,../large_fep_dataset/data/fep_benchmark_processed/merck_syk_4puz_fullmap_protein.pdb,989,7.123591,7.133311,7.0580635,7.5480514,7.3815446,7.6435175,7.217396,7.507996,7.143372,6.443126,7.2199965
990,merck/syk_4puz_fullmap,merck/syk_4puz_fullmap/docked CHEMBL3264998,../large_fep_dataset/data/fep_benchmark_processed/merck_syk_4puz_fullmap_docked_CHEMBL3264998.sdf,../large_fep_dataset/data/fep_benchmark_processed/merck_syk_4puz_fullmap_protein.pdb,990,7.2130766,6.715781,7.3507037,7.9548435,7.3029237,7.4555984,6.6233516,7.5470037,6.790215,6.501525,7.1455026
991,merck/syk_4puz_fullmap,merck/syk_4puz_fullmap/CHEMBL3264997,../large_fep_dataset/data/fep_benchmark_processed/merck_syk_4puz_fullmap_CHEMBL3264997.sdf,../large_fep_dataset/data/fep_benchmark_processed/merck_syk_4puz_fullmap_protein.pdb,991,6.9241853,6.9227304,7.2070932,7.635865,7.6744814,7.6448016,7.23199,7.7670555,7.212066,6.8687367,7.3089004
992,merck/syk_4puz_fullmap,merck/syk_4puz_fullmap/docked CHEMBL3264994,../large_fep_dataset/data/fep_benchmark_processed/merck_syk_4puz_fullmap_docked_CHEMBL3264994.sdf,../large_fep_dataset/data/fep_benchmark_processed/merck_syk_4puz_fullmap_protein.pdb,992,7.574747,6.965402,6.8140593,6.2426543,7.2889137,7.1126065,7.435465,7.0107327,6.97021,6.9004736,7.031527
993,merck/syk_4puz_fullmap,merck/syk_4puz_fullmap/CHEMBL3264995,../large_fep_dataset/data/fep_benchmark_processed/merck_syk_4puz_fullmap_CHEMBL3264995.sdf,../large_fep_dataset/data/fep_benchmark_processed/merck_syk_4puz_fullmap_protein.pdb,993,8.004548,7.6104193,7.7633395,7.885969,7.922768,8.017829,7.6151104,8.215158,7.4629755,7.402994,7.7901106
994,merck/syk_4puz_fullmap,merck/syk_4puz_fullmap/docked CHEMBL3265004,../large_fep_dataset/data/fep_benchmark_processed/merck_syk_4puz_fullmap_docked_CHEMBL3265004.sdf,../large_fep_dataset/data/fep_benchmark_processed/merck_syk_4puz_fullmap_protein.pdb,994,8.039249,7.22693,6.7913647,7.789865,7.4595504,8.213493,7.1356077,7.7080154,7.725615,6.9077306,7.499742
995,merck/syk_4puz_fullmap,merck/syk_4puz_fullmap/CHEMBL3265001,../large_fep_dataset/data/fep_benchmark_processed/merck_syk_4puz_fullmap_CHEMBL3265001.sdf,../large_fep_dataset/data/fep_benchmark_processed/merck_syk_4puz_fullmap_protein.pdb,995,7.9487596,7.416996,7.925553,7.923326,7.625129,7.8585753,6.6674757,8.277089,7.41159,7.048055,7.610255
996,merck/syk_4puz_fullmap,merck/syk_4puz_fullmap/CHEMBL3264996,../large_fep_dataset/data/fep_benchmark_processed/merck_syk_4puz_fullmap_CHEMBL3264996.sdf,../large_fep_dataset/data/fep_benchmark_processed/merck_syk_4puz_fullmap_protein.pdb,996,7.0132914,6.455406,7.029193,7.099809,7.097577,7.040021,6.7706785,6.6199527,6.4224157,6.34329,6.789164
997,merck/syk_4puz_fullmap,merck/syk_4puz_fullmap/docked CHEMBL3264999 adjust,../large_fep_dataset/data/fep_benchmark_processed/merck_syk_4puz_fullmap_docked_CHEMBL3264999_adjust.sdf,../large_fep_dataset/data/fep_benchmark_processed/merck_syk_4puz_fullmap_protein.pdb,997,7.7464175,6.728255,7.2197814,7.6486316,7.450135,7.317665,7.1770816,7.9077506,7.3083673,6.915886,7.3419967
998,merck/syk_4puz_fullmap,merck/syk_4puz_fullmap/redocked CHEMBL3265000 ground state,../large_fep_dataset/data/fep_benchmark_processed/merck_syk_4puz_fullmap_redocked_CHEMBL3265000_ground_state.sdf,../large_fep_dataset/data/fep_benchmark_processed/merck_syk_4puz_fullmap_protein.pdb,998,7.219941,7.023944,7.474274,7.530594,7.7334957,7.440801,6.860446,8.097807,7.6674895,6.645671,7.369446
999,merck/syk_4puz_fullmap,merck/syk_4puz_fullmap/redocked CHEMBL3265000,../large_fep_dataset/data/fep_benchmark_processed/merck_syk_4puz_fullmap_redocked_CHEMBL3265000.sdf,../large_fep_dataset/data/fep_benchmark_processed/merck_syk_4puz_fullmap_protein.pdb,999,7.4588747,6.7132554,7.3628592,7.343577,7.4150834,7.6479125,6.663657,7.820577,7.438186,6.63237,7.249635
1000,merck/syk_4puz_fullmap,merck/syk_4puz_fullmap/CHEMBL3265003 tautomer 1,../large_fep_dataset/data/fep_benchmark_processed/merck_syk_4puz_fullmap_CHEMBL3265003_tautomer_1.sdf,../large_fep_dataset/data/fep_benchmark_processed/merck_syk_4puz_fullmap_protein.pdb,1000,7.535355,6.887551,6.788727,7.4648495,7.458516,8.092815,6.84045,7.4137883,7.1265454,6.741351,7.2349944
1001,merck/syk_4puz_fullmap,merck/syk_4puz_fullmap/CHEMBL3265003 tautomer 2,../large_fep_dataset/data/fep_benchmark_processed/merck_syk_4puz_fullmap_CHEMBL3265003_tautomer_2.sdf,../large_fep_dataset/data/fep_benchmark_processed/merck_syk_4puz_fullmap_protein.pdb,1001,7.878051,7.136499,6.775857,7.589688,7.3318267,8.12513,6.908859,7.5462418,7.0127287,6.7400227,7.30449
1002,merck/hif2a_automap,merck/hif2a_automap/338,../large_fep_dataset/data/fep_benchmark_processed/merck_hif2a_automap_338.sdf,../large_fep_dataset/data/fep_benchmark_processed/merck_hif2a_automap_protein.pdb,1002,7.2476983,6.5954304,6.68787,7.0024104,7.144804,7.248372,6.3170724,6.713206,7.0738826,7.249473,6.928022
1003,merck/hif2a_automap,merck/hif2a_automap/43,../large_fep_dataset/data/fep_benchmark_processed/merck_hif2a_automap_43.sdf,../large_fep_dataset/data/fep_benchmark_processed/merck_hif2a_automap_protein.pdb,1003,6.2095466,6.8551507,7.30121,6.5207386,6.8842807,7.4766912,6.328888,7.174299,7.2629766,6.8327055,6.884649
1004,merck/hif2a_automap,merck/hif2a_automap/235,../large_fep_dataset/data/fep_benchmark_processed/merck_hif2a_automap_235.sdf,../large_fep_dataset/data/fep_benchmark_processed/merck_hif2a_automap_protein.pdb,1004,7.422259,7.4401484,6.914322,7.635316,7.1109424,7.302625,6.2378235,6.727473,6.4676013,7.226511,7.0485024
1005,merck/hif2a_automap,merck/hif2a_automap/234,../large_fep_dataset/data/fep_benchmark_processed/merck_hif2a_automap_234.sdf,../large_fep_dataset/data/fep_benchmark_processed/merck_hif2a_automap_protein.pdb,1005,7.369898,6.9895945,7.001308,7.5188713,7.2000775,7.514032,7.065688,7.5683546,6.548571,7.414549,7.2190948
1006,merck/hif2a_automap,merck/hif2a_automap/30,../large_fep_dataset/data/fep_benchmark_processed/merck_hif2a_automap_30.sdf,../large_fep_dataset/data/fep_benchmark_processed/merck_hif2a_automap_protein.pdb,1006,6.901521,6.8093195,6.4167404,6.02119,6.6212997,6.8848453,6.8398604,6.9702086,7.325197,6.9323087,6.7722497
1007,merck/hif2a_automap,merck/hif2a_automap/1,../large_fep_dataset/data/fep_benchmark_processed/merck_hif2a_automap_1.sdf,../large_fep_dataset/data/fep_benchmark_processed/merck_hif2a_automap_protein.pdb,1007,7.205036,7.1146398,7.2745295,7.567494,7.2229123,7.664385,7.6242146,7.179822,7.724996,7.2334223,7.3811445
1008,merck/hif2a_automap,merck/hif2a_automap/237,../large_fep_dataset/data/fep_benchmark_processed/merck_hif2a_automap_237.sdf,../large_fep_dataset/data/fep_benchmark_processed/merck_hif2a_automap_protein.pdb,1008,6.8435807,6.911047,6.9409137,7.4987226,7.1515436,7.2053037,6.3272476,6.5968375,6.7197356,7.0413613,6.923629
1009,merck/hif2a_automap,merck/hif2a_automap/227,../large_fep_dataset/data/fep_benchmark_processed/merck_hif2a_automap_227.sdf,../large_fep_dataset/data/fep_benchmark_processed/merck_hif2a_automap_protein.pdb,1009,7.5748234,7.3144283,6.8375816,6.8872457,7.5560336,7.1613,6.457224,6.800854,6.9971814,7.4212594,7.100793
1010,merck/hif2a_automap,merck/hif2a_automap/266,../large_fep_dataset/data/fep_benchmark_processed/merck_hif2a_automap_266.sdf,../large_fep_dataset/data/fep_benchmark_processed/merck_hif2a_automap_protein.pdb,1010,7.2195582,6.7181783,7.2654033,6.582462,7.3703547,7.283603,6.602186,6.624186,6.608008,7.863455,7.0137396
1011,merck/hif2a_automap,merck/hif2a_automap/206,../large_fep_dataset/data/fep_benchmark_processed/merck_hif2a_automap_206.sdf,../large_fep_dataset/data/fep_benchmark_processed/merck_hif2a_automap_protein.pdb,1011,6.6554627,6.8661103,6.6328645,7.3270636,7.0203605,7.035948,6.4657774,6.9106927,6.4278235,6.909011,6.8251114
1012,merck/hif2a_automap,merck/hif2a_automap/67,../large_fep_dataset/data/fep_benchmark_processed/merck_hif2a_automap_67.sdf,../large_fep_dataset/data/fep_benchmark_processed/merck_hif2a_automap_protein.pdb,1012,7.2127547,6.7352605,6.8454823,6.273633,7.1382766,6.4777675,6.9156976,7.1148887,6.8930707,7.185803,6.8792634
1013,merck/hif2a_automap,merck/hif2a_automap/156,../large_fep_dataset/data/fep_benchmark_processed/merck_hif2a_automap_156.sdf,../large_fep_dataset/data/fep_benchmark_processed/merck_hif2a_automap_protein.pdb,1013,6.326629,7.087092,6.936132,6.6462107,6.2356467,7.0211406,6.440738,7.0038376,7.3948474,6.575925,6.76682
1014,merck/hif2a_automap,merck/hif2a_automap/31,../large_fep_dataset/data/fep_benchmark_processed/merck_hif2a_automap_31.sdf,../large_fep_dataset/data/fep_benchmark_processed/merck_hif2a_automap_protein.pdb,1014,6.0481944,6.960992,6.4878087,6.005614,6.5686936,6.7307897,6.334652,6.456284,7.0932403,6.4531183,6.513938
1015,merck/hif2a_automap,merck/hif2a_automap/289,../large_fep_dataset/data/fep_benchmark_processed/merck_hif2a_automap_289.sdf,../large_fep_dataset/data/fep_benchmark_processed/merck_hif2a_automap_protein.pdb,1015,6.817543,6.6956525,6.465418,6.7029767,6.7107406,6.7479415,6.534191,6.654648,5.9148345,6.516497,6.5760436
1016,merck/hif2a_automap,merck/hif2a_automap/61,../large_fep_dataset/data/fep_benchmark_processed/merck_hif2a_automap_61.sdf,../large_fep_dataset/data/fep_benchmark_processed/merck_hif2a_automap_protein.pdb,1016,7.123827,6.86111,6.9042253,6.9221973,6.5210805,7.9396334,7.39712,7.125484,7.5226007,7.1026797,7.141996
1017,merck/hif2a_automap,merck/hif2a_automap/167,../large_fep_dataset/data/fep_benchmark_processed/merck_hif2a_automap_167.sdf,../large_fep_dataset/data/fep_benchmark_processed/merck_hif2a_automap_protein.pdb,1017,7.3621297,7.4202995,7.261688,7.565815,7.140824,7.4450374,6.79854,7.4618177,6.990359,7.2210236,7.266753
1018,merck/hif2a_automap,merck/hif2a_automap/165,../large_fep_dataset/data/fep_benchmark_processed/merck_hif2a_automap_165.sdf,../large_fep_dataset/data/fep_benchmark_processed/merck_hif2a_automap_protein.pdb,1018,6.8932595,6.191142,6.496924,7.023618,6.827609,7.1923847,6.6849847,7.1665606,6.021628,7.5628185,6.8060937
1019,merck/hif2a_automap,merck/hif2a_automap/41,../large_fep_dataset/data/fep_benchmark_processed/merck_hif2a_automap_41.sdf,../large_fep_dataset/data/fep_benchmark_processed/merck_hif2a_automap_protein.pdb,1019,7.215545,6.9470677,6.9867787,7.191237,7.426143,7.4697065,7.0902724,7.3443046,7.5734997,7.293373,7.253793
1020,merck/hif2a_automap,merck/hif2a_automap/7b,../large_fep_dataset/data/fep_benchmark_processed/merck_hif2a_automap_7b.sdf,../large_fep_dataset/data/fep_benchmark_processed/merck_hif2a_automap_protein.pdb,1020,7.059402,6.851386,7.4345136,6.941114,6.950643,7.4173703,7.0933313,7.4042525,7.3482246,7.200609,7.1700835
1021,merck/hif2a_automap,merck/hif2a_automap/54,../large_fep_dataset/data/fep_benchmark_processed/merck_hif2a_automap_54.sdf,../large_fep_dataset/data/fep_benchmark_processed/merck_hif2a_automap_protein.pdb,1021,6.9035654,6.505247,6.593787,6.7465053,6.4865084,7.254752,7.2736197,6.8862023,7.044283,7.627916,6.9322386
1022,merck/hif2a_automap,merck/hif2a_automap/215,../large_fep_dataset/data/fep_benchmark_processed/merck_hif2a_automap_215.sdf,../large_fep_dataset/data/fep_benchmark_processed/merck_hif2a_automap_protein.pdb,1022,7.1340866,6.8857346,6.8970785,7.1608315,6.7164936,7.347839,6.428338,6.9086623,6.86866,6.95874,6.9306464
1023,merck/hif2a_automap,merck/hif2a_automap/57,../large_fep_dataset/data/fep_benchmark_processed/merck_hif2a_automap_57.sdf,../large_fep_dataset/data/fep_benchmark_processed/merck_hif2a_automap_protein.pdb,1023,7.009401,7.063357,6.9178543,7.062078,7.0357366,7.1651707,6.4905605,6.7793837,7.32706,6.997099,6.984771
1024,merck/hif2a_automap,merck/hif2a_automap/42,../large_fep_dataset/data/fep_benchmark_processed/merck_hif2a_automap_42.sdf,../large_fep_dataset/data/fep_benchmark_processed/merck_hif2a_automap_protein.pdb,1024,6.8773713,6.7354016,7.369673,7.0134387,7.3088126,7.2747903,6.4608617,6.9456396,7.1182594,7.0590053,7.0163255
1025,merck/hif2a_automap,merck/hif2a_automap/252,../large_fep_dataset/data/fep_benchmark_processed/merck_hif2a_automap_252.sdf,../large_fep_dataset/data/fep_benchmark_processed/merck_hif2a_automap_protein.pdb,1025,7.208422,6.552547,6.5152287,6.89971,6.8686724,7.0866995,6.478287,6.763549,6.944201,6.874652,6.819197
1026,merck/hif2a_automap,merck/hif2a_automap/336,../large_fep_dataset/data/fep_benchmark_processed/merck_hif2a_automap_336.sdf,../large_fep_dataset/data/fep_benchmark_processed/merck_hif2a_automap_protein.pdb,1026,6.7044067,6.7175765,6.631715,6.748128,6.8095274,6.9964557,6.5049367,6.733193,6.3978314,6.479603,6.6723375
1027,merck/hif2a_automap,merck/hif2a_automap/290,../large_fep_dataset/data/fep_benchmark_processed/merck_hif2a_automap_290.sdf,../large_fep_dataset/data/fep_benchmark_processed/merck_hif2a_automap_protein.pdb,1027,7.0639405,7.431585,6.699194,7.099307,7.5007095,7.4152966,6.528805,7.091357,6.7673373,7.437423,7.103495
1028,merck/hif2a_automap,merck/hif2a_automap/155,../large_fep_dataset/data/fep_benchmark_processed/merck_hif2a_automap_155.sdf,../large_fep_dataset/data/fep_benchmark_processed/merck_hif2a_automap_protein.pdb,1028,6.6997957,6.9432654,6.9587636,7.0648336,6.8400846,6.99831,6.542502,6.8035765,7.099042,6.739978,6.8690147
1029,merck/hif2a_automap,merck/hif2a_automap/164,../large_fep_dataset/data/fep_benchmark_processed/merck_hif2a_automap_164.sdf,../large_fep_dataset/data/fep_benchmark_processed/merck_hif2a_automap_protein.pdb,1029,6.9601755,6.335224,6.4545517,7.193745,6.710026,7.644678,6.959925,7.035692,5.9706826,7.514586,6.8779287
1030,merck/hif2a_automap,merck/hif2a_automap/7a,../large_fep_dataset/data/fep_benchmark_processed/merck_hif2a_automap_7a.sdf,../large_fep_dataset/data/fep_benchmark_processed/merck_hif2a_automap_protein.pdb,1030,6.756998,7.209218,7.3933387,7.2220182,6.579874,7.191643,7.2813587,7.2824006,7.185453,6.9704103,7.1072717
1031,merck/hif2a_automap,merck/hif2a_automap/224,../large_fep_dataset/data/fep_benchmark_processed/merck_hif2a_automap_224.sdf,../large_fep_dataset/data/fep_benchmark_processed/merck_hif2a_automap_protein.pdb,1031,7.440068,7.1263723,6.528427,7.013374,6.9355493,7.052455,6.339231,7.018195,6.3914385,7.001586,6.8846693
1032,merck/hif2a_automap,merck/hif2a_automap/84,../large_fep_dataset/data/fep_benchmark_processed/merck_hif2a_automap_84.sdf,../large_fep_dataset/data/fep_benchmark_processed/merck_hif2a_automap_protein.pdb,1032,6.7604957,7.182251,6.469224,7.1262374,7.0652018,6.997648,6.862279,7.0599117,7.2954845,7.509623,7.0328355
1033,merck/hif2a_automap,merck/hif2a_automap/254,../large_fep_dataset/data/fep_benchmark_processed/merck_hif2a_automap_254.sdf,../large_fep_dataset/data/fep_benchmark_processed/merck_hif2a_automap_protein.pdb,1033,7.2490325,6.311663,6.5518827,7.1335588,6.9874353,6.6442003,6.441465,6.8695917,6.8992515,6.960251,6.8048325
1034,merck/hif2a_automap,merck/hif2a_automap/23,../large_fep_dataset/data/fep_benchmark_processed/merck_hif2a_automap_23.sdf,../large_fep_dataset/data/fep_benchmark_processed/merck_hif2a_automap_protein.pdb,1034,6.956556,6.907106,6.839215,6.453713,6.9976797,6.634925,7.120822,6.7337594,6.9522934,7.1300964,6.872617
1035,merck/hif2a_automap,merck/hif2a_automap/251,../large_fep_dataset/data/fep_benchmark_processed/merck_hif2a_automap_251.sdf,../large_fep_dataset/data/fep_benchmark_processed/merck_hif2a_automap_protein.pdb,1035,6.887258,6.3623476,6.3682303,6.739774,7.2350574,7.003051,7.071637,6.8902626,6.933285,7.0835743,6.8574476
1036,merck/hif2a_automap,merck/hif2a_automap/256,../large_fep_dataset/data/fep_benchmark_processed/merck_hif2a_automap_256.sdf,../large_fep_dataset/data/fep_benchmark_processed/merck_hif2a_automap_protein.pdb,1036,7.1245284,6.4659,6.5858555,6.691569,6.651632,7.2602563,6.822892,7.055617,6.853267,6.674456,6.8185973
1037,merck/hif2a_automap,merck/hif2a_automap/50,../large_fep_dataset/data/fep_benchmark_processed/merck_hif2a_automap_50.sdf,../large_fep_dataset/data/fep_benchmark_processed/merck_hif2a_automap_protein.pdb,1037,6.704725,6.41127,6.3148375,6.6722903,7.2401423,6.54859,6.9187055,7.101295,6.825154,7.1489954,6.788601
1038,merck/hif2a_automap,merck/hif2a_automap/231,../large_fep_dataset/data/fep_benchmark_processed/merck_hif2a_automap_231.sdf,../large_fep_dataset/data/fep_benchmark_processed/merck_hif2a_automap_protein.pdb,1038,7.232938,6.217322,6.396855,6.873326,6.8046875,6.9706335,6.5074377,6.52012,6.2679563,7.053537,6.684481
1039,merck/hif2a_automap,merck/hif2a_automap/15,../large_fep_dataset/data/fep_benchmark_processed/merck_hif2a_automap_15.sdf,../large_fep_dataset/data/fep_benchmark_processed/merck_hif2a_automap_protein.pdb,1039,7.245334,7.0662727,6.831956,6.9864464,6.949699,7.2152753,6.3698845,6.9396477,6.737834,7.209611,6.9551964
1040,merck/hif2a_automap,merck/hif2a_automap/124,../large_fep_dataset/data/fep_benchmark_processed/merck_hif2a_automap_124.sdf,../large_fep_dataset/data/fep_benchmark_processed/merck_hif2a_automap_protein.pdb,1040,7.407887,7.69882,5.9980454,6.5194592,7.4352775,6.5551295,7.3340974,7.070163,6.9833727,7.494352,7.0496607
1041,merck/hif2a_automap,merck/hif2a_automap/25,../large_fep_dataset/data/fep_benchmark_processed/merck_hif2a_automap_25.sdf,../large_fep_dataset/data/fep_benchmark_processed/merck_hif2a_automap_protein.pdb,1041,7.211013,7.091559,6.74716,7.2256002,6.9369464,6.7679973,6.808965,7.446981,7.102889,7.3913445,7.0730453
1042,merck/hif2a_automap,merck/hif2a_automap/163,../large_fep_dataset/data/fep_benchmark_processed/merck_hif2a_automap_163.sdf,../large_fep_dataset/data/fep_benchmark_processed/merck_hif2a_automap_protein.pdb,1042,7.199984,6.5143623,6.4926944,6.8474874,6.7417893,7.235499,6.5774326,6.9050713,6.2394195,7.2094593,6.7963204
1043,merck/tnks2_fullmap,merck/tnks2_fullmap/1a,../large_fep_dataset/data/fep_benchmark_processed/merck_tnks2_fullmap_1a.sdf,../large_fep_dataset/data/fep_benchmark_processed/merck_tnks2_fullmap_protein.pdb,1043,6.1233215,6.7111773,6.494764,6.779912,6.4116807,6.4374046,6.4540715,6.1991897,6.4841604,6.6244135,6.47201
1044,merck/tnks2_fullmap,merck/tnks2_fullmap/1b,../large_fep_dataset/data/fep_benchmark_processed/merck_tnks2_fullmap_1b.sdf,../large_fep_dataset/data/fep_benchmark_processed/merck_tnks2_fullmap_protein.pdb,1044,6.670169,7.1000204,7.1216707,7.170995,6.6667304,6.4548073,7.310726,6.622683,6.8834987,6.87082,6.8872123
1045,merck/tnks2_fullmap,merck/tnks2_fullmap/3a,../large_fep_dataset/data/fep_benchmark_processed/merck_tnks2_fullmap_3a.sdf,../large_fep_dataset/data/fep_benchmark_processed/merck_tnks2_fullmap_protein.pdb,1045,7.191949,6.791237,7.5271196,6.963328,7.5524054,6.8649206,6.946807,7.2726007,6.953161,7.202386,7.1265917
1046,merck/tnks2_fullmap,merck/tnks2_fullmap/3b,../large_fep_dataset/data/fep_benchmark_processed/merck_tnks2_fullmap_3b.sdf,../large_fep_dataset/data/fep_benchmark_processed/merck_tnks2_fullmap_protein.pdb,1046,7.4945307,7.356799,7.5563936,6.9069324,7.2036576,6.402391,7.0265403,7.2974863,6.7491136,7.124898,7.1118746
1047,merck/tnks2_fullmap,merck/tnks2_fullmap/5f,../large_fep_dataset/data/fep_benchmark_processed/merck_tnks2_fullmap_5f.sdf,../large_fep_dataset/data/fep_benchmark_processed/merck_tnks2_fullmap_protein.pdb,1047,7.717018,6.710096,7.724566,7.15163,6.9726815,7.029618,7.16426,7.2854605,7.2797337,7.4209294,7.2455993
1048,merck/tnks2_fullmap,merck/tnks2_fullmap/5l,../large_fep_dataset/data/fep_benchmark_processed/merck_tnks2_fullmap_5l.sdf,../large_fep_dataset/data/fep_benchmark_processed/merck_tnks2_fullmap_protein.pdb,1048,7.7143264,7.042201,7.8229485,7.110895,6.707336,6.8185925,7.0480313,7.0659704,7.181794,7.0746474,7.158674
1049,merck/tnks2_fullmap,merck/tnks2_fullmap/5g,../large_fep_dataset/data/fep_benchmark_processed/merck_tnks2_fullmap_5g.sdf,../large_fep_dataset/data/fep_benchmark_processed/merck_tnks2_fullmap_protein.pdb,1049,7.702037,6.679673,7.582451,7.116593,6.8087444,6.712076,7.0501704,7.0325375,7.1510167,7.3898926,7.122519
1050,merck/tnks2_fullmap,merck/tnks2_fullmap/5e,../large_fep_dataset/data/fep_benchmark_processed/merck_tnks2_fullmap_5e.sdf,../large_fep_dataset/data/fep_benchmark_processed/merck_tnks2_fullmap_protein.pdb,1050,7.1516504,6.5514603,7.2609677,6.8538494,6.5484133,6.4063134,6.7609777,6.8364787,7.246705,6.91796,6.8534775
1051,merck/tnks2_fullmap,merck/tnks2_fullmap/5i,../large_fep_dataset/data/fep_benchmark_processed/merck_tnks2_fullmap_5i.sdf,../large_fep_dataset/data/fep_benchmark_processed/merck_tnks2_fullmap_protein.pdb,1051,7.6303353,7.1109343,7.38574,6.9410625,6.633472,6.7391677,7.291452,7.2646356,7.2592435,7.305313,7.1561356
1052,merck/tnks2_fullmap,merck/tnks2_fullmap/5b,../large_fep_dataset/data/fep_benchmark_processed/merck_tnks2_fullmap_5b.sdf,../large_fep_dataset/data/fep_benchmark_processed/merck_tnks2_fullmap_protein.pdb,1052,7.3718567,6.8750477,7.291025,6.7092643,6.647877,6.446869,7.1469226,6.6959977,7.2363043,7.471446,6.9892616
1053,merck/tnks2_fullmap,merck/tnks2_fullmap/5h,../large_fep_dataset/data/fep_benchmark_processed/merck_tnks2_fullmap_5h.sdf,../large_fep_dataset/data/fep_benchmark_processed/merck_tnks2_fullmap_protein.pdb,1053,7.220821,6.5872183,7.5727406,6.6170225,6.9921002,6.34597,7.0926886,6.831055,7.2731166,7.4573345,6.9990067
1054,merck/tnks2_fullmap,merck/tnks2_fullmap/5a,../large_fep_dataset/data/fep_benchmark_processed/merck_tnks2_fullmap_5a.sdf,../large_fep_dataset/data/fep_benchmark_processed/merck_tnks2_fullmap_protein.pdb,1054,7.01986,6.6657534,7.3582187,6.672935,6.76447,6.2677374,7.1611485,6.8564177,7.012228,7.4432406,6.9222007
1055,merck/tnks2_fullmap,merck/tnks2_fullmap/5k,../large_fep_dataset/data/fep_benchmark_processed/merck_tnks2_fullmap_5k.sdf,../large_fep_dataset/data/fep_benchmark_processed/merck_tnks2_fullmap_protein.pdb,1055,7.7050033,7.3689914,8.205409,7.122874,7.014449,6.924267,7.4112577,7.3462443,7.893022,7.9235473,7.491506
1056,merck/tnks2_fullmap,merck/tnks2_fullmap/5p,../large_fep_dataset/data/fep_benchmark_processed/merck_tnks2_fullmap_5p.sdf,../large_fep_dataset/data/fep_benchmark_processed/merck_tnks2_fullmap_protein.pdb,1056,7.1607203,7.613021,7.625271,6.6868196,6.789914,6.1530704,7.469553,7.005307,6.8570886,6.504587,6.986535
1057,merck/tnks2_fullmap,merck/tnks2_fullmap/5j,../large_fep_dataset/data/fep_benchmark_processed/merck_tnks2_fullmap_5j.sdf,../large_fep_dataset/data/fep_benchmark_processed/merck_tnks2_fullmap_protein.pdb,1057,7.480365,7.115591,7.793064,6.973867,6.596936,6.6248856,7.0686927,6.9844356,7.1431437,7.5465055,7.1327486
1058,merck/tnks2_fullmap,merck/tnks2_fullmap/5d,../large_fep_dataset/data/fep_benchmark_processed/merck_tnks2_fullmap_5d.sdf,../large_fep_dataset/data/fep_benchmark_processed/merck_tnks2_fullmap_protein.pdb,1058,7.206113,7.4733567,7.6189265,6.8920145,6.779863,6.5158677,7.2118273,6.8103895,7.3184924,7.9919357,7.1818786
1059,merck/tnks2_fullmap,merck/tnks2_fullmap/5m,../large_fep_dataset/data/fep_benchmark_processed/merck_tnks2_fullmap_5m.sdf,../large_fep_dataset/data/fep_benchmark_processed/merck_tnks2_fullmap_protein.pdb,1059,7.6311717,7.419627,7.7015204,7.1051607,6.690878,6.558074,7.166754,7.4831095,7.432183,7.680603,7.286908
1060,merck/tnks2_fullmap,merck/tnks2_fullmap/5n,../large_fep_dataset/data/fep_benchmark_processed/merck_tnks2_fullmap_5n.sdf,../large_fep_dataset/data/fep_benchmark_processed/merck_tnks2_fullmap_protein.pdb,1060,7.200528,7.632224,7.550295,6.7817006,6.895609,6.0655746,7.4628997,7.1484733,7.0071197,6.472486,7.0216904
1061,merck/tnks2_fullmap,merck/tnks2_fullmap/5c,../large_fep_dataset/data/fep_benchmark_processed/merck_tnks2_fullmap_5c.sdf,../large_fep_dataset/data/fep_benchmark_processed/merck_tnks2_fullmap_protein.pdb,1061,7.429786,6.736918,7.4993324,7.0442786,6.685453,6.4992876,7.2360134,6.7275705,6.9087543,7.3257647,7.0093155
1062,merck/tnks2_fullmap,merck/tnks2_fullmap/7,../large_fep_dataset/data/fep_benchmark_processed/merck_tnks2_fullmap_7.sdf,../large_fep_dataset/data/fep_benchmark_processed/merck_tnks2_fullmap_protein.pdb,1062,6.9147243,7.0352545,6.985286,6.950152,6.2626157,6.27282,6.8650093,6.4486766,6.7851934,7.2764525,6.7796187
1063,merck/tnks2_fullmap,merck/tnks2_fullmap/8a neutral,../large_fep_dataset/data/fep_benchmark_processed/merck_tnks2_fullmap_8a_neutral.sdf,../large_fep_dataset/data/fep_benchmark_processed/merck_tnks2_fullmap_protein.pdb,1063,7.2481256,8.16526,7.3247685,7.335206,7.434252,7.0669546,7.399641,7.493669,7.291081,7.815263,7.4574227
1064,merck/tnks2_fullmap,merck/tnks2_fullmap/8b neutral,../large_fep_dataset/data/fep_benchmark_processed/merck_tnks2_fullmap_8b_neutral.sdf,../large_fep_dataset/data/fep_benchmark_processed/merck_tnks2_fullmap_protein.pdb,1064,7.3257775,8.146998,7.287902,7.0873055,7.4575872,6.842984,7.4198203,7.749742,7.735765,7.7648807,7.4818754
1065,merck/tnks2_fullmap,merck/tnks2_fullmap/8c adjust,../large_fep_dataset/data/fep_benchmark_processed/merck_tnks2_fullmap_8c_adjust.sdf,../large_fep_dataset/data/fep_benchmark_processed/merck_tnks2_fullmap_protein.pdb,1065,7.6866364,7.701033,7.8366995,7.773265,7.1608005,7.783138,8.162122,7.5947695,8.2492285,7.655334,7.7603025
1066,merck/tnks2_fullmap,merck/tnks2_fullmap/8d,../large_fep_dataset/data/fep_benchmark_processed/merck_tnks2_fullmap_8d.sdf,../large_fep_dataset/data/fep_benchmark_processed/merck_tnks2_fullmap_protein.pdb,1066,7.626683,7.6924534,7.7104187,7.519486,7.0966554,7.4198446,7.777828,7.459995,7.6007733,7.6773505,7.55815
1067,merck/tnks2_fullmap,merck/tnks2_fullmap/8e adjust neutral,../large_fep_dataset/data/fep_benchmark_processed/merck_tnks2_fullmap_8e_adjust_neutral.sdf,../large_fep_dataset/data/fep_benchmark_processed/merck_tnks2_fullmap_protein.pdb,1067,7.6978006,8.134974,8.150259,7.9353514,8.152971,7.4458303,8.043764,7.4946094,8.169459,7.8296967,7.905472
1068,merck/tnks2_fullmap,merck/tnks2_fullmap/8f neutral,../large_fep_dataset/data/fep_benchmark_processed/merck_tnks2_fullmap_8f_neutral.sdf,../large_fep_dataset/data/fep_benchmark_processed/merck_tnks2_fullmap_protein.pdb,1068,7.5723095,8.012781,7.937164,7.525357,7.758717,7.095958,8.013145,7.794169,7.604051,7.6503053,7.696396
1069,merck/tnks2_fullmap,merck/tnks2_fullmap/8d neutral equitorial,../large_fep_dataset/data/fep_benchmark_processed/merck_tnks2_fullmap_8d_neutral_equitorial.sdf,../large_fep_dataset/data/fep_benchmark_processed/merck_tnks2_fullmap_protein.pdb,1069,7.7053547,7.887251,8.010585,7.4093976,7.5083895,7.503785,7.654691,7.4211793,7.4080553,7.850891,7.635958
1070,merck/tnks2_fullmap,merck/tnks2_fullmap/8c neutral equitorial,../large_fep_dataset/data/fep_benchmark_processed/merck_tnks2_fullmap_8c_neutral_equitorial.sdf,../large_fep_dataset/data/fep_benchmark_processed/merck_tnks2_fullmap_protein.pdb,1070,7.9102254,7.8921266,8.181347,7.912118,7.850605,7.935766,7.842032,7.5199122,8.145672,7.62994,7.8819747
1071,merck/tnks2_fullmap,merck/tnks2_fullmap/5o adjust,../large_fep_dataset/data/fep_benchmark_processed/merck_tnks2_fullmap_5o_adjust.sdf,../large_fep_dataset/data/fep_benchmark_processed/merck_tnks2_fullmap_protein.pdb,1071,7.641978,7.756916,7.588279,6.8966174,7.1926293,7.0501046,7.844617,7.576808,7.4668984,6.7136707,7.3728514
1072,merck/tnks2_fullmap,merck/tnks2_fullmap/8f,../large_fep_dataset/data/fep_benchmark_processed/merck_tnks2_fullmap_8f.sdf,../large_fep_dataset/data/fep_benchmark_processed/merck_tnks2_fullmap_protein.pdb,1072,7.4095206,7.6647468,7.6603184,7.6475377,7.249443,7.445926,7.2444205,7.8936715,7.4566603,7.354495,7.502673
1073,merck/tnks2_fullmap,merck/tnks2_fullmap/8b,../large_fep_dataset/data/fep_benchmark_processed/merck_tnks2_fullmap_8b.sdf,../large_fep_dataset/data/fep_benchmark_processed/merck_tnks2_fullmap_protein.pdb,1073,7.280865,7.5317645,7.1310897,7.15716,7.3101854,7.0066156,7.2882843,7.8980684,7.469887,7.139859,7.3213778
1074,merck/tnks2_fullmap,merck/tnks2_fullmap/8e,../large_fep_dataset/data/fep_benchmark_processed/merck_tnks2_fullmap_8e.sdf,../large_fep_dataset/data/fep_benchmark_processed/merck_tnks2_fullmap_protein.pdb,1074,7.7082057,7.867907,7.6680984,7.49516,7.835112,7.581958,7.8096514,7.3409486,8.060376,7.4340186,7.6801443
1075,merck/tnks2_fullmap,merck/tnks2_fullmap/8a,../large_fep_dataset/data/fep_benchmark_processed/merck_tnks2_fullmap_8a.sdf,../large_fep_dataset/data/fep_benchmark_processed/merck_tnks2_fullmap_protein.pdb,1075,7.1931477,7.844959,7.2094064,7.2784843,7.538384,7.275244,7.760628,7.4612646,7.258705,7.4646363,7.428486
1076,merck/cdk8_5cei_new_helix_loop_extra,merck/cdk8_5cei_new_helix_loop_extra/43,../large_fep_dataset/data/fep_benchmark_processed/merck_cdk8_5cei_new_helix_loop_extra_43.sdf,../large_fep_dataset/data/fep_benchmark_processed/merck_cdk8_5cei_new_helix_loop_extra_protein.pdb,1076,7.5819745,7.52776,7.790266,7.3347383,7.1588492,7.183653,7.016582,7.9435825,7.9071317,7.777059,7.5221605
1077,merck/cdk8_5cei_new_helix_loop_extra,merck/cdk8_5cei_new_helix_loop_extra/22,../large_fep_dataset/data/fep_benchmark_processed/merck_cdk8_5cei_new_helix_loop_extra_22.sdf,../large_fep_dataset/data/fep_benchmark_processed/merck_cdk8_5cei_new_helix_loop_extra_protein.pdb,1077,7.213598,6.456992,7.0429296,7.2231326,6.6893563,7.8382697,7.1878242,6.456642,7.0581627,6.922562,7.008947
1078,merck/cdk8_5cei_new_helix_loop_extra,merck/cdk8_5cei_new_helix_loop_extra/30,../large_fep_dataset/data/fep_benchmark_processed/merck_cdk8_5cei_new_helix_loop_extra_30.sdf,../large_fep_dataset/data/fep_benchmark_processed/merck_cdk8_5cei_new_helix_loop_extra_protein.pdb,1078,7.63153,7.1388907,7.746059,7.4482393,7.1280065,7.372592,7.2472057,7.162422,7.4069567,7.393272,7.367518
1079,merck/cdk8_5cei_new_helix_loop_extra,merck/cdk8_5cei_new_helix_loop_extra/21,../large_fep_dataset/data/fep_benchmark_processed/merck_cdk8_5cei_new_helix_loop_extra_21.sdf,../large_fep_dataset/data/fep_benchmark_processed/merck_cdk8_5cei_new_helix_loop_extra_protein.pdb,1079,7.1307592,6.745354,7.181158,6.7465906,7.0798817,6.9240932,6.860829,6.900595,6.821141,7.0749516,6.9465356
1080,merck/cdk8_5cei_new_helix_loop_extra,merck/cdk8_5cei_new_helix_loop_extra/24,../large_fep_dataset/data/fep_benchmark_processed/merck_cdk8_5cei_new_helix_loop_extra_24.sdf,../large_fep_dataset/data/fep_benchmark_processed/merck_cdk8_5cei_new_helix_loop_extra_protein.pdb,1080,6.957264,6.622915,6.630203,6.792029,6.7572765,6.275437,6.5189967,6.9626474,7.4961934,7.537326,6.8550286
1081,merck/cdk8_5cei_new_helix_loop_extra,merck/cdk8_5cei_new_helix_loop_extra/38,../large_fep_dataset/data/fep_benchmark_processed/merck_cdk8_5cei_new_helix_loop_extra_38.sdf,../large_fep_dataset/data/fep_benchmark_processed/merck_cdk8_5cei_new_helix_loop_extra_protein.pdb,1081,7.7170005,7.597913,8.171408,7.3963695,7.4383345,7.1702886,7.1343775,7.7363243,7.68499,7.6781693,7.5725174
1082,merck/cdk8_5cei_new_helix_loop_extra,merck/cdk8_5cei_new_helix_loop_extra/31,../large_fep_dataset/data/fep_benchmark_processed/merck_cdk8_5cei_new_helix_loop_extra_31.sdf,../large_fep_dataset/data/fep_benchmark_processed/merck_cdk8_5cei_new_helix_loop_extra_protein.pdb,1082,7.556684,7.2656803,7.823374,7.251924,7.1098485,7.0385137,6.9754524,7.393319,7.538922,7.4554505,7.340917
1083,merck/cdk8_5cei_new_helix_loop_extra,merck/cdk8_5cei_new_helix_loop_extra/41,../large_fep_dataset/data/fep_benchmark_processed/merck_cdk8_5cei_new_helix_loop_extra_41.sdf,../large_fep_dataset/data/fep_benchmark_processed/merck_cdk8_5cei_new_helix_loop_extra_protein.pdb,1083,7.326321,7.3035073,7.1853433,6.90638,6.6578803,6.578086,6.7958965,7.090798,7.0055313,7.3831973,7.023294
1084,merck/cdk8_5cei_new_helix_loop_extra,merck/cdk8_5cei_new_helix_loop_extra/29,../large_fep_dataset/data/fep_benchmark_processed/merck_cdk8_5cei_new_helix_loop_extra_29.sdf,../large_fep_dataset/data/fep_benchmark_processed/merck_cdk8_5cei_new_helix_loop_extra_protein.pdb,1084,7.5303564,6.259103,7.345616,6.855552,7.107989,6.701786,7.025608,6.8610687,6.925869,7.421864,7.0034814
1085,merck/cdk8_5cei_new_helix_loop_extra,merck/cdk8_5cei_new_helix_loop_extra/26,../large_fep_dataset/data/fep_benchmark_processed/merck_cdk8_5cei_new_helix_loop_extra_26.sdf,../large_fep_dataset/data/fep_benchmark_processed/merck_cdk8_5cei_new_helix_loop_extra_protein.pdb,1085,7.318586,6.922619,7.488645,7.283694,7.2830606,6.898762,7.302738,6.74058,7.1872635,7.117498,7.154345
1086,merck/cdk8_5cei_new_helix_loop_extra,merck/cdk8_5cei_new_helix_loop_extra/20,../large_fep_dataset/data/fep_benchmark_processed/merck_cdk8_5cei_new_helix_loop_extra_20.sdf,../large_fep_dataset/data/fep_benchmark_processed/merck_cdk8_5cei_new_helix_loop_extra_protein.pdb,1086,7.2021213,6.703341,7.0236917,6.6586475,7.5669217,6.8203177,7.164382,6.9190865,7.8377285,6.9399586,7.0836196
1087,merck/cdk8_5cei_new_helix_loop_extra,merck/cdk8_5cei_new_helix_loop_extra/35,../large_fep_dataset/data/fep_benchmark_processed/merck_cdk8_5cei_new_helix_loop_extra_35.sdf,../large_fep_dataset/data/fep_benchmark_processed/merck_cdk8_5cei_new_helix_loop_extra_protein.pdb,1087,7.506483,6.8900695,7.449642,6.88466,6.977991,6.818328,7.1227064,7.4818597,7.093179,7.11822,7.134314
1088,merck/cdk8_5cei_new_helix_loop_extra,merck/cdk8_5cei_new_helix_loop_extra/40,../large_fep_dataset/data/fep_benchmark_processed/merck_cdk8_5cei_new_helix_loop_extra_40.sdf,../large_fep_dataset/data/fep_benchmark_processed/merck_cdk8_5cei_new_helix_loop_extra_protein.pdb,1088,7.676751,6.9520288,7.22368,7.115578,6.4546413,6.887393,6.8938074,7.236313,6.90457,7.0949535,7.043972
1089,merck/cdk8_5cei_new_helix_loop_extra,merck/cdk8_5cei_new_helix_loop_extra/19,../large_fep_dataset/data/fep_benchmark_processed/merck_cdk8_5cei_new_helix_loop_extra_19.sdf,../large_fep_dataset/data/fep_benchmark_processed/merck_cdk8_5cei_new_helix_loop_extra_protein.pdb,1089,7.2484617,6.873046,7.160254,7.1305566,6.542182,6.464313,7.1069274,6.9519234,7.6514416,7.2826147,7.041172
1090,merck/cdk8_5cei_new_helix_loop_extra,merck/cdk8_5cei_new_helix_loop_extra/33,../large_fep_dataset/data/fep_benchmark_processed/merck_cdk8_5cei_new_helix_loop_extra_33.sdf,../large_fep_dataset/data/fep_benchmark_processed/merck_cdk8_5cei_new_helix_loop_extra_protein.pdb,1090,7.5904922,7.4251523,7.842454,7.5039105,6.923656,6.742934,6.860267,7.044543,7.4968762,7.4052653,7.2835555
1091,merck/cdk8_5cei_new_helix_loop_extra,merck/cdk8_5cei_new_helix_loop_extra/27,../large_fep_dataset/data/fep_benchmark_processed/merck_cdk8_5cei_new_helix_loop_extra_27.sdf,../large_fep_dataset/data/fep_benchmark_processed/merck_cdk8_5cei_new_helix_loop_extra_protein.pdb,1091,7.004471,6.2520247,6.6861944,6.7201166,6.5397005,5.923502,6.382039,6.555173,6.8221464,7.45578,6.6341143
1092,merck/cdk8_5cei_new_helix_loop_extra,merck/cdk8_5cei_new_helix_loop_extra/13,../large_fep_dataset/data/fep_benchmark_processed/merck_cdk8_5cei_new_helix_loop_extra_13.sdf,../large_fep_dataset/data/fep_benchmark_processed/merck_cdk8_5cei_new_helix_loop_extra_protein.pdb,1092,7.579769,7.2950068,7.654019,7.0789948,7.0404444,7.0705442,7.5226007,7.251925,7.0843415,6.969615,7.2547264
1093,merck/cdk8_5cei_new_helix_loop_extra,merck/cdk8_5cei_new_helix_loop_extra/39,../large_fep_dataset/data/fep_benchmark_processed/merck_cdk8_5cei_new_helix_loop_extra_39.sdf,../large_fep_dataset/data/fep_benchmark_processed/merck_cdk8_5cei_new_helix_loop_extra_protein.pdb,1093,7.1839595,7.071373,7.4753265,6.997779,6.604255,6.638456,6.997179,7.090153,7.1923203,6.9994974,7.0250306
1094,merck/cdk8_5cei_new_helix_loop_extra,merck/cdk8_5cei_new_helix_loop_extra/32,../large_fep_dataset/data/fep_benchmark_processed/merck_cdk8_5cei_new_helix_loop_extra_32.sdf,../large_fep_dataset/data/fep_benchmark_processed/merck_cdk8_5cei_new_helix_loop_extra_protein.pdb,1094,7.290802,6.801988,7.1600413,7.1813436,6.6035733,6.390953,7.227066,6.5756245,7.2817807,7.213209,6.972638
1095,merck/cdk8_5cei_new_helix_loop_extra,merck/cdk8_5cei_new_helix_loop_extra/37,../large_fep_dataset/data/fep_benchmark_processed/merck_cdk8_5cei_new_helix_loop_extra_37.sdf,../large_fep_dataset/data/fep_benchmark_processed/merck_cdk8_5cei_new_helix_loop_extra_protein.pdb,1095,7.4312034,7.3028855,7.716901,7.4842815,6.8874435,7.273777,7.121064,7.2761927,7.614397,7.313275,7.3421426
1096,merck/cdk8_5cei_new_helix_loop_extra,merck/cdk8_5cei_new_helix_loop_extra/23,../large_fep_dataset/data/fep_benchmark_processed/merck_cdk8_5cei_new_helix_loop_extra_23.sdf,../large_fep_dataset/data/fep_benchmark_processed/merck_cdk8_5cei_new_helix_loop_extra_protein.pdb,1096,7.675657,7.091689,6.977611,6.8453712,7.4355073,7.275134,7.1527915,6.596902,7.277789,7.5241685,7.185262
1097,merck/cdk8_5cei_new_helix_loop_extra,merck/cdk8_5cei_new_helix_loop_extra/15,../large_fep_dataset/data/fep_benchmark_processed/merck_cdk8_5cei_new_helix_loop_extra_15.sdf,../large_fep_dataset/data/fep_benchmark_processed/merck_cdk8_5cei_new_helix_loop_extra_protein.pdb,1097,6.8924932,6.896456,6.723167,6.455942,5.8993416,6.6606984,6.654824,7.0513387,7.523954,6.3304367,6.708865
1098,merck/cdk8_5cei_new_helix_loop_extra,merck/cdk8_5cei_new_helix_loop_extra/34,../large_fep_dataset/data/fep_benchmark_processed/merck_cdk8_5cei_new_helix_loop_extra_34.sdf,../large_fep_dataset/data/fep_benchmark_processed/merck_cdk8_5cei_new_helix_loop_extra_protein.pdb,1098,7.68422,7.3388762,7.8495235,6.633019,7.2455387,6.5118227,7.352021,7.744284,7.690589,7.536496,7.358639
1099,merck/cdk8_5cei_new_helix_loop_extra,merck/cdk8_5cei_new_helix_loop_extra/25,../large_fep_dataset/data/fep_benchmark_processed/merck_cdk8_5cei_new_helix_loop_extra_25.sdf,../large_fep_dataset/data/fep_benchmark_processed/merck_cdk8_5cei_new_helix_loop_extra_protein.pdb,1099,6.9411635,5.994863,6.774487,6.8796606,6.6835036,6.607893,6.625369,6.498758,6.984324,7.2507486,6.7240767
1100,merck/cdk8_5cei_new_helix_loop_extra,merck/cdk8_5cei_new_helix_loop_extra/14,../large_fep_dataset/data/fep_benchmark_processed/merck_cdk8_5cei_new_helix_loop_extra_14.sdf,../large_fep_dataset/data/fep_benchmark_processed/merck_cdk8_5cei_new_helix_loop_extra_protein.pdb,1100,6.9477367,6.184551,6.0942283,6.0134325,6.325182,5.9484153,5.9299097,6.5467887,6.821317,6.4593587,6.3270917
1101,merck/cdk8_5cei_new_helix_loop_extra,merck/cdk8_5cei_new_helix_loop_extra/36,../large_fep_dataset/data/fep_benchmark_processed/merck_cdk8_5cei_new_helix_loop_extra_36.sdf,../large_fep_dataset/data/fep_benchmark_processed/merck_cdk8_5cei_new_helix_loop_extra_protein.pdb,1101,7.713951,7.138147,7.0794487,6.9025373,6.9967337,6.800235,6.638886,7.3050947,7.348958,7.2533054,7.11773
1102,merck/cdk8_5cei_new_helix_loop_extra,merck/cdk8_5cei_new_helix_loop_extra/18 flipped,../large_fep_dataset/data/fep_benchmark_processed/merck_cdk8_5cei_new_helix_loop_extra_18_flipped.sdf,../large_fep_dataset/data/fep_benchmark_processed/merck_cdk8_5cei_new_helix_loop_extra_protein.pdb,1102,7.3038783,6.56111,6.906744,6.75139,6.2371006,6.496573,7.2565928,7.093463,7.8160615,7.0288434,6.945176
1103,merck/cdk8_5cei_new_helix_loop_extra,merck/cdk8_5cei_new_helix_loop_extra/16 flipped,../large_fep_dataset/data/fep_benchmark_processed/merck_cdk8_5cei_new_helix_loop_extra_16_flipped.sdf,../large_fep_dataset/data/fep_benchmark_processed/merck_cdk8_5cei_new_helix_loop_extra_protein.pdb,1103,6.8534093,6.0992613,6.0500503,6.193423,5.746243,6.0484285,6.1469216,6.550607,6.7863746,6.628735,6.310345
1104,merck/cdk8_5cei_new_helix_loop_extra,merck/cdk8_5cei_new_helix_loop_extra/17 flipped,../large_fep_dataset/data/fep_benchmark_processed/merck_cdk8_5cei_new_helix_loop_extra_17_flipped.sdf,../large_fep_dataset/data/fep_benchmark_processed/merck_cdk8_5cei_new_helix_loop_extra_protein.pdb,1104,7.1941204,6.276087,6.6384,7.125405,6.1573324,6.468703,7.216649,6.7271514,7.8371124,6.991667,6.863263
1105,merck/cdk8_5cei_new_helix_loop_extra,merck/cdk8_5cei_new_helix_loop_extra/44 flipped,../large_fep_dataset/data/fep_benchmark_processed/merck_cdk8_5cei_new_helix_loop_extra_44_flipped.sdf,../large_fep_dataset/data/fep_benchmark_processed/merck_cdk8_5cei_new_helix_loop_extra_protein.pdb,1105,7.647976,6.722994,6.9046807,6.665023,6.6574183,6.969505,6.9272084,7.641801,7.7896404,7.2617617,7.118801
1106,merck/cdk8_5cei_new_helix_loop_extra,merck/cdk8_5cei_new_helix_loop_extra/45 flipped,../large_fep_dataset/data/fep_benchmark_processed/merck_cdk8_5cei_new_helix_loop_extra_45_flipped.sdf,../large_fep_dataset/data/fep_benchmark_processed/merck_cdk8_5cei_new_helix_loop_extra_protein.pdb,1106,7.8711743,6.995706,6.9148192,7.0587626,6.479031,7.056787,7.187732,7.431473,7.7863946,7.1565046,7.1938376
1107,merck/cdk8_5cei_new_helix_loop_extra,merck/cdk8_5cei_new_helix_loop_extra/42 flipped,../large_fep_dataset/data/fep_benchmark_processed/merck_cdk8_5cei_new_helix_loop_extra_42_flipped.sdf,../large_fep_dataset/data/fep_benchmark_processed/merck_cdk8_5cei_new_helix_loop_extra_protein.pdb,1107,7.665607,6.9277477,7.454971,7.3224044,7.0265474,7.263497,7.5575237,7.7235107,7.835813,7.073269,7.385089
1108,waterset/urokinase,"waterset/urokinase/10302 (1GJ7, no water pose)","../large_fep_dataset/data/fep_benchmark_processed/waterset_urokinase_10302_(1GJ7,_no_water_pose).sdf",../large_fep_dataset/data/fep_benchmark_processed/waterset_urokinase_protein.pdb,1108,6.670774,5.7036386,6.236837,6.7500753,5.9362946,6.39493,6.3489833,6.2638597,6.134434,6.551401,6.299123
1109,waterset/urokinase,waterset/urokinase/11417 (no water pose),../large_fep_dataset/data/fep_benchmark_processed/waterset_urokinase_11417_(no_water_pose).sdf,../large_fep_dataset/data/fep_benchmark_processed/waterset_urokinase_protein.pdb,1109,6.5840497,5.9103136,6.3495398,6.8761945,6.5263944,6.098178,6.3745294,6.502277,6.0783415,6.4271884,6.3727007
1110,waterset/urokinase,waterset/urokinase/7806 (no water pose),../large_fep_dataset/data/fep_benchmark_processed/waterset_urokinase_7806_(no_water_pose).sdf,../large_fep_dataset/data/fep_benchmark_processed/waterset_urokinase_protein.pdb,1110,5.909229,5.6760244,6.468793,6.034525,6.1127768,5.7964787,6.15865,6.208177,5.781667,6.040704,6.018702
1111,waterset/urokinase,waterset/urokinase/8696 (no water pose),../large_fep_dataset/data/fep_benchmark_processed/waterset_urokinase_8696_(no_water_pose).sdf,../large_fep_dataset/data/fep_benchmark_processed/waterset_urokinase_protein.pdb,1111,6.3487735,6.195199,6.7869387,6.86728,6.8044896,6.4744134,6.6468577,6.7172203,6.2454314,6.4853234,6.5571923
1112,waterset/scyt_dehyd,waterset/scyt_dehyd/3d,../large_fep_dataset/data/fep_benchmark_processed/waterset_scyt_dehyd_3d.sdf,../large_fep_dataset/data/fep_benchmark_processed/waterset_scyt_dehyd_protein.pdb,1112,6.269983,6.917539,5.971871,6.4237695,7.050444,6.571503,6.9989414,6.6368833,6.510414,7.4488463,6.6800194
1113,waterset/scyt_dehyd,waterset/scyt_dehyd/8d,../large_fep_dataset/data/fep_benchmark_processed/waterset_scyt_dehyd_8d.sdf,../large_fep_dataset/data/fep_benchmark_processed/waterset_scyt_dehyd_protein.pdb,1113,6.817519,7.469455,6.99562,7.3016205,7.2844787,7.488601,7.49792,7.5099416,7.2420115,7.8397837,7.3446946
1114,waterset/scyt_dehyd,waterset/scyt_dehyd/2d,../large_fep_dataset/data/fep_benchmark_processed/waterset_scyt_dehyd_2d.sdf,../large_fep_dataset/data/fep_benchmark_processed/waterset_scyt_dehyd_protein.pdb,1114,6.7894588,7.5625505,7.2530227,7.198375,7.3715568,8.217022,7.8952956,7.2483315,7.311832,8.134826,7.498227
1115,waterset/scyt_dehyd,waterset/scyt_dehyd/4d,../large_fep_dataset/data/fep_benchmark_processed/waterset_scyt_dehyd_4d.sdf,../large_fep_dataset/data/fep_benchmark_processed/waterset_scyt_dehyd_protein.pdb,1115,7.2615075,7.3716087,7.3222823,7.9285126,7.8341236,7.596389,7.240129,7.9944677,7.629745,8.190782,7.6369543
1116,waterset/scyt_dehyd,waterset/scyt_dehyd/5d,../large_fep_dataset/data/fep_benchmark_processed/waterset_scyt_dehyd_5d.sdf,../large_fep_dataset/data/fep_benchmark_processed/waterset_scyt_dehyd_protein.pdb,1116,7.379651,7.472226,7.148644,7.565618,7.53474,7.4701858,7.1650147,8.033517,6.9424105,7.931564,7.464357
1117,waterset/scyt_dehyd,waterset/scyt_dehyd/6d,../large_fep_dataset/data/fep_benchmark_processed/waterset_scyt_dehyd_6d.sdf,../large_fep_dataset/data/fep_benchmark_processed/waterset_scyt_dehyd_protein.pdb,1117,6.4801693,7.5063186,7.0719233,7.5265446,7.159352,7.7886834,7.4329495,7.543838,6.9479265,8.058169,7.351588
1118,waterset/scyt_dehyd,waterset/scyt_dehyd/7d,../large_fep_dataset/data/fep_benchmark_processed/waterset_scyt_dehyd_7d.sdf,../large_fep_dataset/data/fep_benchmark_processed/waterset_scyt_dehyd_protein.pdb,1118,7.4414706,7.8917837,7.6653547,8.27167,7.945716,7.8935165,7.4873595,7.9545507,7.5683465,8.476202,7.859597
1119,waterset/brd41_ASH106,waterset/brd41_ASH106/cmpd 5 (1-Butenyl),../large_fep_dataset/data/fep_benchmark_processed/waterset_brd41_ASH106_cmpd_5_(1-Butenyl).sdf,../large_fep_dataset/data/fep_benchmark_processed/waterset_brd41_ASH106_protein.pdb,1119,5.8608375,5.788207,5.553844,5.9845943,5.4038286,5.560747,5.7797318,5.8777285,5.8030753,5.9072275,5.751982
1120,waterset/brd41_ASH106,waterset/brd41_ASH106/cmpd 2 (methyl),../large_fep_dataset/data/fep_benchmark_processed/waterset_brd41_ASH106_cmpd_2_(methyl).sdf,../large_fep_dataset/data/fep_benchmark_processed/waterset_brd41_ASH106_protein.pdb,1120,6.067706,5.852843,6.146129,6.230395,6.10483,6.045389,6.108045,6.0225706,5.7704687,6.0912457,6.043962
1121,waterset/brd41_ASH106,waterset/brd41_ASH106/cmpd 3 (Allyl),../large_fep_dataset/data/fep_benchmark_processed/waterset_brd41_ASH106_cmpd_3_(Allyl).sdf,../large_fep_dataset/data/fep_benchmark_processed/waterset_brd41_ASH106_protein.pdb,1121,5.8792086,5.7175865,5.795404,6.307856,5.5871696,5.419049,5.9240465,5.474213,5.823779,5.88295,5.781126
1122,waterset/brd41_ASH106,waterset/brd41_ASH106/cmpd 9 (methoxyethyl),../large_fep_dataset/data/fep_benchmark_processed/waterset_brd41_ASH106_cmpd_9_(methoxyethyl).sdf,../large_fep_dataset/data/fep_benchmark_processed/waterset_brd41_ASH106_protein.pdb,1122,6.1050916,5.59052,6.7542505,6.189639,5.626427,5.8471313,5.814325,6.073959,5.6598935,5.8362303,5.9497466
1123,waterset/brd41_ASH106,waterset/brd41_ASH106/cmpd 6 (ethyl),../large_fep_dataset/data/fep_benchmark_processed/waterset_brd41_ASH106_cmpd_6_(ethyl).sdf,../large_fep_dataset/data/fep_benchmark_processed/waterset_brd41_ASH106_protein.pdb,1123,5.933416,5.8144083,5.7704887,6.1210175,5.5409884,5.6575665,5.9967933,5.822131,5.3901525,5.755988,5.7802954
1124,waterset/brd41_ASH106,waterset/brd41_ASH106/cmpd 8 (n-Butyl),../large_fep_dataset/data/fep_benchmark_processed/waterset_brd41_ASH106_cmpd_8_(n-Butyl).sdf,../large_fep_dataset/data/fep_benchmark_processed/waterset_brd41_ASH106_protein.pdb,1124,6.176446,5.8722367,5.7644935,6.1284556,5.6760993,5.8094687,5.9060807,5.9376354,5.7219563,5.8698206,5.8862696
1125,waterset/brd41_ASH106,waterset/brd41_ASH106/cmpd 7 (n-propyl),../large_fep_dataset/data/fep_benchmark_processed/waterset_brd41_ASH106_cmpd_7_(n-propyl).sdf,../large_fep_dataset/data/fep_benchmark_processed/waterset_brd41_ASH106_protein.pdb,1125,6.0747623,5.7988243,5.94272,6.5487914,5.4768844,5.7524962,6.237329,5.847315,5.919527,6.090807,5.9689455
1126,waterset/brd41_ASH106,waterset/brd41_ASH106/cmpd 4 (Crotyl),../large_fep_dataset/data/fep_benchmark_processed/waterset_brd41_ASH106_cmpd_4_(Crotyl).sdf,../large_fep_dataset/data/fep_benchmark_processed/waterset_brd41_ASH106_protein.pdb,1126,5.938284,5.781704,5.617301,6.231639,5.546854,6.1502895,5.9126644,5.9868674,5.7585034,5.8866134,5.8810716
1127,waterset/hsp90_woodhead,waterset/hsp90_woodhead/4,../large_fep_dataset/data/fep_benchmark_processed/waterset_hsp90_woodhead_4.sdf,../large_fep_dataset/data/fep_benchmark_processed/waterset_hsp90_woodhead_protein.pdb,1127,7.5533032,6.9655275,7.2320957,7.6931524,6.699092,7.279752,7.452147,7.001016,6.552355,7.385479,7.1813917
1128,waterset/hsp90_woodhead,waterset/hsp90_woodhead/1,../large_fep_dataset/data/fep_benchmark_processed/waterset_hsp90_woodhead_1.sdf,../large_fep_dataset/data/fep_benchmark_processed/waterset_hsp90_woodhead_protein.pdb,1128,7.6716433,7.2750697,8.203386,7.2129965,6.924097,7.945069,7.661943,7.4570017,7.510471,7.815577,7.5677247
1129,waterset/hsp90_woodhead,waterset/hsp90_woodhead/3,../large_fep_dataset/data/fep_benchmark_processed/waterset_hsp90_woodhead_3.sdf,../large_fep_dataset/data/fep_benchmark_processed/waterset_hsp90_woodhead_protein.pdb,1129,7.6410885,7.271087,7.4305305,7.4877305,7.045029,7.9639688,7.3908253,7.2021017,7.037761,7.440556,7.3910685
1130,waterset/hsp90_woodhead,waterset/hsp90_woodhead/2,../large_fep_dataset/data/fep_benchmark_processed/waterset_hsp90_woodhead_2.sdf,../large_fep_dataset/data/fep_benchmark_processed/waterset_hsp90_woodhead_protein.pdb,1130,6.402281,6.066766,6.5044847,5.728568,5.2245746,5.669868,6.4742484,6.460434,5.370554,5.5512357,5.9453015
1131,waterset/throm_nozob_hip75,waterset/throm_nozob_hip75/2d pose 2,../large_fep_dataset/data/fep_benchmark_processed/waterset_throm_nozob_hip75_2d_pose_2.sdf,../large_fep_dataset/data/fep_benchmark_processed/waterset_throm_nozob_hip75_protein.pdb,1131,5.8647532,5.344902,5.266848,6.1865582,5.4254026,4.995211,4.8193684,5.1861134,5.343941,5.4181924,5.385129
1132,waterset/throm_nozob_hip75,waterset/throm_nozob_hip75/2c pose 2,../large_fep_dataset/data/fep_benchmark_processed/waterset_throm_nozob_hip75_2c_pose_2.sdf,../large_fep_dataset/data/fep_benchmark_processed/waterset_throm_nozob_hip75_protein.pdb,1132,5.8873925,5.684441,5.8307333,6.2073493,5.571508,5.1416926,5.546081,5.696591,5.469016,5.650941,5.6685743
1133,waterset/throm_nozob_hip75,waterset/throm_nozob_hip75/7b,../large_fep_dataset/data/fep_benchmark_processed/waterset_throm_nozob_hip75_7b.sdf,../large_fep_dataset/data/fep_benchmark_processed/waterset_throm_nozob_hip75_protein.pdb,1133,6.067429,5.6324673,5.638207,6.609232,6.30984,5.1857514,5.8116817,5.6503673,5.940489,6.1268706,5.8972335
1134,waterset/throm_nozob_hip75,waterset/throm_nozob_hip75/7c pose 1,../large_fep_dataset/data/fep_benchmark_processed/waterset_throm_nozob_hip75_7c_pose_1.sdf,../large_fep_dataset/data/fep_benchmark_processed/waterset_throm_nozob_hip75_protein.pdb,1134,5.7913885,5.2935414,5.526123,6.1455154,5.8750987,5.286191,5.4286327,5.589704,6.1969566,5.795669,5.6928816
1135,waterset/throm_nozob_hip75,waterset/throm_nozob_hip75/7f,../large_fep_dataset/data/fep_benchmark_processed/waterset_throm_nozob_hip75_7f.sdf,../large_fep_dataset/data/fep_benchmark_processed/waterset_throm_nozob_hip75_protein.pdb,1135,5.921616,4.8477454,5.2241945,5.245302,5.60072,5.6781497,5.061074,5.304784,5.865053,5.552418,5.430105
1136,waterset/throm_nozob_hip75,waterset/throm_nozob_hip75/2b pose 1,../large_fep_dataset/data/fep_benchmark_processed/waterset_throm_nozob_hip75_2b_pose_1.sdf,../large_fep_dataset/data/fep_benchmark_processed/waterset_throm_nozob_hip75_protein.pdb,1136,5.737652,5.4488482,5.6155477,5.987274,6.397879,5.8560877,5.2459893,5.6707497,5.9463806,5.804447,5.7710857
1137,waterset/throm_nozob_hip75,waterset/throm_nozob_hip75/1a pose 2,../large_fep_dataset/data/fep_benchmark_processed/waterset_throm_nozob_hip75_1a_pose_2.sdf,../large_fep_dataset/data/fep_benchmark_processed/waterset_throm_nozob_hip75_protein.pdb,1137,5.8159986,5.2378645,5.1886287,6.13433,6.218669,5.257766,5.68424,5.7044873,5.389739,5.7010646,5.633279
1138,waterset/throm_nozob_hip75,waterset/throm_nozob_hip75/7e pose 1,../large_fep_dataset/data/fep_benchmark_processed/waterset_throm_nozob_hip75_7e_pose_1.sdf,../large_fep_dataset/data/fep_benchmark_processed/waterset_throm_nozob_hip75_protein.pdb,1138,5.351757,4.824804,4.9686704,5.276929,5.6788373,5.4298196,4.9748363,5.4056754,5.5391726,5.5597014,5.30102
1139,waterset/throm_nozob_hip75,waterset/throm_nozob_hip75/6a pose 1,../large_fep_dataset/data/fep_benchmark_processed/waterset_throm_nozob_hip75_6a_pose_1.sdf,../large_fep_dataset/data/fep_benchmark_processed/waterset_throm_nozob_hip75_protein.pdb,1139,7.065755,6.8737974,7.2292867,7.3112483,7.465242,6.0966425,6.927941,7.248233,7.028708,7.4783626,7.072521
1140,waterset/throm_nozob_hip75,waterset/throm_nozob_hip75/5,../large_fep_dataset/data/fep_benchmark_processed/waterset_throm_nozob_hip75_5.sdf,../large_fep_dataset/data/fep_benchmark_processed/waterset_throm_nozob_hip75_protein.pdb,1140,5.6611843,5.285279,5.43859,5.7629037,5.6861906,5.292388,5.243709,5.56396,5.426933,5.6984625,5.50596
1141,waterset/throm_nozob_hip75,waterset/throm_nozob_hip75/1c pose 2,../large_fep_dataset/data/fep_benchmark_processed/waterset_throm_nozob_hip75_1c_pose_2.sdf,../large_fep_dataset/data/fep_benchmark_processed/waterset_throm_nozob_hip75_protein.pdb,1141,6.0085907,5.9046474,6.046651,6.5723186,6.803475,5.8760095,5.7462273,5.561703,5.8424635,5.9704947,6.033258
1142,waterset/throm_nozob_hip75,waterset/throm_nozob_hip75/2a pose 2,../large_fep_dataset/data/fep_benchmark_processed/waterset_throm_nozob_hip75_2a_pose_2.sdf,../large_fep_dataset/data/fep_benchmark_processed/waterset_throm_nozob_hip75_protein.pdb,1142,5.990667,5.027227,5.6616454,5.873498,6.6703258,4.891111,6.302015,5.9682894,5.875537,6.2201214,5.848043
1143,waterset/throm_nozob_hip75,waterset/throm_nozob_hip75/7a pose 2,../large_fep_dataset/data/fep_benchmark_processed/waterset_throm_nozob_hip75_7a_pose_2.sdf,../large_fep_dataset/data/fep_benchmark_processed/waterset_throm_nozob_hip75_protein.pdb,1143,6.344918,5.64016,5.4829574,6.3155107,6.227281,4.968252,6.1332564,5.2615848,6.103979,5.857261,5.833516
1144,waterset/throm_nozob_hip75,waterset/throm_nozob_hip75/3b pose 1,../large_fep_dataset/data/fep_benchmark_processed/waterset_throm_nozob_hip75_3b_pose_1.sdf,../large_fep_dataset/data/fep_benchmark_processed/waterset_throm_nozob_hip75_protein.pdb,1144,5.417955,5.908459,5.4823995,6.2375345,5.9934206,5.6301246,6.0502887,5.846212,5.7184806,5.9526143,5.8237486
1145,waterset/throm_nozob_hip75,waterset/throm_nozob_hip75/6d pose 2,../large_fep_dataset/data/fep_benchmark_processed/waterset_throm_nozob_hip75_6d_pose_2.sdf,../large_fep_dataset/data/fep_benchmark_processed/waterset_throm_nozob_hip75_protein.pdb,1145,5.6614914,6.2041025,6.3819103,6.5822234,6.0164557,5.465663,5.62184,5.6600723,6.4460983,6.4925113,6.053237
1146,waterset/throm_nozob_hip75,waterset/throm_nozob_hip75/6c pose 1,../large_fep_dataset/data/fep_benchmark_processed/waterset_throm_nozob_hip75_6c_pose_1.sdf,../large_fep_dataset/data/fep_benchmark_processed/waterset_throm_nozob_hip75_protein.pdb,1146,6.085072,6.08111,6.3947086,7.054613,7.149862,5.412252,6.061262,6.3390822,6.3445125,6.4694586,6.339193
1147,waterset/throm_nozob_hip75,waterset/throm_nozob_hip75/3a xtal pose,../large_fep_dataset/data/fep_benchmark_processed/waterset_throm_nozob_hip75_3a_xtal_pose.sdf,../large_fep_dataset/data/fep_benchmark_processed/waterset_throm_nozob_hip75_protein.pdb,1147,5.6904225,5.5307555,5.5779314,5.6712456,5.81741,5.553989,6.1217074,5.7925525,5.491094,5.803034,5.705014
1148,waterset/throm_nozob_hip75,waterset/throm_nozob_hip75/1b pose 2,../large_fep_dataset/data/fep_benchmark_processed/waterset_throm_nozob_hip75_1b_pose_2.sdf,../large_fep_dataset/data/fep_benchmark_processed/waterset_throm_nozob_hip75_protein.pdb,1148,5.939296,5.313066,5.3732295,6.0959163,6.2212977,4.943139,5.367066,5.570146,5.3703866,5.986522,5.6180067
1149,waterset/throm_nozob_hip75,waterset/throm_nozob_hip75/6b pose 2,../large_fep_dataset/data/fep_benchmark_processed/waterset_throm_nozob_hip75_6b_pose_2.sdf,../large_fep_dataset/data/fep_benchmark_processed/waterset_throm_nozob_hip75_protein.pdb,1149,6.026842,5.3429413,5.0692987,6.2629995,6.6085873,5.2485833,6.350244,5.666556,6.268816,6.6028986,5.944777
1150,waterset/throm_nozob_hip75,waterset/throm_nozob_hip75/6e pose 1,../large_fep_dataset/data/fep_benchmark_processed/waterset_throm_nozob_hip75_6e_pose_1.sdf,../large_fep_dataset/data/fep_benchmark_processed/waterset_throm_nozob_hip75_protein.pdb,1150,7.0843062,6.912921,7.3318124,7.356698,7.6256523,6.209277,7.1516223,6.933207,6.8001213,7.3690248,7.077464
1151,waterset/throm_nozob_hip75,waterset/throm_nozob_hip75/1d pose 2,../large_fep_dataset/data/fep_benchmark_processed/waterset_throm_nozob_hip75_1d_pose_2.sdf,../large_fep_dataset/data/fep_benchmark_processed/waterset_throm_nozob_hip75_protein.pdb,1151,5.6893964,5.446427,5.758903,6.6813035,6.564816,5.886682,5.747991,5.7703805,6.2720017,6.233661,6.0051565
1152,waterset/taf12,waterset/taf12/cmpd 5 (1-Butenyl),../large_fep_dataset/data/fep_benchmark_processed/waterset_taf12_cmpd_5_(1-Butenyl).sdf,../large_fep_dataset/data/fep_benchmark_processed/waterset_taf12_protein.pdb,1152,7.1583652,6.738314,6.7229033,6.917951,6.7952595,6.393445,7.1841717,6.387115,6.748673,6.9390388,6.798524
1153,waterset/taf12,waterset/taf12/cmpd 2 (methyl),../large_fep_dataset/data/fep_benchmark_processed/waterset_taf12_cmpd_2_(methyl).sdf,../large_fep_dataset/data/fep_benchmark_processed/waterset_taf12_protein.pdb,1153,6.221365,6.174291,6.0042124,6.4589925,6.1379,5.6310635,6.8291264,6.195271,6.0525365,6.876325,6.2581077
1154,waterset/taf12,waterset/taf12/cmpd 3 (Allyl),../large_fep_dataset/data/fep_benchmark_processed/waterset_taf12_cmpd_3_(Allyl).sdf,../large_fep_dataset/data/fep_benchmark_processed/waterset_taf12_protein.pdb,1154,6.900148,6.2026253,6.1754246,7.08007,6.3270073,5.854613,6.8646727,6.285305,6.1538825,6.8991785,6.4742928
1155,waterset/taf12,waterset/taf12/cmpd 9 (methoxyethyl),../large_fep_dataset/data/fep_benchmark_processed/waterset_taf12_cmpd_9_(methoxyethyl).sdf,../large_fep_dataset/data/fep_benchmark_processed/waterset_taf12_protein.pdb,1155,6.4949775,6.2963676,6.881892,6.7984047,6.128368,6.135182,6.575199,6.298633,6.320234,6.605597,6.453485
1156,waterset/taf12,waterset/taf12/cmpd 6 (ethyl),../large_fep_dataset/data/fep_benchmark_processed/waterset_taf12_cmpd_6_(ethyl).sdf,../large_fep_dataset/data/fep_benchmark_processed/waterset_taf12_protein.pdb,1156,6.8651114,6.164743,5.9124002,6.700924,6.219564,5.7296834,6.5267563,6.170704,5.579593,7.089688,6.2959166
1157,waterset/taf12,waterset/taf12/cmpd 8 (n-Butyl),../large_fep_dataset/data/fep_benchmark_processed/waterset_taf12_cmpd_8_(n-Butyl).sdf,../large_fep_dataset/data/fep_benchmark_processed/waterset_taf12_protein.pdb,1157,7.2180033,6.3679066,6.039096,6.88606,6.5050316,6.4064255,6.622793,6.8265467,6.089247,6.465831,6.542694
1158,waterset/taf12,waterset/taf12/cmpd 7 (n-propyl),../large_fep_dataset/data/fep_benchmark_processed/waterset_taf12_cmpd_7_(n-propyl).sdf,../large_fep_dataset/data/fep_benchmark_processed/waterset_taf12_protein.pdb,1158,7.158859,6.6813545,6.3665075,6.950235,6.1151686,6.294008,6.6686964,6.4734707,6.037175,7.2264276,6.59719
1159,waterset/taf12,waterset/taf12/cmpd 4 (Crotyl),../large_fep_dataset/data/fep_benchmark_processed/waterset_taf12_cmpd_4_(Crotyl).sdf,../large_fep_dataset/data/fep_benchmark_processed/waterset_taf12_protein.pdb,1159,6.8400536,6.2772107,6.2526913,7.098491,6.7933316,5.968157,6.8667264,6.6439233,6.195438,6.6119595,6.554798
1160,waterset/chk1,waterset/chk1/21 (Xtal),../large_fep_dataset/data/fep_benchmark_processed/waterset_chk1_21_(Xtal).sdf,../large_fep_dataset/data/fep_benchmark_processed/waterset_chk1_protein.pdb,1160,8.525709,8.112786,8.194103,8.186436,8.075027,7.9929857,7.874,7.7064214,8.510174,8.481282,8.165893
1161,waterset/chk1,waterset/chk1/22,../large_fep_dataset/data/fep_benchmark_processed/waterset_chk1_22.sdf,../large_fep_dataset/data/fep_benchmark_processed/waterset_chk1_protein.pdb,1161,8.115877,8.222272,8.213445,8.328849,8.278591,7.7018538,7.4627433,7.4488635,8.332246,7.8763394,7.998109
1162,waterset/chk1,waterset/chk1/24 pose 2,../large_fep_dataset/data/fep_benchmark_processed/waterset_chk1_24_pose_2.sdf,../large_fep_dataset/data/fep_benchmark_processed/waterset_chk1_protein.pdb,1162,8.408178,7.597061,7.9959106,7.886205,7.7628026,7.518845,7.85658,8.109186,8.350379,7.419012,7.890416
1163,waterset/chk1,waterset/chk1/14 docked,../large_fep_dataset/data/fep_benchmark_processed/waterset_chk1_14_docked.sdf,../large_fep_dataset/data/fep_benchmark_processed/waterset_chk1_protein.pdb,1163,8.050818,7.822394,7.1050825,8.261366,7.487935,7.86102,7.6835423,7.482957,7.9945726,7.7760043,7.7525687
1164,waterset/chk1,waterset/chk1/18 docked,../large_fep_dataset/data/fep_benchmark_processed/waterset_chk1_18_docked.sdf,../large_fep_dataset/data/fep_benchmark_processed/waterset_chk1_protein.pdb,1164,8.048616,7.8742604,7.830876,7.9116917,7.649253,7.5707393,7.110118,7.5461216,7.5306764,7.240731,7.6313086
1165,waterset/chk1,waterset/chk1/13 docked,../large_fep_dataset/data/fep_benchmark_processed/waterset_chk1_13_docked.sdf,../large_fep_dataset/data/fep_benchmark_processed/waterset_chk1_protein.pdb,1165,7.778486,7.729905,7.0516806,7.9379916,7.612745,7.2284136,6.912677,7.2078953,7.4764543,6.665298,7.3601546
1166,waterset/chk1,waterset/chk1/20,../large_fep_dataset/data/fep_benchmark_processed/waterset_chk1_20.sdf,../large_fep_dataset/data/fep_benchmark_processed/waterset_chk1_protein.pdb,1166,7.191755,6.780356,6.7415266,7.1623054,6.2660923,6.7649293,6.7014627,6.3627925,7.1074796,6.7741137,6.785281
1167,waterset/chk1,waterset/chk1/12 docked,../large_fep_dataset/data/fep_benchmark_processed/waterset_chk1_12_docked.sdf,../large_fep_dataset/data/fep_benchmark_processed/waterset_chk1_protein.pdb,1167,8.387303,7.4812717,7.1013384,7.8894095,7.5208354,7.4559207,7.597476,7.3429008,7.83444,7.4671063,7.6078005
1168,waterset/chk1,waterset/chk1/16 docked,../large_fep_dataset/data/fep_benchmark_processed/waterset_chk1_16_docked.sdf,../large_fep_dataset/data/fep_benchmark_processed/waterset_chk1_protein.pdb,1168,8.49976,8.154043,7.8072915,8.2532425,7.852216,7.5469484,7.4578767,7.768251,8.31821,7.460728,7.9118567
1169,waterset/chk1,waterset/chk1/19,../large_fep_dataset/data/fep_benchmark_processed/waterset_chk1_19.sdf,../large_fep_dataset/data/fep_benchmark_processed/waterset_chk1_protein.pdb,1169,8.36248,7.7823296,8.044396,7.988522,7.6298966,7.8627124,7.4845867,7.583699,7.9384913,7.4729457,7.8150053
1170,waterset/chk1,waterset/chk1/17 torsion adjust,../large_fep_dataset/data/fep_benchmark_processed/waterset_chk1_17_torsion_adjust.sdf,../large_fep_dataset/data/fep_benchmark_processed/waterset_chk1_protein.pdb,1170,8.663407,8.058325,8.02631,8.467775,8.059842,6.9803514,7.4996367,7.448339,8.241628,7.541936,7.8987556
1171,waterset/chk1,waterset/chk1/15 docked,../large_fep_dataset/data/fep_benchmark_processed/waterset_chk1_15_docked.sdf,../large_fep_dataset/data/fep_benchmark_processed/waterset_chk1_protein.pdb,1171,8.031496,7.3934603,7.4561243,8.122097,6.771789,7.504138,7.565646,7.268622,7.9438496,7.1323566,7.518958
1172,waterset/chk1,waterset/chk1/11 docked,../large_fep_dataset/data/fep_benchmark_processed/waterset_chk1_11_docked.sdf,../large_fep_dataset/data/fep_benchmark_processed/waterset_chk1_protein.pdb,1172,8.348014,8.014841,7.7430387,8.269865,8.102818,7.6452394,7.4414,7.492836,8.739248,7.8823996,7.9679694
1173,waterset/hsp90_kung,waterset/hsp90_kung/cmpd 16,../large_fep_dataset/data/fep_benchmark_processed/waterset_hsp90_kung_cmpd_16.sdf,../large_fep_dataset/data/fep_benchmark_processed/waterset_hsp90_kung_protein.pdb,1173,7.7706037,6.708282,7.4775968,8.110392,7.742321,7.267953,7.935312,7.705584,7.6535735,7.3641596,7.573578
1174,waterset/hsp90_kung,waterset/hsp90_kung/cmpd 9,../large_fep_dataset/data/fep_benchmark_processed/waterset_hsp90_kung_cmpd_9.sdf,../large_fep_dataset/data/fep_benchmark_processed/waterset_hsp90_kung_protein.pdb,1174,8.096187,6.961991,7.9355187,7.214436,7.7200704,7.490505,7.6660833,7.655205,7.5576124,7.39468,7.569229
1175,waterset/hsp90_kung,waterset/hsp90_kung/cmpd 13,../large_fep_dataset/data/fep_benchmark_processed/waterset_hsp90_kung_cmpd_13.sdf,../large_fep_dataset/data/fep_benchmark_processed/waterset_hsp90_kung_protein.pdb,1175,8.28407,7.093351,8.057214,8.418447,7.803913,7.8226967,7.9919825,8.791791,8.34244,7.6533065,8.025921
1176,waterset/hsp90_kung,waterset/hsp90_kung/cmpd 14,../large_fep_dataset/data/fep_benchmark_processed/waterset_hsp90_kung_cmpd_14.sdf,../large_fep_dataset/data/fep_benchmark_processed/waterset_hsp90_kung_protein.pdb,1176,7.7721667,6.6595106,7.873231,7.269117,7.8484216,7.445598,6.975191,7.129583,6.5115147,6.9500227,7.243436
1177,waterset/hsp90_kung,waterset/hsp90_kung/cmpd 15,../large_fep_dataset/data/fep_benchmark_processed/waterset_hsp90_kung_cmpd_15.sdf,../large_fep_dataset/data/fep_benchmark_processed/waterset_hsp90_kung_protein.pdb,1177,7.7956324,6.944731,7.630505,7.3288636,7.852324,7.37425,7.1867414,7.2443833,7.085326,6.8225627,7.326532
1178,waterset/hsp90_kung,waterset/hsp90_kung/cmpd 7,../large_fep_dataset/data/fep_benchmark_processed/waterset_hsp90_kung_cmpd_7.sdf,../large_fep_dataset/data/fep_benchmark_processed/waterset_hsp90_kung_protein.pdb,1178,7.2773433,6.5232964,7.2303767,7.607059,7.2224236,7.1907234,7.22498,7.3766327,7.209637,6.7724304,7.1634903
1179,waterset/hsp90_kung,waterset/hsp90_kung/cmpd 17,../large_fep_dataset/data/fep_benchmark_processed/waterset_hsp90_kung_cmpd_17.sdf,../large_fep_dataset/data/fep_benchmark_processed/waterset_hsp90_kung_protein.pdb,1179,7.99684,6.3734655,8.077294,8.00846,7.9665623,7.7274017,7.9457617,7.671095,7.4861813,7.555517,7.6808586
1180,waterset/hsp90_kung,waterset/hsp90_kung/cmpd 11,../large_fep_dataset/data/fep_benchmark_processed/waterset_hsp90_kung_cmpd_11.sdf,../large_fep_dataset/data/fep_benchmark_processed/waterset_hsp90_kung_protein.pdb,1180,7.972464,6.6067233,7.9062815,7.3825874,7.709213,7.586199,7.826546,8.092852,7.944301,7.1157303,7.6142893
1181,waterset/hsp90_kung,waterset/hsp90_kung/cmpd 12,../large_fep_dataset/data/fep_benchmark_processed/waterset_hsp90_kung_cmpd_12.sdf,../large_fep_dataset/data/fep_benchmark_processed/waterset_hsp90_kung_protein.pdb,1181,7.7650948,6.945428,8.258215,7.620671,7.859238,7.737512,8.060326,7.589151,7.951301,7.676356,7.746329
1182,waterset/hsp90_kung,waterset/hsp90_kung/cmpd 10,../large_fep_dataset/data/fep_benchmark_processed/waterset_hsp90_kung_cmpd_10.sdf,../large_fep_dataset/data/fep_benchmark_processed/waterset_hsp90_kung_protein.pdb,1182,7.5898294,6.3182344,7.342361,7.6703415,7.359755,7.5974436,6.975986,7.7073836,7.217535,6.19856,7.1977434
1183,waterset/hsp90_kung,waterset/hsp90_kung/cmpd 8,../large_fep_dataset/data/fep_benchmark_processed/waterset_hsp90_kung_cmpd_8.sdf,../large_fep_dataset/data/fep_benchmark_processed/waterset_hsp90_kung_protein.pdb,1183,7.679404,6.8067865,6.725049,6.5709167,6.1340923,6.77032,6.862324,6.974273,6.3923945,6.8678484,6.778341
