Unnamed: 0,group_id,unique_id,sdf_file,pdb_file,graph_id,preds_0,preds_1,preds_2,preds_3,preds_4,preds_5,preds_6,preds_7,preds_8,preds_9,preds
0,bayer_macrocycles/wagner_brd4,bayer_macrocycles/wagner_brd4/61a,../large_fep_dataset/data/fep_benchmark_processed/bayer_macrocycles_wagner_brd4_61a.sdf,../large_fep_dataset/data/fep_benchmark_processed/bayer_macrocycles_wagner_brd4_protein.pdb,0,8.735833,8.818731,8.534931,8.739644,8.684916,8.3423,8.688061,8.496051,8.661103,8.511683,8.621325
1,bayer_macrocycles/wagner_brd4,bayer_macrocycles/wagner_brd4/25e,../large_fep_dataset/data/fep_benchmark_processed/bayer_macrocycles_wagner_brd4_25e.sdf,../large_fep_dataset/data/fep_benchmark_processed/bayer_macrocycles_wagner_brd4_protein.pdb,1,8.146202,7.711205,7.907627,7.8608913,7.9001417,7.6432257,8.08332,8.028475,7.632219,7.905359,7.8818665
2,bayer_macrocycles/wagner_brd4,bayer_macrocycles/wagner_brd4/11,../large_fep_dataset/data/fep_benchmark_processed/bayer_macrocycles_wagner_brd4_11.sdf,../large_fep_dataset/data/fep_benchmark_processed/bayer_macrocycles_wagner_brd4_protein.pdb,2,6.033482,5.0741477,5.5034413,5.4920835,6.14088,4.7211723,5.5375504,5.7741537,6.0108852,5.6286125,5.591641
3,bayer_macrocycles/ftase_extraligs_custcore_stereo,"bayer_macrocycles/ftase_extraligs_custcore_stereo/lig 2, deprot","../large_fep_dataset/data/fep_benchmark_processed/bayer_macrocycles_ftase_extraligs_custcore_stereo_lig_2,_deprot.sdf",../large_fep_dataset/data/fep_benchmark_processed/bayer_macrocycles_ftase_extraligs_custcore_stereo_protein.pdb,3,8.936099,8.973364,8.79659,8.751891,9.041533,8.260501,8.861612,8.677447,8.640031,8.636866,8.757593
4,bayer_macrocycles/ftase_extraligs_custcore_stereo,"bayer_macrocycles/ftase_extraligs_custcore_stereo/lig 66, deprot","../large_fep_dataset/data/fep_benchmark_processed/bayer_macrocycles_ftase_extraligs_custcore_stereo_lig_66,_deprot.sdf",../large_fep_dataset/data/fep_benchmark_processed/bayer_macrocycles_ftase_extraligs_custcore_stereo_protein.pdb,4,8.501911,8.708055,8.762037,8.625114,8.77442,8.61095,8.896276,8.840424,8.316949,9.025895,8.7062025
5,bayer_macrocycles/ftase_extraligs_custcore_stereo,"bayer_macrocycles/ftase_extraligs_custcore_stereo/lig 68, deprot","../large_fep_dataset/data/fep_benchmark_processed/bayer_macrocycles_ftase_extraligs_custcore_stereo_lig_68,_deprot.sdf",../large_fep_dataset/data/fep_benchmark_processed/bayer_macrocycles_ftase_extraligs_custcore_stereo_protein.pdb,5,8.379902,8.416243,8.216565,8.322579,8.516758,8.284595,8.492515,8.750061,8.153724,8.868221,8.440117
6,bayer_macrocycles/ftase_extraligs_custcore_stereo,bayer_macrocycles/ftase_extraligs_custcore_stereo/lig 51 stereo,../large_fep_dataset/data/fep_benchmark_processed/bayer_macrocycles_ftase_extraligs_custcore_stereo_lig_51_stereo.sdf,../large_fep_dataset/data/fep_benchmark_processed/bayer_macrocycles_ftase_extraligs_custcore_stereo_protein.pdb,6,8.422458,7.715761,8.1719,7.6913347,7.632587,7.599512,7.7980957,7.8833346,7.7510395,8.333017,7.899904
7,bayer_macrocycles/ftase_extraligs_custcore_stereo,bayer_macrocycles/ftase_extraligs_custcore_stereo/lig 49 stereo,../large_fep_dataset/data/fep_benchmark_processed/bayer_macrocycles_ftase_extraligs_custcore_stereo_lig_49_stereo.sdf,../large_fep_dataset/data/fep_benchmark_processed/bayer_macrocycles_ftase_extraligs_custcore_stereo_protein.pdb,7,8.185776,7.8285446,8.239117,7.89247,8.044623,7.7185373,8.024674,8.073362,7.8697376,8.12075,7.9997587
8,jacs_set/ptp1b,jacs_set/ptp1b/23477,../large_fep_dataset/data/fep_benchmark_processed/jacs_set_ptp1b_23477.sdf,../large_fep_dataset/data/fep_benchmark_processed/jacs_set_ptp1b_protein.pdb,8,6.846592,6.73384,6.546769,6.791142,6.501146,6.3076534,6.3789496,6.659728,6.602061,6.3362675,6.5704145
9,jacs_set/ptp1b,jacs_set/ptp1b/23484,../large_fep_dataset/data/fep_benchmark_processed/jacs_set_ptp1b_23484.sdf,../large_fep_dataset/data/fep_benchmark_processed/jacs_set_ptp1b_protein.pdb,9,7.430545,7.3263817,6.30199,6.454573,7.280571,6.204762,7.3548164,6.354062,6.7381234,7.344948,6.879077
10,jacs_set/ptp1b,jacs_set/ptp1b/23467,../large_fep_dataset/data/fep_benchmark_processed/jacs_set_ptp1b_23467.sdf,../large_fep_dataset/data/fep_benchmark_processed/jacs_set_ptp1b_protein.pdb,10,6.1364403,5.7828097,5.7590466,6.076003,5.640436,5.6953244,5.799277,5.869005,5.7249084,5.643577,5.812683
11,jacs_set/ptp1b,jacs_set/ptp1b/20667,../large_fep_dataset/data/fep_benchmark_processed/jacs_set_ptp1b_20667.sdf,../large_fep_dataset/data/fep_benchmark_processed/jacs_set_ptp1b_protein.pdb,11,8.428237,8.242097,7.685545,7.6282787,7.916463,7.7120247,7.8462286,8.363826,7.7014675,8.280728,7.98049
12,jacs_set/ptp1b,jacs_set/ptp1b/23469,../large_fep_dataset/data/fep_benchmark_processed/jacs_set_ptp1b_23469.sdf,../large_fep_dataset/data/fep_benchmark_processed/jacs_set_ptp1b_protein.pdb,12,6.569693,6.535852,6.3385396,6.111221,6.074848,5.8223886,6.0943694,6.4742856,5.9831223,6.226755,6.2231073
13,jacs_set/ptp1b,jacs_set/ptp1b/23483,../large_fep_dataset/data/fep_benchmark_processed/jacs_set_ptp1b_23483.sdf,../large_fep_dataset/data/fep_benchmark_processed/jacs_set_ptp1b_protein.pdb,13,7.184946,7.4739113,7.1581945,7.0297985,6.9170327,6.6128306,7.0631247,7.5860386,7.0255876,7.522662,7.1574125
14,jacs_set/ptp1b,jacs_set/ptp1b/23480,../large_fep_dataset/data/fep_benchmark_processed/jacs_set_ptp1b_23480.sdf,../large_fep_dataset/data/fep_benchmark_processed/jacs_set_ptp1b_protein.pdb,14,7.0628986,7.3119407,6.7644377,7.335002,6.9742723,6.6576333,7.0482793,7.4527082,7.081204,6.965325,7.065371
15,jacs_set/ptp1b,jacs_set/ptp1b/23474,../large_fep_dataset/data/fep_benchmark_processed/jacs_set_ptp1b_23474.sdf,../large_fep_dataset/data/fep_benchmark_processed/jacs_set_ptp1b_protein.pdb,15,7.1321416,6.536298,6.2140913,6.6350794,6.3837233,6.980118,6.6730175,6.479024,6.8681397,6.8475037,6.674913
16,jacs_set/ptp1b,jacs_set/ptp1b/23473,../large_fep_dataset/data/fep_benchmark_processed/jacs_set_ptp1b_23473.sdf,../large_fep_dataset/data/fep_benchmark_processed/jacs_set_ptp1b_protein.pdb,16,6.173405,5.8805256,5.9776807,6.127086,5.545641,5.6656623,5.729594,5.631589,5.7426233,5.8285017,5.8302307
17,jacs_set/ptp1b,jacs_set/ptp1b/23471,../large_fep_dataset/data/fep_benchmark_processed/jacs_set_ptp1b_23471.sdf,../large_fep_dataset/data/fep_benchmark_processed/jacs_set_ptp1b_protein.pdb,17,6.47759,6.2604303,6.421264,6.2613187,6.262413,6.069932,5.9032364,6.58937,6.310849,6.25321,6.2809615
18,jacs_set/ptp1b,jacs_set/ptp1b/20669,../large_fep_dataset/data/fep_benchmark_processed/jacs_set_ptp1b_20669.sdf,../large_fep_dataset/data/fep_benchmark_processed/jacs_set_ptp1b_protein.pdb,18,6.4585032,5.779572,5.958883,6.1957307,6.095825,5.939238,5.968034,5.6639624,5.930189,6.1037474,6.0093684
19,jacs_set/ptp1b,jacs_set/ptp1b/23476,../large_fep_dataset/data/fep_benchmark_processed/jacs_set_ptp1b_23476.sdf,../large_fep_dataset/data/fep_benchmark_processed/jacs_set_ptp1b_protein.pdb,19,6.822632,6.82689,6.4640393,6.720351,6.581309,6.538839,6.618276,6.740061,6.9943595,6.791171,6.709792
20,jacs_set/ptp1b,jacs_set/ptp1b/23466,../large_fep_dataset/data/fep_benchmark_processed/jacs_set_ptp1b_23466.sdf,../large_fep_dataset/data/fep_benchmark_processed/jacs_set_ptp1b_protein.pdb,20,6.340169,5.9463696,5.8580537,6.1159797,6.0680847,5.4967227,5.899193,6.0774913,5.845067,5.5739956,5.9221125
21,jacs_set/ptp1b,jacs_set/ptp1b/23472,../large_fep_dataset/data/fep_benchmark_processed/jacs_set_ptp1b_23472.sdf,../large_fep_dataset/data/fep_benchmark_processed/jacs_set_ptp1b_protein.pdb,21,7.3368344,6.3533497,6.770294,6.1018386,6.5085964,5.927485,6.250454,6.9680023,6.3655276,6.434827,6.5017214
22,jacs_set/ptp1b,jacs_set/ptp1b/23482,../large_fep_dataset/data/fep_benchmark_processed/jacs_set_ptp1b_23482.sdf,../large_fep_dataset/data/fep_benchmark_processed/jacs_set_ptp1b_protein.pdb,22,7.52409,7.751794,6.732374,7.464368,7.0067444,6.9859495,7.100902,8.082482,7.126481,7.3642273,7.313941
23,jacs_set/ptp1b,jacs_set/ptp1b/23486,../large_fep_dataset/data/fep_benchmark_processed/jacs_set_ptp1b_23486.sdf,../large_fep_dataset/data/fep_benchmark_processed/jacs_set_ptp1b_protein.pdb,23,8.131983,7.5944047,7.0904527,7.2353024,7.7681437,6.977806,7.637642,7.550047,7.100888,7.7576013,7.484427
24,jacs_set/ptp1b,jacs_set/ptp1b/23470,../large_fep_dataset/data/fep_benchmark_processed/jacs_set_ptp1b_23470.sdf,../large_fep_dataset/data/fep_benchmark_processed/jacs_set_ptp1b_protein.pdb,24,6.950415,6.829682,6.4244204,6.7056684,6.4861126,6.3322825,6.583801,6.734158,6.4716277,6.588128,6.61063
25,jacs_set/ptp1b,jacs_set/ptp1b/23468,../large_fep_dataset/data/fep_benchmark_processed/jacs_set_ptp1b_23468.sdf,../large_fep_dataset/data/fep_benchmark_processed/jacs_set_ptp1b_protein.pdb,25,6.7694836,6.6429577,6.3196025,6.425293,6.016863,6.190089,6.2046065,6.3438864,6.5675025,6.3486886,6.3828974
26,jacs_set/ptp1b,jacs_set/ptp1b/23485,../large_fep_dataset/data/fep_benchmark_processed/jacs_set_ptp1b_23485.sdf,../large_fep_dataset/data/fep_benchmark_processed/jacs_set_ptp1b_protein.pdb,26,7.849033,7.2732882,6.28829,6.9920516,7.5713964,6.6942024,7.3253126,7.4410825,6.6850924,7.7500544,7.1869802
27,jacs_set/ptp1b,jacs_set/ptp1b/23330,../large_fep_dataset/data/fep_benchmark_processed/jacs_set_ptp1b_23330.sdf,../large_fep_dataset/data/fep_benchmark_processed/jacs_set_ptp1b_protein.pdb,27,6.987334,6.6978283,6.2957015,6.600662,6.644465,6.5030513,6.505675,7.07477,6.7253604,6.7253666,6.6760216
28,jacs_set/ptp1b,jacs_set/ptp1b/20670,../large_fep_dataset/data/fep_benchmark_processed/jacs_set_ptp1b_20670.sdf,../large_fep_dataset/data/fep_benchmark_processed/jacs_set_ptp1b_protein.pdb,28,6.95405,6.9290304,6.506426,6.7538857,6.570414,6.591373,6.659983,6.7553663,7.0289316,6.9394975,6.7688956
29,jacs_set/ptp1b,jacs_set/ptp1b/23479,../large_fep_dataset/data/fep_benchmark_processed/jacs_set_ptp1b_23479.sdf,../large_fep_dataset/data/fep_benchmark_processed/jacs_set_ptp1b_protein.pdb,29,7.208132,7.018847,7.1380754,7.4229116,7.1251426,6.6654973,6.8525615,7.387794,6.975461,6.776824,7.057124
30,jacs_set/ptp1b,jacs_set/ptp1b/23475,../large_fep_dataset/data/fep_benchmark_processed/jacs_set_ptp1b_23475.sdf,../large_fep_dataset/data/fep_benchmark_processed/jacs_set_ptp1b_protein.pdb,30,6.8410745,6.819522,6.4169264,6.711119,6.4943786,6.4492645,6.4633803,6.8515234,6.674044,6.6411724,6.6362405
31,jacs_set/mcl1_extra_flips,jacs_set/mcl1_extra_flips/23,../large_fep_dataset/data/fep_benchmark_processed/jacs_set_mcl1_extra_flips_23.sdf,../large_fep_dataset/data/fep_benchmark_processed/jacs_set_mcl1_extra_flips_protein.pdb,31,5.7481356,5.5990214,5.5117335,6.011118,5.858175,5.831835,5.543047,5.467116,5.587218,5.370531,5.652793
32,jacs_set/mcl1_extra_flips,jacs_set/mcl1_extra_flips/26,../large_fep_dataset/data/fep_benchmark_processed/jacs_set_mcl1_extra_flips_26.sdf,../large_fep_dataset/data/fep_benchmark_processed/jacs_set_mcl1_extra_flips_protein.pdb,32,6.0206013,5.777246,5.29005,6.0426006,6.23345,5.9475713,5.5601783,5.406579,5.548043,5.455117,5.728143
33,jacs_set/mcl1_extra_flips,jacs_set/mcl1_extra_flips/27,../large_fep_dataset/data/fep_benchmark_processed/jacs_set_mcl1_extra_flips_27.sdf,../large_fep_dataset/data/fep_benchmark_processed/jacs_set_mcl1_extra_flips_protein.pdb,33,5.1662908,5.5187974,5.784131,5.5272307,5.441079,5.5033183,5.262493,4.957243,5.2406163,5.6762094,5.4077406
34,jacs_set/mcl1_extra_flips,jacs_set/mcl1_extra_flips/28,../large_fep_dataset/data/fep_benchmark_processed/jacs_set_mcl1_extra_flips_28.sdf,../large_fep_dataset/data/fep_benchmark_processed/jacs_set_mcl1_extra_flips_protein.pdb,34,5.8636074,5.332292,5.7001185,5.651946,5.573274,5.6767774,5.8858433,5.295099,5.470853,5.7101097,5.615992
35,jacs_set/mcl1_extra_flips,jacs_set/mcl1_extra_flips/29,../large_fep_dataset/data/fep_benchmark_processed/jacs_set_mcl1_extra_flips_29.sdf,../large_fep_dataset/data/fep_benchmark_processed/jacs_set_mcl1_extra_flips_protein.pdb,35,5.171123,5.553747,4.853078,5.5903654,5.75347,5.4341526,6.114104,5.336084,5.792195,5.378898,5.4977217
36,jacs_set/mcl1_extra_flips,jacs_set/mcl1_extra_flips/30 flip,../large_fep_dataset/data/fep_benchmark_processed/jacs_set_mcl1_extra_flips_30_flip.sdf,../large_fep_dataset/data/fep_benchmark_processed/jacs_set_mcl1_extra_flips_protein.pdb,36,5.23564,5.7716312,6.017251,5.9482503,5.6465535,5.5660553,5.9492416,5.3317184,5.7019477,5.839899,5.7008185
37,jacs_set/mcl1_extra_flips,jacs_set/mcl1_extra_flips/31,../large_fep_dataset/data/fep_benchmark_processed/jacs_set_mcl1_extra_flips_31.sdf,../large_fep_dataset/data/fep_benchmark_processed/jacs_set_mcl1_extra_flips_protein.pdb,37,4.941277,5.857366,5.2942395,5.851008,5.7355146,5.421823,6.0659857,5.362518,5.7324176,5.271192,5.553334
38,jacs_set/mcl1_extra_flips,jacs_set/mcl1_extra_flips/32,../large_fep_dataset/data/fep_benchmark_processed/jacs_set_mcl1_extra_flips_32.sdf,../large_fep_dataset/data/fep_benchmark_processed/jacs_set_mcl1_extra_flips_protein.pdb,38,5.378152,5.648705,5.7102795,5.838401,5.7750278,5.6267133,5.3533397,5.211114,5.853124,5.9001064,5.629496
39,jacs_set/mcl1_extra_flips,jacs_set/mcl1_extra_flips/33,../large_fep_dataset/data/fep_benchmark_processed/jacs_set_mcl1_extra_flips_33.sdf,../large_fep_dataset/data/fep_benchmark_processed/jacs_set_mcl1_extra_flips_protein.pdb,39,5.8990927,5.9937735,6.194651,6.113485,6.019968,5.3635015,5.60633,5.338452,5.7010646,5.858702,5.8089023
40,jacs_set/mcl1_extra_flips,jacs_set/mcl1_extra_flips/34,../large_fep_dataset/data/fep_benchmark_processed/jacs_set_mcl1_extra_flips_34.sdf,../large_fep_dataset/data/fep_benchmark_processed/jacs_set_mcl1_extra_flips_protein.pdb,40,4.800835,5.656883,5.556416,5.735365,6.1244173,5.426912,5.878797,5.440101,5.9427123,5.799135,5.636157
41,jacs_set/mcl1_extra_flips,jacs_set/mcl1_extra_flips/35,../large_fep_dataset/data/fep_benchmark_processed/jacs_set_mcl1_extra_flips_35.sdf,../large_fep_dataset/data/fep_benchmark_processed/jacs_set_mcl1_extra_flips_protein.pdb,41,6.14166,6.0424876,6.394636,6.447268,6.316538,5.7445602,6.424618,6.06443,6.1580615,6.2133822,6.194764
42,jacs_set/mcl1_extra_flips,jacs_set/mcl1_extra_flips/36,../large_fep_dataset/data/fep_benchmark_processed/jacs_set_mcl1_extra_flips_36.sdf,../large_fep_dataset/data/fep_benchmark_processed/jacs_set_mcl1_extra_flips_protein.pdb,42,6.265333,5.7011786,5.906888,6.2293954,6.450518,6.5012894,6.3182096,5.963649,6.33013,6.317645,6.1984243
43,jacs_set/mcl1_extra_flips,jacs_set/mcl1_extra_flips/37,../large_fep_dataset/data/fep_benchmark_processed/jacs_set_mcl1_extra_flips_37.sdf,../large_fep_dataset/data/fep_benchmark_processed/jacs_set_mcl1_extra_flips_protein.pdb,43,6.2287984,6.079659,6.3911896,6.469469,6.6025705,6.32764,6.534743,5.8418245,6.4711413,6.651972,6.3599005
44,jacs_set/mcl1_extra_flips,jacs_set/mcl1_extra_flips/38 flip,../large_fep_dataset/data/fep_benchmark_processed/jacs_set_mcl1_extra_flips_38_flip.sdf,../large_fep_dataset/data/fep_benchmark_processed/jacs_set_mcl1_extra_flips_protein.pdb,44,5.5362353,5.878114,5.711527,5.670104,5.855612,5.8202763,5.740168,5.4528537,5.7728066,5.778888,5.721659
45,jacs_set/mcl1_extra_flips,jacs_set/mcl1_extra_flips/39,../large_fep_dataset/data/fep_benchmark_processed/jacs_set_mcl1_extra_flips_39.sdf,../large_fep_dataset/data/fep_benchmark_processed/jacs_set_mcl1_extra_flips_protein.pdb,45,5.802946,5.872351,6.1601524,5.7613096,6.0114784,5.878844,5.688957,5.4941525,5.98239,5.717017,5.8369603
46,jacs_set/mcl1_extra_flips,jacs_set/mcl1_extra_flips/40 flip,../large_fep_dataset/data/fep_benchmark_processed/jacs_set_mcl1_extra_flips_40_flip.sdf,../large_fep_dataset/data/fep_benchmark_processed/jacs_set_mcl1_extra_flips_protein.pdb,46,5.6997585,5.915383,5.9447756,6.0566015,5.7665215,5.86429,5.680586,5.4267983,6.110805,5.929975,5.8395495
47,jacs_set/mcl1_extra_flips,jacs_set/mcl1_extra_flips/41 flip,../large_fep_dataset/data/fep_benchmark_processed/jacs_set_mcl1_extra_flips_41_flip.sdf,../large_fep_dataset/data/fep_benchmark_processed/jacs_set_mcl1_extra_flips_protein.pdb,47,5.794533,6.4294147,6.0390067,5.7953763,6.1812463,6.282943,6.105071,5.4577427,6.312264,5.713989,6.011159
48,jacs_set/mcl1_extra_flips,jacs_set/mcl1_extra_flips/42,../large_fep_dataset/data/fep_benchmark_processed/jacs_set_mcl1_extra_flips_42.sdf,../large_fep_dataset/data/fep_benchmark_processed/jacs_set_mcl1_extra_flips_protein.pdb,48,5.73538,5.862459,5.4488344,5.874945,6.0503592,5.5770426,5.773985,5.375663,5.6678157,5.8502893,5.7216773
49,jacs_set/mcl1_extra_flips,jacs_set/mcl1_extra_flips/43 flip,../large_fep_dataset/data/fep_benchmark_processed/jacs_set_mcl1_extra_flips_43_flip.sdf,../large_fep_dataset/data/fep_benchmark_processed/jacs_set_mcl1_extra_flips_protein.pdb,49,5.467068,5.6930475,6.0008883,5.6532044,5.961394,5.7454762,5.8614454,5.428505,6.0253744,5.816026,5.765243
50,jacs_set/mcl1_extra_flips,jacs_set/mcl1_extra_flips/44,../large_fep_dataset/data/fep_benchmark_processed/jacs_set_mcl1_extra_flips_44.sdf,../large_fep_dataset/data/fep_benchmark_processed/jacs_set_mcl1_extra_flips_protein.pdb,50,6.153773,6.172867,6.252154,6.326223,6.157026,5.612531,6.4329715,5.9579487,6.1225963,6.1842484,6.1372337
51,jacs_set/mcl1_extra_flips,jacs_set/mcl1_extra_flips/45,../large_fep_dataset/data/fep_benchmark_processed/jacs_set_mcl1_extra_flips_45.sdf,../large_fep_dataset/data/fep_benchmark_processed/jacs_set_mcl1_extra_flips_protein.pdb,51,6.6646347,6.305604,5.975896,6.405387,6.3744345,6.0599837,5.8385296,6.5409446,5.8789735,6.1787767,6.222316
52,jacs_set/mcl1_extra_flips,jacs_set/mcl1_extra_flips/46 flip,../large_fep_dataset/data/fep_benchmark_processed/jacs_set_mcl1_extra_flips_46_flip.sdf,../large_fep_dataset/data/fep_benchmark_processed/jacs_set_mcl1_extra_flips_protein.pdb,52,6.0291076,5.9019556,6.2409425,6.0939727,6.192398,6.078579,6.009776,5.8729596,6.030053,6.432083,6.088183
53,jacs_set/mcl1_extra_flips,jacs_set/mcl1_extra_flips/47 flip,../large_fep_dataset/data/fep_benchmark_processed/jacs_set_mcl1_extra_flips_47_flip.sdf,../large_fep_dataset/data/fep_benchmark_processed/jacs_set_mcl1_extra_flips_protein.pdb,53,5.4013195,5.8802505,6.110442,6.0689344,6.07597,5.7224646,5.95707,5.2278333,6.0071836,5.456102,5.790757
54,jacs_set/mcl1_extra_flips,jacs_set/mcl1_extra_flips/48 flip,../large_fep_dataset/data/fep_benchmark_processed/jacs_set_mcl1_extra_flips_48_flip.sdf,../large_fep_dataset/data/fep_benchmark_processed/jacs_set_mcl1_extra_flips_protein.pdb,54,5.5579185,5.722536,5.588754,5.513028,5.9572625,5.6867437,5.5017457,5.230893,5.2723713,5.53878,5.557003
55,jacs_set/mcl1_extra_flips,jacs_set/mcl1_extra_flips/49,../large_fep_dataset/data/fep_benchmark_processed/jacs_set_mcl1_extra_flips_49.sdf,../large_fep_dataset/data/fep_benchmark_processed/jacs_set_mcl1_extra_flips_protein.pdb,55,6.2632794,6.1298203,6.3221903,6.4830165,6.1445227,6.015021,6.814087,6.2973022,6.432501,6.386051,6.328779
56,jacs_set/mcl1_extra_flips,jacs_set/mcl1_extra_flips/50,../large_fep_dataset/data/fep_benchmark_processed/jacs_set_mcl1_extra_flips_50.sdf,../large_fep_dataset/data/fep_benchmark_processed/jacs_set_mcl1_extra_flips_protein.pdb,56,6.550449,6.273789,6.4037066,6.731269,6.544446,6.767979,7.262365,6.5353923,6.637738,6.716432,6.642356
57,jacs_set/mcl1_extra_flips,jacs_set/mcl1_extra_flips/51,../large_fep_dataset/data/fep_benchmark_processed/jacs_set_mcl1_extra_flips_51.sdf,../large_fep_dataset/data/fep_benchmark_processed/jacs_set_mcl1_extra_flips_protein.pdb,57,6.1782217,6.2021656,5.6959686,6.2078066,6.158053,5.9924583,6.6366763,6.067398,6.10541,6.086234,6.133039
58,jacs_set/mcl1_extra_flips,jacs_set/mcl1_extra_flips/52,../large_fep_dataset/data/fep_benchmark_processed/jacs_set_mcl1_extra_flips_52.sdf,../large_fep_dataset/data/fep_benchmark_processed/jacs_set_mcl1_extra_flips_protein.pdb,58,5.9832296,6.0079813,6.799257,6.6695523,6.61408,6.260995,6.4592986,6.4117537,6.6590834,6.561966,6.44272
59,jacs_set/mcl1_extra_flips,jacs_set/mcl1_extra_flips/53,../large_fep_dataset/data/fep_benchmark_processed/jacs_set_mcl1_extra_flips_53.sdf,../large_fep_dataset/data/fep_benchmark_processed/jacs_set_mcl1_extra_flips_protein.pdb,59,6.5364327,6.1320653,7.334523,6.776457,6.945942,6.9615254,6.9904613,6.6821613,7.0345345,6.955551,6.8349657
60,jacs_set/mcl1_extra_flips,jacs_set/mcl1_extra_flips/54,../large_fep_dataset/data/fep_benchmark_processed/jacs_set_mcl1_extra_flips_54.sdf,../large_fep_dataset/data/fep_benchmark_processed/jacs_set_mcl1_extra_flips_protein.pdb,60,6.4447284,5.97162,6.2639885,6.147245,6.2108126,6.2349863,6.2286286,6.1324573,6.14147,6.3100176,6.2085958
61,jacs_set/mcl1_extra_flips,jacs_set/mcl1_extra_flips/56,../large_fep_dataset/data/fep_benchmark_processed/jacs_set_mcl1_extra_flips_56.sdf,../large_fep_dataset/data/fep_benchmark_processed/jacs_set_mcl1_extra_flips_protein.pdb,61,6.8894844,6.5466285,6.7160707,6.9409127,6.8530173,6.913471,6.9188113,6.576211,6.790289,6.6361666,6.7781067
62,jacs_set/mcl1_extra_flips,jacs_set/mcl1_extra_flips/57,../large_fep_dataset/data/fep_benchmark_processed/jacs_set_mcl1_extra_flips_57.sdf,../large_fep_dataset/data/fep_benchmark_processed/jacs_set_mcl1_extra_flips_protein.pdb,62,6.5565867,6.0541215,5.6312227,6.44032,6.4607983,6.2410765,6.4015064,6.090577,5.996644,6.285992,6.215884
63,jacs_set/mcl1_extra_flips,jacs_set/mcl1_extra_flips/58,../large_fep_dataset/data/fep_benchmark_processed/jacs_set_mcl1_extra_flips_58.sdf,../large_fep_dataset/data/fep_benchmark_processed/jacs_set_mcl1_extra_flips_protein.pdb,63,7.34938,6.567974,7.310932,7.0150495,7.486696,7.179784,7.2364593,7.050497,7.328501,7.1796904,7.1704955
64,jacs_set/mcl1_extra_flips,jacs_set/mcl1_extra_flips/60,../large_fep_dataset/data/fep_benchmark_processed/jacs_set_mcl1_extra_flips_60.sdf,../large_fep_dataset/data/fep_benchmark_processed/jacs_set_mcl1_extra_flips_protein.pdb,64,6.443418,6.0032005,6.1422577,6.774936,6.376937,6.633289,6.401834,5.9245596,6.4480767,6.39065,6.353916
65,jacs_set/mcl1_extra_flips,jacs_set/mcl1_extra_flips/61,../large_fep_dataset/data/fep_benchmark_processed/jacs_set_mcl1_extra_flips_61.sdf,../large_fep_dataset/data/fep_benchmark_processed/jacs_set_mcl1_extra_flips_protein.pdb,65,6.4475493,6.366167,6.5104365,6.849722,6.878144,7.126577,7.096504,6.4470057,6.4755783,6.6743836,6.687207
66,jacs_set/mcl1_extra_flips,jacs_set/mcl1_extra_flips/62,../large_fep_dataset/data/fep_benchmark_processed/jacs_set_mcl1_extra_flips_62.sdf,../large_fep_dataset/data/fep_benchmark_processed/jacs_set_mcl1_extra_flips_protein.pdb,66,6.2525864,6.163226,5.8145466,6.3228564,6.4550405,6.5712557,6.680485,5.6278243,5.819756,5.86333,6.15709
67,jacs_set/mcl1_extra_flips,jacs_set/mcl1_extra_flips/63,../large_fep_dataset/data/fep_benchmark_processed/jacs_set_mcl1_extra_flips_63.sdf,../large_fep_dataset/data/fep_benchmark_processed/jacs_set_mcl1_extra_flips_protein.pdb,67,6.915154,6.5817013,6.9269276,6.937555,6.9688454,6.810386,6.6235766,6.860243,7.3864136,6.926194,6.8936996
68,jacs_set/mcl1_extra_flips,jacs_set/mcl1_extra_flips/64,../large_fep_dataset/data/fep_benchmark_processed/jacs_set_mcl1_extra_flips_64.sdf,../large_fep_dataset/data/fep_benchmark_processed/jacs_set_mcl1_extra_flips_protein.pdb,68,6.233814,6.010094,6.0248876,6.3549943,6.2254643,6.055984,5.909879,5.9839272,6.5647297,5.9537783,6.131755
69,jacs_set/mcl1_extra_flips,jacs_set/mcl1_extra_flips/65,../large_fep_dataset/data/fep_benchmark_processed/jacs_set_mcl1_extra_flips_65.sdf,../large_fep_dataset/data/fep_benchmark_processed/jacs_set_mcl1_extra_flips_protein.pdb,69,6.6664467,6.3082347,6.274476,6.8216233,6.712407,6.801098,6.627478,6.6551094,6.746126,7.0401063,6.665311
70,jacs_set/mcl1_extra_flips,jacs_set/mcl1_extra_flips/66,../large_fep_dataset/data/fep_benchmark_processed/jacs_set_mcl1_extra_flips_66.sdf,../large_fep_dataset/data/fep_benchmark_processed/jacs_set_mcl1_extra_flips_protein.pdb,70,6.371761,5.909834,5.61141,6.107406,6.308789,6.1164665,6.0714974,5.9512706,5.928855,5.926521,6.030381
71,jacs_set/mcl1_extra_flips,jacs_set/mcl1_extra_flips/67,../large_fep_dataset/data/fep_benchmark_processed/jacs_set_mcl1_extra_flips_67.sdf,../large_fep_dataset/data/fep_benchmark_processed/jacs_set_mcl1_extra_flips_protein.pdb,71,6.7282114,6.1948557,6.132417,6.630837,6.451951,6.762817,6.8134837,6.0191326,6.377921,6.530821,6.464245
72,jacs_set/mcl1_extra_flips,jacs_set/mcl1_extra_flips/68,../large_fep_dataset/data/fep_benchmark_processed/jacs_set_mcl1_extra_flips_68.sdf,../large_fep_dataset/data/fep_benchmark_processed/jacs_set_mcl1_extra_flips_protein.pdb,72,6.433774,6.0194325,6.0961447,6.4478717,6.2926145,5.918023,6.592664,5.7775326,6.1215315,6.0349045,6.1734495
73,jacs_set/cdk2,jacs_set/cdk2/17,../large_fep_dataset/data/fep_benchmark_processed/jacs_set_cdk2_17.sdf,../large_fep_dataset/data/fep_benchmark_processed/jacs_set_cdk2_protein.pdb,73,5.4631653,5.0130324,5.668609,5.64305,5.6174135,5.2286215,5.600334,5.6079545,6.0145793,5.5542,5.541096
74,jacs_set/cdk2,jacs_set/cdk2/28,../large_fep_dataset/data/fep_benchmark_processed/jacs_set_cdk2_28.sdf,../large_fep_dataset/data/fep_benchmark_processed/jacs_set_cdk2_protein.pdb,74,6.828706,7.1404014,6.879307,7.084027,7.3268647,5.665278,6.856223,6.7876015,6.8067307,7.0361147,6.8411255
75,jacs_set/cdk2,jacs_set/cdk2/22,../large_fep_dataset/data/fep_benchmark_processed/jacs_set_cdk2_22.sdf,../large_fep_dataset/data/fep_benchmark_processed/jacs_set_cdk2_protein.pdb,75,5.517523,5.60731,5.723213,6.22334,5.8067355,5.752448,5.60918,6.045789,5.7293825,6.023151,5.8038073
76,jacs_set/cdk2,jacs_set/cdk2/30,../large_fep_dataset/data/fep_benchmark_processed/jacs_set_cdk2_30.sdf,../large_fep_dataset/data/fep_benchmark_processed/jacs_set_cdk2_protein.pdb,76,5.941803,6.2012887,6.7278104,6.39405,6.482865,6.1330204,6.4704404,6.274332,6.1222477,6.502553,6.325041
77,jacs_set/cdk2,jacs_set/cdk2/1h1r,../large_fep_dataset/data/fep_benchmark_processed/jacs_set_cdk2_1h1r.sdf,../large_fep_dataset/data/fep_benchmark_processed/jacs_set_cdk2_protein.pdb,77,5.3317285,4.7774916,5.362524,5.5136,5.4962797,5.0058846,5.6214046,5.430298,5.6200585,5.276386,5.343566
78,jacs_set/cdk2,jacs_set/cdk2/1h1s,../large_fep_dataset/data/fep_benchmark_processed/jacs_set_cdk2_1h1s.sdf,../large_fep_dataset/data/fep_benchmark_processed/jacs_set_cdk2_protein.pdb,78,6.2013326,7.022599,6.8208394,6.747988,6.7099495,6.0575747,6.807704,6.849771,6.7668962,6.8381886,6.6822844
79,jacs_set/cdk2,jacs_set/cdk2/21,../large_fep_dataset/data/fep_benchmark_processed/jacs_set_cdk2_21.sdf,../large_fep_dataset/data/fep_benchmark_processed/jacs_set_cdk2_protein.pdb,79,5.530829,5.160406,5.4720554,5.636483,5.683713,5.4274893,5.8603473,6.0101986,5.635868,5.690258,5.610765
80,jacs_set/cdk2,jacs_set/cdk2/1oiy,../large_fep_dataset/data/fep_benchmark_processed/jacs_set_cdk2_1oiy.sdf,../large_fep_dataset/data/fep_benchmark_processed/jacs_set_cdk2_protein.pdb,80,5.9867554,5.8126574,5.9888225,6.207016,6.5504346,5.882264,6.03981,6.4630165,5.8191676,6.2151074,6.096505
81,jacs_set/cdk2,jacs_set/cdk2/1oiu,../large_fep_dataset/data/fep_benchmark_processed/jacs_set_cdk2_1oiu.sdf,../large_fep_dataset/data/fep_benchmark_processed/jacs_set_cdk2_protein.pdb,81,6.0598993,6.1609597,5.902363,6.2113276,6.018659,6.2350698,6.0516148,6.6031604,5.8246274,6.225668,6.129335
82,jacs_set/cdk2,jacs_set/cdk2/31,../large_fep_dataset/data/fep_benchmark_processed/jacs_set_cdk2_31.sdf,../large_fep_dataset/data/fep_benchmark_processed/jacs_set_cdk2_protein.pdb,82,5.8668933,5.8613772,6.6074324,6.282703,6.6412888,5.770564,6.3985324,6.448795,6.240978,6.4161983,6.253476
83,jacs_set/cdk2,jacs_set/cdk2/29,../large_fep_dataset/data/fep_benchmark_processed/jacs_set_cdk2_29.sdf,../large_fep_dataset/data/fep_benchmark_processed/jacs_set_cdk2_protein.pdb,83,6.823788,6.6526766,7.2764826,7.1160545,7.2377925,6.209423,6.672472,6.7732,6.730706,7.186089,6.867869
84,jacs_set/cdk2,jacs_set/cdk2/26,../large_fep_dataset/data/fep_benchmark_processed/jacs_set_cdk2_26.sdf,../large_fep_dataset/data/fep_benchmark_processed/jacs_set_cdk2_protein.pdb,84,5.622121,5.516669,5.7025404,5.9933386,6.371553,5.7008405,5.9257636,6.1478143,6.0747657,6.0064616,5.906187
85,jacs_set/cdk2,jacs_set/cdk2/1oi9,../large_fep_dataset/data/fep_benchmark_processed/jacs_set_cdk2_1oi9.sdf,../large_fep_dataset/data/fep_benchmark_processed/jacs_set_cdk2_protein.pdb,85,6.3653026,5.731193,6.3584466,6.467013,6.613483,6.9500656,6.5147,6.2801895,6.1830487,6.493412,6.3956857
86,jacs_set/cdk2,jacs_set/cdk2/20,../large_fep_dataset/data/fep_benchmark_processed/jacs_set_cdk2_20.sdf,../large_fep_dataset/data/fep_benchmark_processed/jacs_set_cdk2_protein.pdb,86,5.8234186,5.6612544,6.1262383,6.1052113,6.035081,6.06565,6.6072674,6.39425,5.884062,6.0412507,6.0743685
87,jacs_set/cdk2,jacs_set/cdk2/32,../large_fep_dataset/data/fep_benchmark_processed/jacs_set_cdk2_32.sdf,../large_fep_dataset/data/fep_benchmark_processed/jacs_set_cdk2_protein.pdb,87,6.6251917,6.5298433,6.2899303,7.0659704,6.323235,5.8356323,6.797107,6.680971,6.3446536,6.4819393,6.497447
88,jacs_set/cdk2,jacs_set/cdk2/1h1q,../large_fep_dataset/data/fep_benchmark_processed/jacs_set_cdk2_1h1q.sdf,../large_fep_dataset/data/fep_benchmark_processed/jacs_set_cdk2_protein.pdb,88,5.6214995,5.2798877,5.9841533,5.987831,6.3581634,5.5993295,6.1815977,6.0842032,5.6893883,6.110643,5.8896694
89,jacs_set/jnk1_manual_flips,jacs_set/jnk1_manual_flips/18626-1,../large_fep_dataset/data/fep_benchmark_processed/jacs_set_jnk1_manual_flips_18626-1.sdf,../large_fep_dataset/data/fep_benchmark_processed/jacs_set_jnk1_manual_flips_protein.pdb,89,7.3384666,6.550506,7.397137,6.667922,6.893556,6.0863132,7.024295,6.979577,6.8487253,6.48061,6.8267107
90,jacs_set/jnk1_manual_flips,jacs_set/jnk1_manual_flips/18628-1_flip,../large_fep_dataset/data/fep_benchmark_processed/jacs_set_jnk1_manual_flips_18628-1_flip.sdf,../large_fep_dataset/data/fep_benchmark_processed/jacs_set_jnk1_manual_flips_protein.pdb,90,7.134149,6.5245543,7.2879763,6.914553,6.1248403,6.3062654,7.01988,6.6350365,6.680718,6.555647,6.718362
91,jacs_set/jnk1_manual_flips,jacs_set/jnk1_manual_flips/18629-1,../large_fep_dataset/data/fep_benchmark_processed/jacs_set_jnk1_manual_flips_18629-1.sdf,../large_fep_dataset/data/fep_benchmark_processed/jacs_set_jnk1_manual_flips_protein.pdb,91,7.3481994,6.6864123,7.4534616,6.8053913,6.6728663,6.1939044,6.806284,6.699792,7.018076,6.5941567,6.827854
92,jacs_set/jnk1_manual_flips,jacs_set/jnk1_manual_flips/18636-1,../large_fep_dataset/data/fep_benchmark_processed/jacs_set_jnk1_manual_flips_18636-1.sdf,../large_fep_dataset/data/fep_benchmark_processed/jacs_set_jnk1_manual_flips_protein.pdb,92,7.157225,6.671849,7.819499,6.875299,6.6402926,6.759622,6.904545,6.6851363,7.0837903,6.4832315,6.908049
93,jacs_set/jnk1_manual_flips,jacs_set/jnk1_manual_flips/17124-1,../large_fep_dataset/data/fep_benchmark_processed/jacs_set_jnk1_manual_flips_17124-1.sdf,../large_fep_dataset/data/fep_benchmark_processed/jacs_set_jnk1_manual_flips_protein.pdb,93,8.085709,6.577323,7.221203,7.1784105,7.0388007,6.5399237,7.238234,6.529718,6.9818263,6.6973867,7.008853
94,jacs_set/jnk1_manual_flips,jacs_set/jnk1_manual_flips/18627-1,../large_fep_dataset/data/fep_benchmark_processed/jacs_set_jnk1_manual_flips_18627-1.sdf,../large_fep_dataset/data/fep_benchmark_processed/jacs_set_jnk1_manual_flips_protein.pdb,94,7.0231996,6.551283,7.4845634,6.738812,6.70911,6.661595,6.843726,6.629385,6.571646,6.558688,6.7772
95,jacs_set/jnk1_manual_flips,jacs_set/jnk1_manual_flips/18638-1,../large_fep_dataset/data/fep_benchmark_processed/jacs_set_jnk1_manual_flips_18638-1.sdf,../large_fep_dataset/data/fep_benchmark_processed/jacs_set_jnk1_manual_flips_protein.pdb,95,7.1947093,7.2598457,6.869966,7.138984,6.508806,6.9494057,7.0962157,6.6944036,6.8134575,6.726137,6.925193
96,jacs_set/jnk1_manual_flips,jacs_set/jnk1_manual_flips/18659-1,../large_fep_dataset/data/fep_benchmark_processed/jacs_set_jnk1_manual_flips_18659-1.sdf,../large_fep_dataset/data/fep_benchmark_processed/jacs_set_jnk1_manual_flips_protein.pdb,96,7.194291,6.3238373,6.444177,6.7041645,6.16057,6.7004614,6.9541717,6.2865677,6.6076674,6.5942245,6.597013
97,jacs_set/jnk1_manual_flips,jacs_set/jnk1_manual_flips/18639-1,../large_fep_dataset/data/fep_benchmark_processed/jacs_set_jnk1_manual_flips_18639-1.sdf,../large_fep_dataset/data/fep_benchmark_processed/jacs_set_jnk1_manual_flips_protein.pdb,97,7.5979414,6.8570814,7.2297583,6.840776,6.5244336,6.630237,7.4605823,6.817752,6.9648705,6.8223205,6.974576
98,jacs_set/jnk1_manual_flips,jacs_set/jnk1_manual_flips/18634-1,../large_fep_dataset/data/fep_benchmark_processed/jacs_set_jnk1_manual_flips_18634-1.sdf,../large_fep_dataset/data/fep_benchmark_processed/jacs_set_jnk1_manual_flips_protein.pdb,98,7.6071167,6.616429,7.142123,6.6592884,6.3082848,6.7049417,6.6778283,6.6916757,6.9091763,6.6208496,6.7937713
99,jacs_set/jnk1_manual_flips,jacs_set/jnk1_manual_flips/18630-1,../large_fep_dataset/data/fep_benchmark_processed/jacs_set_jnk1_manual_flips_18630-1.sdf,../large_fep_dataset/data/fep_benchmark_processed/jacs_set_jnk1_manual_flips_protein.pdb,99,6.976683,6.5247245,7.2521286,6.663901,6.354678,6.483752,6.6049795,6.4709044,6.5503697,6.5065875,6.638871
100,jacs_set/jnk1_manual_flips,jacs_set/jnk1_manual_flips/18637-1,../large_fep_dataset/data/fep_benchmark_processed/jacs_set_jnk1_manual_flips_18637-1.sdf,../large_fep_dataset/data/fep_benchmark_processed/jacs_set_jnk1_manual_flips_protein.pdb,100,7.748879,7.002643,6.9530554,7.1072464,7.0305142,7.2134094,7.199837,6.8895583,6.503075,6.6426263,7.029084
101,jacs_set/jnk1_manual_flips,jacs_set/jnk1_manual_flips/18658-1,../large_fep_dataset/data/fep_benchmark_processed/jacs_set_jnk1_manual_flips_18658-1.sdf,../large_fep_dataset/data/fep_benchmark_processed/jacs_set_jnk1_manual_flips_protein.pdb,101,7.2826276,6.5830755,6.638365,6.878919,6.6850247,7.1220093,6.817114,6.494457,6.747398,6.6700697,6.791906
102,jacs_set/jnk1_manual_flips,jacs_set/jnk1_manual_flips/18632-1,../large_fep_dataset/data/fep_benchmark_processed/jacs_set_jnk1_manual_flips_18632-1.sdf,../large_fep_dataset/data/fep_benchmark_processed/jacs_set_jnk1_manual_flips_protein.pdb,102,7.1744785,6.591161,6.859109,6.6773467,6.75727,6.355379,6.567954,6.666702,6.5791016,6.642051,6.687055
103,jacs_set/jnk1_manual_flips,jacs_set/jnk1_manual_flips/18633-1,../large_fep_dataset/data/fep_benchmark_processed/jacs_set_jnk1_manual_flips_18633-1.sdf,../large_fep_dataset/data/fep_benchmark_processed/jacs_set_jnk1_manual_flips_protein.pdb,103,6.9391074,6.52409,7.0647664,6.480481,6.462163,6.890805,6.627298,6.4711423,6.6722484,6.5136127,6.6645713
104,jacs_set/jnk1_manual_flips,jacs_set/jnk1_manual_flips/18635-1,../large_fep_dataset/data/fep_benchmark_processed/jacs_set_jnk1_manual_flips_18635-1.sdf,../large_fep_dataset/data/fep_benchmark_processed/jacs_set_jnk1_manual_flips_protein.pdb,104,7.0182624,6.942438,7.692401,6.89559,6.8067913,6.5552454,7.184338,6.96254,7.0293756,6.840897,6.992788
105,jacs_set/jnk1_manual_flips,jacs_set/jnk1_manual_flips/18631-1,../large_fep_dataset/data/fep_benchmark_processed/jacs_set_jnk1_manual_flips_18631-1.sdf,../large_fep_dataset/data/fep_benchmark_processed/jacs_set_jnk1_manual_flips_protein.pdb,105,7.108699,6.651692,6.6077986,6.777441,6.360598,6.559029,6.248427,6.7196884,6.824588,6.4941196,6.635208
106,jacs_set/jnk1_manual_flips,jacs_set/jnk1_manual_flips/18660-1,../large_fep_dataset/data/fep_benchmark_processed/jacs_set_jnk1_manual_flips_18660-1.sdf,../large_fep_dataset/data/fep_benchmark_processed/jacs_set_jnk1_manual_flips_protein.pdb,106,7.016385,6.843297,6.6551723,7.1034465,6.7669096,7.217018,7.0695977,6.3650265,6.42868,6.8974338,6.836297
107,jacs_set/jnk1_manual_flips,jacs_set/jnk1_manual_flips/18625-1,../large_fep_dataset/data/fep_benchmark_processed/jacs_set_jnk1_manual_flips_18625-1.sdf,../large_fep_dataset/data/fep_benchmark_processed/jacs_set_jnk1_manual_flips_protein.pdb,107,7.3223047,6.6792116,6.9642487,6.83722,6.317257,7.265737,7.0226135,6.8327503,6.9411173,6.849227,6.9031687
108,jacs_set/jnk1_manual_flips,jacs_set/jnk1_manual_flips/18624-1,../large_fep_dataset/data/fep_benchmark_processed/jacs_set_jnk1_manual_flips_18624-1.sdf,../large_fep_dataset/data/fep_benchmark_processed/jacs_set_jnk1_manual_flips_protein.pdb,108,7.071898,6.44109,6.8323393,6.5563693,6.1572113,6.065206,6.679515,6.5120792,6.2194705,6.444569,6.4979744
109,jacs_set/jnk1_manual_flips,jacs_set/jnk1_manual_flips/18652-1,../large_fep_dataset/data/fep_benchmark_processed/jacs_set_jnk1_manual_flips_18652-1.sdf,../large_fep_dataset/data/fep_benchmark_processed/jacs_set_jnk1_manual_flips_protein.pdb,109,7.419905,7.2068696,7.015427,7.3936334,6.580114,6.789744,7.1275487,6.3583875,6.7282677,6.5984406,6.921834
110,jacs_set/thrombin_core,jacs_set/thrombin_core/6a,../large_fep_dataset/data/fep_benchmark_processed/jacs_set_thrombin_core_6a.sdf,../large_fep_dataset/data/fep_benchmark_processed/jacs_set_thrombin_core_protein.pdb,110,7.6038365,7.203186,7.522213,7.383906,7.2271833,7.1790895,7.026446,6.9540977,7.403609,6.170906,7.167447
111,jacs_set/thrombin_core,jacs_set/thrombin_core/3a,../large_fep_dataset/data/fep_benchmark_processed/jacs_set_thrombin_core_3a.sdf,../large_fep_dataset/data/fep_benchmark_processed/jacs_set_thrombin_core_protein.pdb,111,5.804886,5.037199,5.2918024,5.9428716,6.035648,5.0632076,5.502605,5.437181,5.623336,5.431211,5.5169945
112,jacs_set/thrombin_core,jacs_set/thrombin_core/1d,../large_fep_dataset/data/fep_benchmark_processed/jacs_set_thrombin_core_1d.sdf,../large_fep_dataset/data/fep_benchmark_processed/jacs_set_thrombin_core_protein.pdb,112,6.6833687,5.4434905,6.2341514,6.474398,6.462071,6.0561576,6.0457397,6.2335606,6.1298876,5.7601247,6.1522946
113,jacs_set/thrombin_core,jacs_set/thrombin_core/6e,../large_fep_dataset/data/fep_benchmark_processed/jacs_set_thrombin_core_6e.sdf,../large_fep_dataset/data/fep_benchmark_processed/jacs_set_thrombin_core_protein.pdb,113,7.371275,7.129673,7.4139757,7.29629,7.4019203,6.91918,7.019297,6.606122,7.1706376,6.223305,7.055168
114,jacs_set/thrombin_core,jacs_set/thrombin_core/6b,../large_fep_dataset/data/fep_benchmark_processed/jacs_set_thrombin_core_6b.sdf,../large_fep_dataset/data/fep_benchmark_processed/jacs_set_thrombin_core_protein.pdb,114,6.183974,6.087585,6.5188575,6.652052,6.9872255,6.519424,6.1548667,6.16197,6.5971947,5.9772344,6.384038
115,jacs_set/thrombin_core,jacs_set/thrombin_core/1b,../large_fep_dataset/data/fep_benchmark_processed/jacs_set_thrombin_core_1b.sdf,../large_fep_dataset/data/fep_benchmark_processed/jacs_set_thrombin_core_protein.pdb,115,5.797189,4.744211,6.0742064,5.882277,5.595165,5.162782,5.432523,5.2934957,5.799074,5.1181717,5.489909
116,jacs_set/thrombin_core,jacs_set/thrombin_core/1a,../large_fep_dataset/data/fep_benchmark_processed/jacs_set_thrombin_core_1a.sdf,../large_fep_dataset/data/fep_benchmark_processed/jacs_set_thrombin_core_protein.pdb,116,6.253378,4.6727614,5.375478,5.797468,5.8353324,4.9689794,5.7045884,5.5237803,5.733605,5.454878,5.5320253
117,jacs_set/thrombin_core,jacs_set/thrombin_core/5,../large_fep_dataset/data/fep_benchmark_processed/jacs_set_thrombin_core_5.sdf,../large_fep_dataset/data/fep_benchmark_processed/jacs_set_thrombin_core_protein.pdb,117,4.9637203,5.1994767,4.288546,5.5758886,5.294855,4.6630187,5.442932,4.659233,5.2833314,5.186015,5.0557017
118,jacs_set/thrombin_core,jacs_set/thrombin_core/3b,../large_fep_dataset/data/fep_benchmark_processed/jacs_set_thrombin_core_3b.sdf,../large_fep_dataset/data/fep_benchmark_processed/jacs_set_thrombin_core_protein.pdb,118,6.5384417,5.7980156,6.427924,6.4930143,6.1271715,5.2749553,5.7087603,5.94569,6.0340853,5.501554,5.984961
119,jacs_set/thrombin_core,jacs_set/thrombin_core/7a,../large_fep_dataset/data/fep_benchmark_processed/jacs_set_thrombin_core_7a.sdf,../large_fep_dataset/data/fep_benchmark_processed/jacs_set_thrombin_core_protein.pdb,119,6.034234,6.1888275,6.1056623,6.694988,6.3216248,5.703548,5.7806315,5.561963,6.094228,5.8824687,6.0368176
120,jacs_set/thrombin_core,jacs_set/thrombin_core/1c,../large_fep_dataset/data/fep_benchmark_processed/jacs_set_thrombin_core_1c.sdf,../large_fep_dataset/data/fep_benchmark_processed/jacs_set_thrombin_core_protein.pdb,120,6.428245,5.088044,6.004083,6.57633,6.0803146,5.8531637,5.963392,6.590517,6.26623,5.529799,6.0380125
121,jacs_set/tyk2,jacs_set/tyk2/jmc_23,../large_fep_dataset/data/fep_benchmark_processed/jacs_set_tyk2_jmc_23.sdf,../large_fep_dataset/data/fep_benchmark_processed/jacs_set_tyk2_protein.pdb,121,8.697253,8.123352,7.739148,8.856584,8.541557,8.328803,8.493567,8.600045,8.670018,8.6941805,8.474451
122,jacs_set/tyk2,jacs_set/tyk2/ejm_47,../large_fep_dataset/data/fep_benchmark_processed/jacs_set_tyk2_ejm_47.sdf,../large_fep_dataset/data/fep_benchmark_processed/jacs_set_tyk2_protein.pdb,122,7.4138026,7.785019,7.29642,7.631751,7.8760095,7.875389,7.135147,7.5274405,6.892266,7.560714,7.4993963
123,jacs_set/tyk2,jacs_set/tyk2/ejm_49,../large_fep_dataset/data/fep_benchmark_processed/jacs_set_tyk2_ejm_49.sdf,../large_fep_dataset/data/fep_benchmark_processed/jacs_set_tyk2_protein.pdb,123,7.144407,6.8259196,7.3575325,7.2508116,7.281728,6.711236,6.8389173,6.5316,6.639353,6.7830606,6.936456
124,jacs_set/tyk2,jacs_set/tyk2/ejm_31,../large_fep_dataset/data/fep_benchmark_processed/jacs_set_tyk2_ejm_31.sdf,../large_fep_dataset/data/fep_benchmark_processed/jacs_set_tyk2_protein.pdb,124,7.569847,6.358311,6.5759916,6.7214227,7.09889,7.1829286,6.9182177,6.646726,6.2120767,6.2775197,6.7561936
125,jacs_set/tyk2,jacs_set/tyk2/ejm_45,../large_fep_dataset/data/fep_benchmark_processed/jacs_set_tyk2_ejm_45.sdf,../large_fep_dataset/data/fep_benchmark_processed/jacs_set_tyk2_protein.pdb,125,8.191264,7.488224,7.4070587,7.9134116,8.15699,7.6666617,7.4802155,7.3947363,7.438724,7.7241483,7.6861444
126,jacs_set/tyk2,jacs_set/tyk2/ejm_44,../large_fep_dataset/data/fep_benchmark_processed/jacs_set_tyk2_ejm_44.sdf,../large_fep_dataset/data/fep_benchmark_processed/jacs_set_tyk2_protein.pdb,126,7.718057,6.5052342,6.1090603,6.457171,7.6463304,7.521487,7.1167583,6.9958696,6.527451,6.783649,6.9381065
127,jacs_set/tyk2,jacs_set/tyk2/ejm_43,../large_fep_dataset/data/fep_benchmark_processed/jacs_set_tyk2_ejm_43.sdf,../large_fep_dataset/data/fep_benchmark_processed/jacs_set_tyk2_protein.pdb,127,7.7091093,6.7953877,5.862454,6.9414363,7.0977855,7.3255906,7.3462315,7.319377,6.6636925,6.7163053,6.9777374
128,jacs_set/tyk2,jacs_set/tyk2/ejm_50,../large_fep_dataset/data/fep_benchmark_processed/jacs_set_tyk2_ejm_50.sdf,../large_fep_dataset/data/fep_benchmark_processed/jacs_set_tyk2_protein.pdb,128,7.2475896,6.6639204,6.2952633,6.9624467,7.0801983,6.966161,6.8370028,6.8199534,7.0314407,6.7025237,6.86065
129,jacs_set/tyk2,jacs_set/tyk2/ejm_42,../large_fep_dataset/data/fep_benchmark_processed/jacs_set_tyk2_ejm_42.sdf,../large_fep_dataset/data/fep_benchmark_processed/jacs_set_tyk2_protein.pdb,129,6.7565184,6.3429527,6.041419,6.6377435,6.89615,7.09041,6.590579,6.6186414,6.234824,6.227909,6.543715
130,jacs_set/tyk2,jacs_set/tyk2/ejm_55,../large_fep_dataset/data/fep_benchmark_processed/jacs_set_tyk2_ejm_55.sdf,../large_fep_dataset/data/fep_benchmark_processed/jacs_set_tyk2_protein.pdb,130,7.330619,6.9957924,6.8215923,6.792754,6.8858285,7.5480576,6.959669,6.798707,6.984945,7.0694222,7.0187387
131,jacs_set/tyk2,jacs_set/tyk2/ejm_48,../large_fep_dataset/data/fep_benchmark_processed/jacs_set_tyk2_ejm_48.sdf,../large_fep_dataset/data/fep_benchmark_processed/jacs_set_tyk2_protein.pdb,131,7.4973845,7.710393,7.4303637,7.4599323,7.704612,7.8620324,7.1392303,7.4919715,6.733517,7.5115876,7.4541025
132,jacs_set/tyk2,jacs_set/tyk2/ejm_54,../large_fep_dataset/data/fep_benchmark_processed/jacs_set_tyk2_ejm_54.sdf,../large_fep_dataset/data/fep_benchmark_processed/jacs_set_tyk2_protein.pdb,132,7.247915,7.249557,6.2052207,6.7110877,6.6411505,7.903921,7.0900674,7.1173816,6.85761,6.7297997,6.9753714
133,jacs_set/tyk2,jacs_set/tyk2/jmc_28,../large_fep_dataset/data/fep_benchmark_processed/jacs_set_tyk2_jmc_28.sdf,../large_fep_dataset/data/fep_benchmark_processed/jacs_set_tyk2_protein.pdb,133,7.970031,7.805031,6.9211416,7.822477,8.167489,7.5499496,7.9603224,7.4288254,7.450424,7.658934,7.673463
134,jacs_set/tyk2,jacs_set/tyk2/jmc_27,../large_fep_dataset/data/fep_benchmark_processed/jacs_set_tyk2_jmc_27.sdf,../large_fep_dataset/data/fep_benchmark_processed/jacs_set_tyk2_protein.pdb,134,8.43977,7.8195834,7.234529,8.51584,8.099468,7.972916,8.073478,8.051386,8.3529005,7.983438,8.054331
135,jacs_set/tyk2,jacs_set/tyk2/jmc_30,../large_fep_dataset/data/fep_benchmark_processed/jacs_set_tyk2_jmc_30.sdf,../large_fep_dataset/data/fep_benchmark_processed/jacs_set_tyk2_protein.pdb,135,8.424827,7.7709074,7.4859037,8.214052,7.690837,7.814119,8.171645,8.052349,8.125722,7.9810605,7.973142
136,jacs_set/tyk2,jacs_set/tyk2/ejm_46,../large_fep_dataset/data/fep_benchmark_processed/jacs_set_tyk2_ejm_46.sdf,../large_fep_dataset/data/fep_benchmark_processed/jacs_set_tyk2_protein.pdb,136,8.162647,8.143177,7.665875,8.350031,8.349815,8.173393,8.167976,8.282964,7.7519073,8.019609,8.10674
137,jacs_set/p38,jacs_set/p38/2j,../large_fep_dataset/data/fep_benchmark_processed/jacs_set_p38_2j.sdf,../large_fep_dataset/data/fep_benchmark_processed/jacs_set_p38_protein.pdb,137,7.9369144,7.7825856,8.36268,7.761607,7.724584,8.131824,8.038134,8.236057,7.7878885,7.8553205,7.96176
138,jacs_set/p38,jacs_set/p38/2gg,../large_fep_dataset/data/fep_benchmark_processed/jacs_set_p38_2gg.sdf,../large_fep_dataset/data/fep_benchmark_processed/jacs_set_p38_protein.pdb,138,7.7104287,7.4470067,7.107265,7.2861447,7.141211,7.819084,7.058282,7.3110633,7.7425256,7.490598,7.4113607
139,jacs_set/p38,jacs_set/p38/2q,../large_fep_dataset/data/fep_benchmark_processed/jacs_set_p38_2q.sdf,../large_fep_dataset/data/fep_benchmark_processed/jacs_set_p38_protein.pdb,139,7.989529,7.61706,7.663206,7.231967,7.726179,7.7521615,7.0985184,7.710956,7.8860044,7.979976,7.6655555
140,jacs_set/p38,jacs_set/p38/2t,../large_fep_dataset/data/fep_benchmark_processed/jacs_set_p38_2t.sdf,../large_fep_dataset/data/fep_benchmark_processed/jacs_set_p38_protein.pdb,140,7.6339126,7.8818526,7.805572,7.719901,7.9807296,8.170671,7.9904213,7.889403,7.843165,8.276992,7.919262
141,jacs_set/p38,jacs_set/p38/2g,../large_fep_dataset/data/fep_benchmark_processed/jacs_set_p38_2g.sdf,../large_fep_dataset/data/fep_benchmark_processed/jacs_set_p38_protein.pdb,141,7.749232,7.648257,7.175503,7.4194345,7.5984783,7.6920795,7.5343294,7.2971935,7.7544603,7.1312513,7.5000215
142,jacs_set/p38,jacs_set/p38/2l,../large_fep_dataset/data/fep_benchmark_processed/jacs_set_p38_2l.sdf,../large_fep_dataset/data/fep_benchmark_processed/jacs_set_p38_protein.pdb,142,8.012347,8.088988,7.8922935,7.5912604,8.142641,8.459824,7.928008,8.133068,8.068554,7.8755193,8.019251
143,jacs_set/p38,jacs_set/p38/2ee,../large_fep_dataset/data/fep_benchmark_processed/jacs_set_p38_2ee.sdf,../large_fep_dataset/data/fep_benchmark_processed/jacs_set_p38_protein.pdb,143,7.0324116,7.278179,7.062648,7.286294,7.146412,7.2786374,7.508826,7.3661137,7.5449295,7.467561,7.2972007
144,jacs_set/p38,jacs_set/p38/2aa,../large_fep_dataset/data/fep_benchmark_processed/jacs_set_p38_2aa.sdf,../large_fep_dataset/data/fep_benchmark_processed/jacs_set_p38_protein.pdb,144,7.8005576,7.7336006,7.24989,7.826433,7.420225,7.6045384,7.1657157,6.9896455,7.4724917,7.1207857,7.438389
145,jacs_set/p38,jacs_set/p38/2o,../large_fep_dataset/data/fep_benchmark_processed/jacs_set_p38_2o.sdf,../large_fep_dataset/data/fep_benchmark_processed/jacs_set_p38_protein.pdb,145,8.059145,7.926101,8.137326,7.79986,7.735821,7.8068247,7.893296,8.157976,7.7578697,7.972874,7.9247093
146,jacs_set/p38,jacs_set/p38/3flw,../large_fep_dataset/data/fep_benchmark_processed/jacs_set_p38_3flw.sdf,../large_fep_dataset/data/fep_benchmark_processed/jacs_set_p38_protein.pdb,146,7.588209,7.8720765,7.0571694,7.999112,7.0668993,7.250641,7.1678023,6.7741246,7.4033275,6.884977,7.3064337
147,jacs_set/p38,jacs_set/p38/2u,../large_fep_dataset/data/fep_benchmark_processed/jacs_set_p38_2u.sdf,../large_fep_dataset/data/fep_benchmark_processed/jacs_set_p38_protein.pdb,147,8.226506,8.330234,7.896103,7.383297,7.852555,7.690751,7.4005237,8.116612,7.921429,7.7736893,7.85917
148,jacs_set/p38,jacs_set/p38/2p,../large_fep_dataset/data/fep_benchmark_processed/jacs_set_p38_2p.sdf,../large_fep_dataset/data/fep_benchmark_processed/jacs_set_p38_protein.pdb,148,8.220377,7.9706116,8.12152,7.720508,7.9229865,7.6444182,8.10902,7.9700446,7.6445065,8.014698,7.9338684
149,jacs_set/p38,jacs_set/p38/2h,../large_fep_dataset/data/fep_benchmark_processed/jacs_set_p38_2h.sdf,../large_fep_dataset/data/fep_benchmark_processed/jacs_set_p38_protein.pdb,149,7.399962,7.708372,6.9408245,7.4708724,7.8590865,7.4508667,7.3104386,7.54616,7.1600046,6.6844354,7.353102
150,jacs_set/p38,jacs_set/p38/3fmk,../large_fep_dataset/data/fep_benchmark_processed/jacs_set_p38_3fmk.sdf,../large_fep_dataset/data/fep_benchmark_processed/jacs_set_p38_protein.pdb,150,8.322217,8.079563,7.6845427,8.340296,7.324631,7.3293877,6.8420763,7.425897,8.056028,7.660082,7.706472
151,jacs_set/p38,jacs_set/p38/2i,../large_fep_dataset/data/fep_benchmark_processed/jacs_set_p38_2i.sdf,../large_fep_dataset/data/fep_benchmark_processed/jacs_set_p38_protein.pdb,151,7.8426094,7.701479,7.997694,7.603942,7.754471,7.8780775,7.756699,8.03627,7.5228877,6.876861,7.697099
152,jacs_set/p38,jacs_set/p38/2f,../large_fep_dataset/data/fep_benchmark_processed/jacs_set_p38_2f.sdf,../large_fep_dataset/data/fep_benchmark_processed/jacs_set_p38_protein.pdb,152,7.669114,7.5036592,7.601339,7.805822,7.2624984,7.3818693,7.5591826,7.5966487,7.787438,7.3462825,7.5513854
153,jacs_set/p38,jacs_set/p38/2x,../large_fep_dataset/data/fep_benchmark_processed/jacs_set_p38_2x.sdf,../large_fep_dataset/data/fep_benchmark_processed/jacs_set_p38_protein.pdb,153,7.845022,7.735104,6.9349256,7.627232,7.497463,7.56498,7.5974817,7.5329423,7.938136,7.5063157,7.57796
154,jacs_set/p38,jacs_set/p38/2ff,../large_fep_dataset/data/fep_benchmark_processed/jacs_set_p38_2ff.sdf,../large_fep_dataset/data/fep_benchmark_processed/jacs_set_p38_protein.pdb,154,7.9055276,7.9860067,7.8981214,7.7415037,8.23213,7.8893423,7.8212485,7.866027,8.084141,7.6263313,7.9050384
155,jacs_set/p38,jacs_set/p38/2k,../large_fep_dataset/data/fep_benchmark_processed/jacs_set_p38_2k.sdf,../large_fep_dataset/data/fep_benchmark_processed/jacs_set_p38_protein.pdb,155,7.991688,7.8255773,7.7424607,7.271807,7.900524,8.043529,7.9340715,8.056285,8.000064,7.5251374,7.8291144
156,jacs_set/p38,jacs_set/p38/2n,../large_fep_dataset/data/fep_benchmark_processed/jacs_set_p38_2n.sdf,../large_fep_dataset/data/fep_benchmark_processed/jacs_set_p38_protein.pdb,156,8.044731,7.767197,7.767748,7.5884523,8.301096,8.099736,8.124372,8.036001,8.109164,8.228407,8.00669
157,jacs_set/p38,jacs_set/p38/3flq,../large_fep_dataset/data/fep_benchmark_processed/jacs_set_p38_3flq.sdf,../large_fep_dataset/data/fep_benchmark_processed/jacs_set_p38_protein.pdb,157,8.008191,7.933316,7.973675,7.959255,7.4569182,7.538822,7.576163,7.3284125,7.7733655,7.3483334,7.6896453
158,jacs_set/p38,jacs_set/p38/3fln,../large_fep_dataset/data/fep_benchmark_processed/jacs_set_p38_3fln.sdf,../large_fep_dataset/data/fep_benchmark_processed/jacs_set_p38_protein.pdb,158,7.813182,7.817015,7.7317176,7.7526164,7.7712955,7.7086544,7.8096447,8.153241,8.116155,7.5392876,7.8212814
159,jacs_set/p38,jacs_set/p38/2e,../large_fep_dataset/data/fep_benchmark_processed/jacs_set_p38_2e.sdf,../large_fep_dataset/data/fep_benchmark_processed/jacs_set_p38_protein.pdb,159,7.5896506,7.330255,7.4863887,7.6837864,7.263909,7.3955917,7.796859,7.8585815,7.6184416,7.150019,7.517348
160,jacs_set/p38,jacs_set/p38/3fmh,../large_fep_dataset/data/fep_benchmark_processed/jacs_set_p38_3fmh.sdf,../large_fep_dataset/data/fep_benchmark_processed/jacs_set_p38_protein.pdb,160,8.509189,7.9357014,7.5019565,8.307573,7.345121,7.4389563,6.9028234,7.3334956,8.028844,7.898301,7.720196
161,jacs_set/p38,jacs_set/p38/2c,../large_fep_dataset/data/fep_benchmark_processed/jacs_set_p38_2c.sdf,../large_fep_dataset/data/fep_benchmark_processed/jacs_set_p38_protein.pdb,161,6.960025,7.6359854,7.3191004,6.872396,7.8043747,6.882093,7.4085746,7.183537,6.9183464,7.562309,7.254674
162,jacs_set/p38,jacs_set/p38/2y,../large_fep_dataset/data/fep_benchmark_processed/jacs_set_p38_2y.sdf,../large_fep_dataset/data/fep_benchmark_processed/jacs_set_p38_protein.pdb,162,7.6133585,6.9164147,6.9059134,7.4335685,6.7304153,6.934187,6.9554863,7.3688745,7.516556,6.8843303,7.1259103
163,jacs_set/p38,jacs_set/p38/2s,../large_fep_dataset/data/fep_benchmark_processed/jacs_set_p38_2s.sdf,../large_fep_dataset/data/fep_benchmark_processed/jacs_set_p38_protein.pdb,163,8.123085,8.270811,7.670671,7.6506763,8.305795,7.7060637,8.424853,8.101376,7.6604395,8.03488,7.9948645
164,jacs_set/p38,jacs_set/p38/2m,../large_fep_dataset/data/fep_benchmark_processed/jacs_set_p38_2m.sdf,../large_fep_dataset/data/fep_benchmark_processed/jacs_set_p38_protein.pdb,164,8.27459,8.035773,7.7663302,7.210923,7.948917,7.720043,7.8257947,7.914071,8.505648,7.478031,7.8680115
165,jacs_set/p38,jacs_set/p38/2bb,../large_fep_dataset/data/fep_benchmark_processed/jacs_set_p38_2bb.sdf,../large_fep_dataset/data/fep_benchmark_processed/jacs_set_p38_protein.pdb,165,7.7797594,7.6356115,7.3361254,7.6756153,7.363167,7.101472,7.1364126,6.9769754,7.275631,7.0080495,7.3288813
166,jacs_set/p38,jacs_set/p38/2v,../large_fep_dataset/data/fep_benchmark_processed/jacs_set_p38_2v.sdf,../large_fep_dataset/data/fep_benchmark_processed/jacs_set_p38_protein.pdb,166,7.802561,6.908102,6.790613,7.057753,7.047028,6.892382,6.7709293,7.2750688,7.0693946,6.8425975,7.045643
167,jacs_set/p38,jacs_set/p38/2r,../large_fep_dataset/data/fep_benchmark_processed/jacs_set_p38_2r.sdf,../large_fep_dataset/data/fep_benchmark_processed/jacs_set_p38_protein.pdb,167,8.003325,8.003442,7.767276,7.4012423,8.033453,8.047471,7.8637633,8.026157,7.9708176,8.041598,7.915854
168,jacs_set/p38,jacs_set/p38/3flz,../large_fep_dataset/data/fep_benchmark_processed/jacs_set_p38_3flz.sdf,../large_fep_dataset/data/fep_benchmark_processed/jacs_set_p38_protein.pdb,168,7.38242,7.24225,7.0634947,7.140277,7.1301956,7.022558,7.4577236,6.9857545,7.1881304,6.788379,7.1401186
169,jacs_set/p38,jacs_set/p38/2z,../large_fep_dataset/data/fep_benchmark_processed/jacs_set_p38_2z.sdf,../large_fep_dataset/data/fep_benchmark_processed/jacs_set_p38_protein.pdb,169,7.6812563,7.7019854,7.39166,7.6671195,7.2573977,7.3587704,7.626893,7.452763,7.733777,7.3635874,7.5235205
170,jacs_set/p38,jacs_set/p38/3fly,../large_fep_dataset/data/fep_benchmark_processed/jacs_set_p38_3fly.sdf,../large_fep_dataset/data/fep_benchmark_processed/jacs_set_p38_protein.pdb,170,7.870319,7.760002,6.8728127,7.5139384,7.247197,7.711006,7.040306,7.2272105,7.502637,7.037076,7.378251
171,jacs_set/bace,jacs_set/bace/CAT-13n,../large_fep_dataset/data/fep_benchmark_processed/jacs_set_bace_CAT-13n.sdf,../large_fep_dataset/data/fep_benchmark_processed/jacs_set_bace_protein.pdb,171,6.3463225,6.009263,6.2923145,6.4282722,6.7658286,6.9291124,7.049216,6.4036555,6.0182123,6.4219313,6.466413
172,jacs_set/bace,jacs_set/bace/CAT-13e,../large_fep_dataset/data/fep_benchmark_processed/jacs_set_bace_CAT-13e.sdf,../large_fep_dataset/data/fep_benchmark_processed/jacs_set_bace_protein.pdb,172,6.8161173,6.424241,6.532484,6.9150186,6.3426,6.894995,6.712758,6.8861113,6.497047,6.8901834,6.691156
173,jacs_set/bace,jacs_set/bace/CAT-4a,../large_fep_dataset/data/fep_benchmark_processed/jacs_set_bace_CAT-4a.sdf,../large_fep_dataset/data/fep_benchmark_processed/jacs_set_bace_protein.pdb,173,5.403556,4.9002867,5.4404097,5.1877136,5.3768673,5.5688257,5.8658147,5.434292,5.0827055,5.751971,5.401244
174,jacs_set/bace,jacs_set/bace/CAT-4m,../large_fep_dataset/data/fep_benchmark_processed/jacs_set_bace_CAT-4m.sdf,../large_fep_dataset/data/fep_benchmark_processed/jacs_set_bace_protein.pdb,174,6.0259624,5.9239683,5.991019,5.9285426,6.3375316,6.236637,6.8953114,5.920989,5.9687605,6.297425,6.152615
175,jacs_set/bace,jacs_set/bace/CAT-17b,../large_fep_dataset/data/fep_benchmark_processed/jacs_set_bace_CAT-17b.sdf,../large_fep_dataset/data/fep_benchmark_processed/jacs_set_bace_protein.pdb,175,6.4251056,6.303296,6.357302,6.220253,6.5506134,6.2907906,6.8354354,6.3631496,6.323688,6.5869784,6.4256616
176,jacs_set/bace,jacs_set/bace/CAT-13j,../large_fep_dataset/data/fep_benchmark_processed/jacs_set_bace_CAT-13j.sdf,../large_fep_dataset/data/fep_benchmark_processed/jacs_set_bace_protein.pdb,176,6.174545,5.566136,6.0406575,6.5196447,6.3170967,6.2594833,6.7277465,5.9346113,6.034333,6.419112,6.1993365
177,jacs_set/bace,jacs_set/bace/CAT-13d,../large_fep_dataset/data/fep_benchmark_processed/jacs_set_bace_CAT-13d.sdf,../large_fep_dataset/data/fep_benchmark_processed/jacs_set_bace_protein.pdb,177,7.1466155,6.053749,6.6954875,6.3154445,6.693505,6.8970733,6.775395,6.781936,6.7716565,6.9420447,6.7072906
178,jacs_set/bace,jacs_set/bace/CAT-13b,../large_fep_dataset/data/fep_benchmark_processed/jacs_set_bace_CAT-13b.sdf,../large_fep_dataset/data/fep_benchmark_processed/jacs_set_bace_protein.pdb,178,6.269695,5.669076,6.044689,6.096672,6.47891,6.1804967,6.57103,6.4306746,6.6000123,6.3449454,6.2686205
179,jacs_set/bace,jacs_set/bace/CAT-13a,../large_fep_dataset/data/fep_benchmark_processed/jacs_set_bace_CAT-13a.sdf,../large_fep_dataset/data/fep_benchmark_processed/jacs_set_bace_protein.pdb,179,6.225063,5.564833,6.389559,6.3986497,6.400015,6.2836094,6.5408463,6.22374,6.5771427,6.0971603,6.2700615
180,jacs_set/bace,jacs_set/bace/CAT-13h,../large_fep_dataset/data/fep_benchmark_processed/jacs_set_bace_CAT-13h.sdf,../large_fep_dataset/data/fep_benchmark_processed/jacs_set_bace_protein.pdb,180,7.105047,6.283793,6.9474287,7.2329845,7.027656,6.952934,6.980034,7.031849,7.2137475,7.1904917,6.9965963
181,jacs_set/bace,jacs_set/bace/CAT-13o,../large_fep_dataset/data/fep_benchmark_processed/jacs_set_bace_CAT-13o.sdf,../large_fep_dataset/data/fep_benchmark_processed/jacs_set_bace_protein.pdb,181,7.1673894,6.672949,6.95728,6.671869,7.262047,6.6838183,7.3709607,6.9861417,6.636594,7.4594035,6.9868455
182,jacs_set/bace,jacs_set/bace/CAT-13g,../large_fep_dataset/data/fep_benchmark_processed/jacs_set_bace_CAT-13g.sdf,../large_fep_dataset/data/fep_benchmark_processed/jacs_set_bace_protein.pdb,182,6.421037,6.2664156,6.4950404,6.5948277,6.0323863,6.3941007,6.8107657,6.3935056,5.9029922,6.525157,6.3836226
183,jacs_set/bace,jacs_set/bace/CAT-4k,../large_fep_dataset/data/fep_benchmark_processed/jacs_set_bace_CAT-4k.sdf,../large_fep_dataset/data/fep_benchmark_processed/jacs_set_bace_protein.pdb,183,5.41547,4.885224,5.323577,5.539526,5.806457,6.029761,5.88094,5.5731277,5.8246017,5.7662983,5.6044984
184,jacs_set/bace,jacs_set/bace/CAT-17g,../large_fep_dataset/data/fep_benchmark_processed/jacs_set_bace_CAT-17g.sdf,../large_fep_dataset/data/fep_benchmark_processed/jacs_set_bace_protein.pdb,184,6.9742,6.395053,6.5935016,6.396242,6.7517104,7.1414204,6.7131286,6.871618,6.6827993,6.723561,6.7243233
185,jacs_set/bace,jacs_set/bace/CAT-4l,../large_fep_dataset/data/fep_benchmark_processed/jacs_set_bace_CAT-4l.sdf,../large_fep_dataset/data/fep_benchmark_processed/jacs_set_bace_protein.pdb,185,6.183184,5.4891963,5.9629993,5.786413,5.884816,6.3642173,6.5734253,6.2380877,6.1502094,5.893414,6.052596
186,jacs_set/bace,jacs_set/bace/CAT-4j,../large_fep_dataset/data/fep_benchmark_processed/jacs_set_bace_CAT-4j.sdf,../large_fep_dataset/data/fep_benchmark_processed/jacs_set_bace_protein.pdb,186,5.459453,5.053085,5.6648774,5.704538,5.611087,5.9917226,5.980921,5.530893,5.8065495,6.087539,5.6890664
187,jacs_set/bace,jacs_set/bace/CAT-4n,../large_fep_dataset/data/fep_benchmark_processed/jacs_set_bace_CAT-4n.sdf,../large_fep_dataset/data/fep_benchmark_processed/jacs_set_bace_protein.pdb,187,5.9537635,5.5874553,6.6452236,6.2473884,6.487436,6.539837,6.69446,6.3549614,6.142156,6.4169016,6.306958
188,jacs_set/bace,jacs_set/bace/CAT-13i,../large_fep_dataset/data/fep_benchmark_processed/jacs_set_bace_CAT-13i.sdf,../large_fep_dataset/data/fep_benchmark_processed/jacs_set_bace_protein.pdb,188,6.557456,6.228052,6.7329955,6.62019,6.6872215,6.6785784,6.582571,6.4277544,6.4800744,6.5762014,6.557109
189,jacs_set/bace,jacs_set/bace/CAT-17f,../large_fep_dataset/data/fep_benchmark_processed/jacs_set_bace_CAT-17f.sdf,../large_fep_dataset/data/fep_benchmark_processed/jacs_set_bace_protein.pdb,189,6.939771,6.289858,6.5834374,6.073471,6.763424,7.0775976,6.914067,7.134616,6.5409784,6.4102664,6.6727486
190,jacs_set/bace,jacs_set/bace/CAT-4p,../large_fep_dataset/data/fep_benchmark_processed/jacs_set_bace_CAT-4p.sdf,../large_fep_dataset/data/fep_benchmark_processed/jacs_set_bace_protein.pdb,190,6.8579926,5.7321467,6.8815517,6.94099,6.8413014,6.993656,7.1041207,6.656452,6.654832,6.8924546,6.7555494
191,jacs_set/bace,jacs_set/bace/CAT-13c,../large_fep_dataset/data/fep_benchmark_processed/jacs_set_bace_CAT-13c.sdf,../large_fep_dataset/data/fep_benchmark_processed/jacs_set_bace_protein.pdb,191,6.4228106,5.824709,6.2725196,5.9573936,6.489796,6.3359504,6.813556,6.694222,6.414354,6.453767,6.3679075
192,jacs_set/bace,jacs_set/bace/CAT-24,../large_fep_dataset/data/fep_benchmark_processed/jacs_set_bace_CAT-24.sdf,../large_fep_dataset/data/fep_benchmark_processed/jacs_set_bace_protein.pdb,192,7.682615,7.7562695,7.6715784,7.3766937,7.667238,7.5062203,7.4075756,7.4910274,7.059458,7.0781517,7.469682
193,jacs_set/bace,jacs_set/bace/CAT-4i,../large_fep_dataset/data/fep_benchmark_processed/jacs_set_bace_CAT-4i.sdf,../large_fep_dataset/data/fep_benchmark_processed/jacs_set_bace_protein.pdb,193,5.3355675,5.2916236,5.4855375,5.9223185,5.3361063,5.763548,6.119102,5.958983,5.5335336,5.7847524,5.653107
194,jacs_set/bace,jacs_set/bace/CAT-4c,../large_fep_dataset/data/fep_benchmark_processed/jacs_set_bace_CAT-4c.sdf,../large_fep_dataset/data/fep_benchmark_processed/jacs_set_bace_protein.pdb,194,5.6805196,5.0681987,5.185877,5.6389856,5.2167664,5.825227,5.617108,5.36855,5.4875746,5.8395715,5.492838
195,jacs_set/bace,jacs_set/bace/CAT-17i,../large_fep_dataset/data/fep_benchmark_processed/jacs_set_bace_CAT-17i.sdf,../large_fep_dataset/data/fep_benchmark_processed/jacs_set_bace_protein.pdb,195,6.716091,6.365589,6.278545,6.299977,6.1729364,6.672324,6.7286716,6.528617,6.29588,6.3787894,6.4437423
196,jacs_set/bace,jacs_set/bace/CAT-13k,../large_fep_dataset/data/fep_benchmark_processed/jacs_set_bace_CAT-13k.sdf,../large_fep_dataset/data/fep_benchmark_processed/jacs_set_bace_protein.pdb,196,6.208441,6.03458,6.11199,6.6234407,6.6942034,6.623502,6.847255,6.194281,6.2829022,6.805723,6.4426317
197,jacs_set/bace,jacs_set/bace/CAT-17a,../large_fep_dataset/data/fep_benchmark_processed/jacs_set_bace_CAT-17a.sdf,../large_fep_dataset/data/fep_benchmark_processed/jacs_set_bace_protein.pdb,197,7.5225344,6.467979,7.0383024,6.9926367,7.185408,7.001275,7.1647744,7.039069,7.1103506,7.3368945,7.085923
198,jacs_set/bace,jacs_set/bace/CAT-17c,../large_fep_dataset/data/fep_benchmark_processed/jacs_set_bace_CAT-17c.sdf,../large_fep_dataset/data/fep_benchmark_processed/jacs_set_bace_protein.pdb,198,7.02269,6.213893,6.6011963,5.8314157,6.4591794,6.7906566,7.0305047,7.083377,6.5045996,6.293831,6.5831347
199,jacs_set/bace,jacs_set/bace/CAT-4o,../large_fep_dataset/data/fep_benchmark_processed/jacs_set_bace_CAT-4o.sdf,../large_fep_dataset/data/fep_benchmark_processed/jacs_set_bace_protein.pdb,199,6.3566074,5.728687,6.366588,6.365138,6.444327,6.7991314,6.4024186,6.378867,6.258893,6.732034,6.3832693
200,jacs_set/bace,jacs_set/bace/CAT-17d,../large_fep_dataset/data/fep_benchmark_processed/jacs_set_bace_CAT-17d.sdf,../large_fep_dataset/data/fep_benchmark_processed/jacs_set_bace_protein.pdb,200,6.3880906,5.8191376,6.170241,5.746266,5.978739,6.256966,6.356732,6.2142425,6.261881,6.1792603,6.137155
201,jacs_set/bace,jacs_set/bace/CAT-4b,../large_fep_dataset/data/fep_benchmark_processed/jacs_set_bace_CAT-4b.sdf,../large_fep_dataset/data/fep_benchmark_processed/jacs_set_bace_protein.pdb,201,6.2057586,5.6525507,6.0779853,5.9608154,6.211338,5.913799,6.5796604,5.8499784,5.898045,6.519343,6.0869274
202,jacs_set/bace,jacs_set/bace/CAT-13f,../large_fep_dataset/data/fep_benchmark_processed/jacs_set_bace_CAT-13f.sdf,../large_fep_dataset/data/fep_benchmark_processed/jacs_set_bace_protein.pdb,202,6.852256,6.454545,6.7129526,7.0079665,6.416338,6.8257794,6.95375,6.9050255,6.503954,6.819143,6.7451715
203,jacs_set/bace,jacs_set/bace/CAT-4d,../large_fep_dataset/data/fep_benchmark_processed/jacs_set_bace_CAT-4d.sdf,../large_fep_dataset/data/fep_benchmark_processed/jacs_set_bace_protein.pdb,203,6.064214,5.972322,5.7553167,6.24301,5.916001,5.883922,6.7203074,5.7566304,5.9020348,6.4633875,6.067714
204,jacs_set/bace,jacs_set/bace/CAT-13m,../large_fep_dataset/data/fep_benchmark_processed/jacs_set_bace_CAT-13m.sdf,../large_fep_dataset/data/fep_benchmark_processed/jacs_set_bace_protein.pdb,204,6.405646,5.8753166,6.892623,6.4467344,6.863618,6.896858,7.109261,6.8943057,6.2478724,6.6171355,6.6249366
205,jacs_set/bace,jacs_set/bace/CAT-17h,../large_fep_dataset/data/fep_benchmark_processed/jacs_set_bace_CAT-17h.sdf,../large_fep_dataset/data/fep_benchmark_processed/jacs_set_bace_protein.pdb,205,7.4821258,6.1427264,6.9771886,6.865962,6.9920816,7.1842766,6.999842,7.023594,6.997728,6.9843655,6.9649887
206,jacs_set/bace,jacs_set/bace/CAT-17e,../large_fep_dataset/data/fep_benchmark_processed/jacs_set_bace_CAT-17e.sdf,../large_fep_dataset/data/fep_benchmark_processed/jacs_set_bace_protein.pdb,206,7.0546904,6.5104117,6.843981,6.721114,6.725433,6.772143,7.0007424,6.753948,6.701012,6.685833,6.776931
207,charge_annhil/jnk1,charge_annhil/jnk1/6a,../large_fep_dataset/data/fep_benchmark_processed/charge_annhil_jnk1_6a.sdf,../large_fep_dataset/data/fep_benchmark_processed/charge_annhil_jnk1_protein.pdb,207,6.9805923,6.1034274,5.7894177,6.017502,6.545533,6.4735107,5.9655523,6.1191487,5.838679,6.099993,6.193336
208,charge_annhil/jnk1,charge_annhil/jnk1/19a_neu,../large_fep_dataset/data/fep_benchmark_processed/charge_annhil_jnk1_19a_neu.sdf,../large_fep_dataset/data/fep_benchmark_processed/charge_annhil_jnk1_protein.pdb,208,5.8204546,5.7593465,6.0842013,5.9361095,6.5982265,6.16027,6.6026883,5.8587666,5.673553,6.2446775,6.073829
209,charge_annhil/jnk1,charge_annhil/jnk1/19b_neu,../large_fep_dataset/data/fep_benchmark_processed/charge_annhil_jnk1_19b_neu.sdf,../large_fep_dataset/data/fep_benchmark_processed/charge_annhil_jnk1_protein.pdb,209,6.281941,6.0656137,5.005557,5.5411816,5.74619,6.308292,5.8284817,5.755759,5.1908016,5.3626504,5.7086477
210,charge_annhil/jnk1,charge_annhil/jnk1/19b_charg,../large_fep_dataset/data/fep_benchmark_processed/charge_annhil_jnk1_19b_charg.sdf,../large_fep_dataset/data/fep_benchmark_processed/charge_annhil_jnk1_protein.pdb,210,5.917756,6.078906,5.3492746,5.3257866,5.8362417,5.9205017,5.973892,6.244956,5.3352056,5.611143,5.7593665
211,charge_annhil/jnk1,charge_annhil/jnk1/19a_charg,../large_fep_dataset/data/fep_benchmark_processed/charge_annhil_jnk1_19a_charg.sdf,../large_fep_dataset/data/fep_benchmark_processed/charge_annhil_jnk1_protein.pdb,211,6.078901,6.0272617,6.4246616,5.8918333,6.376236,6.40872,6.5355735,5.949007,5.816852,6.2671905,6.1776233
212,charge_annhil/egfr,charge_annhil/egfr/21,../large_fep_dataset/data/fep_benchmark_processed/charge_annhil_egfr_21.sdf,../large_fep_dataset/data/fep_benchmark_processed/charge_annhil_egfr_protein.pdb,212,7.627802,7.5118675,8.03718,7.9354463,7.6726522,7.3728776,7.487811,7.891095,8.087271,7.6454816,7.7269487
213,charge_annhil/egfr,charge_annhil/egfr/27neu,../large_fep_dataset/data/fep_benchmark_processed/charge_annhil_egfr_27neu.sdf,../large_fep_dataset/data/fep_benchmark_processed/charge_annhil_egfr_protein.pdb,213,7.8441043,8.019847,8.027948,7.4965653,7.4826684,7.056008,7.5424714,7.893123,7.8385787,7.44838,7.6649694
214,charge_annhil/egfr,charge_annhil/egfr/27chargR,../large_fep_dataset/data/fep_benchmark_processed/charge_annhil_egfr_27chargR.sdf,../large_fep_dataset/data/fep_benchmark_processed/charge_annhil_egfr_protein.pdb,214,7.825976,7.9258404,7.914888,7.4192114,7.6100826,7.0418587,7.6509957,7.6942544,8.106145,7.5881963,7.677745
215,charge_annhil/egfr,charge_annhil/egfr/27chargS,../large_fep_dataset/data/fep_benchmark_processed/charge_annhil_egfr_27chargS.sdf,../large_fep_dataset/data/fep_benchmark_processed/charge_annhil_egfr_protein.pdb,215,7.83315,7.995019,7.962179,7.509302,7.8002667,7.109489,7.654182,7.797595,8.093928,7.5997066,7.735482
216,charge_annhil/egfr,charge_annhil/egfr/28neu,../large_fep_dataset/data/fep_benchmark_processed/charge_annhil_egfr_28neu.sdf,../large_fep_dataset/data/fep_benchmark_processed/charge_annhil_egfr_protein.pdb,216,7.6445036,7.41713,8.21772,7.4771357,7.288633,7.2786455,7.1992607,7.9055243,7.857387,7.6962748,7.598221
217,charge_annhil/egfr,charge_annhil/egfr/28charg,../large_fep_dataset/data/fep_benchmark_processed/charge_annhil_egfr_28charg.sdf,../large_fep_dataset/data/fep_benchmark_processed/charge_annhil_egfr_protein.pdb,217,7.529137,7.945009,8.233792,7.770396,7.8285623,7.5965576,7.645283,7.8313937,8.31484,8.128347,7.882333
218,charge_annhil/egfr,charge_annhil/egfr/29neu,../large_fep_dataset/data/fep_benchmark_processed/charge_annhil_egfr_29neu.sdf,../large_fep_dataset/data/fep_benchmark_processed/charge_annhil_egfr_protein.pdb,218,7.964372,8.053392,8.130903,7.4038644,7.495774,7.0616336,7.623891,7.6709437,7.6645417,7.6523776,7.6721687
219,charge_annhil/egfr,charge_annhil/egfr/29charg,../large_fep_dataset/data/fep_benchmark_processed/charge_annhil_egfr_29charg.sdf,../large_fep_dataset/data/fep_benchmark_processed/charge_annhil_egfr_protein.pdb,219,8.092714,7.8811293,8.29228,7.582953,7.4276357,7.0871506,7.617419,7.908398,7.80462,7.62705,7.732136
220,charge_annhil/egfr,charge_annhil/egfr/30neu,../large_fep_dataset/data/fep_benchmark_processed/charge_annhil_egfr_30neu.sdf,../large_fep_dataset/data/fep_benchmark_processed/charge_annhil_egfr_protein.pdb,220,7.6002955,8.109636,7.866639,7.826739,7.555807,7.558572,7.8510804,7.6306767,8.028925,7.5324416,7.7560816
221,charge_annhil/egfr,charge_annhil/egfr/30charg,../large_fep_dataset/data/fep_benchmark_processed/charge_annhil_egfr_30charg.sdf,../large_fep_dataset/data/fep_benchmark_processed/charge_annhil_egfr_protein.pdb,221,7.6518197,8.194225,8.083405,7.8727474,7.788509,7.53343,7.7565923,7.8133135,8.12924,7.549332,7.837261
222,charge_annhil/ptp1b,charge_annhil/ptp1b/26charg,../large_fep_dataset/data/fep_benchmark_processed/charge_annhil_ptp1b_26charg.sdf,../large_fep_dataset/data/fep_benchmark_processed/charge_annhil_ptp1b_protein.pdb,222,7.169602,6.975617,6.559776,7.0862827,7.056828,6.2690344,6.937756,7.35838,7.21402,6.8416204,6.946892
223,charge_annhil/ptp1b,charge_annhil/ptp1b/26neu,../large_fep_dataset/data/fep_benchmark_processed/charge_annhil_ptp1b_26neu.sdf,../large_fep_dataset/data/fep_benchmark_processed/charge_annhil_ptp1b_protein.pdb,223,6.9225926,6.9794207,6.645226,6.92916,6.8546243,6.3730626,6.82913,7.0701523,7.2978997,6.7322917,6.863356
224,charge_annhil/ptp1b,charge_annhil/ptp1b/27,../large_fep_dataset/data/fep_benchmark_processed/charge_annhil_ptp1b_27.sdf,../large_fep_dataset/data/fep_benchmark_processed/charge_annhil_ptp1b_protein.pdb,224,7.1612,7.017449,6.9568214,7.5453763,6.9794183,7.0406537,6.906467,7.6590962,7.359084,6.7787886,7.140435
225,charge_annhil/ptp1b,charge_annhil/ptp1b/32,../large_fep_dataset/data/fep_benchmark_processed/charge_annhil_ptp1b_32.sdf,../large_fep_dataset/data/fep_benchmark_processed/charge_annhil_ptp1b_protein.pdb,225,8.416954,8.2948,7.457294,7.8206677,7.942026,7.972082,8.088345,8.4204,7.846007,8.274162,8.053274
226,charge_annhil/irak4_s2,charge_annhil/irak4_s2/17charg,../large_fep_dataset/data/fep_benchmark_processed/charge_annhil_irak4_s2_17charg.sdf,../large_fep_dataset/data/fep_benchmark_processed/charge_annhil_irak4_s2_protein.pdb,226,6.6887717,6.880428,6.9218082,6.6370926,6.7908993,6.2824984,6.5042014,6.714369,6.9287105,6.744039,6.709282
227,charge_annhil/irak4_s2,charge_annhil/irak4_s2/17neu,../large_fep_dataset/data/fep_benchmark_processed/charge_annhil_irak4_s2_17neu.sdf,../large_fep_dataset/data/fep_benchmark_processed/charge_annhil_irak4_s2_protein.pdb,227,6.776255,7.2960815,7.3459854,7.024126,6.9514885,6.867151,7.1900563,6.8591247,7.4299774,6.79245,7.0532694
228,charge_annhil/irak4_s2,charge_annhil/irak4_s2/5neu,../large_fep_dataset/data/fep_benchmark_processed/charge_annhil_irak4_s2_5neu.sdf,../large_fep_dataset/data/fep_benchmark_processed/charge_annhil_irak4_s2_protein.pdb,228,6.9475107,6.947172,7.021902,7.210509,7.214389,6.9362125,7.231077,7.011038,7.4006066,6.948947,7.086937
229,charge_annhil/irak4_s2,charge_annhil/irak4_s2/18,../large_fep_dataset/data/fep_benchmark_processed/charge_annhil_irak4_s2_18.sdf,../large_fep_dataset/data/fep_benchmark_processed/charge_annhil_irak4_s2_protein.pdb,229,6.087644,6.444168,6.7000046,6.100527,6.458561,6.215202,6.809419,6.4003377,6.618432,6.3498435,6.4184136
230,charge_annhil/irak4_s2,charge_annhil/irak4_s2/6,../large_fep_dataset/data/fep_benchmark_processed/charge_annhil_irak4_s2_6.sdf,../large_fep_dataset/data/fep_benchmark_processed/charge_annhil_irak4_s2_protein.pdb,230,6.1190944,6.145556,6.3934426,6.156788,6.3756914,5.9267364,6.790498,5.9914546,5.784508,6.2465277,6.1930294
231,charge_annhil/irak4_s2,charge_annhil/irak4_s2/5charg,../large_fep_dataset/data/fep_benchmark_processed/charge_annhil_irak4_s2_5charg.sdf,../large_fep_dataset/data/fep_benchmark_processed/charge_annhil_irak4_s2_protein.pdb,231,6.704825,6.8737764,7.081904,7.0020895,7.401805,6.7312503,6.9937043,6.5781813,7.1147814,6.8988633,6.938118
232,charge_annhil/irak4_s2,charge_annhil/irak4_s2/14,../large_fep_dataset/data/fep_benchmark_processed/charge_annhil_irak4_s2_14.sdf,../large_fep_dataset/data/fep_benchmark_processed/charge_annhil_irak4_s2_protein.pdb,232,5.9314947,6.3369718,6.684631,5.935747,6.5157275,5.9423857,6.2093983,6.485954,6.907931,6.4138684,6.3364115
233,charge_annhil/dlk,charge_annhil/dlk/9,../large_fep_dataset/data/fep_benchmark_processed/charge_annhil_dlk_9.sdf,../large_fep_dataset/data/fep_benchmark_processed/charge_annhil_dlk_protein.pdb,233,6.660161,6.888457,7.0072007,6.677067,6.3902054,6.31346,6.7478533,7.174608,6.9948707,6.6812825,6.753517
234,charge_annhil/dlk,charge_annhil/dlk/17charg,../large_fep_dataset/data/fep_benchmark_processed/charge_annhil_dlk_17charg.sdf,../large_fep_dataset/data/fep_benchmark_processed/charge_annhil_dlk_protein.pdb,234,7.4769506,7.4389195,7.5049734,7.191565,7.1422553,7.2605247,7.430417,7.124617,7.3784647,7.2734237,7.3222113
235,charge_annhil/dlk,charge_annhil/dlk/17neu,../large_fep_dataset/data/fep_benchmark_processed/charge_annhil_dlk_17neu.sdf,../large_fep_dataset/data/fep_benchmark_processed/charge_annhil_dlk_protein.pdb,235,7.4981565,7.3515387,7.1490755,7.0133915,6.74646,7.1491747,7.455167,7.088403,7.7633033,7.1541986,7.2368865
236,charge_annhil/dlk,charge_annhil/dlk/4charg,../large_fep_dataset/data/fep_benchmark_processed/charge_annhil_dlk_4charg.sdf,../large_fep_dataset/data/fep_benchmark_processed/charge_annhil_dlk_protein.pdb,236,6.072776,6.6152167,6.9377327,6.890954,6.3913984,6.6419573,6.6817803,6.9344406,6.431732,6.7390027,6.633699
237,charge_annhil/dlk,charge_annhil/dlk/4neu,../large_fep_dataset/data/fep_benchmark_processed/charge_annhil_dlk_4neu.sdf,../large_fep_dataset/data/fep_benchmark_processed/charge_annhil_dlk_protein.pdb,237,6.2315397,6.9119687,6.908203,6.978136,6.456797,6.982489,6.6939793,6.7942457,7.0043087,6.6996264,6.7661295
238,charge_annhil/dlk,charge_annhil/dlk/18,../large_fep_dataset/data/fep_benchmark_processed/charge_annhil_dlk_18.sdf,../large_fep_dataset/data/fep_benchmark_processed/charge_annhil_dlk_protein.pdb,238,7.021565,6.9832206,6.7815094,6.9414415,6.3851585,6.965963,6.9924455,6.8667846,7.3953967,6.8401065,6.9173594
239,charge_annhil/dlk,charge_annhil/dlk/8,../large_fep_dataset/data/fep_benchmark_processed/charge_annhil_dlk_8.sdf,../large_fep_dataset/data/fep_benchmark_processed/charge_annhil_dlk_protein.pdb,239,7.0152197,7.27593,7.0177054,7.4698143,6.8965936,7.183022,7.4590063,7.2306676,7.026057,7.3412294,7.1915245
240,charge_annhil/irak4_s3,charge_annhil/irak4_s3/28neu,../large_fep_dataset/data/fep_benchmark_processed/charge_annhil_irak4_s3_28neu.sdf,../large_fep_dataset/data/fep_benchmark_processed/charge_annhil_irak4_s3_protein.pdb,240,6.3008595,6.4405556,6.596056,6.42583,6.5041647,6.074052,6.5277042,6.460934,6.7628264,6.0740643,6.4167047
241,charge_annhil/irak4_s3,charge_annhil/irak4_s3/19charg,../large_fep_dataset/data/fep_benchmark_processed/charge_annhil_irak4_s3_19charg.sdf,../large_fep_dataset/data/fep_benchmark_processed/charge_annhil_irak4_s3_protein.pdb,241,6.640751,6.547412,6.8175116,6.5560646,6.2684355,6.5378866,6.681697,6.85854,7.041818,6.5061803,6.64563
242,charge_annhil/irak4_s3,charge_annhil/irak4_s3/29,../large_fep_dataset/data/fep_benchmark_processed/charge_annhil_irak4_s3_29.sdf,../large_fep_dataset/data/fep_benchmark_processed/charge_annhil_irak4_s3_protein.pdb,242,5.850707,6.1368604,6.36343,6.105213,6.0185766,5.7247677,6.7464547,6.0923324,6.330739,6.044348,6.141343
243,charge_annhil/irak4_s3,charge_annhil/irak4_s3/19neu,../large_fep_dataset/data/fep_benchmark_processed/charge_annhil_irak4_s3_19neu.sdf,../large_fep_dataset/data/fep_benchmark_processed/charge_annhil_irak4_s3_protein.pdb,243,6.089815,6.1300526,6.569564,6.3237057,5.8915005,6.2142906,6.494718,6.3868647,6.686169,6.1677713,6.295445
244,charge_annhil/irak4_s3,charge_annhil/irak4_s3/28charg,../large_fep_dataset/data/fep_benchmark_processed/charge_annhil_irak4_s3_28charg.sdf,../large_fep_dataset/data/fep_benchmark_processed/charge_annhil_irak4_s3_protein.pdb,244,6.437684,6.4588003,6.5899405,6.462758,6.7048807,6.3001394,6.7776275,6.670932,7.009852,6.2451863,6.5657806
245,charge_annhil/irak4_s3,charge_annhil/irak4_s3/27,../large_fep_dataset/data/fep_benchmark_processed/charge_annhil_irak4_s3_27.sdf,../large_fep_dataset/data/fep_benchmark_processed/charge_annhil_irak4_s3_protein.pdb,245,5.8732586,5.9718275,6.418629,6.272945,5.9549036,5.6967316,6.4602003,6.349693,6.1816754,6.1760607,6.1355925
246,charge_annhil/ephx2,charge_annhil/ephx2/47charg,../large_fep_dataset/data/fep_benchmark_processed/charge_annhil_ephx2_47charg.sdf,../large_fep_dataset/data/fep_benchmark_processed/charge_annhil_ephx2_protein.pdb,246,8.354208,8.4346285,8.413194,7.9568624,8.174435,7.820875,7.564769,8.259035,8.266803,8.016843,8.126165
247,charge_annhil/ephx2,charge_annhil/ephx2/19charg,../large_fep_dataset/data/fep_benchmark_processed/charge_annhil_ephx2_19charg.sdf,../large_fep_dataset/data/fep_benchmark_processed/charge_annhil_ephx2_protein.pdb,247,5.882841,6.7718863,7.160514,7.113052,6.8974075,6.644172,6.357458,6.688128,6.7826085,7.034065,6.733213
248,charge_annhil/ephx2,charge_annhil/ephx2/19neu,../large_fep_dataset/data/fep_benchmark_processed/charge_annhil_ephx2_19neu.sdf,../large_fep_dataset/data/fep_benchmark_processed/charge_annhil_ephx2_protein.pdb,248,5.9282126,6.920168,7.708053,6.965978,6.954113,6.6896605,7.055101,7.0084743,7.1791744,7.082083,6.949102
249,charge_annhil/ephx2,charge_annhil/ephx2/20,../large_fep_dataset/data/fep_benchmark_processed/charge_annhil_ephx2_20.sdf,../large_fep_dataset/data/fep_benchmark_processed/charge_annhil_ephx2_protein.pdb,249,6.2541165,7.169532,7.612949,6.959396,6.8478813,6.4951963,6.80015,7.1429124,7.3542833,6.8609037,6.9497323
250,charge_annhil/ephx2,charge_annhil/ephx2/47neu,../large_fep_dataset/data/fep_benchmark_processed/charge_annhil_ephx2_47neu.sdf,../large_fep_dataset/data/fep_benchmark_processed/charge_annhil_ephx2_protein.pdb,250,8.330666,8.3716135,8.467808,7.9232655,8.170347,7.96356,7.5577283,8.250234,8.252822,8.162974,8.145102
251,charge_annhil/ephx2,charge_annhil/ephx2/33,../large_fep_dataset/data/fep_benchmark_processed/charge_annhil_ephx2_33.sdf,../large_fep_dataset/data/fep_benchmark_processed/charge_annhil_ephx2_protein.pdb,251,7.900699,7.7341585,8.055631,7.9355106,7.787997,7.749602,7.7291574,8.063333,7.651128,7.7790356,7.8386254
252,charge_annhil/jak1,charge_annhil/jak1/17,../large_fep_dataset/data/fep_benchmark_processed/charge_annhil_jak1_17.sdf,../large_fep_dataset/data/fep_benchmark_processed/charge_annhil_jak1_protein.pdb,252,7.373185,7.5426235,7.4384665,7.2607727,7.506651,6.643382,7.5224,7.340184,7.7066817,6.918455,7.32528
253,charge_annhil/jak1,charge_annhil/jak1/18charg,../large_fep_dataset/data/fep_benchmark_processed/charge_annhil_jak1_18charg.sdf,../large_fep_dataset/data/fep_benchmark_processed/charge_annhil_jak1_protein.pdb,253,7.390838,7.763136,8.152095,8.276856,7.88267,8.065997,7.634138,7.4660645,7.8435354,7.0779305,7.7553267
254,charge_annhil/jak1,charge_annhil/jak1/18neu,../large_fep_dataset/data/fep_benchmark_processed/charge_annhil_jak1_18neu.sdf,../large_fep_dataset/data/fep_benchmark_processed/charge_annhil_jak1_protein.pdb,254,7.4978414,8.33905,8.174478,8.225987,8.282065,7.988422,7.7497215,7.755308,8.13062,7.148833,7.9292326
255,charge_annhil/jak1,charge_annhil/jak1/jmc_25,../large_fep_dataset/data/fep_benchmark_processed/charge_annhil_jak1_jmc_25.sdf,../large_fep_dataset/data/fep_benchmark_processed/charge_annhil_jak1_protein.pdb,255,7.8849196,7.5506005,7.946132,7.919634,7.8384867,7.714237,7.88661,7.8921747,8.161567,7.5632205,7.835758
256,charge_annhil/jak1,charge_annhil/jak1/jmc_34,../large_fep_dataset/data/fep_benchmark_processed/charge_annhil_jak1_jmc_34.sdf,../large_fep_dataset/data/fep_benchmark_processed/charge_annhil_jak1_protein.pdb,256,8.677275,7.9722047,8.753545,8.685261,8.439387,8.870565,8.365495,8.291909,8.690111,8.525308,8.527105
257,charge_annhil/jak1,charge_annhil/jak1/16charg,../large_fep_dataset/data/fep_benchmark_processed/charge_annhil_jak1_16charg.sdf,../large_fep_dataset/data/fep_benchmark_processed/charge_annhil_jak1_protein.pdb,257,7.4304605,7.3936267,7.342381,7.161432,7.73106,6.7967243,7.3704906,7.4957213,7.307488,6.860105,7.288949
258,charge_annhil/jak1,charge_annhil/jak1/16neu,../large_fep_dataset/data/fep_benchmark_processed/charge_annhil_jak1_16neu.sdf,../large_fep_dataset/data/fep_benchmark_processed/charge_annhil_jak1_protein.pdb,258,7.3035603,7.5153437,7.5808463,7.5956454,7.4654055,7.131565,7.1848044,7.6188283,7.9040704,6.9481807,7.4248247
259,charge_annhil/jak1,charge_annhil/jak1/jmc_22,../large_fep_dataset/data/fep_benchmark_processed/charge_annhil_jak1_jmc_22.sdf,../large_fep_dataset/data/fep_benchmark_processed/charge_annhil_jak1_protein.pdb,259,7.9842606,7.670054,7.9969707,7.8473067,7.957562,7.4482555,8.054004,7.579323,7.7289557,7.393317,7.766001
260,charge_annhil/tyk2,charge_annhil/tyk2/ejm_47,../large_fep_dataset/data/fep_benchmark_processed/charge_annhil_tyk2_ejm_47.sdf,../large_fep_dataset/data/fep_benchmark_processed/charge_annhil_tyk2_protein.pdb,260,7.315558,7.7791734,7.3328156,7.6359267,7.983871,7.722789,7.213643,7.2596188,7.154102,7.7923355,7.518983
261,charge_annhil/tyk2,charge_annhil/tyk2/jmc_32charg,../large_fep_dataset/data/fep_benchmark_processed/charge_annhil_tyk2_jmc_32charg.sdf,../large_fep_dataset/data/fep_benchmark_processed/charge_annhil_tyk2_protein.pdb,261,8.071195,7.759829,7.160105,7.377603,8.134035,8.050077,7.6475143,7.8871593,7.2921977,7.6909714,7.7070694
262,charge_annhil/tyk2,charge_annhil/tyk2/jmc_31,../large_fep_dataset/data/fep_benchmark_processed/charge_annhil_tyk2_jmc_31.sdf,../large_fep_dataset/data/fep_benchmark_processed/charge_annhil_tyk2_protein.pdb,262,7.834368,7.2622085,7.473932,7.208333,7.680737,7.4825015,7.6465907,7.791567,7.924294,7.6057763,7.591031
263,charge_annhil/tyk2,charge_annhil/tyk2/jmc_32neu,../large_fep_dataset/data/fep_benchmark_processed/charge_annhil_tyk2_jmc_32neu.sdf,../large_fep_dataset/data/fep_benchmark_processed/charge_annhil_tyk2_protein.pdb,263,7.917823,7.958716,7.2635856,7.3165216,7.8336406,7.73759,8.211494,7.8253036,7.712296,7.745764,7.7522736
264,charge_annhil/tyk2,charge_annhil/tyk2/ejm_52neu,../large_fep_dataset/data/fep_benchmark_processed/charge_annhil_tyk2_ejm_52neu.sdf,../large_fep_dataset/data/fep_benchmark_processed/charge_annhil_tyk2_protein.pdb,264,7.51601,6.922053,6.98194,7.1509156,7.335491,7.261906,6.9646463,7.490585,7.380216,7.5472727,7.255103
265,charge_annhil/tyk2,charge_annhil/tyk2/ejm_52charg,../large_fep_dataset/data/fep_benchmark_processed/charge_annhil_tyk2_ejm_52charg.sdf,../large_fep_dataset/data/fep_benchmark_processed/charge_annhil_tyk2_protein.pdb,265,7.323248,6.960441,7.0209355,7.1725745,7.537806,7.118631,6.9513445,7.334379,7.257655,7.44338,7.212039
266,charge_annhil/tyk2,charge_annhil/tyk2/ejm_46,../large_fep_dataset/data/fep_benchmark_processed/charge_annhil_tyk2_ejm_46.sdf,../large_fep_dataset/data/fep_benchmark_processed/charge_annhil_tyk2_protein.pdb,266,8.115937,8.067876,7.503975,8.062582,8.628701,8.094519,8.119361,8.237683,7.8433795,8.341514,8.101553
267,charge_annhil/itk,charge_annhil/itk/17,../large_fep_dataset/data/fep_benchmark_processed/charge_annhil_itk_17.sdf,../large_fep_dataset/data/fep_benchmark_processed/charge_annhil_itk_protein.pdb,267,8.997897,8.70148,9.378152,8.537829,8.927719,8.755631,9.342131,9.014891,8.999715,9.101736,8.9757185
268,charge_annhil/itk,charge_annhil/itk/1neu,../large_fep_dataset/data/fep_benchmark_processed/charge_annhil_itk_1neu.sdf,../large_fep_dataset/data/fep_benchmark_processed/charge_annhil_itk_protein.pdb,268,8.687992,8.748798,9.068731,8.850012,8.828181,8.977183,9.05866,8.819777,8.840339,9.291369,8.917105
269,charge_annhil/itk,charge_annhil/itk/1charg,../large_fep_dataset/data/fep_benchmark_processed/charge_annhil_itk_1charg.sdf,../large_fep_dataset/data/fep_benchmark_processed/charge_annhil_itk_protein.pdb,269,8.802587,8.870164,9.232621,9.159727,9.047308,8.966494,9.116224,8.974802,8.9685335,9.026687,9.016516
270,charge_annhil/itk,charge_annhil/itk/18,../large_fep_dataset/data/fep_benchmark_processed/charge_annhil_itk_18.sdf,../large_fep_dataset/data/fep_benchmark_processed/charge_annhil_itk_protein.pdb,270,9.19719,8.852275,9.288987,8.885017,9.250468,9.132529,9.206445,9.292543,9.150254,9.272808,9.152852
271,charge_annhil/itk,charge_annhil/itk/19,../large_fep_dataset/data/fep_benchmark_processed/charge_annhil_itk_19.sdf,../large_fep_dataset/data/fep_benchmark_processed/charge_annhil_itk_protein.pdb,271,9.186403,9.097118,9.380261,8.96071,9.2466955,9.02846,9.295178,9.150617,9.115365,9.330135,9.179095
272,charge_annhil/thrombin_whole_map,charge_annhil/thrombin_whole_map/11,../large_fep_dataset/data/fep_benchmark_processed/charge_annhil_thrombin_whole_map_11.sdf,../large_fep_dataset/data/fep_benchmark_processed/charge_annhil_thrombin_whole_map_protein.pdb,272,5.874507,5.91304,5.3986144,6.333945,5.5737524,5.4580817,5.265834,6.5475574,5.502759,5.0414147,5.6909504
273,charge_annhil/thrombin_whole_map,charge_annhil/thrombin_whole_map/1,../large_fep_dataset/data/fep_benchmark_processed/charge_annhil_thrombin_whole_map_1.sdf,../large_fep_dataset/data/fep_benchmark_processed/charge_annhil_thrombin_whole_map_protein.pdb,273,4.9513884,4.899203,4.336853,5.438357,5.209551,4.042759,4.8877635,4.6160975,4.511978,4.924651,4.78186
274,charge_annhil/thrombin_whole_map,charge_annhil/thrombin_whole_map/3,../large_fep_dataset/data/fep_benchmark_processed/charge_annhil_thrombin_whole_map_3.sdf,../large_fep_dataset/data/fep_benchmark_processed/charge_annhil_thrombin_whole_map_protein.pdb,274,5.2159824,4.531942,4.758172,5.0715337,4.9112315,4.285152,4.455073,5.4617977,5.0964017,4.711573,4.8498864
275,charge_annhil/thrombin_whole_map,charge_annhil/thrombin_whole_map/jmb2009-4,../large_fep_dataset/data/fep_benchmark_processed/charge_annhil_thrombin_whole_map_jmb2009-4.sdf,../large_fep_dataset/data/fep_benchmark_processed/charge_annhil_thrombin_whole_map_protein.pdb,275,7.9083276,7.9881377,7.1675344,8.072929,7.9656506,7.416661,7.570815,7.785044,7.566659,7.9145555,7.7356315
276,charge_annhil/thrombin_whole_map,charge_annhil/thrombin_whole_map/10,../large_fep_dataset/data/fep_benchmark_processed/charge_annhil_thrombin_whole_map_10.sdf,../large_fep_dataset/data/fep_benchmark_processed/charge_annhil_thrombin_whole_map_protein.pdb,276,5.582866,5.1377487,4.9735885,6.310156,5.0688424,5.8171897,5.052107,5.759276,5.06501,4.5931263,5.335991
277,charge_annhil/thrombin_whole_map,charge_annhil/thrombin_whole_map/2,../large_fep_dataset/data/fep_benchmark_processed/charge_annhil_thrombin_whole_map_2.sdf,../large_fep_dataset/data/fep_benchmark_processed/charge_annhil_thrombin_whole_map_protein.pdb,277,5.1184263,4.4059596,4.5362296,5.0189104,5.028544,4.153986,4.617451,4.684994,4.7972746,4.7460485,4.710782
278,charge_annhil/cdk2,charge_annhil/cdk2/39neu,../large_fep_dataset/data/fep_benchmark_processed/charge_annhil_cdk2_39neu.sdf,../large_fep_dataset/data/fep_benchmark_processed/charge_annhil_cdk2_protein.pdb,278,5.7686043,5.881017,6.3339553,6.129112,5.802646,6.179744,6.182517,6.2779784,5.4921975,6.3793797,6.0427155
279,charge_annhil/cdk2,charge_annhil/cdk2/39charg,../large_fep_dataset/data/fep_benchmark_processed/charge_annhil_cdk2_39charg.sdf,../large_fep_dataset/data/fep_benchmark_processed/charge_annhil_cdk2_protein.pdb,279,5.762058,5.988019,6.257202,6.0540543,5.8013816,6.447842,5.6469846,6.1636343,5.2083735,6.165167,5.949472
280,charge_annhil/cdk2,charge_annhil/cdk2/34,../large_fep_dataset/data/fep_benchmark_processed/charge_annhil_cdk2_34.sdf,../large_fep_dataset/data/fep_benchmark_processed/charge_annhil_cdk2_protein.pdb,280,6.2134595,6.1100974,6.039761,6.2603397,5.991377,6.5797267,5.5920043,6.219171,5.538429,6.422764,6.0967126
281,charge_annhil/cdk2,charge_annhil/cdk2/25,../large_fep_dataset/data/fep_benchmark_processed/charge_annhil_cdk2_25.sdf,../large_fep_dataset/data/fep_benchmark_processed/charge_annhil_cdk2_protein.pdb,281,6.288305,6.115287,6.2591186,6.560908,6.005165,6.6128216,6.195046,6.116049,6.1871896,6.4572926,6.279719
282,fragments/hsp90_frag_2rings,fragments/hsp90_frag_2rings/18,../large_fep_dataset/data/fep_benchmark_processed/fragments_hsp90_frag_2rings_18.sdf,../large_fep_dataset/data/fep_benchmark_processed/fragments_hsp90_frag_2rings_protein.pdb,282,6.669625,6.405163,7.2890034,6.1707797,7.079246,6.6309237,7.0855856,6.29489,6.3013935,6.8106966,6.6737313
283,fragments/hsp90_frag_2rings,fragments/hsp90_frag_2rings/17,../large_fep_dataset/data/fep_benchmark_processed/fragments_hsp90_frag_2rings_17.sdf,../large_fep_dataset/data/fep_benchmark_processed/fragments_hsp90_frag_2rings_protein.pdb,283,6.5404625,6.3897977,7.0837984,6.5969024,7.324992,6.663175,6.5145693,6.1486683,6.0966153,6.6320167,6.599099
284,fragments/hsp90_frag_2rings,fragments/hsp90_frag_2rings/19,../large_fep_dataset/data/fep_benchmark_processed/fragments_hsp90_frag_2rings_19.sdf,../large_fep_dataset/data/fep_benchmark_processed/fragments_hsp90_frag_2rings_protein.pdb,284,6.8453875,6.520795,7.212237,6.3701615,7.793541,6.420001,6.9664135,6.12098,6.600067,7.068143,6.7917724
285,fragments/hsp90_frag_2rings,fragments/hsp90_frag_2rings/15,../large_fep_dataset/data/fep_benchmark_processed/fragments_hsp90_frag_2rings_15.sdf,../large_fep_dataset/data/fep_benchmark_processed/fragments_hsp90_frag_2rings_protein.pdb,285,6.5652866,5.6185594,7.020771,6.3823953,6.8589106,6.425462,6.621899,6.204276,5.711159,6.406782,6.38155
286,fragments/hsp90_frag_2rings,fragments/hsp90_frag_2rings/14,../large_fep_dataset/data/fep_benchmark_processed/fragments_hsp90_frag_2rings_14.sdf,../large_fep_dataset/data/fep_benchmark_processed/fragments_hsp90_frag_2rings_protein.pdb,286,6.041673,5.483904,6.688197,5.7067356,6.490753,6.431956,6.86869,5.753685,5.9715843,6.485657,6.1922836
287,fragments/hsp90_frag_2rings,fragments/hsp90_frag_2rings/16,../large_fep_dataset/data/fep_benchmark_processed/fragments_hsp90_frag_2rings_16.sdf,../large_fep_dataset/data/fep_benchmark_processed/fragments_hsp90_frag_2rings_protein.pdb,287,6.7365923,6.442547,7.0677323,6.6455693,7.589608,7.0103874,6.525576,6.1182504,6.5687423,6.682137,6.7387147
288,fragments/frag_liga_auto,fragments/frag_liga_auto/12,../large_fep_dataset/data/fep_benchmark_processed/fragments_frag_liga_auto_12.sdf,../large_fep_dataset/data/fep_benchmark_processed/fragments_frag_liga_auto_protein.pdb,288,7.036799,7.4951,7.3937106,7.417644,7.2853775,6.530761,7.251327,6.3157067,6.9967465,7.623216,7.134639
289,fragments/frag_liga_auto,fragments/frag_liga_auto/9,../large_fep_dataset/data/fep_benchmark_processed/fragments_frag_liga_auto_9.sdf,../large_fep_dataset/data/fep_benchmark_processed/fragments_frag_liga_auto_protein.pdb,289,5.283273,4.789996,5.001563,5.371625,5.869394,5.80887,5.4078765,5.243833,5.2639303,4.628199,5.266856
290,fragments/frag_liga_auto,fragments/frag_liga_auto/5,../large_fep_dataset/data/fep_benchmark_processed/fragments_frag_liga_auto_5.sdf,../large_fep_dataset/data/fep_benchmark_processed/fragments_frag_liga_auto_protein.pdb,290,4.7696385,4.6059036,4.312861,4.1133265,4.660618,4.580103,4.5605774,4.096878,5.234822,4.629286,4.5564013
291,fragments/frag_liga_auto,fragments/frag_liga_auto/6,../large_fep_dataset/data/fep_benchmark_processed/fragments_frag_liga_auto_6.sdf,../large_fep_dataset/data/fep_benchmark_processed/fragments_frag_liga_auto_protein.pdb,291,5.3234825,5.3164625,4.6801515,4.841047,5.1578364,5.204103,5.5882425,5.0717416,5.5496473,5.355041,5.208776
292,fragments/frag_liga_auto,fragments/frag_liga_auto/11,../large_fep_dataset/data/fep_benchmark_processed/fragments_frag_liga_auto_11.sdf,../large_fep_dataset/data/fep_benchmark_processed/fragments_frag_liga_auto_protein.pdb,292,6.633547,5.786171,6.462144,6.633816,7.04124,6.009518,7.046369,6.0058336,6.1801167,6.7738624,6.4572616
293,fragments/frag_liga_auto,fragments/frag_liga_auto/10,../large_fep_dataset/data/fep_benchmark_processed/fragments_frag_liga_auto_10.sdf,../large_fep_dataset/data/fep_benchmark_processed/fragments_frag_liga_auto_protein.pdb,293,5.163427,4.5250535,5.439937,5.285612,5.467523,4.9073725,5.8233175,5.012332,5.1462054,4.9298024,5.1700583
294,fragments/frag_liga_auto,fragments/frag_liga_auto/8,../large_fep_dataset/data/fep_benchmark_processed/fragments_frag_liga_auto_8.sdf,../large_fep_dataset/data/fep_benchmark_processed/fragments_frag_liga_auto_protein.pdb,294,6.5887575,6.051636,5.5352354,5.93497,7.1271386,5.2890234,6.372392,6.16341,6.5152097,5.847719,6.142549
295,fragments/frag_liga_auto,fragments/frag_liga_auto/3,../large_fep_dataset/data/fep_benchmark_processed/fragments_frag_liga_auto_3.sdf,../large_fep_dataset/data/fep_benchmark_processed/fragments_frag_liga_auto_protein.pdb,295,3.9636478,4.317714,4.0417795,4.4448614,4.1494517,3.82435,4.5383124,4.46768,5.0044127,4.717972,4.3470182
296,fragments/frag_liga_auto,fragments/frag_liga_auto/7,../large_fep_dataset/data/fep_benchmark_processed/fragments_frag_liga_auto_7.sdf,../large_fep_dataset/data/fep_benchmark_processed/fragments_frag_liga_auto_protein.pdb,296,4.78581,4.9134874,4.372472,4.4131083,5.3127556,4.011476,4.9236164,4.4055357,5.0911803,4.9065385,4.7135983
297,fragments/frag_liga_auto,fragments/frag_liga_auto/13,../large_fep_dataset/data/fep_benchmark_processed/fragments_frag_liga_auto_13.sdf,../large_fep_dataset/data/fep_benchmark_processed/fragments_frag_liga_auto_protein.pdb,297,6.924571,6.9008665,7.221588,6.6268225,6.9449162,6.1482944,7.00931,6.461795,6.9015183,7.004611,6.8144293
298,fragments/frag_liga_auto,fragments/frag_liga_auto/4,../large_fep_dataset/data/fep_benchmark_processed/fragments_frag_liga_auto_4.sdf,../large_fep_dataset/data/fep_benchmark_processed/fragments_frag_liga_auto_protein.pdb,298,5.2123017,4.7532663,4.313459,4.715839,4.574227,4.419479,4.6493664,4.678283,5.610969,4.8902864,4.781748
299,fragments/hsp90_frag_single_ring,fragments/hsp90_frag_single_ring/10,../large_fep_dataset/data/fep_benchmark_processed/fragments_hsp90_frag_single_ring_10.sdf,../large_fep_dataset/data/fep_benchmark_processed/fragments_hsp90_frag_single_ring_protein.pdb,299,5.1288238,4.3923526,5.5090365,6.0114303,5.59035,5.8201575,4.953594,4.8314443,5.6290894,5.8143625,5.368064
300,fragments/hsp90_frag_single_ring,fragments/hsp90_frag_single_ring/3,../large_fep_dataset/data/fep_benchmark_processed/fragments_hsp90_frag_single_ring_3.sdf,../large_fep_dataset/data/fep_benchmark_processed/fragments_hsp90_frag_single_ring_protein.pdb,300,5.137784,4.636581,5.506532,6.218456,5.771842,5.7731733,5.295778,5.46424,5.2094555,5.6718297,5.468567
301,fragments/hsp90_frag_single_ring,fragments/hsp90_frag_single_ring/9,../large_fep_dataset/data/fep_benchmark_processed/fragments_hsp90_frag_single_ring_9.sdf,../large_fep_dataset/data/fep_benchmark_processed/fragments_hsp90_frag_single_ring_protein.pdb,301,4.9560194,4.1659403,5.504923,5.1378226,5.168355,5.369892,5.505565,4.2526245,5.807509,5.3241334,5.119279
302,fragments/hsp90_frag_single_ring,fragments/hsp90_frag_single_ring/8,../large_fep_dataset/data/fep_benchmark_processed/fragments_hsp90_frag_single_ring_8.sdf,../large_fep_dataset/data/fep_benchmark_processed/fragments_hsp90_frag_single_ring_protein.pdb,302,4.994951,4.732701,5.293076,5.062088,4.511623,5.1860075,6.0758266,4.426672,4.85392,5.2183785,5.0355244
303,fragments/hsp90_frag_single_ring,fragments/hsp90_frag_single_ring/11,../large_fep_dataset/data/fep_benchmark_processed/fragments_hsp90_frag_single_ring_11.sdf,../large_fep_dataset/data/fep_benchmark_processed/fragments_hsp90_frag_single_ring_protein.pdb,303,4.805686,4.6948214,5.3136005,5.3059554,5.016146,5.324838,5.9263783,4.0844183,5.65184,5.623189,5.1746874
304,fragments/hsp90_frag_single_ring,fragments/hsp90_frag_single_ring/12,../large_fep_dataset/data/fep_benchmark_processed/fragments_hsp90_frag_single_ring_12.sdf,../large_fep_dataset/data/fep_benchmark_processed/fragments_hsp90_frag_single_ring_protein.pdb,304,5.604991,5.1180077,5.5974646,5.753453,5.700333,5.265321,5.593188,4.4548674,5.614662,5.6797347,5.4382024
305,fragments/hsp90_frag_single_ring,fragments/hsp90_frag_single_ring/2,../large_fep_dataset/data/fep_benchmark_processed/fragments_hsp90_frag_single_ring_2.sdf,../large_fep_dataset/data/fep_benchmark_processed/fragments_hsp90_frag_single_ring_protein.pdb,305,5.0179057,4.1807604,5.5074854,5.2753186,5.195266,5.354425,5.72481,4.8959775,5.128383,5.09558,5.1375914
306,fragments/jak2_set1,fragments/jak2_set1/2_3E63,../large_fep_dataset/data/fep_benchmark_processed/fragments_jak2_set1_2_3E63.sdf,../large_fep_dataset/data/fep_benchmark_processed/fragments_jak2_set1_protein.pdb,306,5.7751255,5.6515293,5.846572,5.766757,5.6238446,5.948464,5.815951,5.689571,5.842713,5.6101813,5.757071
307,fragments/jak2_set1,fragments/jak2_set1/9,../large_fep_dataset/data/fep_benchmark_processed/fragments_jak2_set1_9.sdf,../large_fep_dataset/data/fep_benchmark_processed/fragments_jak2_set1_protein.pdb,307,5.909475,5.905029,6.605966,6.8287835,5.8680167,5.8667884,6.217611,6.1330013,6.641696,5.9452143,6.192158
308,fragments/jak2_set1,fragments/jak2_set1/8,../large_fep_dataset/data/fep_benchmark_processed/fragments_jak2_set1_8.sdf,../large_fep_dataset/data/fep_benchmark_processed/fragments_jak2_set1_protein.pdb,308,5.6705,5.7157354,6.2469645,6.0803022,5.892084,6.187812,6.076255,5.543122,6.5152326,6.118128,6.0046134
309,fragments/jak2_set1,fragments/jak2_set1/5,../large_fep_dataset/data/fep_benchmark_processed/fragments_jak2_set1_5.sdf,../large_fep_dataset/data/fep_benchmark_processed/fragments_jak2_set1_protein.pdb,309,5.148178,5.198488,5.763876,5.696184,5.5725455,6.0661597,5.9796734,5.34061,5.8828416,5.558409,5.6206965
310,fragments/jak2_set1,fragments/jak2_set1/10,../large_fep_dataset/data/fep_benchmark_processed/fragments_jak2_set1_10.sdf,../large_fep_dataset/data/fep_benchmark_processed/fragments_jak2_set1_protein.pdb,310,6.836809,5.8521733,6.830994,6.4623632,6.308672,5.6357975,6.199413,5.610871,6.2790933,6.2362604,6.225244
311,fragments/jak2_set1,fragments/jak2_set1/4a,../large_fep_dataset/data/fep_benchmark_processed/fragments_jak2_set1_4a.sdf,../large_fep_dataset/data/fep_benchmark_processed/fragments_jak2_set1_protein.pdb,311,5.218046,4.965354,5.637063,5.453491,5.286504,5.609788,4.990621,5.353128,5.323841,5.3851533,5.322299
312,fragments/jak2_set1,fragments/jak2_set1/4b,../large_fep_dataset/data/fep_benchmark_processed/fragments_jak2_set1_4b.sdf,../large_fep_dataset/data/fep_benchmark_processed/fragments_jak2_set1_protein.pdb,312,5.3615184,4.818463,5.6770577,5.2844944,5.4543505,5.5193057,4.860502,5.0306053,5.40454,5.546735,5.295757
313,fragments/jak2_set1,fragments/jak2_set1/6,../large_fep_dataset/data/fep_benchmark_processed/fragments_jak2_set1_6.sdf,../large_fep_dataset/data/fep_benchmark_processed/fragments_jak2_set1_protein.pdb,313,5.4050794,5.804864,5.6384096,5.7424655,5.160422,5.8704414,5.8526297,5.836555,5.7162814,5.6736436,5.670079
314,fragments/jak2_set1,fragments/jak2_set1/3,../large_fep_dataset/data/fep_benchmark_processed/fragments_jak2_set1_3.sdf,../large_fep_dataset/data/fep_benchmark_processed/fragments_jak2_set1_protein.pdb,314,5.3539996,5.7051163,5.413717,5.602581,5.227688,4.9976654,5.445605,5.7870526,5.56037,5.6801467,5.477394
315,fragments/jak2_set1,fragments/jak2_set1/1_3E62,../large_fep_dataset/data/fep_benchmark_processed/fragments_jak2_set1_1_3E62.sdf,../large_fep_dataset/data/fep_benchmark_processed/fragments_jak2_set1_protein.pdb,315,4.4878983,4.321445,4.311162,4.481292,4.5489383,4.093228,4.3814063,3.9661207,4.1446333,4.4900727,4.32262
316,fragments/jak2_set1,fragments/jak2_set1/7,../large_fep_dataset/data/fep_benchmark_processed/fragments_jak2_set1_7.sdf,../large_fep_dataset/data/fep_benchmark_processed/fragments_jak2_set1_protein.pdb,316,6.2307124,6.213221,6.679122,6.2357907,5.380941,5.7021604,6.327168,6.3724036,5.9949417,6.4069705,6.154343
317,fragments/frag_mup1,fragments/frag_mup1/IBT,../large_fep_dataset/data/fep_benchmark_processed/fragments_frag_mup1_IBT.sdf,../large_fep_dataset/data/fep_benchmark_processed/fragments_frag_mup1_protein.pdb,317,4.0837564,4.463747,5.146972,4.481241,5.1439657,4.427387,4.551654,4.7441564,5.1306868,4.793119,4.6966686
318,fragments/frag_mup1,fragments/frag_mup1/MT,../large_fep_dataset/data/fep_benchmark_processed/fragments_frag_mup1_MT.sdf,../large_fep_dataset/data/fep_benchmark_processed/fragments_frag_mup1_protein.pdb,318,3.1373823,3.0861955,5.0728297,2.4080918,2.6589878,4.3898745,3.0876465,2.4958189,4.6561127,4.900444,3.5893383
319,fragments/frag_mup1,fragments/frag_mup1/PT,../large_fep_dataset/data/fep_benchmark_processed/fragments_frag_mup1_PT.sdf,../large_fep_dataset/data/fep_benchmark_processed/fragments_frag_mup1_protein.pdb,319,3.451142,3.8488665,5.126327,4.1260605,4.357077,4.3279324,3.5534773,4.0680623,4.3816466,3.9413652,4.1181955
320,fragments/frag_mup1,fragments/frag_mup1/SBT_R,../large_fep_dataset/data/fep_benchmark_processed/fragments_frag_mup1_SBT_R.sdf,../large_fep_dataset/data/fep_benchmark_processed/fragments_frag_mup1_protein.pdb,320,3.9263492,4.1840267,4.9665475,4.295446,4.3254128,4.1863403,4.4562974,4.764659,5.3388176,3.9353414,4.437924
321,fragments/frag_mup1,fragments/frag_mup1/SBT_S,../large_fep_dataset/data/fep_benchmark_processed/fragments_frag_mup1_SBT_S.sdf,../large_fep_dataset/data/fep_benchmark_processed/fragments_frag_mup1_protein.pdb,321,3.7535079,4.1717286,5.393079,4.586196,5.137297,4.5285964,4.3102756,4.93683,5.1579857,4.0640798,4.603957
322,fragments/frag_mup1,fragments/frag_mup1/IPT,../large_fep_dataset/data/fep_benchmark_processed/fragments_frag_mup1_IPT.sdf,../large_fep_dataset/data/fep_benchmark_processed/fragments_frag_mup1_protein.pdb,322,3.775132,3.3753648,4.7937274,4.31448,3.7666745,4.7910786,3.4437377,4.4012213,4.93565,3.780031,4.1377096
323,fragments/frag_mup1,fragments/frag_mup1/ET,../large_fep_dataset/data/fep_benchmark_processed/fragments_frag_mup1_ET.sdf,../large_fep_dataset/data/fep_benchmark_processed/fragments_frag_mup1_protein.pdb,323,3.602675,3.0540931,4.9508977,3.543873,3.6538675,4.3397717,2.694924,3.738707,3.9633896,3.5047855,3.704698
324,fragments/frag_p38,fragments/frag_p38/4,../large_fep_dataset/data/fep_benchmark_processed/fragments_frag_p38_4.sdf,../large_fep_dataset/data/fep_benchmark_processed/fragments_frag_p38_protein.pdb,324,4.4522123,4.744079,5.1194515,5.4939375,4.9328933,4.23985,4.0097003,4.847034,4.785168,4.4365907,4.706092
325,fragments/frag_p38,fragments/frag_p38/1_1W7H,../large_fep_dataset/data/fep_benchmark_processed/fragments_frag_p38_1_1W7H.sdf,../large_fep_dataset/data/fep_benchmark_processed/fragments_frag_p38_protein.pdb,325,3.6434476,4.3302503,3.8320308,4.8054295,4.2882276,3.8713799,3.6317465,4.00871,4.1730356,4.552574,4.1136827
326,fragments/frag_p38,fragments/frag_p38/6,../large_fep_dataset/data/fep_benchmark_processed/fragments_frag_p38_6.sdf,../large_fep_dataset/data/fep_benchmark_processed/fragments_frag_p38_protein.pdb,326,5.143208,5.322503,5.220951,5.407289,5.436454,5.6359215,5.041399,5.3158526,5.1216397,4.7235355,5.236875
327,fragments/frag_p38,fragments/frag_p38/5_1WBW,../large_fep_dataset/data/fep_benchmark_processed/fragments_frag_p38_5_1WBW.sdf,../large_fep_dataset/data/fep_benchmark_processed/fragments_frag_p38_protein.pdb,327,5.3136187,4.442761,5.279264,5.2309155,5.168237,4.453177,5.290076,4.8251023,5.2173185,4.853446,5.007392
328,fragments/frag_p38,fragments/frag_p38/7,../large_fep_dataset/data/fep_benchmark_processed/fragments_frag_p38_7.sdf,../large_fep_dataset/data/fep_benchmark_processed/fragments_frag_p38_protein.pdb,328,5.7040606,4.9042506,5.943629,5.819218,5.805649,5.630798,5.9102845,5.5594635,5.645274,5.581505,5.650413
329,fragments/frag_p38,fragments/frag_p38/3,../large_fep_dataset/data/fep_benchmark_processed/fragments_frag_p38_3.sdf,../large_fep_dataset/data/fep_benchmark_processed/fragments_frag_p38_protein.pdb,329,3.2856607,3.446582,3.2391708,3.920099,3.8367715,3.255674,3.3507392,3.4916894,3.3549664,3.9406927,3.5122046
330,fragments/t4lysozyme_uvt,fragments/t4lysozyme_uvt/meta methyl ethyl benzene,../large_fep_dataset/data/fep_benchmark_processed/fragments_t4lysozyme_uvt_meta_methyl_ethyl_benzene.sdf,../large_fep_dataset/data/fep_benchmark_processed/fragments_t4lysozyme_uvt_protein.pdb,330,4.2124715,4.44254,3.9111793,4.455832,3.5729458,4.4456825,4.026298,4.287339,4.0587173,3.4318404,4.0844846
331,fragments/t4lysozyme_uvt,fragments/t4lysozyme_uvt/methyl benzene,../large_fep_dataset/data/fep_benchmark_processed/fragments_t4lysozyme_uvt_methyl_benzene.sdf,../large_fep_dataset/data/fep_benchmark_processed/fragments_t4lysozyme_uvt_protein.pdb,331,3.7207952,4.5629787,4.597404,4.025322,3.8501036,4.362647,4.649942,3.2741795,4.729515,3.9105577,4.1683445
332,fragments/t4lysozyme_uvt,fragments/t4lysozyme_uvt/ethyl benzene,../large_fep_dataset/data/fep_benchmark_processed/fragments_t4lysozyme_uvt_ethyl_benzene.sdf,../large_fep_dataset/data/fep_benchmark_processed/fragments_t4lysozyme_uvt_protein.pdb,332,4.328696,4.836617,4.0562196,3.6505022,3.9124234,4.6239705,3.8248184,3.7935529,4.3237886,3.7539277,4.1104517
333,fragments/t4lysozyme_uvt,fragments/t4lysozyme_uvt/ortho methyl ethyl benzene,../large_fep_dataset/data/fep_benchmark_processed/fragments_t4lysozyme_uvt_ortho_methyl_ethyl_benzene.sdf,../large_fep_dataset/data/fep_benchmark_processed/fragments_t4lysozyme_uvt_protein.pdb,333,4.4205837,5.1393433,4.4009295,4.695921,3.9760737,4.731743,4.2418528,4.38203,5.1474867,4.2832823,4.5419245
334,fragments/t4lysozyme_uvt,fragments/t4lysozyme_uvt/m-xylene,../large_fep_dataset/data/fep_benchmark_processed/fragments_t4lysozyme_uvt_m-xylene.sdf,../large_fep_dataset/data/fep_benchmark_processed/fragments_t4lysozyme_uvt_protein.pdb,334,3.8390749,4.3679376,4.1641183,3.9806886,3.39595,4.623145,4.5389714,4.4786777,4.565514,3.762192,4.171627
335,fragments/t4lysozyme_uvt,fragments/t4lysozyme_uvt/p-xylene,../large_fep_dataset/data/fep_benchmark_processed/fragments_t4lysozyme_uvt_p-xylene.sdf,../large_fep_dataset/data/fep_benchmark_processed/fragments_t4lysozyme_uvt_protein.pdb,335,3.9989076,4.561204,4.2561126,3.9480538,3.6343367,3.9902635,5.0793056,4.149242,4.148892,4.200059,4.196637
336,fragments/t4lysozyme_uvt,fragments/t4lysozyme_uvt/o-xylene,../large_fep_dataset/data/fep_benchmark_processed/fragments_t4lysozyme_uvt_o-xylene.sdf,../large_fep_dataset/data/fep_benchmark_processed/fragments_t4lysozyme_uvt_protein.pdb,336,4.006309,4.930333,4.890216,4.0753875,3.7583528,4.8471794,4.8292317,3.5242968,4.9395814,4.473582,4.4274473
337,fragments/t4lysozyme_uvt,fragments/t4lysozyme_uvt/butyl benzene,../large_fep_dataset/data/fep_benchmark_processed/fragments_t4lysozyme_uvt_butyl_benzene.sdf,../large_fep_dataset/data/fep_benchmark_processed/fragments_t4lysozyme_uvt_protein.pdb,337,4.714455,5.0040894,4.6784525,5.34971,3.8659635,5.150112,4.1671443,4.863191,5.394352,4.370741,4.7558203
338,fragments/t4lysozyme_uvt,fragments/t4lysozyme_uvt/propyl benzene,../large_fep_dataset/data/fep_benchmark_processed/fragments_t4lysozyme_uvt_propyl_benzene.sdf,../large_fep_dataset/data/fep_benchmark_processed/fragments_t4lysozyme_uvt_protein.pdb,338,4.656123,4.90768,4.6379285,4.321147,3.7755854,4.3698864,4.023985,4.3991265,4.8415046,4.0576296,4.3990593
339,fragments/t4lysozyme_uvt,fragments/t4lysozyme_uvt/para methyl ethyl benzene,../large_fep_dataset/data/fep_benchmark_processed/fragments_t4lysozyme_uvt_para_methyl_ethyl_benzene.sdf,../large_fep_dataset/data/fep_benchmark_processed/fragments_t4lysozyme_uvt_protein.pdb,339,4.3156466,4.6668234,4.0874925,3.6871498,3.539917,4.56625,4.255048,4.9483743,4.3170304,4.169365,4.2553096
340,fragments/t4lysozyme_uvt,fragments/t4lysozyme_uvt/benzene,../large_fep_dataset/data/fep_benchmark_processed/fragments_t4lysozyme_uvt_benzene.sdf,../large_fep_dataset/data/fep_benchmark_processed/fragments_t4lysozyme_uvt_protein.pdb,340,4.191614,4.0477448,4.4102,3.3984137,4.2016144,4.714406,4.8621855,3.7283912,3.7867298,4.004197,4.1345496
341,fragments/t4lysozyme_uvt,fragments/t4lysozyme_uvt/isobutyl benzene,../large_fep_dataset/data/fep_benchmark_processed/fragments_t4lysozyme_uvt_isobutyl_benzene.sdf,../large_fep_dataset/data/fep_benchmark_processed/fragments_t4lysozyme_uvt_protein.pdb,341,4.756601,4.7223845,5.008082,5.0075545,4.063402,4.6775503,4.1804237,4.9935966,5.179534,4.5739913,4.7163115
342,fragments/frag_mcl1_noweak,fragments/frag_mcl1_noweak/2,../large_fep_dataset/data/fep_benchmark_processed/fragments_frag_mcl1_noweak_2.sdf,../large_fep_dataset/data/fep_benchmark_processed/fragments_frag_mcl1_noweak_protein.pdb,342,4.4961715,4.355323,4.2301364,4.4878187,4.177821,5.093121,4.4088635,4.140666,4.0698285,4.2709193,4.373067
343,fragments/frag_mcl1_noweak,fragments/frag_mcl1_noweak/3,../large_fep_dataset/data/fep_benchmark_processed/fragments_frag_mcl1_noweak_3.sdf,../large_fep_dataset/data/fep_benchmark_processed/fragments_frag_mcl1_noweak_protein.pdb,343,4.6383295,5.52826,4.6975665,5.8934636,5.0036573,5.535186,4.7380466,4.7691536,5.2175374,5.1030126,5.112421
344,fragments/frag_mcl1_noweak,fragments/frag_mcl1_noweak/4,../large_fep_dataset/data/fep_benchmark_processed/fragments_frag_mcl1_noweak_4.sdf,../large_fep_dataset/data/fep_benchmark_processed/fragments_frag_mcl1_noweak_protein.pdb,344,5.0660963,4.804331,4.3744497,4.7614803,4.2829056,4.9587684,4.5082374,5.01823,4.9675756,4.9627604,4.7704835
345,fragments/frag_mcl1_noweak,fragments/frag_mcl1_noweak/5,../large_fep_dataset/data/fep_benchmark_processed/fragments_frag_mcl1_noweak_5.sdf,../large_fep_dataset/data/fep_benchmark_processed/fragments_frag_mcl1_noweak_protein.pdb,345,4.805417,4.76821,4.3310676,5.5949087,4.712969,5.1503167,5.159797,4.8804817,4.6425533,4.4018517,4.8447576
346,fragments/frag_mcl1_noweak,fragments/frag_mcl1_noweak/7,../large_fep_dataset/data/fep_benchmark_processed/fragments_frag_mcl1_noweak_7.sdf,../large_fep_dataset/data/fep_benchmark_processed/fragments_frag_mcl1_noweak_protein.pdb,346,4.5772486,5.1609364,4.0761585,4.6066084,4.2227983,4.1529,4.3938923,4.5130415,3.8957717,5.0298257,4.4629183
347,fragments/frag_mcl1_noweak,fragments/frag_mcl1_noweak/8,../large_fep_dataset/data/fep_benchmark_processed/fragments_frag_mcl1_noweak_8.sdf,../large_fep_dataset/data/fep_benchmark_processed/fragments_frag_mcl1_noweak_protein.pdb,347,4.211032,5.0966086,4.332197,4.8470964,4.4602823,4.1808043,4.656308,5.3037887,4.4822745,4.8685803,4.643897
348,fragments/frag_mcl1_noweak,fragments/frag_mcl1_noweak/9,../large_fep_dataset/data/fep_benchmark_processed/fragments_frag_mcl1_noweak_9.sdf,../large_fep_dataset/data/fep_benchmark_processed/fragments_frag_mcl1_noweak_protein.pdb,348,4.003186,4.5694556,4.147115,4.0947323,4.212166,4.622308,3.9662201,4.286384,3.5907376,4.6997795,4.2192087
349,fragments/frag_mcl1_noweak,fragments/frag_mcl1_noweak/10,../large_fep_dataset/data/fep_benchmark_processed/fragments_frag_mcl1_noweak_10.sdf,../large_fep_dataset/data/fep_benchmark_processed/fragments_frag_mcl1_noweak_protein.pdb,349,4.1040134,5.099153,4.3827853,4.709399,4.6147304,4.767814,4.5452037,4.96583,4.1660748,5.0347414,4.638975
350,fragments/frag_mcl1_noweak,fragments/frag_mcl1_noweak/11,../large_fep_dataset/data/fep_benchmark_processed/fragments_frag_mcl1_noweak_11.sdf,../large_fep_dataset/data/fep_benchmark_processed/fragments_frag_mcl1_noweak_protein.pdb,350,6.048028,5.3597713,5.6550126,5.8938465,5.4121203,6.1118965,5.7062244,5.8553486,6.281809,5.718109,5.804216
351,fragments/frag_mcl1_noweak,fragments/frag_mcl1_noweak/14,../large_fep_dataset/data/fep_benchmark_processed/fragments_frag_mcl1_noweak_14.sdf,../large_fep_dataset/data/fep_benchmark_processed/fragments_frag_mcl1_noweak_protein.pdb,351,4.954484,4.9444547,4.3927026,4.9459715,4.741578,4.5970597,5.144432,4.8425627,3.9008317,5.2900014,4.775408
352,fragments/frag_mcl1_noweak,fragments/frag_mcl1_noweak/15,../large_fep_dataset/data/fep_benchmark_processed/fragments_frag_mcl1_noweak_15.sdf,../large_fep_dataset/data/fep_benchmark_processed/fragments_frag_mcl1_noweak_protein.pdb,352,6.0475965,4.95014,4.9022675,6.3673105,5.411861,5.1491356,5.5248137,6.2442594,5.351876,5.455308,5.540457
353,fragments/frag_mcl1_noweak,fragments/frag_mcl1_noweak/13 flipped,../large_fep_dataset/data/fep_benchmark_processed/fragments_frag_mcl1_noweak_13_flipped.sdf,../large_fep_dataset/data/fep_benchmark_processed/fragments_frag_mcl1_noweak_protein.pdb,353,4.6410403,4.848562,4.053541,5.1309233,4.0602746,4.618435,4.543701,4.085196,3.9178538,4.6441154,4.4543643
354,fragments/jak2_set2_extra,fragments/jak2_set2_extra/13_3E64,../large_fep_dataset/data/fep_benchmark_processed/fragments_jak2_set2_extra_13_3E64.sdf,../large_fep_dataset/data/fep_benchmark_processed/fragments_jak2_set2_extra_protein.pdb,354,7.384972,6.812746,7.2099514,7.1274066,7.3360147,7.261356,6.9726257,6.935542,7.0062823,6.7521987,7.0799093
355,fragments/jak2_set2_extra,fragments/jak2_set2_extra/21,../large_fep_dataset/data/fep_benchmark_processed/fragments_jak2_set2_extra_21.sdf,../large_fep_dataset/data/fep_benchmark_processed/fragments_jak2_set2_extra_protein.pdb,355,7.1284566,6.453272,7.287755,7.068496,7.1671233,7.727096,7.2379603,7.0542917,7.392121,6.6240473,7.114062
356,fragments/jak2_set2_extra,fragments/jak2_set2_extra/20,../large_fep_dataset/data/fep_benchmark_processed/fragments_jak2_set2_extra_20.sdf,../large_fep_dataset/data/fep_benchmark_processed/fragments_jak2_set2_extra_protein.pdb,356,7.3908644,6.3697963,7.29029,7.2129855,7.337734,7.5550704,7.6415005,6.8927736,6.875405,6.9080205,7.1474442
357,fragments/jak2_set2_extra,fragments/jak2_set2_extra/18,../large_fep_dataset/data/fep_benchmark_processed/fragments_jak2_set2_extra_18.sdf,../large_fep_dataset/data/fep_benchmark_processed/fragments_jak2_set2_extra_protein.pdb,357,6.6616716,6.4959335,7.0345783,7.1337905,7.0810237,7.4727683,6.654674,7.173968,6.6937838,6.8599763,6.926217
358,fragments/jak2_set2_extra,fragments/jak2_set2_extra/14,../large_fep_dataset/data/fep_benchmark_processed/fragments_jak2_set2_extra_14.sdf,../large_fep_dataset/data/fep_benchmark_processed/fragments_jak2_set2_extra_protein.pdb,358,6.018788,6.997347,7.407476,6.509493,6.942141,6.986206,6.4930425,6.541412,6.35303,6.249492,6.6498427
359,fragments/jak2_set2_extra,fragments/jak2_set2_extra/12,../large_fep_dataset/data/fep_benchmark_processed/fragments_jak2_set2_extra_12.sdf,../large_fep_dataset/data/fep_benchmark_processed/fragments_jak2_set2_extra_protein.pdb,359,7.536172,6.631413,7.0718956,7.0826693,7.1623507,7.2503166,6.9257865,6.5799484,6.8942785,6.6507607,6.978559
360,fragments/jak2_set2_extra,fragments/jak2_set2_extra/15,../large_fep_dataset/data/fep_benchmark_processed/fragments_jak2_set2_extra_15.sdf,../large_fep_dataset/data/fep_benchmark_processed/fragments_jak2_set2_extra_protein.pdb,360,5.6206436,6.7128406,6.7694316,6.8367624,5.883993,6.559815,6.5431476,5.7682877,6.4866276,6.3065057,6.3488054
361,fragments/jak2_set2_extra,fragments/jak2_set2_extra/22 flip,../large_fep_dataset/data/fep_benchmark_processed/fragments_jak2_set2_extra_22_flip.sdf,../large_fep_dataset/data/fep_benchmark_processed/fragments_jak2_set2_extra_protein.pdb,361,7.6882606,7.330734,7.6843023,7.222452,7.4160314,7.7453065,7.270929,7.169797,6.964702,6.75612,7.3248634
362,macrocycles/3RKZ_lig62to70_alpha05,macrocycles/3RKZ_lig62to70_alpha05/lignad_63,../large_fep_dataset/data/fep_benchmark_processed/macrocycles_3RKZ_lig62to70_alpha05_lignad_63.sdf,../large_fep_dataset/data/fep_benchmark_processed/macrocycles_3RKZ_lig62to70_alpha05_protein.pdb,362,5.881524,6.490956,6.8461204,6.4934726,6.488687,6.3832345,6.489561,6.422959,6.6826153,6.558444,6.4737573
363,macrocycles/3RKZ_lig62to70_alpha05,macrocycles/3RKZ_lig62to70_alpha05/ligand_69,../large_fep_dataset/data/fep_benchmark_processed/macrocycles_3RKZ_lig62to70_alpha05_ligand_69.sdf,../large_fep_dataset/data/fep_benchmark_processed/macrocycles_3RKZ_lig62to70_alpha05_protein.pdb,363,6.617828,6.9676576,7.3233714,7.207033,6.71603,7.018048,7.284383,7.3933587,7.093884,7.226874,7.0848465
364,macrocycles/3RKZ_lig62to70_alpha05,macrocycles/3RKZ_lig62to70_alpha05/ligand_62,../large_fep_dataset/data/fep_benchmark_processed/macrocycles_3RKZ_lig62to70_alpha05_ligand_62.sdf,../large_fep_dataset/data/fep_benchmark_processed/macrocycles_3RKZ_lig62to70_alpha05_protein.pdb,364,5.6110396,6.215197,6.4331713,6.4764366,6.0369954,6.2339,6.1844454,6.252419,6.255887,6.4230704,6.2122555
365,macrocycles/3RKZ_lig62to70_alpha05,macrocycles/3RKZ_lig62to70_alpha05/lignad_65,../large_fep_dataset/data/fep_benchmark_processed/macrocycles_3RKZ_lig62to70_alpha05_lignad_65.sdf,../large_fep_dataset/data/fep_benchmark_processed/macrocycles_3RKZ_lig62to70_alpha05_protein.pdb,365,6.3183475,6.8739033,6.771588,6.565322,6.6412716,6.525521,6.8433633,6.5767326,6.55548,6.4937906,6.6165323
366,macrocycles/3RKZ_lig62to70_alpha05,macrocycles/3RKZ_lig62to70_alpha05/lignad_68,../large_fep_dataset/data/fep_benchmark_processed/macrocycles_3RKZ_lig62to70_alpha05_lignad_68.sdf,../large_fep_dataset/data/fep_benchmark_processed/macrocycles_3RKZ_lig62to70_alpha05_protein.pdb,366,6.009081,6.459095,6.338437,6.4582353,6.199364,6.1174035,6.496018,6.1545243,6.494431,6.409835,6.3136425
367,macrocycles/3RKZ_lig62to70_alpha05,macrocycles/3RKZ_lig62to70_alpha05/ligand_64,../large_fep_dataset/data/fep_benchmark_processed/macrocycles_3RKZ_lig62to70_alpha05_ligand_64.sdf,../large_fep_dataset/data/fep_benchmark_processed/macrocycles_3RKZ_lig62to70_alpha05_protein.pdb,367,6.1142483,6.539444,6.81633,6.776402,6.6862025,6.598474,6.4799905,6.784794,6.3240356,6.8460054,6.596593
368,macrocycles/3RKZ_lig62to70_alpha05,macrocycles/3RKZ_lig62to70_alpha05/ligand_70,../large_fep_dataset/data/fep_benchmark_processed/macrocycles_3RKZ_lig62to70_alpha05_ligand_70.sdf,../large_fep_dataset/data/fep_benchmark_processed/macrocycles_3RKZ_lig62to70_alpha05_protein.pdb,368,7.0161815,7.1350203,7.110262,7.134812,6.9823413,7.2144237,7.1441255,7.3845835,7.1229496,7.178003,7.14227
369,macrocycles/MHT1_lig3_alpha05,macrocycles/MHT1_lig3_alpha05/5AN26_ligand,../large_fep_dataset/data/fep_benchmark_processed/macrocycles_MHT1_lig3_alpha05_5AN26_ligand.sdf,../large_fep_dataset/data/fep_benchmark_processed/macrocycles_MHT1_lig3_alpha05_protein.pdb,369,6.015021,5.8731813,6.159,6.250781,5.4824963,5.6502686,6.260859,5.932307,6.322726,6.087189,6.003383
370,macrocycles/MHT1_lig3_alpha05,macrocycles/MHT1_lig3_alpha05/5ANT_A_ligand,../large_fep_dataset/data/fep_benchmark_processed/macrocycles_MHT1_lig3_alpha05_5ANT_A_ligand.sdf,../large_fep_dataset/data/fep_benchmark_processed/macrocycles_MHT1_lig3_alpha05_protein.pdb,370,6.111991,5.9515123,6.3000507,6.2435107,5.8853564,6.2069283,7.040999,6.0193152,6.486102,6.4845166,6.2730284
371,macrocycles/MHT1_lig3_alpha05,macrocycles/MHT1_lig3_alpha05/5ANU_ligand,../large_fep_dataset/data/fep_benchmark_processed/macrocycles_MHT1_lig3_alpha05_5ANU_ligand.sdf,../large_fep_dataset/data/fep_benchmark_processed/macrocycles_MHT1_lig3_alpha05_protein.pdb,371,6.765028,6.731021,7.4314184,7.0460215,6.6535354,6.5436845,6.9528065,6.299297,6.5426416,5.970551,6.6936007
372,macrocycles/2B8V_lig24and25_alpha05,macrocycles/2B8V_lig24and25_alpha05/ligand25_S,../large_fep_dataset/data/fep_benchmark_processed/macrocycles_2B8V_lig24and25_alpha05_ligand25_S.sdf,../large_fep_dataset/data/fep_benchmark_processed/macrocycles_2B8V_lig24and25_alpha05_protein.pdb,372,6.0495024,5.397864,5.9223776,5.948884,6.262848,6.159246,5.699333,5.9023833,6.23544,5.8903613,5.9468236
373,macrocycles/2B8V_lig24and25_alpha05,macrocycles/2B8V_lig24and25_alpha05/ligand24_S,../large_fep_dataset/data/fep_benchmark_processed/macrocycles_2B8V_lig24and25_alpha05_ligand24_S.sdf,../large_fep_dataset/data/fep_benchmark_processed/macrocycles_2B8V_lig24and25_alpha05_protein.pdb,373,6.2262053,4.9093437,6.0063605,6.140706,5.87912,5.677191,5.3625484,5.860807,5.7760525,5.7735276,5.761186
374,macrocycles/ck2_custcore_hotlys,macrocycles/ck2_custcore_hotlys/ligand_15,../large_fep_dataset/data/fep_benchmark_processed/macrocycles_ck2_custcore_hotlys_ligand_15.sdf,../large_fep_dataset/data/fep_benchmark_processed/macrocycles_ck2_custcore_hotlys_protein.pdb,374,7.333935,7.9702754,7.2106314,7.6357102,7.810145,7.7280746,7.385842,7.23593,7.5958056,7.3889537,7.5295305
375,macrocycles/ck2_custcore_hotlys,macrocycles/ck2_custcore_hotlys/ligand_14,../large_fep_dataset/data/fep_benchmark_processed/macrocycles_ck2_custcore_hotlys_ligand_14.sdf,../large_fep_dataset/data/fep_benchmark_processed/macrocycles_ck2_custcore_hotlys_protein.pdb,375,8.016995,7.7088094,7.477958,8.426331,7.4447284,7.4543896,7.8566847,7.8207297,7.931069,8.259544,7.839724
376,macrocycles/2E9P_lig4to7_alpha05,macrocycles/2E9P_lig4to7_alpha05/ligand_5,../large_fep_dataset/data/fep_benchmark_processed/macrocycles_2E9P_lig4to7_alpha05_ligand_5.sdf,../large_fep_dataset/data/fep_benchmark_processed/macrocycles_2E9P_lig4to7_alpha05_protein.pdb,376,8.337454,8.426177,8.736924,8.5246525,8.167603,8.232712,8.518307,8.221659,8.327566,8.38207,8.387513
377,macrocycles/2E9P_lig4to7_alpha05,macrocycles/2E9P_lig4to7_alpha05/ligand_7,../large_fep_dataset/data/fep_benchmark_processed/macrocycles_2E9P_lig4to7_alpha05_ligand_7.sdf,../large_fep_dataset/data/fep_benchmark_processed/macrocycles_2E9P_lig4to7_alpha05_protein.pdb,377,8.2581,8.1664715,7.970453,8.402167,7.739281,7.8576536,8.113068,8.13874,8.449218,8.090594,8.118574
378,macrocycles/2E9P_lig4to7_alpha05,macrocycles/2E9P_lig4to7_alpha05/ligand_4,../large_fep_dataset/data/fep_benchmark_processed/macrocycles_2E9P_lig4to7_alpha05_ligand_4.sdf,../large_fep_dataset/data/fep_benchmark_processed/macrocycles_2E9P_lig4to7_alpha05_protein.pdb,378,7.740083,7.78199,7.9090357,8.141736,7.8296623,8.001644,7.9700623,8.074398,7.760221,8.242678,7.945151
379,macrocycles/2E9P_lig4to7_alpha05,macrocycles/2E9P_lig4to7_alpha05/ligand_6,../large_fep_dataset/data/fep_benchmark_processed/macrocycles_2E9P_lig4to7_alpha05_ligand_6.sdf,../large_fep_dataset/data/fep_benchmark_processed/macrocycles_2E9P_lig4to7_alpha05_protein.pdb,379,8.462894,8.219818,8.047883,8.575416,7.75152,7.77782,8.543413,8.062145,8.358041,8.218525,8.201749
380,macrocycles/2Q15_lig17to21_alpha05,macrocycles/2Q15_lig17to21_alpha05/ligand_20_S,../large_fep_dataset/data/fep_benchmark_processed/macrocycles_2Q15_lig17to21_alpha05_ligand_20_S.sdf,../large_fep_dataset/data/fep_benchmark_processed/macrocycles_2Q15_lig17to21_alpha05_protein.pdb,380,7.857418,7.128322,8.114503,7.2943254,7.429906,7.4506636,7.877682,7.785623,7.6770954,7.839577,7.6455116
381,macrocycles/2Q15_lig17to21_alpha05,macrocycles/2Q15_lig17to21_alpha05/ligand_21,../large_fep_dataset/data/fep_benchmark_processed/macrocycles_2Q15_lig17to21_alpha05_ligand_21.sdf,../large_fep_dataset/data/fep_benchmark_processed/macrocycles_2Q15_lig17to21_alpha05_protein.pdb,381,7.5714636,7.237109,8.417433,7.461628,7.2508283,7.3370724,7.747885,7.6192746,7.7038736,7.629629,7.5976205
382,macrocycles/2Q15_lig17to21_alpha05,macrocycles/2Q15_lig17to21_alpha05/ligand_18,../large_fep_dataset/data/fep_benchmark_processed/macrocycles_2Q15_lig17to21_alpha05_ligand_18.sdf,../large_fep_dataset/data/fep_benchmark_processed/macrocycles_2Q15_lig17to21_alpha05_protein.pdb,382,8.03531,7.673506,7.8265357,7.7589087,7.875499,7.8189483,7.7232294,7.9894147,7.6767893,7.5875134,7.796565
383,macrocycles/2Q15_lig17to21_alpha05,macrocycles/2Q15_lig17to21_alpha05/ligand_17_enu,../large_fep_dataset/data/fep_benchmark_processed/macrocycles_2Q15_lig17to21_alpha05_ligand_17_enu.sdf,../large_fep_dataset/data/fep_benchmark_processed/macrocycles_2Q15_lig17to21_alpha05_protein.pdb,383,7.332308,7.0307207,8.343011,7.549334,7.232969,7.1929607,7.470251,7.281751,7.4030533,7.3477373,7.4184103
384,macrocycles/2Q15_lig17to21_alpha05,macrocycles/2Q15_lig17to21_alpha05/ligand_19,../large_fep_dataset/data/fep_benchmark_processed/macrocycles_2Q15_lig17to21_alpha05_ligand_19.sdf,../large_fep_dataset/data/fep_benchmark_processed/macrocycles_2Q15_lig17to21_alpha05_protein.pdb,384,7.9169183,6.924084,8.217138,7.599296,7.3377094,7.4760613,7.677334,7.8244233,7.7496147,7.7292614,7.6451845
385,macrocycles/hsp90_3hvd_custcore,macrocycles/hsp90_3hvd_custcore/lig_3B27,../large_fep_dataset/data/fep_benchmark_processed/macrocycles_hsp90_3hvd_custcore_lig_3B27.sdf,../large_fep_dataset/data/fep_benchmark_processed/macrocycles_hsp90_3hvd_custcore_protein.pdb,385,4.497392,5.332483,4.5353975,5.0889034,4.9503937,4.8649244,4.996221,5.113296,5.3989577,6.0934734,5.087144
386,macrocycles/hsp90_3hvd_custcore,macrocycles/hsp90_3hvd_custcore/18 minimized,../large_fep_dataset/data/fep_benchmark_processed/macrocycles_hsp90_3hvd_custcore_18_minimized.sdf,../large_fep_dataset/data/fep_benchmark_processed/macrocycles_hsp90_3hvd_custcore_protein.pdb,386,8.325953,8.657095,8.803973,8.906743,8.822018,7.9276156,9.120085,8.583814,8.882704,8.59528,8.662529
387,macrocycles/hsp90_3hvd_custcore,"macrocycles/hsp90_3hvd_custcore/8, 3VHA","../large_fep_dataset/data/fep_benchmark_processed/macrocycles_hsp90_3hvd_custcore_8,_3VHA.sdf",../large_fep_dataset/data/fep_benchmark_processed/macrocycles_hsp90_3hvd_custcore_protein.pdb,387,6.684652,6.9564734,6.89202,7.7182527,7.315578,6.224768,7.3038006,7.5622177,7.2912264,7.3047614,7.125375
388,macrocycles/hsp90_3hvd_custcore,macrocycles/hsp90_3hvd_custcore/13,../large_fep_dataset/data/fep_benchmark_processed/macrocycles_hsp90_3hvd_custcore_13.sdf,../large_fep_dataset/data/fep_benchmark_processed/macrocycles_hsp90_3hvd_custcore_protein.pdb,388,8.508241,8.208588,8.155574,8.31938,8.0025835,7.477325,8.639737,8.259486,8.133167,8.007047,8.171112
389,macrocycles/hsp90_3hvd_custcore,macrocycles/hsp90_3hvd_custcore/9,../large_fep_dataset/data/fep_benchmark_processed/macrocycles_hsp90_3hvd_custcore_9.sdf,../large_fep_dataset/data/fep_benchmark_processed/macrocycles_hsp90_3hvd_custcore_protein.pdb,389,6.9609284,6.7318187,6.8442974,7.4576044,7.2547393,6.559413,7.4696827,7.35012,7.2723737,7.142101,7.1043077
390,macrocycles/hsp90_3hvd_custcore,"macrocycles/hsp90_3hvd_custcore/16, 3VHD","../large_fep_dataset/data/fep_benchmark_processed/macrocycles_hsp90_3hvd_custcore_16,_3VHD.sdf",../large_fep_dataset/data/fep_benchmark_processed/macrocycles_hsp90_3hvd_custcore_protein.pdb,390,8.943805,9.064804,8.865803,8.946991,8.757334,8.565502,9.432241,9.131927,9.067259,9.0177965,8.979346
391,macrocycles/hsp90_3hvd_custcore,"macrocycles/hsp90_3hvd_custcore/11, 3VHC","../large_fep_dataset/data/fep_benchmark_processed/macrocycles_hsp90_3hvd_custcore_11,_3VHC.sdf",../large_fep_dataset/data/fep_benchmark_processed/macrocycles_hsp90_3hvd_custcore_protein.pdb,391,8.312195,8.285435,8.474868,8.320841,8.463356,7.940031,8.764155,8.348698,8.234937,7.969974,8.311449
392,macrocycles/hsp90_3hvd_custcore,macrocycles/hsp90_3hvd_custcore/12,../large_fep_dataset/data/fep_benchmark_processed/macrocycles_hsp90_3hvd_custcore_12.sdf,../large_fep_dataset/data/fep_benchmark_processed/macrocycles_hsp90_3hvd_custcore_protein.pdb,392,8.397753,8.335697,8.442284,8.415416,7.8706045,7.784214,8.71637,8.268117,8.049371,8.047081,8.232691
393,macrocycles/hsp90_3hvd_custcore,macrocycles/hsp90_3hvd_custcore/7,../large_fep_dataset/data/fep_benchmark_processed/macrocycles_hsp90_3hvd_custcore_7.sdf,../large_fep_dataset/data/fep_benchmark_processed/macrocycles_hsp90_3hvd_custcore_protein.pdb,393,6.8319845,6.9542723,7.05997,7.568973,7.188378,6.2806273,7.0988727,7.7153964,7.4929466,7.1749406,7.1366363
394,macrocycles/hsp90_3hvd_custcore,"macrocycles/hsp90_3hvd_custcore/17, top conformer","../large_fep_dataset/data/fep_benchmark_processed/macrocycles_hsp90_3hvd_custcore_17,_top_conformer.sdf",../large_fep_dataset/data/fep_benchmark_processed/macrocycles_hsp90_3hvd_custcore_protein.pdb,394,8.897662,8.937423,8.799009,8.941763,8.7239895,8.114039,9.241271,8.744943,8.6628895,8.647762,8.771075
395,scaffold_hopping/Fxa_2ei8,scaffold_hopping/Fxa_2ei8/Edoxaban,../large_fep_dataset/data/fep_benchmark_processed/scaffold_hopping_Fxa_2ei8_Edoxaban.sdf,../large_fep_dataset/data/fep_benchmark_processed/scaffold_hopping_Fxa_2ei8_protein.pdb,395,7.328014,7.564891,7.1754427,7.0786066,7.2837486,7.123478,7.7642536,6.9689183,7.083103,7.735822,7.310628
396,scaffold_hopping/Fxa_2ei8,scaffold_hopping/Fxa_2ei8/4d,../large_fep_dataset/data/fep_benchmark_processed/scaffold_hopping_Fxa_2ei8_4d.sdf,../large_fep_dataset/data/fep_benchmark_processed/scaffold_hopping_Fxa_2ei8_protein.pdb,396,7.694004,8.472556,7.8914385,7.952864,8.169663,7.8399506,7.9444547,7.7624383,8.068874,8.093557,7.988981
397,scaffold_hopping/Fxa_2ei8,scaffold_hopping/Fxa_2ei8/4c,../large_fep_dataset/data/fep_benchmark_processed/scaffold_hopping_Fxa_2ei8_4c.sdf,../large_fep_dataset/data/fep_benchmark_processed/scaffold_hopping_Fxa_2ei8_protein.pdb,397,7.820813,8.119659,7.881996,7.928537,8.126193,7.77562,7.66096,8.015987,7.953899,7.9865594,7.927022
398,scaffold_hopping/TPSB2_3v7t,scaffold_hopping/TPSB2_3v7t/1,../large_fep_dataset/data/fep_benchmark_processed/scaffold_hopping_TPSB2_3v7t_1.sdf,../large_fep_dataset/data/fep_benchmark_processed/scaffold_hopping_TPSB2_3v7t_protein.pdb,398,6.270986,5.7082005,5.936552,6.099808,5.9717307,5.9513035,6.1431203,7.000808,6.4560633,5.515651,6.1054225
399,scaffold_hopping/TPSB2_3v7t,scaffold_hopping/TPSB2_3v7t/2,../large_fep_dataset/data/fep_benchmark_processed/scaffold_hopping_TPSB2_3v7t_2.sdf,../large_fep_dataset/data/fep_benchmark_processed/scaffold_hopping_TPSB2_3v7t_protein.pdb,399,6.2066255,6.739691,6.753777,6.7553473,6.3333306,6.2441325,6.1738257,7.565317,6.832302,6.328227,6.593258
400,scaffold_hopping/Bace1_4zsp,scaffold_hopping/Bace1_4zsp/31,../large_fep_dataset/data/fep_benchmark_processed/scaffold_hopping_Bace1_4zsp_31.sdf,../large_fep_dataset/data/fep_benchmark_processed/scaffold_hopping_Bace1_4zsp_protein.pdb,400,5.32514,5.306343,5.6018076,6.2720823,6.816927,5.2933164,5.925661,5.9339676,5.5631537,5.8821144,5.792052
401,scaffold_hopping/Bace1_4zsp,scaffold_hopping/Bace1_4zsp/7,../large_fep_dataset/data/fep_benchmark_processed/scaffold_hopping_Bace1_4zsp_7.sdf,../large_fep_dataset/data/fep_benchmark_processed/scaffold_hopping_Bace1_4zsp_protein.pdb,401,5.9484477,5.3999405,5.5936623,5.7066793,5.4264083,5.0181575,5.8483896,5.529773,5.88209,5.7693357,5.6122885
402,scaffold_hopping/Bace1_4zsp,scaffold_hopping/Bace1_4zsp/6,../large_fep_dataset/data/fep_benchmark_processed/scaffold_hopping_Bace1_4zsp_6.sdf,../large_fep_dataset/data/fep_benchmark_processed/scaffold_hopping_Bace1_4zsp_protein.pdb,402,6.079291,5.3878627,5.8850923,6.090727,6.048239,5.2667165,6.207234,5.803898,5.7185535,5.71888,5.820649
403,scaffold_hopping/EZH2_5ij7_corehop,scaffold_hopping/EZH2_5ij7_corehop/22,../large_fep_dataset/data/fep_benchmark_processed/scaffold_hopping_EZH2_5ij7_corehop_22.sdf,../large_fep_dataset/data/fep_benchmark_processed/scaffold_hopping_EZH2_5ij7_corehop_protein.pdb,403,6.9417067,7.0207434,6.6023545,7.379824,6.6662736,5.998986,7.2474103,6.863491,6.5862694,6.3780603,6.768512
404,scaffold_hopping/EZH2_5ij7_corehop,scaffold_hopping/EZH2_5ij7_corehop/31,../large_fep_dataset/data/fep_benchmark_processed/scaffold_hopping_EZH2_5ij7_corehop_31.sdf,../large_fep_dataset/data/fep_benchmark_processed/scaffold_hopping_EZH2_5ij7_corehop_protein.pdb,404,6.3096924,6.1037903,6.2878466,6.4948735,6.334619,6.2671986,7.244955,6.385341,6.4032536,5.8240466,6.365562
405,scaffold_hopping/EZH2_5ij7_corehop,scaffold_hopping/EZH2_5ij7_corehop/29,../large_fep_dataset/data/fep_benchmark_processed/scaffold_hopping_EZH2_5ij7_corehop_29.sdf,../large_fep_dataset/data/fep_benchmark_processed/scaffold_hopping_EZH2_5ij7_corehop_protein.pdb,405,6.9075723,6.123059,6.704839,6.836518,6.769274,6.1624427,7.3164372,6.817556,6.6393204,6.472726,6.674974
406,scaffold_hopping/EZH2_5ij7_corehop,scaffold_hopping/EZH2_5ij7_corehop/27,../large_fep_dataset/data/fep_benchmark_processed/scaffold_hopping_EZH2_5ij7_corehop_27.sdf,../large_fep_dataset/data/fep_benchmark_processed/scaffold_hopping_EZH2_5ij7_corehop_protein.pdb,406,6.338804,6.4184127,6.412209,7.114525,6.570039,5.4090123,7.3170166,6.61463,6.5138774,6.0680346,6.477656
407,scaffold_hopping/CHK1_3u9n_corehop,scaffold_hopping/CHK1_3u9n_corehop/17,../large_fep_dataset/data/fep_benchmark_processed/scaffold_hopping_CHK1_3u9n_corehop_17.sdf,../large_fep_dataset/data/fep_benchmark_processed/scaffold_hopping_CHK1_3u9n_corehop_protein.pdb,407,6.9731345,7.097714,7.4913645,6.977817,7.442065,7.473701,7.6750245,7.684763,7.596056,6.9449205,7.3356566
408,scaffold_hopping/CHK1_3u9n_corehop,scaffold_hopping/CHK1_3u9n_corehop/1,../large_fep_dataset/data/fep_benchmark_processed/scaffold_hopping_CHK1_3u9n_corehop_1.sdf,../large_fep_dataset/data/fep_benchmark_processed/scaffold_hopping_CHK1_3u9n_corehop_protein.pdb,408,7.11494,6.7210584,6.394421,6.8429427,6.989654,6.9634113,7.0935235,7.3367186,6.7087116,6.7618,6.8927183
409,scaffold_hopping/CHK1_3u9n_corehop,scaffold_hopping/CHK1_3u9n_corehop/21,../large_fep_dataset/data/fep_benchmark_processed/scaffold_hopping_CHK1_3u9n_corehop_21.sdf,../large_fep_dataset/data/fep_benchmark_processed/scaffold_hopping_CHK1_3u9n_corehop_protein.pdb,409,7.7768245,7.0597377,6.8852367,7.116268,7.248081,7.477602,6.805413,7.496278,6.8939633,6.898938,7.165835
410,scaffold_hopping/CHK1_3u9n_corehop,scaffold_hopping/CHK1_3u9n_corehop/20,../large_fep_dataset/data/fep_benchmark_processed/scaffold_hopping_CHK1_3u9n_corehop_20.sdf,../large_fep_dataset/data/fep_benchmark_processed/scaffold_hopping_CHK1_3u9n_corehop_protein.pdb,410,8.271831,6.7707424,6.2764735,7.134683,7.3904457,7.0197983,7.3221197,7.4468427,6.826081,6.9901867,7.1449213
411,scaffold_hopping/CHK1_3u9n_corehop,scaffold_hopping/CHK1_3u9n_corehop/19,../large_fep_dataset/data/fep_benchmark_processed/scaffold_hopping_CHK1_3u9n_corehop_19.sdf,../large_fep_dataset/data/fep_benchmark_processed/scaffold_hopping_CHK1_3u9n_corehop_protein.pdb,411,7.4182196,6.833497,7.3009152,6.993251,7.40305,7.6904116,7.200978,7.432133,7.0704093,7.3715725,7.271444
412,gpcrs/a2a_hip278,gpcrs/a2a_hip278/4g,../large_fep_dataset/data/fep_benchmark_processed/gpcrs_a2a_hip278_4g.sdf,../large_fep_dataset/data/fep_benchmark_processed/gpcrs_a2a_hip278_protein.pdb,412,6.085783,5.851765,5.902226,5.0058417,6.005551,5.676296,6.2283125,6.394212,6.6274595,6.309811,6.0087256
413,gpcrs/a2a_hip278,gpcrs/a2a_hip278/4h,../large_fep_dataset/data/fep_benchmark_processed/gpcrs_a2a_hip278_4h.sdf,../large_fep_dataset/data/fep_benchmark_processed/gpcrs_a2a_hip278_protein.pdb,413,6.131881,5.9926453,5.959663,5.474128,6.2992024,5.6408815,5.7918715,6.1318245,6.97194,6.3344517,6.0728483
414,gpcrs/a2a_hip278,gpcrs/a2a_hip278/4jS,../large_fep_dataset/data/fep_benchmark_processed/gpcrs_a2a_hip278_4jS.sdf,../large_fep_dataset/data/fep_benchmark_processed/gpcrs_a2a_hip278_protein.pdb,414,6.6405716,6.297366,6.627982,5.683766,6.4356055,5.816491,6.3243027,6.6117506,7.3800974,6.35311,6.4171042
415,gpcrs/a2a_hip278,gpcrs/a2a_hip278/4kU,../large_fep_dataset/data/fep_benchmark_processed/gpcrs_a2a_hip278_4kU.sdf,../large_fep_dataset/data/fep_benchmark_processed/gpcrs_a2a_hip278_protein.pdb,415,7.2814465,6.3947697,6.8161635,6.2784686,7.1098447,6.686652,6.791225,6.569219,7.133419,6.491843,6.7553053
416,gpcrs/a2a_hip278,gpcrs/a2a_hip278/4lD,../large_fep_dataset/data/fep_benchmark_processed/gpcrs_a2a_hip278_4lD.sdf,../large_fep_dataset/data/fep_benchmark_processed/gpcrs_a2a_hip278_protein.pdb,416,6.637866,6.327358,6.313612,5.908228,6.731801,6.3811665,5.6467686,5.8132234,7.444048,6.408808,6.361288
417,gpcrs/a2a_hip278,gpcrs/a2a_hip278/4i,../large_fep_dataset/data/fep_benchmark_processed/gpcrs_a2a_hip278_4i.sdf,../large_fep_dataset/data/fep_benchmark_processed/gpcrs_a2a_hip278_protein.pdb,417,6.247915,6.1716313,6.6976147,6.153198,6.460725,6.016539,6.5629277,6.677302,7.2271357,6.5853686,6.4800353
418,gpcrs/a2a_hip278,gpcrs/a2a_hip278/4a,../large_fep_dataset/data/fep_benchmark_processed/gpcrs_a2a_hip278_4a.sdf,../large_fep_dataset/data/fep_benchmark_processed/gpcrs_a2a_hip278_protein.pdb,418,6.1043315,5.3189225,6.167981,5.1402855,5.4317336,5.34492,5.2551703,5.7502136,6.088406,5.194246,5.579621
419,gpcrs/a2a_hip278,gpcrs/a2a_hip278/4b D,../large_fep_dataset/data/fep_benchmark_processed/gpcrs_a2a_hip278_4b_D.sdf,../large_fep_dataset/data/fep_benchmark_processed/gpcrs_a2a_hip278_protein.pdb,419,6.504461,6.199803,6.8285494,5.9613805,6.341767,5.6490135,6.0425253,6.5050364,6.4061966,6.199478,6.263821
420,gpcrs/a2a_hip278,gpcrs/a2a_hip278/4c,../large_fep_dataset/data/fep_benchmark_processed/gpcrs_a2a_hip278_4c.sdf,../large_fep_dataset/data/fep_benchmark_processed/gpcrs_a2a_hip278_protein.pdb,420,6.5083776,6.158743,6.690535,6.395662,6.397907,5.870208,6.459001,6.5861197,6.5988135,6.378766,6.4044127
421,gpcrs/a2a_hip278,gpcrs/a2a_hip278/4d,../large_fep_dataset/data/fep_benchmark_processed/gpcrs_a2a_hip278_4d.sdf,../large_fep_dataset/data/fep_benchmark_processed/gpcrs_a2a_hip278_protein.pdb,421,6.53943,6.454777,6.85653,6.2451754,6.98551,6.2403517,5.9611473,6.7143745,6.5523176,6.087824,6.4637437
422,gpcrs/a2a_hip278,gpcrs/a2a_hip278/4o,../large_fep_dataset/data/fep_benchmark_processed/gpcrs_a2a_hip278_4o.sdf,../large_fep_dataset/data/fep_benchmark_processed/gpcrs_a2a_hip278_protein.pdb,422,6.280469,6.586736,6.9489503,5.791214,6.4184136,6.4670186,5.6978016,6.0084367,6.4895735,6.3521543,6.304077
423,gpcrs/a2a_hip278,gpcrs/a2a_hip278/4f,../large_fep_dataset/data/fep_benchmark_processed/gpcrs_a2a_hip278_4f.sdf,../large_fep_dataset/data/fep_benchmark_processed/gpcrs_a2a_hip278_protein.pdb,423,6.0803914,6.558327,6.718737,6.1000595,6.8056235,6.596334,6.0587444,7.4850073,6.0974646,6.05822,6.4558907
424,gpcrs/a2a_hip278,gpcrs/a2a_hip278/4e D,../large_fep_dataset/data/fep_benchmark_processed/gpcrs_a2a_hip278_4e_D.sdf,../large_fep_dataset/data/fep_benchmark_processed/gpcrs_a2a_hip278_protein.pdb,424,6.8314033,7.190851,7.346565,6.5815063,6.823792,6.99987,6.0242214,6.7694273,5.827809,6.9455132,6.7340956
425,gpcrs/a2a_hip278,gpcrs/a2a_hip278/4m D,../large_fep_dataset/data/fep_benchmark_processed/gpcrs_a2a_hip278_4m_D.sdf,../large_fep_dataset/data/fep_benchmark_processed/gpcrs_a2a_hip278_protein.pdb,425,6.0639553,5.575655,6.5603805,5.8255095,6.363575,5.773524,5.9419026,5.954018,6.4636946,5.914316,6.043653
426,gpcrs/a2a_hip278,gpcrs/a2a_hip278/4q,../large_fep_dataset/data/fep_benchmark_processed/gpcrs_a2a_hip278_4q.sdf,../large_fep_dataset/data/fep_benchmark_processed/gpcrs_a2a_hip278_protein.pdb,426,5.7802505,5.647289,5.6047397,5.14768,6.2383204,5.605737,5.6151767,5.8012657,6.6686835,5.68314,5.779228
427,gpcrs/a2a_hip278,gpcrs/a2a_hip278/4n,../large_fep_dataset/data/fep_benchmark_processed/gpcrs_a2a_hip278_4n.sdf,../large_fep_dataset/data/fep_benchmark_processed/gpcrs_a2a_hip278_protein.pdb,427,6.0327373,5.8432784,5.978631,5.5906677,6.2011886,5.2455134,6.0001135,5.6107845,6.424654,5.4393888,5.8366957
428,gpcrs/a2a_hip278,gpcrs/a2a_hip278/4r U,../large_fep_dataset/data/fep_benchmark_processed/gpcrs_a2a_hip278_4r_U.sdf,../large_fep_dataset/data/fep_benchmark_processed/gpcrs_a2a_hip278_protein.pdb,428,6.134194,6.2628794,5.861247,6.344646,6.785324,5.554017,5.7308607,6.0556526,6.223903,5.583694,6.053642
429,gpcrs/a2a_hip278,gpcrs/a2a_hip278/4o deprotonated,../large_fep_dataset/data/fep_benchmark_processed/gpcrs_a2a_hip278_4o_deprotonated.sdf,../large_fep_dataset/data/fep_benchmark_processed/gpcrs_a2a_hip278_protein.pdb,429,6.0781865,6.0043764,6.6998568,5.677361,6.328643,5.6610756,5.774053,5.790217,5.8476124,5.936808,5.9798193
430,gpcrs/a2a_hip278,gpcrs/a2a_hip278/4eD deprotonated,../large_fep_dataset/data/fep_benchmark_processed/gpcrs_a2a_hip278_4eD_deprotonated.sdf,../large_fep_dataset/data/fep_benchmark_processed/gpcrs_a2a_hip278_protein.pdb,430,6.3309336,6.0965953,7.20609,6.421455,6.3935785,5.950606,6.2606087,6.4595037,5.8574886,6.746798,6.372366
431,gpcrs/a2a_hip278,gpcrs/a2a_hip278/4f deprotonated,../large_fep_dataset/data/fep_benchmark_processed/gpcrs_a2a_hip278_4f_deprotonated.sdf,../large_fep_dataset/data/fep_benchmark_processed/gpcrs_a2a_hip278_protein.pdb,431,5.9487143,6.3864822,6.4615397,6.648189,6.571044,6.4896255,5.7573385,7.011265,5.947953,6.3532004,6.357535
432,gpcrs/ox2_hip_custcore,gpcrs/ox2_hip_custcore/set 1: 1,../large_fep_dataset/data/fep_benchmark_processed/gpcrs_ox2_hip_custcore_set_1:_1.sdf,../large_fep_dataset/data/fep_benchmark_processed/gpcrs_ox2_hip_custcore_protein.pdb,432,6.17562,6.7659726,6.8774924,6.726321,6.627969,6.887028,7.3589125,7.0079226,6.575696,6.224459,6.722739
433,gpcrs/ox2_hip_custcore,gpcrs/ox2_hip_custcore/set 1: 2,../large_fep_dataset/data/fep_benchmark_processed/gpcrs_ox2_hip_custcore_set_1:_2.sdf,../large_fep_dataset/data/fep_benchmark_processed/gpcrs_ox2_hip_custcore_protein.pdb,433,6.448538,6.802035,6.851818,6.526751,6.4749274,7.2523127,6.970046,6.8865776,6.671471,6.0803213,6.69648
434,gpcrs/ox2_hip_custcore,gpcrs/ox2_hip_custcore/set 1: 3,../large_fep_dataset/data/fep_benchmark_processed/gpcrs_ox2_hip_custcore_set_1:_3.sdf,../large_fep_dataset/data/fep_benchmark_processed/gpcrs_ox2_hip_custcore_protein.pdb,434,6.8786325,6.53798,6.753722,7.2174096,6.926315,7.2907815,7.0989685,6.633868,7.3003755,6.0669994,6.8705053
435,gpcrs/ox2_hip_custcore,gpcrs/ox2_hip_custcore/set 1: 4,../large_fep_dataset/data/fep_benchmark_processed/gpcrs_ox2_hip_custcore_set_1:_4.sdf,../large_fep_dataset/data/fep_benchmark_processed/gpcrs_ox2_hip_custcore_protein.pdb,435,6.8794804,7.4283595,7.5357103,7.1465125,6.8371396,7.3649807,7.336352,7.0188417,7.141452,7.029377,7.17182
436,gpcrs/ox2_hip_custcore,gpcrs/ox2_hip_custcore/set 1: 5,../large_fep_dataset/data/fep_benchmark_processed/gpcrs_ox2_hip_custcore_set_1:_5.sdf,../large_fep_dataset/data/fep_benchmark_processed/gpcrs_ox2_hip_custcore_protein.pdb,436,6.813064,7.1581993,7.0625763,7.2751036,6.5188203,7.218572,7.158624,6.8531084,7.3542867,6.7448955,7.015725
437,gpcrs/ox2_hip_custcore,gpcrs/ox2_hip_custcore/set 1: 6,../large_fep_dataset/data/fep_benchmark_processed/gpcrs_ox2_hip_custcore_set_1:_6.sdf,../large_fep_dataset/data/fep_benchmark_processed/gpcrs_ox2_hip_custcore_protein.pdb,437,7.0234213,6.733315,6.682815,6.90196,6.8908205,7.3860407,7.0693917,6.6442075,6.76057,5.979827,6.807237
438,gpcrs/ox2_hip_custcore,gpcrs/ox2_hip_custcore/set 1: 7,../large_fep_dataset/data/fep_benchmark_processed/gpcrs_ox2_hip_custcore_set_1:_7.sdf,../large_fep_dataset/data/fep_benchmark_processed/gpcrs_ox2_hip_custcore_protein.pdb,438,6.7419643,6.4968743,7.780205,7.2772365,6.5470157,7.3008037,6.813091,6.889882,7.5655317,6.3747015,6.9787307
439,gpcrs/ox2_hip_custcore,gpcrs/ox2_hip_custcore/set 1: 8,../large_fep_dataset/data/fep_benchmark_processed/gpcrs_ox2_hip_custcore_set_1:_8.sdf,../large_fep_dataset/data/fep_benchmark_processed/gpcrs_ox2_hip_custcore_protein.pdb,439,6.3273025,6.8010645,7.198453,7.266171,7.296213,7.408959,7.440431,7.2561383,7.1793585,6.49917,7.0673256
440,gpcrs/ox2_hip_custcore,gpcrs/ox2_hip_custcore/set 1: 9,../large_fep_dataset/data/fep_benchmark_processed/gpcrs_ox2_hip_custcore_set_1:_9.sdf,../large_fep_dataset/data/fep_benchmark_processed/gpcrs_ox2_hip_custcore_protein.pdb,440,7.337158,7.094484,6.6619387,6.974709,6.253442,6.934716,6.558884,6.722345,6.8811536,6.1669955,6.758582
441,gpcrs/ox2_hip_custcore,gpcrs/ox2_hip_custcore/set 1: 10,../large_fep_dataset/data/fep_benchmark_processed/gpcrs_ox2_hip_custcore_set_1:_10.sdf,../large_fep_dataset/data/fep_benchmark_processed/gpcrs_ox2_hip_custcore_protein.pdb,441,6.6980495,6.6803927,7.093234,7.1662655,6.6220503,7.4088736,6.8510795,7.02176,6.9609613,6.410626,6.8913293
442,gpcrs/ox2_hip_custcore,gpcrs/ox2_hip_custcore/set 1: 11,../large_fep_dataset/data/fep_benchmark_processed/gpcrs_ox2_hip_custcore_set_1:_11.sdf,../large_fep_dataset/data/fep_benchmark_processed/gpcrs_ox2_hip_custcore_protein.pdb,442,6.878661,7.2391195,7.5227714,7.6788325,6.9108987,7.18802,7.056325,7.289363,7.4644756,6.687554,7.191602
443,gpcrs/ox2_hip_custcore,gpcrs/ox2_hip_custcore/set 1: 12,../large_fep_dataset/data/fep_benchmark_processed/gpcrs_ox2_hip_custcore_set_1:_12.sdf,../large_fep_dataset/data/fep_benchmark_processed/gpcrs_ox2_hip_custcore_protein.pdb,443,6.983327,6.9386907,7.1927595,7.295651,6.4813256,7.113067,7.1099334,6.6356764,7.040787,5.9793544,6.877057
444,gpcrs/ox2_hip_custcore,gpcrs/ox2_hip_custcore/set 1: 13,../large_fep_dataset/data/fep_benchmark_processed/gpcrs_ox2_hip_custcore_set_1:_13.sdf,../large_fep_dataset/data/fep_benchmark_processed/gpcrs_ox2_hip_custcore_protein.pdb,444,6.475382,6.8515887,7.055582,7.0472007,6.200286,7.456139,7.2961893,6.8473325,6.8960586,6.4169903,6.8542747
445,gpcrs/ox2_hip_custcore,gpcrs/ox2_hip_custcore/set 1: 14,../large_fep_dataset/data/fep_benchmark_processed/gpcrs_ox2_hip_custcore_set_1:_14.sdf,../large_fep_dataset/data/fep_benchmark_processed/gpcrs_ox2_hip_custcore_protein.pdb,445,6.6141305,6.666828,7.265444,6.9222317,6.4055142,7.3673086,7.4554887,7.397005,6.6371846,6.6839275,6.941507
446,gpcrs/ox2_hip_custcore,gpcrs/ox2_hip_custcore/set 1: 15,../large_fep_dataset/data/fep_benchmark_processed/gpcrs_ox2_hip_custcore_set_1:_15.sdf,../large_fep_dataset/data/fep_benchmark_processed/gpcrs_ox2_hip_custcore_protein.pdb,446,6.6143045,6.7180567,6.8321757,7.572621,7.365873,7.2414684,6.840434,7.140151,6.74605,6.229741,6.930088
447,gpcrs/ox2_hip_custcore,gpcrs/ox2_hip_custcore/set 1: 16,../large_fep_dataset/data/fep_benchmark_processed/gpcrs_ox2_hip_custcore_set_1:_16.sdf,../large_fep_dataset/data/fep_benchmark_processed/gpcrs_ox2_hip_custcore_protein.pdb,447,6.7113914,6.488868,7.1048994,6.997551,6.181956,7.579509,7.3192916,7.2697477,7.0348835,6.1928277,6.888093
448,gpcrs/ox2_hip_custcore,gpcrs/ox2_hip_custcore/set 1: 17,../large_fep_dataset/data/fep_benchmark_processed/gpcrs_ox2_hip_custcore_set_1:_17.sdf,../large_fep_dataset/data/fep_benchmark_processed/gpcrs_ox2_hip_custcore_protein.pdb,448,6.8023043,6.7791543,7.2628617,6.872299,6.6555696,7.164455,6.8802404,6.7133346,7.556582,6.143047,6.882985
449,gpcrs/ox2_hip_custcore,gpcrs/ox2_hip_custcore/set 1: 18,../large_fep_dataset/data/fep_benchmark_processed/gpcrs_ox2_hip_custcore_set_1:_18.sdf,../large_fep_dataset/data/fep_benchmark_processed/gpcrs_ox2_hip_custcore_protein.pdb,449,7.3254485,7.445427,7.274676,7.5466356,7.1204677,7.3365054,7.769954,7.6983833,7.4109583,6.7670617,7.3695517
450,gpcrs/ox2_hip_custcore,gpcrs/ox2_hip_custcore/set 1: 19,../large_fep_dataset/data/fep_benchmark_processed/gpcrs_ox2_hip_custcore_set_1:_19.sdf,../large_fep_dataset/data/fep_benchmark_processed/gpcrs_ox2_hip_custcore_protein.pdb,450,7.255599,6.8112726,7.249115,7.4060802,6.698178,7.203858,7.324642,7.3569384,7.4648504,6.2009215,7.097145
451,gpcrs/ox2_hip_custcore,gpcrs/ox2_hip_custcore/set 1: 20,../large_fep_dataset/data/fep_benchmark_processed/gpcrs_ox2_hip_custcore_set_1:_20.sdf,../large_fep_dataset/data/fep_benchmark_processed/gpcrs_ox2_hip_custcore_protein.pdb,451,6.431674,6.678157,7.237233,7.2723517,6.775578,7.520069,6.767395,7.0855207,6.8539805,6.3888626,6.9010825
452,gpcrs/ox2_hip_custcore,gpcrs/ox2_hip_custcore/set 1: 21,../large_fep_dataset/data/fep_benchmark_processed/gpcrs_ox2_hip_custcore_set_1:_21.sdf,../large_fep_dataset/data/fep_benchmark_processed/gpcrs_ox2_hip_custcore_protein.pdb,452,6.787319,6.5293565,6.8142877,6.717259,6.4099255,7.350576,6.7907333,6.5970445,6.8327737,6.3933473,6.7222624
453,gpcrs/ox2_hip_custcore,gpcrs/ox2_hip_custcore/set 1: 22,../large_fep_dataset/data/fep_benchmark_processed/gpcrs_ox2_hip_custcore_set_1:_22.sdf,../large_fep_dataset/data/fep_benchmark_processed/gpcrs_ox2_hip_custcore_protein.pdb,453,6.9649982,6.6785536,6.8800693,6.8368793,6.5177746,6.9391527,7.112187,7.060329,7.1252217,6.4266634,6.8541822
454,gpcrs/ox2_hip_custcore,gpcrs/ox2_hip_custcore/set 1: 23,../large_fep_dataset/data/fep_benchmark_processed/gpcrs_ox2_hip_custcore_set_1:_23.sdf,../large_fep_dataset/data/fep_benchmark_processed/gpcrs_ox2_hip_custcore_protein.pdb,454,6.4850736,6.0572495,6.589337,7.1302004,6.888453,7.093379,6.6525583,7.089365,7.101738,5.6133633,6.670072
455,gpcrs/ox2_hip_custcore,gpcrs/ox2_hip_custcore/set 1: 24,../large_fep_dataset/data/fep_benchmark_processed/gpcrs_ox2_hip_custcore_set_1:_24.sdf,../large_fep_dataset/data/fep_benchmark_processed/gpcrs_ox2_hip_custcore_protein.pdb,455,7.325701,6.8141475,7.1725206,7.627456,6.475409,7.535038,6.9686704,6.902106,7.087746,6.590601,7.0499396
456,gpcrs/ox2_hip_custcore,gpcrs/ox2_hip_custcore/set 1: 25,../large_fep_dataset/data/fep_benchmark_processed/gpcrs_ox2_hip_custcore_set_1:_25.sdf,../large_fep_dataset/data/fep_benchmark_processed/gpcrs_ox2_hip_custcore_protein.pdb,456,6.981507,6.341887,7.403374,7.2979374,6.593083,7.210712,7.2516255,7.2315807,7.3250966,6.2188296,6.985563
457,gpcrs/ox2_hip_custcore,gpcrs/ox2_hip_custcore/set 1: 26,../large_fep_dataset/data/fep_benchmark_processed/gpcrs_ox2_hip_custcore_set_1:_26.sdf,../large_fep_dataset/data/fep_benchmark_processed/gpcrs_ox2_hip_custcore_protein.pdb,457,6.7574334,6.545692,7.349948,7.2345095,6.831337,7.2637744,6.9456053,7.0927734,7.1467633,6.5855966,6.975343
458,gpcrs/ox2_hip_custcore,gpcrs/ox2_hip_custcore/set 1: 27,../large_fep_dataset/data/fep_benchmark_processed/gpcrs_ox2_hip_custcore_set_1:_27.sdf,../large_fep_dataset/data/fep_benchmark_processed/gpcrs_ox2_hip_custcore_protein.pdb,458,6.4942756,6.3853316,7.2158937,6.666147,6.3795395,7.204031,6.9118032,6.8841047,6.663237,5.923915,6.6728287
459,gpcrs/ox2_hip_custcore,gpcrs/ox2_hip_custcore/set 2: 1,../large_fep_dataset/data/fep_benchmark_processed/gpcrs_ox2_hip_custcore_set_2:_1.sdf,../large_fep_dataset/data/fep_benchmark_processed/gpcrs_ox2_hip_custcore_protein.pdb,459,6.8973656,6.526974,6.390962,6.926197,6.576085,7.254864,6.6471357,6.7740397,6.7647247,6.1288705,6.688722
460,gpcrs/ox2_hip_custcore,gpcrs/ox2_hip_custcore/set 2: 2,../large_fep_dataset/data/fep_benchmark_processed/gpcrs_ox2_hip_custcore_set_2:_2.sdf,../large_fep_dataset/data/fep_benchmark_processed/gpcrs_ox2_hip_custcore_protein.pdb,460,6.900199,5.739218,6.431753,6.6110497,6.0480204,6.317343,6.852475,7.219397,5.8335834,6.232869,6.4185915
461,gpcrs/ox2_hip_custcore,gpcrs/ox2_hip_custcore/set 2: 3,../large_fep_dataset/data/fep_benchmark_processed/gpcrs_ox2_hip_custcore_set_2:_3.sdf,../large_fep_dataset/data/fep_benchmark_processed/gpcrs_ox2_hip_custcore_protein.pdb,461,7.1570992,6.718136,6.723661,7.0348444,6.3371825,6.76478,7.2446985,7.058429,6.400796,5.985345,6.7424974
462,gpcrs/ox2_hip_custcore,gpcrs/ox2_hip_custcore/set 2: 4,../large_fep_dataset/data/fep_benchmark_processed/gpcrs_ox2_hip_custcore_set_2:_4.sdf,../large_fep_dataset/data/fep_benchmark_processed/gpcrs_ox2_hip_custcore_protein.pdb,462,7.0238967,6.2533445,5.9526205,7.0033994,6.600123,7.428034,6.679919,6.728864,6.7266364,6.4585476,6.6855383
463,gpcrs/ox2_hip_custcore,gpcrs/ox2_hip_custcore/set 2: 5 adjust,../large_fep_dataset/data/fep_benchmark_processed/gpcrs_ox2_hip_custcore_set_2:_5_adjust.sdf,../large_fep_dataset/data/fep_benchmark_processed/gpcrs_ox2_hip_custcore_protein.pdb,463,7.428324,7.0369935,6.247863,7.025308,6.6307745,7.551807,7.175979,6.7092752,6.5944777,6.518334,6.8919134
464,gpcrs/ox2_hip_custcore,gpcrs/ox2_hip_custcore/set 2: 6,../large_fep_dataset/data/fep_benchmark_processed/gpcrs_ox2_hip_custcore_set_2:_6.sdf,../large_fep_dataset/data/fep_benchmark_processed/gpcrs_ox2_hip_custcore_protein.pdb,464,7.271955,6.7948422,6.892707,7.419517,7.5415254,7.044743,7.0720363,7.7948813,7.1001587,6.801356,7.173372
465,gpcrs/ox2_hip_custcore,gpcrs/ox2_hip_custcore/set 2: 7,../large_fep_dataset/data/fep_benchmark_processed/gpcrs_ox2_hip_custcore_set_2:_7.sdf,../large_fep_dataset/data/fep_benchmark_processed/gpcrs_ox2_hip_custcore_protein.pdb,465,7.207254,6.520518,6.8591404,7.171284,6.450759,7.0443354,7.163504,6.8960485,7.074722,6.281466,6.866903
466,gpcrs/ox2_hip_custcore,gpcrs/ox2_hip_custcore/set 2: 8,../large_fep_dataset/data/fep_benchmark_processed/gpcrs_ox2_hip_custcore_set_2:_8.sdf,../large_fep_dataset/data/fep_benchmark_processed/gpcrs_ox2_hip_custcore_protein.pdb,466,6.46098,6.6259575,6.940552,6.8250604,6.4493165,7.5736275,7.0876737,6.766547,6.753306,5.8337092,6.731673
467,gpcrs/ox2_hip_custcore,gpcrs/ox2_hip_custcore/set 2: 9,../large_fep_dataset/data/fep_benchmark_processed/gpcrs_ox2_hip_custcore_set_2:_9.sdf,../large_fep_dataset/data/fep_benchmark_processed/gpcrs_ox2_hip_custcore_protein.pdb,467,6.8072605,6.945015,6.151235,7.0158544,6.806661,7.3563914,6.794742,6.430011,7.140833,6.34282,6.7790823
468,gpcrs/ox2_hip_custcore,gpcrs/ox2_hip_custcore/set 2: 10,../large_fep_dataset/data/fep_benchmark_processed/gpcrs_ox2_hip_custcore_set_2:_10.sdf,../large_fep_dataset/data/fep_benchmark_processed/gpcrs_ox2_hip_custcore_protein.pdb,468,7.3064876,7.117795,5.8174057,6.727999,6.6337833,7.6939197,7.164145,6.986844,7.0264874,6.632512,6.9107385
469,gpcrs/ox2_hip_custcore,gpcrs/ox2_hip_custcore/set 2: 11,../large_fep_dataset/data/fep_benchmark_processed/gpcrs_ox2_hip_custcore_set_2:_11.sdf,../large_fep_dataset/data/fep_benchmark_processed/gpcrs_ox2_hip_custcore_protein.pdb,469,7.0668745,6.68694,6.4311895,6.479779,6.763016,7.1404285,6.496767,6.781606,6.529583,6.17465,6.6550837
470,gpcrs/ox2_hip_custcore,gpcrs/ox2_hip_custcore/set 2: 12,../large_fep_dataset/data/fep_benchmark_processed/gpcrs_ox2_hip_custcore_set_2:_12.sdf,../large_fep_dataset/data/fep_benchmark_processed/gpcrs_ox2_hip_custcore_protein.pdb,470,7.1879826,6.9123635,6.5242043,6.9809566,6.70943,7.6226244,7.1403975,6.914005,7.0765057,6.634699,6.9703164
471,gpcrs/ox2_hip_custcore,gpcrs/ox2_hip_custcore/set 2: 13,../large_fep_dataset/data/fep_benchmark_processed/gpcrs_ox2_hip_custcore_set_2:_13.sdf,../large_fep_dataset/data/fep_benchmark_processed/gpcrs_ox2_hip_custcore_protein.pdb,471,6.946855,6.6991267,6.3557553,6.9151773,6.603036,7.1304708,6.6440105,6.569739,6.417546,5.741558,6.602328
472,gpcrs/ox2_hip_custcore,gpcrs/ox2_hip_custcore/set 2: 14,../large_fep_dataset/data/fep_benchmark_processed/gpcrs_ox2_hip_custcore_set_2:_14.sdf,../large_fep_dataset/data/fep_benchmark_processed/gpcrs_ox2_hip_custcore_protein.pdb,472,7.008384,6.486406,7.134435,6.924222,6.6720424,6.965373,6.97314,6.943658,6.4539704,6.0489383,6.7610574
473,gpcrs/ox2_hip_custcore,gpcrs/ox2_hip_custcore/set 2: 15,../large_fep_dataset/data/fep_benchmark_processed/gpcrs_ox2_hip_custcore_set_2:_15.sdf,../large_fep_dataset/data/fep_benchmark_processed/gpcrs_ox2_hip_custcore_protein.pdb,473,7.3897047,6.7988186,6.5990877,7.274861,6.2681646,7.0974603,7.1316857,6.658537,6.9795947,7.333366,6.953128
474,gpcrs/ox2_hip_custcore,gpcrs/ox2_hip_custcore/set 2: 16,../large_fep_dataset/data/fep_benchmark_processed/gpcrs_ox2_hip_custcore_set_2:_16.sdf,../large_fep_dataset/data/fep_benchmark_processed/gpcrs_ox2_hip_custcore_protein.pdb,474,7.1214795,7.317709,6.2452903,7.217685,7.1291676,6.8871813,7.1463556,6.79698,6.9352107,6.736474,6.953353
475,gpcrs/ox2_hip_custcore,gpcrs/ox2_hip_custcore/set 2: 17,../large_fep_dataset/data/fep_benchmark_processed/gpcrs_ox2_hip_custcore_set_2:_17.sdf,../large_fep_dataset/data/fep_benchmark_processed/gpcrs_ox2_hip_custcore_protein.pdb,475,7.17368,7.0355453,6.0286193,6.9465246,6.6790795,7.385091,6.9487786,6.942637,7.055114,6.5403967,6.8735466
476,gpcrs/ox2_hip_custcore,gpcrs/ox2_hip_custcore/set 2: 18,../large_fep_dataset/data/fep_benchmark_processed/gpcrs_ox2_hip_custcore_set_2:_18.sdf,../large_fep_dataset/data/fep_benchmark_processed/gpcrs_ox2_hip_custcore_protein.pdb,476,7.4008446,6.9770827,6.613194,7.0468597,7.122761,7.2955885,6.487211,6.701488,6.4724236,5.9421735,6.805963
477,gpcrs/ox2_hip_custcore,gpcrs/ox2_hip_custcore/set 2: 19,../large_fep_dataset/data/fep_benchmark_processed/gpcrs_ox2_hip_custcore_set_2:_19.sdf,../large_fep_dataset/data/fep_benchmark_processed/gpcrs_ox2_hip_custcore_protein.pdb,477,7.1203523,6.538695,6.342596,6.666547,6.51469,7.1159606,6.7755685,7.2613206,5.9490805,6.361184,6.6645994
478,gpcrs/ox2_hip_custcore,gpcrs/ox2_hip_custcore/set 2: 20,../large_fep_dataset/data/fep_benchmark_processed/gpcrs_ox2_hip_custcore_set_2:_20.sdf,../large_fep_dataset/data/fep_benchmark_processed/gpcrs_ox2_hip_custcore_protein.pdb,478,6.718149,6.606437,6.1840615,6.609386,6.865955,7.27042,7.046763,6.75604,6.7227964,6.2218013,6.700181
479,gpcrs/ox2_hip_custcore,gpcrs/ox2_hip_custcore/set 2: 21,../large_fep_dataset/data/fep_benchmark_processed/gpcrs_ox2_hip_custcore_set_2:_21.sdf,../large_fep_dataset/data/fep_benchmark_processed/gpcrs_ox2_hip_custcore_protein.pdb,479,7.3680444,6.527489,6.2482743,7.068856,6.809237,7.454683,6.772423,6.703719,6.4807835,6.586926,6.802044
480,gpcrs/ox2_hip_custcore,gpcrs/ox2_hip_custcore/set 2: 22,../large_fep_dataset/data/fep_benchmark_processed/gpcrs_ox2_hip_custcore_set_2:_22.sdf,../large_fep_dataset/data/fep_benchmark_processed/gpcrs_ox2_hip_custcore_protein.pdb,480,6.8272834,5.9356394,6.7419534,6.5207815,6.1587214,6.5407577,7.0451446,6.7194724,6.3657193,6.2902517,6.514572
481,gpcrs/ox2_hip_custcore,gpcrs/ox2_hip_custcore/set 2: 23,../large_fep_dataset/data/fep_benchmark_processed/gpcrs_ox2_hip_custcore_set_2:_23.sdf,../large_fep_dataset/data/fep_benchmark_processed/gpcrs_ox2_hip_custcore_protein.pdb,481,7.17283,6.693277,6.2365675,6.942234,6.500052,7.171691,6.7560787,6.848598,6.5717564,5.7791533,6.667224
482,gpcrs/ox2_hip_custcore,gpcrs/ox2_hip_custcore/set 2: 24,../large_fep_dataset/data/fep_benchmark_processed/gpcrs_ox2_hip_custcore_set_2:_24.sdf,../large_fep_dataset/data/fep_benchmark_processed/gpcrs_ox2_hip_custcore_protein.pdb,482,7.408097,6.6690526,6.8253655,7.0429025,7.2189183,7.3368497,6.921919,7.2128544,6.8108172,7.176985,7.0623755
483,gpcrs/p2y1_meta_sub,gpcrs/p2y1_meta_sub/16,../large_fep_dataset/data/fep_benchmark_processed/gpcrs_p2y1_meta_sub_16.sdf,../large_fep_dataset/data/fep_benchmark_processed/gpcrs_p2y1_meta_sub_protein.pdb,483,6.885894,6.5377035,6.0173616,6.946322,6.0004053,6.5809126,6.4805446,6.328369,6.2653203,7.3077273,6.535056
484,gpcrs/p2y1_meta_sub,gpcrs/p2y1_meta_sub/11a,../large_fep_dataset/data/fep_benchmark_processed/gpcrs_p2y1_meta_sub_11a.sdf,../large_fep_dataset/data/fep_benchmark_processed/gpcrs_p2y1_meta_sub_protein.pdb,484,5.688881,4.8904023,5.41388,5.3645496,4.981843,5.085647,5.9120574,5.1922603,5.6261625,5.853464,5.4009147
485,gpcrs/p2y1_meta_sub,gpcrs/p2y1_meta_sub/6e,../large_fep_dataset/data/fep_benchmark_processed/gpcrs_p2y1_meta_sub_6e.sdf,../large_fep_dataset/data/fep_benchmark_processed/gpcrs_p2y1_meta_sub_protein.pdb,485,5.442213,5.2844577,4.7411404,5.6293697,5.0078588,5.0145545,4.667058,5.525889,5.7595634,5.1733623,5.224547
486,gpcrs/p2y1_meta_sub,gpcrs/p2y1_meta_sub/11c,../large_fep_dataset/data/fep_benchmark_processed/gpcrs_p2y1_meta_sub_11c.sdf,../large_fep_dataset/data/fep_benchmark_processed/gpcrs_p2y1_meta_sub_protein.pdb,486,6.117712,6.050876,5.9142847,6.87578,6.259345,6.1154933,5.8567576,6.0834193,6.259396,6.39262,6.192569
487,gpcrs/p2y1_meta_sub,gpcrs/p2y1_meta_sub/6b,../large_fep_dataset/data/fep_benchmark_processed/gpcrs_p2y1_meta_sub_6b.sdf,../large_fep_dataset/data/fep_benchmark_processed/gpcrs_p2y1_meta_sub_protein.pdb,487,5.6257706,5.4967847,5.196505,6.5213156,5.090158,5.1326303,5.0911446,5.4781213,5.685625,5.3943253,5.471238
488,gpcrs/p2y1_meta_sub,gpcrs/p2y1_meta_sub/1,../large_fep_dataset/data/fep_benchmark_processed/gpcrs_p2y1_meta_sub_1.sdf,../large_fep_dataset/data/fep_benchmark_processed/gpcrs_p2y1_meta_sub_protein.pdb,488,5.6269665,5.5953503,5.5213723,6.256566,5.407695,5.368298,5.1938653,5.444653,5.9157343,5.7776437,5.6108146
489,gpcrs/p2y1_meta_sub,gpcrs/p2y1_meta_sub/6a,../large_fep_dataset/data/fep_benchmark_processed/gpcrs_p2y1_meta_sub_6a.sdf,../large_fep_dataset/data/fep_benchmark_processed/gpcrs_p2y1_meta_sub_protein.pdb,489,5.424353,5.256383,4.9836173,6.179804,5.278913,5.378077,5.2302866,5.5445414,5.8611813,5.6601605,5.4797316
490,gpcrs/p2y1_meta_sub,gpcrs/p2y1_meta_sub/6f,../large_fep_dataset/data/fep_benchmark_processed/gpcrs_p2y1_meta_sub_6f.sdf,../large_fep_dataset/data/fep_benchmark_processed/gpcrs_p2y1_meta_sub_protein.pdb,490,5.3447146,5.7068386,5.2447605,6.298207,5.548897,5.421881,5.1176515,5.7190275,5.6044364,5.984908,5.5991325
491,gpcrs/p2y1_meta_sub,gpcrs/p2y1_meta_sub/6h,../large_fep_dataset/data/fep_benchmark_processed/gpcrs_p2y1_meta_sub_6h.sdf,../large_fep_dataset/data/fep_benchmark_processed/gpcrs_p2y1_meta_sub_protein.pdb,491,5.199631,5.6903615,5.1473184,6.2769513,5.212529,5.6719584,5.2186375,5.7573524,5.722535,5.7718577,5.566913
492,gpcrs/p2y1_meta_sub,gpcrs/p2y1_meta_sub/6d,../large_fep_dataset/data/fep_benchmark_processed/gpcrs_p2y1_meta_sub_6d.sdf,../large_fep_dataset/data/fep_benchmark_processed/gpcrs_p2y1_meta_sub_protein.pdb,492,5.422028,5.1899223,5.2205954,6.390701,5.107857,5.3091965,4.985757,5.387358,5.6557784,5.670239,5.433943
493,gpcrs/p2y1_meta_sub,gpcrs/p2y1_meta_sub/6i,../large_fep_dataset/data/fep_benchmark_processed/gpcrs_p2y1_meta_sub_6i.sdf,../large_fep_dataset/data/fep_benchmark_processed/gpcrs_p2y1_meta_sub_protein.pdb,493,6.6348357,6.1746764,6.097859,6.8696775,5.948208,6.33044,5.669738,6.336317,6.123874,6.4894466,6.267507
494,gpcrs/p2y1_meta_sub,gpcrs/p2y1_meta_sub/6g,../large_fep_dataset/data/fep_benchmark_processed/gpcrs_p2y1_meta_sub_6g.sdf,../large_fep_dataset/data/fep_benchmark_processed/gpcrs_p2y1_meta_sub_protein.pdb,494,5.3733325,5.8035936,5.0352015,5.7904983,5.343806,5.465044,5.2027516,5.505563,5.424654,5.444469,5.4388914
495,gpcrs/p2y1_meta_sub,gpcrs/p2y1_meta_sub/6n,../large_fep_dataset/data/fep_benchmark_processed/gpcrs_p2y1_meta_sub_6n.sdf,../large_fep_dataset/data/fep_benchmark_processed/gpcrs_p2y1_meta_sub_protein.pdb,495,5.6956286,5.993688,5.0096583,6.5414357,5.8836393,5.5832424,5.6572433,5.811654,6.309366,6.143769,5.8629317
496,gpcrs/p2y1_meta_sub,gpcrs/p2y1_meta_sub/6m,../large_fep_dataset/data/fep_benchmark_processed/gpcrs_p2y1_meta_sub_6m.sdf,../large_fep_dataset/data/fep_benchmark_processed/gpcrs_p2y1_meta_sub_protein.pdb,496,5.916758,5.517491,5.6153197,6.1536617,5.5489206,5.766953,5.9706697,6.021507,6.147532,5.576494,5.8235307
497,gpcrs/p2y1_meta_sub,gpcrs/p2y1_meta_sub/6p,../large_fep_dataset/data/fep_benchmark_processed/gpcrs_p2y1_meta_sub_6p.sdf,../large_fep_dataset/data/fep_benchmark_processed/gpcrs_p2y1_meta_sub_protein.pdb,497,6.1104774,6.022233,5.6336894,6.375127,5.784367,5.4812922,5.039628,5.8892345,6.191439,5.7192283,5.8246713
498,gpcrs/p2y1_meta_sub,gpcrs/p2y1_meta_sub/6k,../large_fep_dataset/data/fep_benchmark_processed/gpcrs_p2y1_meta_sub_6k.sdf,../large_fep_dataset/data/fep_benchmark_processed/gpcrs_p2y1_meta_sub_protein.pdb,498,5.9491286,5.9216223,5.532916,6.476855,6.2622323,5.7781796,6.0433736,6.0511622,6.163945,6.321935,6.0501347
499,gpcrs/p2y1_meta_sub,gpcrs/p2y1_meta_sub/6o,../large_fep_dataset/data/fep_benchmark_processed/gpcrs_p2y1_meta_sub_6o.sdf,../large_fep_dataset/data/fep_benchmark_processed/gpcrs_p2y1_meta_sub_protein.pdb,499,5.0701184,5.648444,5.4282017,6.2550616,5.2852235,5.629122,5.891847,6.1102705,5.783187,6.0746,5.7176075
500,gpcrs/p2y1_meta_sub,gpcrs/p2y1_meta_sub/6q,../large_fep_dataset/data/fep_benchmark_processed/gpcrs_p2y1_meta_sub_6q.sdf,../large_fep_dataset/data/fep_benchmark_processed/gpcrs_p2y1_meta_sub_protein.pdb,500,5.6376843,5.488624,5.613948,6.0565352,5.6879435,5.4547687,5.421795,5.642465,6.0477138,5.552972,5.660445
501,gpcrs/p2y1_meta_sub,gpcrs/p2y1_meta_sub/6l,../large_fep_dataset/data/fep_benchmark_processed/gpcrs_p2y1_meta_sub_6l.sdf,../large_fep_dataset/data/fep_benchmark_processed/gpcrs_p2y1_meta_sub_protein.pdb,501,5.628653,5.6767616,5.13797,6.175558,5.3825183,5.3443155,5.389209,5.870713,6.0011034,6.1237154,5.6730514
502,gpcrs/p2y1_meta_sub,gpcrs/p2y1_meta_sub/6j,../large_fep_dataset/data/fep_benchmark_processed/gpcrs_p2y1_meta_sub_6j.sdf,../large_fep_dataset/data/fep_benchmark_processed/gpcrs_p2y1_meta_sub_protein.pdb,502,5.768008,5.6419597,5.149184,6.058011,5.471346,5.4421453,5.503786,5.7047505,5.746437,5.719362,5.6204987
503,gpcrs/p2y1_ortho_sub,gpcrs/p2y1_ortho_sub/16,../large_fep_dataset/data/fep_benchmark_processed/gpcrs_p2y1_ortho_sub_16.sdf,../large_fep_dataset/data/fep_benchmark_processed/gpcrs_p2y1_ortho_sub_protein.pdb,503,7.061442,6.3428173,6.2425294,7.2404566,6.516192,6.606709,7.697474,6.2867503,6.1594005,7.0694814,6.722326
504,gpcrs/p2y1_ortho_sub,gpcrs/p2y1_ortho_sub/11b,../large_fep_dataset/data/fep_benchmark_processed/gpcrs_p2y1_ortho_sub_11b.sdf,../large_fep_dataset/data/fep_benchmark_processed/gpcrs_p2y1_ortho_sub_protein.pdb,504,6.934211,6.2313633,6.401405,7.1458693,6.984918,6.448357,7.3987494,6.3899765,6.8288455,7.1737723,6.793747
505,gpcrs/p2y1_ortho_sub,gpcrs/p2y1_ortho_sub/17,../large_fep_dataset/data/fep_benchmark_processed/gpcrs_p2y1_ortho_sub_17.sdf,../large_fep_dataset/data/fep_benchmark_processed/gpcrs_p2y1_ortho_sub_protein.pdb,505,7.0379715,6.3851714,6.670694,6.712664,6.606131,6.587598,7.0737333,6.701733,6.532602,6.9419246,6.7250223
506,gpcrs/p2y1_ortho_sub,gpcrs/p2y1_ortho_sub/14,../large_fep_dataset/data/fep_benchmark_processed/gpcrs_p2y1_ortho_sub_14.sdf,../large_fep_dataset/data/fep_benchmark_processed/gpcrs_p2y1_ortho_sub_protein.pdb,506,6.0034614,6.263218,5.815525,6.783909,6.6965094,6.243652,6.5008016,5.9461613,5.931342,6.284993,6.246957
507,gpcrs/p2y1_ortho_sub,gpcrs/p2y1_ortho_sub/11e,../large_fep_dataset/data/fep_benchmark_processed/gpcrs_p2y1_ortho_sub_11e.sdf,../large_fep_dataset/data/fep_benchmark_processed/gpcrs_p2y1_ortho_sub_protein.pdb,507,6.7283564,5.8161874,5.647395,6.7171016,6.532148,5.9947104,6.349829,5.942582,5.869207,6.5921555,6.2189674
508,gpcrs/p2y1_ortho_sub,gpcrs/p2y1_ortho_sub/11d,../large_fep_dataset/data/fep_benchmark_processed/gpcrs_p2y1_ortho_sub_11d.sdf,../large_fep_dataset/data/fep_benchmark_processed/gpcrs_p2y1_ortho_sub_protein.pdb,508,7.0099874,6.15863,6.1673574,7.060271,7.012086,6.6140633,6.385689,6.0266194,6.89459,7.1992116,6.65285
509,gpcrs/p2y1_ortho_sub,gpcrs/p2y1_ortho_sub/11f,../large_fep_dataset/data/fep_benchmark_processed/gpcrs_p2y1_ortho_sub_11f.sdf,../large_fep_dataset/data/fep_benchmark_processed/gpcrs_p2y1_ortho_sub_protein.pdb,509,6.4015,5.4785695,5.3294697,6.306338,5.7340765,5.2332954,6.095369,5.400312,5.418206,6.096417,5.749355
510,gpcrs/p2y1_ortho_sub,gpcrs/p2y1_ortho_sub/18,../large_fep_dataset/data/fep_benchmark_processed/gpcrs_p2y1_ortho_sub_18.sdf,../large_fep_dataset/data/fep_benchmark_processed/gpcrs_p2y1_ortho_sub_protein.pdb,510,7.0656276,6.1204686,6.551284,6.8075604,6.6357465,7.009506,6.914344,6.64259,6.864532,7.4244685,6.8036127
511,gpcrs/p2y1_ortho_sub,gpcrs/p2y1_ortho_sub/12,../large_fep_dataset/data/fep_benchmark_processed/gpcrs_p2y1_ortho_sub_12.sdf,../large_fep_dataset/data/fep_benchmark_processed/gpcrs_p2y1_ortho_sub_protein.pdb,511,6.792836,6.249149,6.323748,7.160568,6.7963843,6.6172333,7.2183695,6.482154,6.577353,7.1521955,6.7369995
512,gpcrs/p2y1_ortho_sub,gpcrs/p2y1_ortho_sub/11a,../large_fep_dataset/data/fep_benchmark_processed/gpcrs_p2y1_ortho_sub_11a.sdf,../large_fep_dataset/data/fep_benchmark_processed/gpcrs_p2y1_ortho_sub_protein.pdb,512,6.2637844,5.170224,5.2451367,5.8163915,5.9876924,5.58531,5.9074326,5.0459995,5.1716065,5.926186,5.6119766
513,gpcrs/p2y1_ortho_sub,gpcrs/p2y1_ortho_sub/19,../large_fep_dataset/data/fep_benchmark_processed/gpcrs_p2y1_ortho_sub_19.sdf,../large_fep_dataset/data/fep_benchmark_processed/gpcrs_p2y1_ortho_sub_protein.pdb,513,6.8131084,6.1542134,5.783933,6.9572554,6.390718,6.8156447,6.895827,5.959435,6.144377,6.64005,6.4554567
514,gpcrs/p2y1_ortho_sub,gpcrs/p2y1_ortho_sub/13,../large_fep_dataset/data/fep_benchmark_processed/gpcrs_p2y1_ortho_sub_13.sdf,../large_fep_dataset/data/fep_benchmark_processed/gpcrs_p2y1_ortho_sub_protein.pdb,514,6.3710203,5.7968507,5.714729,6.474802,6.4253182,6.23438,6.628559,6.5956945,6.072023,6.434141,6.274752
515,janssen_bace/bace_keranen_p2,janssen_bace/bace_keranen_p2/29,../large_fep_dataset/data/fep_benchmark_processed/janssen_bace_bace_keranen_p2_29.sdf,../large_fep_dataset/data/fep_benchmark_processed/janssen_bace_bace_keranen_p2_protein.pdb,515,7.0690155,7.05048,6.8520913,6.8790765,6.7580643,6.723163,7.037512,6.582054,6.477124,6.5349064,6.7963486
516,janssen_bace/bace_keranen_p2,janssen_bace/bace_keranen_p2/30,../large_fep_dataset/data/fep_benchmark_processed/janssen_bace_bace_keranen_p2_30.sdf,../large_fep_dataset/data/fep_benchmark_processed/janssen_bace_bace_keranen_p2_protein.pdb,516,6.818493,6.94289,6.973269,6.709272,6.698602,7.3055224,6.970012,7.104523,7.3198314,6.9359016,6.977832
517,janssen_bace/bace_keranen_p2,janssen_bace/bace_keranen_p2/31,../large_fep_dataset/data/fep_benchmark_processed/janssen_bace_bace_keranen_p2_31.sdf,../large_fep_dataset/data/fep_benchmark_processed/janssen_bace_bace_keranen_p2_protein.pdb,517,7.1582522,7.3258185,7.3859386,7.003382,6.862177,7.2199974,7.17945,7.256768,7.3992176,7.122952,7.1913958
518,janssen_bace/bace_keranen_p2,janssen_bace/bace_keranen_p2/32,../large_fep_dataset/data/fep_benchmark_processed/janssen_bace_bace_keranen_p2_32.sdf,../large_fep_dataset/data/fep_benchmark_processed/janssen_bace_bace_keranen_p2_protein.pdb,518,7.1725416,7.0694604,7.32245,6.952128,6.9048343,7.429422,7.2723556,6.955714,7.0184765,6.9470744,7.1044455
519,janssen_bace/bace_keranen_p2,janssen_bace/bace_keranen_p2/33,../large_fep_dataset/data/fep_benchmark_processed/janssen_bace_bace_keranen_p2_33.sdf,../large_fep_dataset/data/fep_benchmark_processed/janssen_bace_bace_keranen_p2_protein.pdb,519,7.39371,7.4678516,7.306465,7.133165,6.9398403,6.746956,7.124702,6.958814,7.147057,6.7247243,7.0943284
520,janssen_bace/bace_keranen_p2,janssen_bace/bace_keranen_p2/34,../large_fep_dataset/data/fep_benchmark_processed/janssen_bace_bace_keranen_p2_34.sdf,../large_fep_dataset/data/fep_benchmark_processed/janssen_bace_bace_keranen_p2_protein.pdb,520,7.4760017,6.9344187,7.30897,7.1299996,7.306227,7.7463164,7.7100067,6.9695845,7.001495,7.007371,7.2590384
521,janssen_bace/bace_keranen_p2,janssen_bace/bace_keranen_p2/35,../large_fep_dataset/data/fep_benchmark_processed/janssen_bace_bace_keranen_p2_35.sdf,../large_fep_dataset/data/fep_benchmark_processed/janssen_bace_bace_keranen_p2_protein.pdb,521,6.754519,6.9805717,7.3099756,7.2409425,6.8005295,7.24662,7.010922,6.843731,7.1136565,6.6803846,6.998185
522,janssen_bace/bace_keranen_p2,janssen_bace/bace_keranen_p2/36 out,../large_fep_dataset/data/fep_benchmark_processed/janssen_bace_bace_keranen_p2_36_out.sdf,../large_fep_dataset/data/fep_benchmark_processed/janssen_bace_bace_keranen_p2_protein.pdb,522,6.860038,7.1510153,7.3916326,7.015551,6.9568315,6.972244,7.402121,6.962754,6.727303,6.7864995,7.022599
523,janssen_bace/bace_keranen_p2,janssen_bace/bace_keranen_p2/37 out,../large_fep_dataset/data/fep_benchmark_processed/janssen_bace_bace_keranen_p2_37_out.sdf,../large_fep_dataset/data/fep_benchmark_processed/janssen_bace_bace_keranen_p2_protein.pdb,523,6.983532,7.2771854,6.9625382,6.8350964,6.744688,6.777232,7.256056,7.0058537,6.5602174,6.7819967,6.9184394
524,janssen_bace/bace_keranen_p2,janssen_bace/bace_keranen_p2/39 out,../large_fep_dataset/data/fep_benchmark_processed/janssen_bace_bace_keranen_p2_39_out.sdf,../large_fep_dataset/data/fep_benchmark_processed/janssen_bace_bace_keranen_p2_protein.pdb,524,6.987574,6.8137226,7.0852804,7.072973,6.542114,6.9758043,7.101647,6.652604,6.738138,6.2616014,6.823146
525,janssen_bace/bace_keranen_p2,janssen_bace/bace_keranen_p2/38 out,../large_fep_dataset/data/fep_benchmark_processed/janssen_bace_bace_keranen_p2_38_out.sdf,../large_fep_dataset/data/fep_benchmark_processed/janssen_bace_bace_keranen_p2_protein.pdb,525,7.303991,7.184006,7.068568,7.2830124,7.207228,7.3618674,7.317527,7.5650725,7.061096,6.7076373,7.2060003
526,janssen_bace/bace_keranen_p2,janssen_bace/bace_keranen_p2/28 out,../large_fep_dataset/data/fep_benchmark_processed/janssen_bace_bace_keranen_p2_28_out.sdf,../large_fep_dataset/data/fep_benchmark_processed/janssen_bace_bace_keranen_p2_protein.pdb,526,7.271368,7.194159,7.2895446,7.47496,7.043178,6.829326,7.367561,7.1601653,7.123466,6.796881,7.155061
527,janssen_bace/bace_ciordia_retro,janssen_bace/bace_ciordia_retro/1a,../large_fep_dataset/data/fep_benchmark_processed/janssen_bace_bace_ciordia_retro_1a.sdf,../large_fep_dataset/data/fep_benchmark_processed/janssen_bace_bace_ciordia_retro_protein.pdb,527,4.4329705,4.2853026,4.7589083,4.789872,5.1593375,4.608815,4.8197317,4.7724633,4.68439,4.280076,4.659187
528,janssen_bace/bace_ciordia_retro,janssen_bace/bace_ciordia_retro/11,../large_fep_dataset/data/fep_benchmark_processed/janssen_bace_bace_ciordia_retro_11.sdf,../large_fep_dataset/data/fep_benchmark_processed/janssen_bace_bace_ciordia_retro_protein.pdb,528,6.101491,6.1604047,6.057524,6.1279716,6.0659504,6.4365993,6.521409,6.2908545,5.86309,6.3677974,6.1993093
529,janssen_bace/bace_ciordia_retro,janssen_bace/bace_ciordia_retro/12,../large_fep_dataset/data/fep_benchmark_processed/janssen_bace_bace_ciordia_retro_12.sdf,../large_fep_dataset/data/fep_benchmark_processed/janssen_bace_bace_ciordia_retro_protein.pdb,529,7.254855,7.028036,7.288072,7.4237323,7.4633203,7.5632253,7.452232,7.3019867,7.150502,7.5000877,7.3426056
530,janssen_bace/bace_ciordia_retro,janssen_bace/bace_ciordia_retro/13,../large_fep_dataset/data/fep_benchmark_processed/janssen_bace_bace_ciordia_retro_13.sdf,../large_fep_dataset/data/fep_benchmark_processed/janssen_bace_bace_ciordia_retro_protein.pdb,530,6.7790246,7.120493,7.1278276,6.922432,6.9850135,7.1400113,7.1736445,7.221366,6.457541,6.748745,6.9676104
531,janssen_bace/bace_ciordia_retro,janssen_bace/bace_ciordia_retro/14,../large_fep_dataset/data/fep_benchmark_processed/janssen_bace_bace_ciordia_retro_14.sdf,../large_fep_dataset/data/fep_benchmark_processed/janssen_bace_bace_ciordia_retro_protein.pdb,531,6.50408,6.568739,7.14979,6.693843,7.373327,7.1278496,6.7940025,6.806026,6.5859337,6.925827,6.852942
532,janssen_bace/bace_ciordia_retro,janssen_bace/bace_ciordia_retro/15,../large_fep_dataset/data/fep_benchmark_processed/janssen_bace_bace_ciordia_retro_15.sdf,../large_fep_dataset/data/fep_benchmark_processed/janssen_bace_bace_ciordia_retro_protein.pdb,532,6.3512983,6.6248546,6.283308,6.3802953,6.4636307,6.9028854,6.6061296,6.223526,6.100392,5.982725,6.3919044
533,janssen_bace/bace_ciordia_retro,janssen_bace/bace_ciordia_retro/16,../large_fep_dataset/data/fep_benchmark_processed/janssen_bace_bace_ciordia_retro_16.sdf,../large_fep_dataset/data/fep_benchmark_processed/janssen_bace_bace_ciordia_retro_protein.pdb,533,6.157957,6.1219463,6.7618675,6.3741407,6.184362,6.82127,6.832309,6.5387106,6.3064766,5.840873,6.393992
534,janssen_bace/bace_ciordia_retro,janssen_bace/bace_ciordia_retro/17,../large_fep_dataset/data/fep_benchmark_processed/janssen_bace_bace_ciordia_retro_17.sdf,../large_fep_dataset/data/fep_benchmark_processed/janssen_bace_bace_ciordia_retro_protein.pdb,534,7.290548,7.2887316,7.716639,7.3316402,7.6532526,7.511194,7.6104317,7.4990563,7.717661,7.84787,7.5467024
535,janssen_bace/bace_ciordia_retro,janssen_bace/bace_ciordia_retro/18,../large_fep_dataset/data/fep_benchmark_processed/janssen_bace_bace_ciordia_retro_18.sdf,../large_fep_dataset/data/fep_benchmark_processed/janssen_bace_bace_ciordia_retro_protein.pdb,535,7.000791,6.9138436,7.2757764,7.1252785,7.209778,7.5510597,7.1548595,7.018172,7.07865,7.1999354,7.1528144
536,janssen_bace/bace_ciordia_retro,janssen_bace/bace_ciordia_retro/19,../large_fep_dataset/data/fep_benchmark_processed/janssen_bace_bace_ciordia_retro_19.sdf,../large_fep_dataset/data/fep_benchmark_processed/janssen_bace_bace_ciordia_retro_protein.pdb,536,6.819004,6.907665,7.3379574,7.102313,7.0346045,7.2506433,7.396225,6.8425655,7.012833,7.1250267,7.0828843
537,janssen_bace/bace_ciordia_retro,janssen_bace/bace_ciordia_retro/20,../large_fep_dataset/data/fep_benchmark_processed/janssen_bace_bace_ciordia_retro_20.sdf,../large_fep_dataset/data/fep_benchmark_processed/janssen_bace_bace_ciordia_retro_protein.pdb,537,7.194729,7.455031,7.6557484,7.4173474,7.6922164,8.0556135,7.6536407,7.6303196,7.7096047,7.885052,7.6349306
538,janssen_bace/bace_ciordia_retro,janssen_bace/bace_ciordia_retro/21,../large_fep_dataset/data/fep_benchmark_processed/janssen_bace_bace_ciordia_retro_21.sdf,../large_fep_dataset/data/fep_benchmark_processed/janssen_bace_bace_ciordia_retro_protein.pdb,538,6.958579,7.229851,7.3313384,7.3779807,7.5088477,7.497465,7.5951915,7.1602855,7.360117,7.4779506,7.3497605
539,janssen_bace/bace_ciordia_retro,janssen_bace/bace_ciordia_retro/22,../large_fep_dataset/data/fep_benchmark_processed/janssen_bace_bace_ciordia_retro_22.sdf,../large_fep_dataset/data/fep_benchmark_processed/janssen_bace_bace_ciordia_retro_protein.pdb,539,5.8575964,6.0291295,6.3191714,6.3251214,6.2209215,6.334323,6.6412163,5.799458,6.4370503,6.094468,6.205846
540,janssen_bace/bace_ciordia_retro,janssen_bace/bace_ciordia_retro/23,../large_fep_dataset/data/fep_benchmark_processed/janssen_bace_bace_ciordia_retro_23.sdf,../large_fep_dataset/data/fep_benchmark_processed/janssen_bace_bace_ciordia_retro_protein.pdb,540,6.291857,6.277929,6.8535333,6.4491796,6.6338396,6.507949,6.9536214,6.6374197,6.5988674,6.8056436,6.6009836
541,janssen_bace/bace_ciordia_retro,janssen_bace/bace_ciordia_retro/24,../large_fep_dataset/data/fep_benchmark_processed/janssen_bace_bace_ciordia_retro_24.sdf,../large_fep_dataset/data/fep_benchmark_processed/janssen_bace_bace_ciordia_retro_protein.pdb,541,6.447682,6.852269,7.056036,7.2485,6.796733,7.4701285,6.7858195,7.1730714,7.225647,7.2211704,7.027706
542,janssen_bace/bace_ciordia_retro,janssen_bace/bace_ciordia_retro/25,../large_fep_dataset/data/fep_benchmark_processed/janssen_bace_bace_ciordia_retro_25.sdf,../large_fep_dataset/data/fep_benchmark_processed/janssen_bace_bace_ciordia_retro_protein.pdb,542,5.907218,6.233116,6.967891,6.9732327,6.587215,7.19018,6.4774084,6.853226,6.5322075,6.544256,6.6265945
543,janssen_bace/bace_ciordia_retro,janssen_bace/bace_ciordia_retro/26,../large_fep_dataset/data/fep_benchmark_processed/janssen_bace_bace_ciordia_retro_26.sdf,../large_fep_dataset/data/fep_benchmark_processed/janssen_bace_bace_ciordia_retro_protein.pdb,543,6.4575915,7.1660504,7.1649156,7.3057213,7.113008,7.485693,6.9435053,7.387688,7.2743783,7.283145,7.158169
544,janssen_bace/bace_ciordia_retro,janssen_bace/bace_ciordia_retro/27,../large_fep_dataset/data/fep_benchmark_processed/janssen_bace_bace_ciordia_retro_27.sdf,../large_fep_dataset/data/fep_benchmark_processed/janssen_bace_bace_ciordia_retro_protein.pdb,544,6.5706244,6.8569326,6.961438,6.7628527,7.0518517,7.3212304,7.1390376,6.848618,7.006565,7.001868,6.9521017
545,janssen_bace/bace_ciordia_retro,janssen_bace/bace_ciordia_retro/28,../large_fep_dataset/data/fep_benchmark_processed/janssen_bace_bace_ciordia_retro_28.sdf,../large_fep_dataset/data/fep_benchmark_processed/janssen_bace_bace_ciordia_retro_protein.pdb,545,6.2412643,6.3636827,6.087838,6.707299,6.4616175,6.678193,6.787278,6.831871,6.1708655,6.4706945,6.4800596
546,janssen_bace/bace_ciordia_retro,janssen_bace/bace_ciordia_retro/29,../large_fep_dataset/data/fep_benchmark_processed/janssen_bace_bace_ciordia_retro_29.sdf,../large_fep_dataset/data/fep_benchmark_processed/janssen_bace_bace_ciordia_retro_protein.pdb,546,6.3182645,6.2886853,6.5394516,6.255459,6.351323,6.42377,6.227761,6.117614,6.602819,6.3269687,6.3452115
547,janssen_bace/bace_ciordia_retro,janssen_bace/bace_ciordia_retro/30,../large_fep_dataset/data/fep_benchmark_processed/janssen_bace_bace_ciordia_retro_30.sdf,../large_fep_dataset/data/fep_benchmark_processed/janssen_bace_bace_ciordia_retro_protein.pdb,547,5.16166,5.262047,5.3591194,6.233995,5.786048,5.76101,5.970664,5.68354,5.7476788,5.3216314,5.6287394
548,janssen_bace/bace_ciordia_retro,janssen_bace/bace_ciordia_retro/31,../large_fep_dataset/data/fep_benchmark_processed/janssen_bace_bace_ciordia_retro_31.sdf,../large_fep_dataset/data/fep_benchmark_processed/janssen_bace_bace_ciordia_retro_protein.pdb,548,5.947596,6.3080797,6.469672,6.6334085,6.6610465,6.395715,6.6753197,6.3786182,6.0247936,6.128427,6.3622675
549,janssen_bace/bace_ciordia_retro,janssen_bace/bace_ciordia_retro/32,../large_fep_dataset/data/fep_benchmark_processed/janssen_bace_bace_ciordia_retro_32.sdf,../large_fep_dataset/data/fep_benchmark_processed/janssen_bace_bace_ciordia_retro_protein.pdb,549,5.8202686,5.9199424,6.1528487,6.2204666,6.3651295,6.272869,6.600817,6.026912,5.8544436,5.73502,6.096872
550,janssen_bace/bace_ciordia_retro,janssen_bace/bace_ciordia_retro/33,../large_fep_dataset/data/fep_benchmark_processed/janssen_bace_bace_ciordia_retro_33.sdf,../large_fep_dataset/data/fep_benchmark_processed/janssen_bace_bace_ciordia_retro_protein.pdb,550,5.6038027,6.009962,6.0532665,6.189729,6.372551,6.3016434,6.211083,6.0768313,6.133296,5.4837375,6.04359
551,janssen_bace/bace_ciordia_retro,janssen_bace/bace_ciordia_retro/34,../large_fep_dataset/data/fep_benchmark_processed/janssen_bace_bace_ciordia_retro_34.sdf,../large_fep_dataset/data/fep_benchmark_processed/janssen_bace_bace_ciordia_retro_protein.pdb,551,7.266136,7.067742,7.4610014,7.590592,7.4931474,7.5718756,7.741081,7.140729,7.4535656,7.5284543,7.431433
552,janssen_bace/bace_ciordia_retro,janssen_bace/bace_ciordia_retro/35,../large_fep_dataset/data/fep_benchmark_processed/janssen_bace_bace_ciordia_retro_35.sdf,../large_fep_dataset/data/fep_benchmark_processed/janssen_bace_bace_ciordia_retro_protein.pdb,552,6.549482,6.8630276,7.3521104,7.6691904,7.2901344,7.2450347,7.3766437,6.9998817,7.2966514,7.5291176,7.217128
553,janssen_bace/bace_ciordia_retro,janssen_bace/bace_ciordia_retro/36,../large_fep_dataset/data/fep_benchmark_processed/janssen_bace_bace_ciordia_retro_36.sdf,../large_fep_dataset/data/fep_benchmark_processed/janssen_bace_bace_ciordia_retro_protein.pdb,553,7.7725015,7.8796983,7.9533515,7.680257,7.7258816,7.74543,7.580232,7.481651,7.6576853,7.279136,7.675582
554,janssen_bace/bace_ciordia_retro,janssen_bace/bace_ciordia_retro/37,../large_fep_dataset/data/fep_benchmark_processed/janssen_bace_bace_ciordia_retro_37.sdf,../large_fep_dataset/data/fep_benchmark_processed/janssen_bace_bace_ciordia_retro_protein.pdb,554,6.9246397,6.8619685,6.994015,6.958708,7.2593412,7.1119947,7.3906207,6.9275203,6.9723625,6.751929,7.01531
555,janssen_bace/bace_ciordia_retro,janssen_bace/bace_ciordia_retro/38,../large_fep_dataset/data/fep_benchmark_processed/janssen_bace_bace_ciordia_retro_38.sdf,../large_fep_dataset/data/fep_benchmark_processed/janssen_bace_bace_ciordia_retro_protein.pdb,555,6.8693757,6.9913697,6.946676,6.8294187,7.1531415,7.557384,7.3386893,6.8433704,6.825542,7.0484805,7.040345
556,janssen_bace/bace_ciordia_retro,janssen_bace/bace_ciordia_retro/39,../large_fep_dataset/data/fep_benchmark_processed/janssen_bace_bace_ciordia_retro_39.sdf,../large_fep_dataset/data/fep_benchmark_processed/janssen_bace_bace_ciordia_retro_protein.pdb,556,7.01754,6.868489,6.683674,7.099265,7.1436744,7.046942,7.1068892,6.6650395,6.843966,6.654798,6.913028
557,janssen_bace/bace_ciordia_retro,janssen_bace/bace_ciordia_retro/40,../large_fep_dataset/data/fep_benchmark_processed/janssen_bace_bace_ciordia_retro_40.sdf,../large_fep_dataset/data/fep_benchmark_processed/janssen_bace_bace_ciordia_retro_protein.pdb,557,6.273952,6.502581,6.2709312,6.4929333,6.9573503,6.7225423,6.721506,6.372654,6.4463305,6.069531,6.4830313
558,janssen_bace/bace_ciordia_retro,janssen_bace/bace_ciordia_retro/41,../large_fep_dataset/data/fep_benchmark_processed/janssen_bace_bace_ciordia_retro_41.sdf,../large_fep_dataset/data/fep_benchmark_processed/janssen_bace_bace_ciordia_retro_protein.pdb,558,6.3495617,6.1427083,6.404389,6.43244,6.52667,6.1823635,6.5877924,6.055891,6.513098,6.568701,6.376362
559,janssen_bace/bace_ciordia_retro,janssen_bace/bace_ciordia_retro/30_protonated,../large_fep_dataset/data/fep_benchmark_processed/janssen_bace_bace_ciordia_retro_30_protonated.sdf,../large_fep_dataset/data/fep_benchmark_processed/janssen_bace_bace_ciordia_retro_protein.pdb,559,5.7847176,5.704317,5.2890487,6.226165,5.3771987,6.1219397,6.2635736,5.922991,6.0687017,5.4722953,5.8230944
560,janssen_bace/bace_p3_arg368_in,janssen_bace/bace_p3_arg368_in/8a,../large_fep_dataset/data/fep_benchmark_processed/janssen_bace_bace_p3_arg368_in_8a.sdf,../large_fep_dataset/data/fep_benchmark_processed/janssen_bace_bace_p3_arg368_in_protein.pdb,560,7.730465,7.075601,7.9057693,7.6317506,7.0645576,7.5141034,7.4692965,7.3247952,7.198156,7.384369,7.429886
561,janssen_bace/bace_p3_arg368_in,janssen_bace/bace_p3_arg368_in/8b,../large_fep_dataset/data/fep_benchmark_processed/janssen_bace_bace_p3_arg368_in_8b.sdf,../large_fep_dataset/data/fep_benchmark_processed/janssen_bace_bace_p3_arg368_in_protein.pdb,561,8.15429,7.7535267,7.655416,7.4872966,7.802744,7.962594,7.8087454,8.033756,8.0696125,7.9356666,7.866365
562,janssen_bace/bace_p3_arg368_in,janssen_bace/bace_p3_arg368_in/8c,../large_fep_dataset/data/fep_benchmark_processed/janssen_bace_bace_p3_arg368_in_8c.sdf,../large_fep_dataset/data/fep_benchmark_processed/janssen_bace_bace_p3_arg368_in_protein.pdb,562,7.7888436,7.642012,7.7581744,7.5653367,7.086741,7.605311,7.4636784,7.520932,7.6025004,7.609056,7.5642576
563,janssen_bace/bace_p3_arg368_in,janssen_bace/bace_p3_arg368_in/8d,../large_fep_dataset/data/fep_benchmark_processed/janssen_bace_bace_p3_arg368_in_8d.sdf,../large_fep_dataset/data/fep_benchmark_processed/janssen_bace_bace_p3_arg368_in_protein.pdb,563,7.894505,7.535389,7.8850684,7.399506,7.4806776,7.8345294,7.508434,7.2966366,7.6592674,7.6990848,7.61931
564,janssen_bace/bace_p3_arg368_in,janssen_bace/bace_p3_arg368_in/8e,../large_fep_dataset/data/fep_benchmark_processed/janssen_bace_bace_p3_arg368_in_8e.sdf,../large_fep_dataset/data/fep_benchmark_processed/janssen_bace_bace_p3_arg368_in_protein.pdb,564,7.4313354,7.3965893,7.9492197,8.268972,7.6503744,7.8952446,7.7899785,7.7375484,7.993086,8.354023,7.846637
565,janssen_bace/bace_p3_arg368_in,janssen_bace/bace_p3_arg368_in/8f,../large_fep_dataset/data/fep_benchmark_processed/janssen_bace_bace_p3_arg368_in_8f.sdf,../large_fep_dataset/data/fep_benchmark_processed/janssen_bace_bace_p3_arg368_in_protein.pdb,565,7.855524,7.6827936,7.897729,7.599156,7.3909674,7.5977154,7.6092587,7.4242897,7.976203,8.2724695,7.730611
566,janssen_bace/bace_p3_arg368_in,janssen_bace/bace_p3_arg368_in/8g,../large_fep_dataset/data/fep_benchmark_processed/janssen_bace_bace_p3_arg368_in_8g.sdf,../large_fep_dataset/data/fep_benchmark_processed/janssen_bace_bace_p3_arg368_in_protein.pdb,566,7.9620876,8.171034,7.9647107,8.21068,7.8015404,8.1651945,7.886944,8.443812,7.3738894,8.861022,8.084091
567,janssen_bace/bace_p3_arg368_in,janssen_bace/bace_p3_arg368_in/17a,../large_fep_dataset/data/fep_benchmark_processed/janssen_bace_bace_p3_arg368_in_17a.sdf,../large_fep_dataset/data/fep_benchmark_processed/janssen_bace_bace_p3_arg368_in_protein.pdb,567,7.795465,7.143996,7.774667,7.76625,7.037353,7.2872114,7.492207,7.216974,7.0316606,7.3557906,7.390157
568,janssen_bace/bace_p3_arg368_in,janssen_bace/bace_p3_arg368_in/17b,../large_fep_dataset/data/fep_benchmark_processed/janssen_bace_bace_p3_arg368_in_17b.sdf,../large_fep_dataset/data/fep_benchmark_processed/janssen_bace_bace_p3_arg368_in_protein.pdb,568,8.16591,7.601403,7.9364967,8.075557,7.9092164,7.928144,7.660471,7.847798,7.680048,7.795571,7.8600616
569,janssen_bace/bace_p3_arg368_in,janssen_bace/bace_p3_arg368_in/17c,../large_fep_dataset/data/fep_benchmark_processed/janssen_bace_bace_p3_arg368_in_17c.sdf,../large_fep_dataset/data/fep_benchmark_processed/janssen_bace_bace_p3_arg368_in_protein.pdb,569,7.7071366,7.5781803,7.7504177,7.6788907,7.189419,7.4980145,7.435172,7.754335,6.879179,7.6052685,7.5076017
570,janssen_bace/bace_p3_arg368_in,janssen_bace/bace_p3_arg368_in/17d,../large_fep_dataset/data/fep_benchmark_processed/janssen_bace_bace_p3_arg368_in_17d.sdf,../large_fep_dataset/data/fep_benchmark_processed/janssen_bace_bace_p3_arg368_in_protein.pdb,570,7.9548025,7.4014397,7.8140345,7.937781,7.465213,7.646039,7.5659204,7.386025,7.0357347,7.4841785,7.569116
571,janssen_bace/bace_p3_arg368_in,janssen_bace/bace_p3_arg368_in/17e,../large_fep_dataset/data/fep_benchmark_processed/janssen_bace_bace_p3_arg368_in_17e.sdf,../large_fep_dataset/data/fep_benchmark_processed/janssen_bace_bace_p3_arg368_in_protein.pdb,571,7.5278068,7.7007446,7.943732,8.228045,7.5999565,7.8044515,7.6537156,7.837523,7.814296,8.166043,7.827632
572,janssen_bace/bace_p3_arg368_in,janssen_bace/bace_p3_arg368_in/17f,../large_fep_dataset/data/fep_benchmark_processed/janssen_bace_bace_p3_arg368_in_17f.sdf,../large_fep_dataset/data/fep_benchmark_processed/janssen_bace_bace_p3_arg368_in_protein.pdb,572,7.890618,7.9790587,7.808299,7.6159725,7.666825,7.227884,7.2739496,7.4713187,7.6826634,8.161874,7.677846
573,janssen_bace/bace_p3_arg368_in,janssen_bace/bace_p3_arg368_in/17g,../large_fep_dataset/data/fep_benchmark_processed/janssen_bace_bace_p3_arg368_in_17g.sdf,../large_fep_dataset/data/fep_benchmark_processed/janssen_bace_bace_p3_arg368_in_protein.pdb,573,7.686073,8.132716,7.7888784,8.2814045,8.089665,7.770769,7.6064987,8.310578,6.8183374,8.751637,7.9236555
574,janssen_bace/bace_p3_arg368_in,janssen_bace/bace_p3_arg368_in/27a,../large_fep_dataset/data/fep_benchmark_processed/janssen_bace_bace_p3_arg368_in_27a.sdf,../large_fep_dataset/data/fep_benchmark_processed/janssen_bace_bace_p3_arg368_in_protein.pdb,574,7.3799605,6.809335,7.585142,7.6685085,7.331336,7.2156725,7.424845,7.1818643,6.9482527,7.4950213,7.303993
575,janssen_bace/bace_p3_arg368_in,janssen_bace/bace_p3_arg368_in/27b,../large_fep_dataset/data/fep_benchmark_processed/janssen_bace_bace_p3_arg368_in_27b.sdf,../large_fep_dataset/data/fep_benchmark_processed/janssen_bace_bace_p3_arg368_in_protein.pdb,575,7.7731233,7.3398595,7.8319287,8.028638,7.990727,7.7658925,7.9287977,7.85673,7.550133,8.015328,7.808116
576,janssen_bace/bace_p3_arg368_in,janssen_bace/bace_p3_arg368_in/27c,../large_fep_dataset/data/fep_benchmark_processed/janssen_bace_bace_p3_arg368_in_27c.sdf,../large_fep_dataset/data/fep_benchmark_processed/janssen_bace_bace_p3_arg368_in_protein.pdb,576,7.404314,7.448411,7.3650193,7.467765,7.161492,7.3801904,7.658755,7.55973,6.8723636,7.5927153,7.391075
577,janssen_bace/bace_p3_arg368_in,janssen_bace/bace_p3_arg368_in/27d,../large_fep_dataset/data/fep_benchmark_processed/janssen_bace_bace_p3_arg368_in_27d.sdf,../large_fep_dataset/data/fep_benchmark_processed/janssen_bace_bace_p3_arg368_in_protein.pdb,577,7.756599,7.457669,7.7541122,7.903041,7.617366,7.707706,7.5861745,7.2979198,6.8138885,7.8232594,7.5717735
578,janssen_bace/bace_p3_arg368_in,janssen_bace/bace_p3_arg368_in/27e,../large_fep_dataset/data/fep_benchmark_processed/janssen_bace_bace_p3_arg368_in_27e.sdf,../large_fep_dataset/data/fep_benchmark_processed/janssen_bace_bace_p3_arg368_in_protein.pdb,578,7.2338476,7.5198746,7.6062965,7.9660077,7.6200027,7.729244,7.803683,7.384545,7.720378,8.453739,7.703761
579,janssen_bace/bace_p3_arg368_in,janssen_bace/bace_p3_arg368_in/27f,../large_fep_dataset/data/fep_benchmark_processed/janssen_bace_bace_p3_arg368_in_27f.sdf,../large_fep_dataset/data/fep_benchmark_processed/janssen_bace_bace_p3_arg368_in_protein.pdb,579,7.542294,7.2660813,7.95325,7.3825054,7.466085,6.988674,7.604484,7.3133793,7.2330203,7.876995,7.462677
580,janssen_bace/bace_p3_arg368_in,janssen_bace/bace_p3_arg368_in/27g,../large_fep_dataset/data/fep_benchmark_processed/janssen_bace_bace_p3_arg368_in_27g.sdf,../large_fep_dataset/data/fep_benchmark_processed/janssen_bace_bace_p3_arg368_in_protein.pdb,580,7.463716,7.757187,7.518606,8.363542,7.906232,7.6279635,8.074879,8.238779,6.980464,8.730164,7.866153
581,janssen_bace/bace_ciordia_prospective,janssen_bace/bace_ciordia_prospective/spiro16,../large_fep_dataset/data/fep_benchmark_processed/janssen_bace_bace_ciordia_prospective_spiro16.sdf,../large_fep_dataset/data/fep_benchmark_processed/janssen_bace_bace_ciordia_prospective_protein.pdb,581,6.5954795,6.215509,7.0453353,6.4557114,6.3010855,6.856352,6.319932,6.8984632,6.5467772,6.164412,6.5399055
582,janssen_bace/bace_ciordia_prospective,janssen_bace/bace_ciordia_prospective/spiro5,../large_fep_dataset/data/fep_benchmark_processed/janssen_bace_bace_ciordia_prospective_spiro5.sdf,../large_fep_dataset/data/fep_benchmark_processed/janssen_bace_bace_ciordia_prospective_protein.pdb,582,6.1309485,6.228664,6.75265,6.3402076,6.4243665,6.4068723,6.378055,6.5482955,5.893586,6.2599053,6.336355
583,janssen_bace/bace_ciordia_prospective,janssen_bace/bace_ciordia_prospective/spiro2,../large_fep_dataset/data/fep_benchmark_processed/janssen_bace_bace_ciordia_prospective_spiro2.sdf,../large_fep_dataset/data/fep_benchmark_processed/janssen_bace_bace_ciordia_prospective_protein.pdb,583,5.8951435,5.9945035,6.840032,6.6468177,6.206066,5.620311,6.1912127,6.428826,6.1470747,6.04123,6.2011213
584,janssen_bace/bace_ciordia_prospective,janssen_bace/bace_ciordia_prospective/spiro10,../large_fep_dataset/data/fep_benchmark_processed/janssen_bace_bace_ciordia_prospective_spiro10.sdf,../large_fep_dataset/data/fep_benchmark_processed/janssen_bace_bace_ciordia_prospective_protein.pdb,584,6.5256033,6.563961,6.8570857,6.3447566,6.664192,6.564251,6.5542955,7.35945,6.5288825,6.471719,6.6434197
585,janssen_bace/bace_ciordia_prospective,janssen_bace/bace_ciordia_prospective/spiro3,../large_fep_dataset/data/fep_benchmark_processed/janssen_bace_bace_ciordia_prospective_spiro3.sdf,../large_fep_dataset/data/fep_benchmark_processed/janssen_bace_bace_ciordia_prospective_protein.pdb,585,6.4659033,5.796507,6.430051,6.2447104,6.336599,6.2447233,6.5909615,7.275251,5.9313927,6.0869946,6.340309
586,janssen_bace/bace_ciordia_prospective,janssen_bace/bace_ciordia_prospective/spiro6,../large_fep_dataset/data/fep_benchmark_processed/janssen_bace_bace_ciordia_prospective_spiro6.sdf,../large_fep_dataset/data/fep_benchmark_processed/janssen_bace_bace_ciordia_prospective_protein.pdb,586,6.6075478,6.530128,7.288829,6.7783523,6.9458137,7.0828514,6.6970835,7.3683333,6.5743256,6.6275473,6.850081
587,janssen_bace/bace_ciordia_prospective,janssen_bace/bace_ciordia_prospective/spiro4,../large_fep_dataset/data/fep_benchmark_processed/janssen_bace_bace_ciordia_prospective_spiro4.sdf,../large_fep_dataset/data/fep_benchmark_processed/janssen_bace_bace_ciordia_prospective_protein.pdb,587,5.6175184,5.4723473,6.443314,6.251134,6.7946043,6.058424,6.3918867,6.773743,6.050363,6.210817,6.206415
588,janssen_bace/bace_ciordia_prospective,janssen_bace/bace_ciordia_prospective/spiro1,../large_fep_dataset/data/fep_benchmark_processed/janssen_bace_bace_ciordia_prospective_spiro1.sdf,../large_fep_dataset/data/fep_benchmark_processed/janssen_bace_bace_ciordia_prospective_protein.pdb,588,5.915836,5.803997,6.5627933,6.451142,6.4665885,6.5418816,6.365306,6.7847867,6.070897,6.287197,6.3250427
589,janssen_bace/bace_ciordia_prospective,janssen_bace/bace_ciordia_prospective/spiro15,../large_fep_dataset/data/fep_benchmark_processed/janssen_bace_bace_ciordia_prospective_spiro15.sdf,../large_fep_dataset/data/fep_benchmark_processed/janssen_bace_bace_ciordia_prospective_protein.pdb,589,6.5656896,6.700456,7.20206,6.918689,6.478219,6.6114073,6.752577,6.7330184,6.1521335,6.7683496,6.68826
590,mcs_docking/renin_customcore,mcs_docking/renin_customcore/b1i5k_xray,../large_fep_dataset/data/fep_benchmark_processed/mcs_docking_renin_customcore_b1i5k_xray.sdf,../large_fep_dataset/data/fep_benchmark_processed/mcs_docking_renin_customcore_protein.pdb,590,7.1615067,7.054754,7.125482,7.469224,7.2137914,7.22503,6.7593393,7.518525,6.7515583,7.3980436,7.1677246
591,mcs_docking/renin_customcore,mcs_docking/renin_customcore/b1i5j,../large_fep_dataset/data/fep_benchmark_processed/mcs_docking_renin_customcore_b1i5j.sdf,../large_fep_dataset/data/fep_benchmark_processed/mcs_docking_renin_customcore_protein.pdb,591,7.388263,7.172294,7.2989674,7.541022,6.9250507,7.6136847,6.6035376,7.0696034,6.9448137,6.5763426,7.1133575
592,mcs_docking/renin_customcore,mcs_docking/renin_customcore/b1i2n,../large_fep_dataset/data/fep_benchmark_processed/mcs_docking_renin_customcore_b1i2n.sdf,../large_fep_dataset/data/fep_benchmark_processed/mcs_docking_renin_customcore_protein.pdb,592,8.129764,7.3889174,7.476474,7.728736,7.8774633,7.702159,7.705517,7.5288043,6.894267,7.5542803,7.598639
593,mcs_docking/renin_customcore,mcs_docking/renin_customcore/b1i5i,../large_fep_dataset/data/fep_benchmark_processed/mcs_docking_renin_customcore_b1i5i.sdf,../large_fep_dataset/data/fep_benchmark_processed/mcs_docking_renin_customcore_protein.pdb,593,7.5115886,7.321222,7.224234,7.2436943,7.046662,7.719786,6.698829,7.2792277,6.997638,7.165586,7.220847
594,mcs_docking/renin_customcore,mcs_docking/renin_customcore/b1i5h,../large_fep_dataset/data/fep_benchmark_processed/mcs_docking_renin_customcore_b1i5h.sdf,../large_fep_dataset/data/fep_benchmark_processed/mcs_docking_renin_customcore_protein.pdb,594,7.0419526,6.4838967,6.5902014,6.84729,7.381664,7.1270833,6.5881925,7.0123773,6.738992,6.4734335,6.828508
595,mcs_docking/renin_customcore,mcs_docking/renin_customcore/b1i5l,../large_fep_dataset/data/fep_benchmark_processed/mcs_docking_renin_customcore_b1i5l.sdf,../large_fep_dataset/data/fep_benchmark_processed/mcs_docking_renin_customcore_protein.pdb,595,7.8004875,7.3010044,7.2051034,7.685542,7.797177,7.8435993,7.60286,7.276412,6.934793,7.3599725,7.480695
596,mcs_docking/renin_customcore,mcs_docking/renin_customcore/b1i5n,../large_fep_dataset/data/fep_benchmark_processed/mcs_docking_renin_customcore_b1i5n.sdf,../large_fep_dataset/data/fep_benchmark_processed/mcs_docking_renin_customcore_protein.pdb,596,6.774948,6.8345947,7.230845,6.5522447,7.0105667,6.7852798,6.678549,7.440796,6.881582,6.766494,6.8955894
597,mcs_docking/renin_customcore,mcs_docking/renin_customcore/b1a2m,../large_fep_dataset/data/fep_benchmark_processed/mcs_docking_renin_customcore_b1a2m.sdf,../large_fep_dataset/data/fep_benchmark_processed/mcs_docking_renin_customcore_protein.pdb,597,6.518812,6.0994225,5.3172326,5.985419,6.1819377,5.736034,6.1907825,6.0024853,5.9019923,5.62097,5.955509
598,mcs_docking/renin_customcore,mcs_docking/renin_customcore/b1i2o,../large_fep_dataset/data/fep_benchmark_processed/mcs_docking_renin_customcore_b1i2o.sdf,../large_fep_dataset/data/fep_benchmark_processed/mcs_docking_renin_customcore_protein.pdb,598,7.0650177,7.115434,7.0441537,7.503588,7.355344,6.7343454,7.0993004,6.7118173,6.5687647,6.503039,6.9700804
599,mcs_docking/renin_customcore,mcs_docking/renin_customcore/b1i5o,../large_fep_dataset/data/fep_benchmark_processed/mcs_docking_renin_customcore_b1i5o.sdf,../large_fep_dataset/data/fep_benchmark_processed/mcs_docking_renin_customcore_protein.pdb,599,7.780824,6.9291005,7.157427,7.648683,7.708893,6.965243,7.3883195,6.779655,7.261635,7.657942,7.3277726
600,mcs_docking/renin_customcore,mcs_docking/renin_customcore/b1i4i,../large_fep_dataset/data/fep_benchmark_processed/mcs_docking_renin_customcore_b1i4i.sdf,../large_fep_dataset/data/fep_benchmark_processed/mcs_docking_renin_customcore_protein.pdb,600,7.282025,7.2163525,7.4050493,6.884797,7.1095214,7.340398,7.1325903,7.787345,7.1380825,7.477907,7.277406
601,mcs_docking/renin_customcore,mcs_docking/renin_customcore/b1i4e,../large_fep_dataset/data/fep_benchmark_processed/mcs_docking_renin_customcore_b1i4e.sdf,../large_fep_dataset/data/fep_benchmark_processed/mcs_docking_renin_customcore_protein.pdb,601,7.1094484,7.162222,6.942159,7.631257,7.796399,7.2169285,7.492883,6.903622,6.94633,6.969227,7.217047
602,mcs_docking/renin_customcore,mcs_docking/renin_customcore/b1i4g,../large_fep_dataset/data/fep_benchmark_processed/mcs_docking_renin_customcore_b1i4g.sdf,../large_fep_dataset/data/fep_benchmark_processed/mcs_docking_renin_customcore_protein.pdb,602,7.157204,7.44574,7.142378,7.696391,7.9779196,7.299832,7.346535,6.857643,6.9299116,7.000141,7.28537
603,mcs_docking/renin_customcore,mcs_docking/renin_customcore/b1i1,../large_fep_dataset/data/fep_benchmark_processed/mcs_docking_renin_customcore_b1i1.sdf,../large_fep_dataset/data/fep_benchmark_processed/mcs_docking_renin_customcore_protein.pdb,603,5.4285703,6.406236,5.895609,6.335682,5.5477395,5.3768544,6.1348176,6.0183516,5.767577,5.717077,5.8628516
604,mcs_docking/renin_customcore,mcs_docking/renin_customcore/b1i2a,../large_fep_dataset/data/fep_benchmark_processed/mcs_docking_renin_customcore_b1i2a.sdf,../large_fep_dataset/data/fep_benchmark_processed/mcs_docking_renin_customcore_protein.pdb,604,5.822867,6.1392345,5.5948524,5.585002,5.6102495,5.8197317,6.1708927,5.9687495,6.127927,5.398485,5.823799
605,mcs_docking/renin_customcore,mcs_docking/renin_customcore/b1i2e,../large_fep_dataset/data/fep_benchmark_processed/mcs_docking_renin_customcore_b1i2e.sdf,../large_fep_dataset/data/fep_benchmark_processed/mcs_docking_renin_customcore_protein.pdb,605,7.2348146,6.8987813,6.5002165,6.6609197,6.6918883,7.0270505,6.9564934,7.018777,7.0087104,6.622491,6.862014
606,mcs_docking/renin_customcore,mcs_docking/renin_customcore/b1i2i,../large_fep_dataset/data/fep_benchmark_processed/mcs_docking_renin_customcore_b1i2i.sdf,../large_fep_dataset/data/fep_benchmark_processed/mcs_docking_renin_customcore_protein.pdb,606,7.0226474,6.4789624,6.5553875,7.4110045,6.6881037,7.019726,7.252369,7.727309,6.623265,6.9133325,6.9692106
607,mcs_docking/renin_customcore,mcs_docking/renin_customcore/b1i2j,../large_fep_dataset/data/fep_benchmark_processed/mcs_docking_renin_customcore_b1i2j.sdf,../large_fep_dataset/data/fep_benchmark_processed/mcs_docking_renin_customcore_protein.pdb,607,7.1029367,7.377613,6.9222345,6.941348,7.13334,7.8643684,7.2475166,7.4914145,7.27035,7.1953473,7.2546473
608,mcs_docking/renin_customcore,mcs_docking/renin_customcore/b1i5c,../large_fep_dataset/data/fep_benchmark_processed/mcs_docking_renin_customcore_b1i5c.sdf,../large_fep_dataset/data/fep_benchmark_processed/mcs_docking_renin_customcore_protein.pdb,608,6.9623356,7.450919,6.997079,7.060756,6.9248123,7.7955527,6.6367188,7.067334,7.620259,7.019316,7.1535087
609,mcs_docking/renin_customcore,mcs_docking/renin_customcore/b1i5b,../large_fep_dataset/data/fep_benchmark_processed/mcs_docking_renin_customcore_b1i5b.sdf,../large_fep_dataset/data/fep_benchmark_processed/mcs_docking_renin_customcore_protein.pdb,609,6.418112,6.4999804,6.644894,6.3899326,6.6204786,7.670092,6.7041264,6.6810017,7.0478244,6.792565,6.746901
610,mcs_docking/renin_customcore,mcs_docking/renin_customcore/b1i2k,../large_fep_dataset/data/fep_benchmark_processed/mcs_docking_renin_customcore_b1i2k.sdf,../large_fep_dataset/data/fep_benchmark_processed/mcs_docking_renin_customcore_protein.pdb,610,7.4102564,7.02711,7.0097713,7.2657504,7.1912246,7.399327,7.3807263,7.1423783,7.4320126,6.77588,7.203444
611,mcs_docking/renin_customcore,mcs_docking/renin_customcore/b1i2h,../large_fep_dataset/data/fep_benchmark_processed/mcs_docking_renin_customcore_b1i2h.sdf,../large_fep_dataset/data/fep_benchmark_processed/mcs_docking_renin_customcore_protein.pdb,611,6.378562,6.4172153,5.913867,6.0699654,6.4980392,6.5970078,6.636197,6.954254,6.532541,6.176311,6.4173956
612,mcs_docking/renin_customcore,mcs_docking/renin_customcore/b1i2g,../large_fep_dataset/data/fep_benchmark_processed/mcs_docking_renin_customcore_b1i2g.sdf,../large_fep_dataset/data/fep_benchmark_processed/mcs_docking_renin_customcore_protein.pdb,612,6.3714232,6.8549805,6.091829,6.2833676,6.297627,6.59276,6.7602344,6.3097935,6.317813,6.0377755,6.391761
613,mcs_docking/renin_customcore,mcs_docking/renin_customcore/b1i4b,../large_fep_dataset/data/fep_benchmark_processed/mcs_docking_renin_customcore_b1i4b.sdf,../large_fep_dataset/data/fep_benchmark_processed/mcs_docking_renin_customcore_protein.pdb,613,6.062822,6.493278,6.049153,6.0430536,5.5580864,6.06337,6.4379177,6.4773197,6.4980793,5.9216056,6.160468
614,mcs_docking/renin_customcore,mcs_docking/renin_customcore/b1i5a,../large_fep_dataset/data/fep_benchmark_processed/mcs_docking_renin_customcore_b1i5a.sdf,../large_fep_dataset/data/fep_benchmark_processed/mcs_docking_renin_customcore_protein.pdb,614,6.6920114,6.170429,6.4672294,6.552931,7.0446415,7.6228256,6.7550435,6.7864227,7.4833856,7.1066093,6.8681536
615,mcs_docking/renin_customcore,mcs_docking/renin_customcore/b1i2d,../large_fep_dataset/data/fep_benchmark_processed/mcs_docking_renin_customcore_b1i2d.sdf,../large_fep_dataset/data/fep_benchmark_processed/mcs_docking_renin_customcore_protein.pdb,615,6.3834653,5.9899454,5.5111203,6.236223,6.794834,6.6027303,6.2821603,6.306272,6.7732625,5.909039,6.278905
616,mcs_docking/renin_customcore,mcs_docking/renin_customcore/b1i4a,../large_fep_dataset/data/fep_benchmark_processed/mcs_docking_renin_customcore_b1i4a.sdf,../large_fep_dataset/data/fep_benchmark_processed/mcs_docking_renin_customcore_protein.pdb,616,5.785934,5.9256716,5.978882,5.297639,5.777607,5.7175407,6.3545127,5.9785,5.849752,5.6517286,5.8317766
617,mcs_docking/renin_customcore,mcs_docking/renin_customcore/b1i5d,../large_fep_dataset/data/fep_benchmark_processed/mcs_docking_renin_customcore_b1i5d.sdf,../large_fep_dataset/data/fep_benchmark_processed/mcs_docking_renin_customcore_protein.pdb,617,7.02769,7.259063,7.133086,6.820596,7.2780576,7.3682427,7.2665205,6.7573166,7.5662756,7.3408003,7.181765
618,mcs_docking/renin_customcore,mcs_docking/renin_customcore/b1i2c,../large_fep_dataset/data/fep_benchmark_processed/mcs_docking_renin_customcore_b1i2c.sdf,../large_fep_dataset/data/fep_benchmark_processed/mcs_docking_renin_customcore_protein.pdb,618,5.918739,5.734231,5.310524,5.768302,5.8502903,5.547224,6.0677342,5.8991137,6.2251425,5.43706,5.775836
619,mcs_docking/hne,mcs_docking/hne/6,../large_fep_dataset/data/fep_benchmark_processed/mcs_docking_hne_6.sdf,../large_fep_dataset/data/fep_benchmark_processed/mcs_docking_hne_protein.pdb,619,6.9235034,6.499712,6.680589,6.2452207,6.698827,6.221815,6.9377475,7.2587514,6.5196314,5.9136124,6.5899415
620,mcs_docking/hne,mcs_docking/hne/14,../large_fep_dataset/data/fep_benchmark_processed/mcs_docking_hne_14.sdf,../large_fep_dataset/data/fep_benchmark_processed/mcs_docking_hne_protein.pdb,620,7.9782376,7.770764,8.236473,8.53751,8.350271,7.8416123,8.257053,7.876259,8.004663,7.986536,8.083937
621,mcs_docking/hne,mcs_docking/hne/15,../large_fep_dataset/data/fep_benchmark_processed/mcs_docking_hne_15.sdf,../large_fep_dataset/data/fep_benchmark_processed/mcs_docking_hne_protein.pdb,621,8.469495,7.824129,8.392426,8.858273,8.322533,8.457719,8.785471,8.319338,8.739854,8.157312,8.432654
622,mcs_docking/hne,mcs_docking/hne/16,../large_fep_dataset/data/fep_benchmark_processed/mcs_docking_hne_16.sdf,../large_fep_dataset/data/fep_benchmark_processed/mcs_docking_hne_protein.pdb,622,8.393983,8.069389,8.484664,8.98646,8.606598,8.444505,8.492755,8.402545,8.640459,8.145449,8.466681
623,mcs_docking/hne,mcs_docking/hne/17,../large_fep_dataset/data/fep_benchmark_processed/mcs_docking_hne_17.sdf,../large_fep_dataset/data/fep_benchmark_processed/mcs_docking_hne_protein.pdb,623,8.244595,7.9274664,8.480616,8.509132,8.510539,7.9329076,8.329198,8.020321,8.131003,8.289219,8.2375
624,mcs_docking/hne,mcs_docking/hne/18,../large_fep_dataset/data/fep_benchmark_processed/mcs_docking_hne_18.sdf,../large_fep_dataset/data/fep_benchmark_processed/mcs_docking_hne_protein.pdb,624,7.9318295,7.6948905,8.210674,8.508489,8.065302,7.8899274,8.312694,8.117473,8.020175,8.021384,8.077284
625,mcs_docking/hne,mcs_docking/hne/19,../large_fep_dataset/data/fep_benchmark_processed/mcs_docking_hne_19.sdf,../large_fep_dataset/data/fep_benchmark_processed/mcs_docking_hne_protein.pdb,625,8.528284,8.182376,8.405248,8.887824,8.55591,8.446892,8.532635,8.66376,8.548332,8.068248,8.481951
626,mcs_docking/hne,mcs_docking/hne/20,../large_fep_dataset/data/fep_benchmark_processed/mcs_docking_hne_20.sdf,../large_fep_dataset/data/fep_benchmark_processed/mcs_docking_hne_protein.pdb,626,7.8932247,7.7480664,7.361023,8.425596,7.5562263,7.5529366,7.9991426,7.5123386,7.4478874,7.4701853,7.696663
627,mcs_docking/hne,mcs_docking/hne/21,../large_fep_dataset/data/fep_benchmark_processed/mcs_docking_hne_21.sdf,../large_fep_dataset/data/fep_benchmark_processed/mcs_docking_hne_protein.pdb,627,8.672149,8.449413,9.073175,8.87765,8.731255,8.555137,8.764398,8.30873,8.76795,8.611939,8.68118
628,mcs_docking/hne,mcs_docking/hne/22,../large_fep_dataset/data/fep_benchmark_processed/mcs_docking_hne_22.sdf,../large_fep_dataset/data/fep_benchmark_processed/mcs_docking_hne_protein.pdb,628,7.4417114,7.43399,8.255014,8.34053,8.020015,7.249299,8.039697,7.781209,8.111202,7.9335914,7.860626
629,mcs_docking/hne,mcs_docking/hne/23,../large_fep_dataset/data/fep_benchmark_processed/mcs_docking_hne_23.sdf,../large_fep_dataset/data/fep_benchmark_processed/mcs_docking_hne_protein.pdb,629,8.410734,7.9113345,8.640437,8.699757,8.506565,8.1113,8.583825,8.11357,8.907066,8.287399,8.417199
630,mcs_docking/hne,mcs_docking/hne/25,../large_fep_dataset/data/fep_benchmark_processed/mcs_docking_hne_25.sdf,../large_fep_dataset/data/fep_benchmark_processed/mcs_docking_hne_protein.pdb,630,8.113847,8.274925,8.773565,8.858538,8.457536,8.465948,8.661547,8.596372,8.878205,8.3579235,8.54384
631,mcs_docking/hne,mcs_docking/hne/26,../large_fep_dataset/data/fep_benchmark_processed/mcs_docking_hne_26.sdf,../large_fep_dataset/data/fep_benchmark_processed/mcs_docking_hne_protein.pdb,631,7.6771126,7.8593926,8.355668,8.561527,8.109307,7.5833197,8.15741,7.774662,8.501559,8.181376,8.076133
632,mcs_docking/hne,mcs_docking/hne/27,../large_fep_dataset/data/fep_benchmark_processed/mcs_docking_hne_27.sdf,../large_fep_dataset/data/fep_benchmark_processed/mcs_docking_hne_protein.pdb,632,8.216941,8.300952,8.677941,8.873453,8.497792,8.376503,8.40219,8.532527,9.011616,8.31503,8.520495
633,mcs_docking/hne,mcs_docking/hne/28,../large_fep_dataset/data/fep_benchmark_processed/mcs_docking_hne_28.sdf,../large_fep_dataset/data/fep_benchmark_processed/mcs_docking_hne_protein.pdb,633,8.237984,8.234667,8.66877,8.67526,8.259559,8.474552,8.419032,8.534386,8.750024,8.469388,8.4723625
634,mcs_docking/hne,mcs_docking/hne/29,../large_fep_dataset/data/fep_benchmark_processed/mcs_docking_hne_29.sdf,../large_fep_dataset/data/fep_benchmark_processed/mcs_docking_hne_protein.pdb,634,8.557946,8.441521,9.091527,8.897439,8.835466,8.802197,8.976508,9.087287,9.202496,8.847158,8.873954
635,mcs_docking/hne,mcs_docking/hne/30,../large_fep_dataset/data/fep_benchmark_processed/mcs_docking_hne_30.sdf,../large_fep_dataset/data/fep_benchmark_processed/mcs_docking_hne_protein.pdb,635,8.370695,8.429909,8.926432,8.877706,8.979002,8.631246,9.004237,8.924376,9.198053,8.810819,8.815248
636,mcs_docking/hne,mcs_docking/hne/21 neutral,../large_fep_dataset/data/fep_benchmark_processed/mcs_docking_hne_21_neutral.sdf,../large_fep_dataset/data/fep_benchmark_processed/mcs_docking_hne_protein.pdb,636,8.822772,8.427142,9.09773,8.928335,8.670554,8.470811,8.6890335,8.426068,8.682805,8.627393,8.684265
637,mcs_docking/hne,mcs_docking/hne/19 neutral,../large_fep_dataset/data/fep_benchmark_processed/mcs_docking_hne_19_neutral.sdf,../large_fep_dataset/data/fep_benchmark_processed/mcs_docking_hne_protein.pdb,637,8.500342,8.106354,8.599848,8.87659,8.521317,8.593638,8.445419,8.453458,8.737263,8.112773,8.4946995
638,mcs_docking/hne,mcs_docking/hne/16 neutral,../large_fep_dataset/data/fep_benchmark_processed/mcs_docking_hne_16_neutral.sdf,../large_fep_dataset/data/fep_benchmark_processed/mcs_docking_hne_protein.pdb,638,8.351364,8.184682,8.544183,8.937458,8.574516,8.529282,8.482673,8.26624,8.773422,8.147766,8.479158
639,misc/hfaah,misc/hfaah/6MRG ligand,../large_fep_dataset/data/fep_benchmark_processed/misc_hfaah_6MRG_ligand.sdf,../large_fep_dataset/data/fep_benchmark_processed/misc_hfaah_protein.pdb,639,6.1234455,5.9900126,5.9184165,5.932062,6.1463566,6.618026,6.5300016,5.8576126,6.180912,6.300714,6.159756
640,misc/hfaah,misc/hfaah/fig 3,../large_fep_dataset/data/fep_benchmark_processed/misc_hfaah_fig_3.sdf,../large_fep_dataset/data/fep_benchmark_processed/misc_hfaah_protein.pdb,640,6.6598287,5.8755636,5.9853406,5.8060956,6.0356107,6.3723397,6.0134277,5.5333443,6.387018,6.1568394,6.082541
641,misc/hfaah,misc/hfaah/2,../large_fep_dataset/data/fep_benchmark_processed/misc_hfaah_2.sdf,../large_fep_dataset/data/fep_benchmark_processed/misc_hfaah_protein.pdb,641,5.318435,5.4710627,5.5405965,5.6591663,5.591425,5.6404686,6.1031637,5.2097216,6.523651,5.5770173,5.6634707
642,misc/hfaah,misc/hfaah/4,../large_fep_dataset/data/fep_benchmark_processed/misc_hfaah_4.sdf,../large_fep_dataset/data/fep_benchmark_processed/misc_hfaah_protein.pdb,642,5.8024745,6.3449626,6.2469053,6.5057535,6.0499816,6.6688523,6.307643,5.8105373,6.127788,6.3296714,6.219457
643,misc/hfaah,misc/hfaah/6,../large_fep_dataset/data/fep_benchmark_processed/misc_hfaah_6.sdf,../large_fep_dataset/data/fep_benchmark_processed/misc_hfaah_protein.pdb,643,5.728027,5.1424017,6.033116,5.5263815,6.111722,6.3966155,6.2379165,5.3337464,6.1512065,6.119046,5.8780174
644,misc/hfaah,misc/hfaah/9,../large_fep_dataset/data/fep_benchmark_processed/misc_hfaah_9.sdf,../large_fep_dataset/data/fep_benchmark_processed/misc_hfaah_protein.pdb,644,6.716833,6.1635556,6.2285557,6.1785073,6.6511064,6.2403626,6.399158,5.64307,6.1780024,6.2768483,6.2676
645,misc/hfaah,misc/hfaah/11,../large_fep_dataset/data/fep_benchmark_processed/misc_hfaah_11.sdf,../large_fep_dataset/data/fep_benchmark_processed/misc_hfaah_protein.pdb,645,6.2513943,6.01651,5.708859,5.9724684,6.0025635,6.5419545,6.418064,5.6067758,6.423008,5.7423787,6.0683975
646,misc/hfaah,misc/hfaah/12,../large_fep_dataset/data/fep_benchmark_processed/misc_hfaah_12.sdf,../large_fep_dataset/data/fep_benchmark_processed/misc_hfaah_protein.pdb,646,6.515753,5.725155,5.9812927,5.721162,5.909964,6.08059,6.0956225,5.5718846,6.238659,5.964131,5.9804215
647,misc/hfaah,misc/hfaah/15,../large_fep_dataset/data/fep_benchmark_processed/misc_hfaah_15.sdf,../large_fep_dataset/data/fep_benchmark_processed/misc_hfaah_protein.pdb,647,6.1898465,5.597716,5.7128987,6.2115316,5.3067727,6.0879745,5.6935577,5.539731,6.3586173,5.9844556,5.86831
648,misc/hfaah,misc/hfaah/14,../large_fep_dataset/data/fep_benchmark_processed/misc_hfaah_14.sdf,../large_fep_dataset/data/fep_benchmark_processed/misc_hfaah_protein.pdb,648,5.7351995,5.3557987,5.77509,5.5168552,5.29232,6.028873,6.2326713,5.403488,6.3404813,5.674179,5.7354956
649,misc/hfaah,misc/hfaah/19,../large_fep_dataset/data/fep_benchmark_processed/misc_hfaah_19.sdf,../large_fep_dataset/data/fep_benchmark_processed/misc_hfaah_protein.pdb,649,5.645898,4.9290404,5.339679,5.9560623,5.3825426,6.122235,6.3383102,5.8495836,6.6107674,6.002604,5.817672
650,misc/hfaah,misc/hfaah/20,../large_fep_dataset/data/fep_benchmark_processed/misc_hfaah_20.sdf,../large_fep_dataset/data/fep_benchmark_processed/misc_hfaah_protein.pdb,650,5.4567165,5.04066,5.728125,5.41031,5.3054094,5.875629,5.4442997,5.520344,6.588409,5.6101327,5.5980034
651,misc/hfaah,misc/hfaah/22,../large_fep_dataset/data/fep_benchmark_processed/misc_hfaah_22.sdf,../large_fep_dataset/data/fep_benchmark_processed/misc_hfaah_protein.pdb,651,6.2955956,6.2006717,6.325473,6.4387026,5.974045,6.564509,6.4904094,6.103115,7.0704517,6.2224407,6.3685417
652,misc/hfaah,misc/hfaah/23,../large_fep_dataset/data/fep_benchmark_processed/misc_hfaah_23.sdf,../large_fep_dataset/data/fep_benchmark_processed/misc_hfaah_protein.pdb,652,7.3922195,6.1801867,6.309814,6.210013,6.4981084,6.6852403,5.9962378,5.8376074,6.468725,6.2228327,6.380099
653,misc/hfaah,misc/hfaah/24,../large_fep_dataset/data/fep_benchmark_processed/misc_hfaah_24.sdf,../large_fep_dataset/data/fep_benchmark_processed/misc_hfaah_protein.pdb,653,6.557823,6.4329286,6.4061384,5.967409,6.035251,6.8700275,6.380695,6.0743237,6.431988,6.5029182,6.36595
654,misc/hfaah,misc/hfaah/25,../large_fep_dataset/data/fep_benchmark_processed/misc_hfaah_25.sdf,../large_fep_dataset/data/fep_benchmark_processed/misc_hfaah_protein.pdb,654,5.7465453,6.2148294,6.824995,6.4065437,5.8394055,6.665896,6.56585,5.968458,7.0209675,6.3715143,6.3625
655,misc/hfaah,misc/hfaah/26,../large_fep_dataset/data/fep_benchmark_processed/misc_hfaah_26.sdf,../large_fep_dataset/data/fep_benchmark_processed/misc_hfaah_protein.pdb,655,6.3316464,6.0074935,6.432736,6.561823,5.908369,6.5597854,6.8133345,6.345873,6.73391,6.303738,6.399871
656,misc/hfaah,misc/hfaah/27,../large_fep_dataset/data/fep_benchmark_processed/misc_hfaah_27.sdf,../large_fep_dataset/data/fep_benchmark_processed/misc_hfaah_protein.pdb,656,7.1306257,7.0141745,6.9860597,6.726071,6.3879347,6.7888556,6.795897,6.191474,6.5202603,6.3174744,6.6858826
657,misc/hfaah,misc/hfaah/28,../large_fep_dataset/data/fep_benchmark_processed/misc_hfaah_28.sdf,../large_fep_dataset/data/fep_benchmark_processed/misc_hfaah_protein.pdb,657,6.1675878,5.7231755,6.9816546,7.0152626,6.017017,6.5435333,6.7387795,5.835806,6.3973646,6.037027,6.3457212
658,misc/hfaah,misc/hfaah/29,../large_fep_dataset/data/fep_benchmark_processed/misc_hfaah_29.sdf,../large_fep_dataset/data/fep_benchmark_processed/misc_hfaah_protein.pdb,658,6.0324287,5.604829,6.093854,5.543276,6.0573893,7.191061,6.2373295,5.775091,6.056048,6.142457,6.073376
659,misc/hfaah,misc/hfaah/30,../large_fep_dataset/data/fep_benchmark_processed/misc_hfaah_30.sdf,../large_fep_dataset/data/fep_benchmark_processed/misc_hfaah_protein.pdb,659,6.319992,5.8857417,6.7050047,5.7964015,6.2102284,6.757864,6.2818894,5.7480984,6.6743975,5.8444314,6.2224054
660,misc/hfaah,misc/hfaah/31,../large_fep_dataset/data/fep_benchmark_processed/misc_hfaah_31.sdf,../large_fep_dataset/data/fep_benchmark_processed/misc_hfaah_protein.pdb,660,6.0828943,6.018201,6.8137865,5.8990664,6.3202643,7.1526737,6.527365,5.9832945,6.3716283,6.380328,6.354951
661,misc/hfaah,misc/hfaah/33 (Saha 2018),../large_fep_dataset/data/fep_benchmark_processed/misc_hfaah_33_(Saha_2018).sdf,../large_fep_dataset/data/fep_benchmark_processed/misc_hfaah_protein.pdb,661,5.9395585,6.502987,6.8706865,6.4053173,6.2148137,6.9217567,6.357164,6.5461273,6.471557,6.7438445,6.4973807
662,misc/hfaah,misc/hfaah/39,../large_fep_dataset/data/fep_benchmark_processed/misc_hfaah_39.sdf,../large_fep_dataset/data/fep_benchmark_processed/misc_hfaah_protein.pdb,662,5.952456,6.7500486,6.9162235,6.2848225,6.330137,6.7791896,6.644165,6.3877077,6.219118,6.7654724,6.5029345
663,misc/hiv_prot_ekegren,misc/hiv_prot_ekegren/1,../large_fep_dataset/data/fep_benchmark_processed/misc_hiv_prot_ekegren_1.sdf,../large_fep_dataset/data/fep_benchmark_processed/misc_hiv_prot_ekegren_protein.pdb,663,8.021092,8.1773,8.266943,8.404112,7.5938764,8.601634,8.276389,8.117018,8.211588,8.050639,8.172059
664,misc/hiv_prot_ekegren,misc/hiv_prot_ekegren/9,../large_fep_dataset/data/fep_benchmark_processed/misc_hiv_prot_ekegren_9.sdf,../large_fep_dataset/data/fep_benchmark_processed/misc_hiv_prot_ekegren_protein.pdb,664,7.9108405,8.33035,8.156296,7.9768176,7.88272,8.594165,8.349643,7.7260985,8.42891,7.9088335,8.126468
665,misc/hiv_prot_ekegren,misc/hiv_prot_ekegren/10,../large_fep_dataset/data/fep_benchmark_processed/misc_hiv_prot_ekegren_10.sdf,../large_fep_dataset/data/fep_benchmark_processed/misc_hiv_prot_ekegren_protein.pdb,665,8.063039,8.130934,8.135451,8.809268,8.110065,8.813106,8.618687,8.308022,8.173261,8.54485,8.370668
666,misc/hiv_prot_ekegren,misc/hiv_prot_ekegren/11 (2cen),../large_fep_dataset/data/fep_benchmark_processed/misc_hiv_prot_ekegren_11_(2cen).sdf,../large_fep_dataset/data/fep_benchmark_processed/misc_hiv_prot_ekegren_protein.pdb,666,8.051729,8.068782,8.088301,8.60304,8.102873,8.682778,8.463406,8.184803,8.130333,8.223925,8.259996
667,misc/hiv_prot_ekegren,misc/hiv_prot_ekegren/12,../large_fep_dataset/data/fep_benchmark_processed/misc_hiv_prot_ekegren_12.sdf,../large_fep_dataset/data/fep_benchmark_processed/misc_hiv_prot_ekegren_protein.pdb,667,8.187277,8.163618,8.303654,8.670004,8.052428,8.600486,8.284398,8.204195,8.153233,8.43921,8.30585
668,misc/hiv_prot_ekegren,misc/hiv_prot_ekegren/13,../large_fep_dataset/data/fep_benchmark_processed/misc_hiv_prot_ekegren_13.sdf,../large_fep_dataset/data/fep_benchmark_processed/misc_hiv_prot_ekegren_protein.pdb,668,7.600171,8.133395,7.6387486,7.7682734,7.630254,8.350132,8.022131,7.702575,8.331022,7.772002,7.8948708
669,misc/hiv_prot_ekegren,misc/hiv_prot_ekegren/14,../large_fep_dataset/data/fep_benchmark_processed/misc_hiv_prot_ekegren_14.sdf,../large_fep_dataset/data/fep_benchmark_processed/misc_hiv_prot_ekegren_protein.pdb,669,7.4432826,8.620416,7.6865277,7.934358,7.508587,8.08678,7.5534883,7.733736,8.522006,7.9108124,7.899999
670,misc/hiv_prot_ekegren,misc/hiv_prot_ekegren/15,../large_fep_dataset/data/fep_benchmark_processed/misc_hiv_prot_ekegren_15.sdf,../large_fep_dataset/data/fep_benchmark_processed/misc_hiv_prot_ekegren_protein.pdb,670,7.8883905,8.3464365,7.861476,8.464897,7.702544,8.211739,7.5503063,7.7531905,8.192767,7.903348,7.9875093
671,misc/hiv_prot_ekegren,misc/hiv_prot_ekegren/16,../large_fep_dataset/data/fep_benchmark_processed/misc_hiv_prot_ekegren_16.sdf,../large_fep_dataset/data/fep_benchmark_processed/misc_hiv_prot_ekegren_protein.pdb,671,7.665914,8.267727,7.7592874,8.377266,7.743017,8.1896,7.5681562,7.8968396,8.346378,7.8577538,7.9671936
672,misc/hiv_prot_ekegren,misc/hiv_prot_ekegren/17,../large_fep_dataset/data/fep_benchmark_processed/misc_hiv_prot_ekegren_17.sdf,../large_fep_dataset/data/fep_benchmark_processed/misc_hiv_prot_ekegren_protein.pdb,672,8.462433,7.8794575,8.065387,8.242172,7.3188286,8.382179,8.194787,8.064234,7.932241,7.3652644,7.9906983
673,misc/hiv_prot_ekegren,misc/hiv_prot_ekegren/18,../large_fep_dataset/data/fep_benchmark_processed/misc_hiv_prot_ekegren_18.sdf,../large_fep_dataset/data/fep_benchmark_processed/misc_hiv_prot_ekegren_protein.pdb,673,8.1862335,8.086342,7.9134364,8.420274,7.814285,8.52169,7.9393735,7.9752183,7.6326046,8.499838,8.098929
674,misc/hiv_prot_ekegren,misc/hiv_prot_ekegren/19,../large_fep_dataset/data/fep_benchmark_processed/misc_hiv_prot_ekegren_19.sdf,../large_fep_dataset/data/fep_benchmark_processed/misc_hiv_prot_ekegren_protein.pdb,674,7.775328,7.899545,7.3728776,7.884098,7.393945,8.364142,8.38542,7.601552,8.152414,7.4754605,7.8304787
675,misc/hiv_prot_ekegren,misc/hiv_prot_ekegren/20,../large_fep_dataset/data/fep_benchmark_processed/misc_hiv_prot_ekegren_20.sdf,../large_fep_dataset/data/fep_benchmark_processed/misc_hiv_prot_ekegren_protein.pdb,675,8.215673,8.472287,8.035796,7.6634903,7.6936283,8.399781,8.415476,7.829754,8.725438,7.963109,8.141444
676,misc/cdk8_koehler,misc/cdk8_koehler/12,../large_fep_dataset/data/fep_benchmark_processed/misc_cdk8_koehler_12.sdf,../large_fep_dataset/data/fep_benchmark_processed/misc_cdk8_koehler_protein.pdb,676,7.2189193,7.4279304,6.8353815,7.0092435,7.3960233,7.1397314,6.3849063,7.6689243,7.948472,6.9069796,7.1936517
677,misc/cdk8_koehler,misc/cdk8_koehler/13,../large_fep_dataset/data/fep_benchmark_processed/misc_cdk8_koehler_13.sdf,../large_fep_dataset/data/fep_benchmark_processed/misc_cdk8_koehler_protein.pdb,677,7.98013,8.027071,8.244612,8.289985,8.259353,8.530147,7.650084,8.587946,8.192277,8.417515,8.217913
678,misc/cdk8_koehler,misc/cdk8_koehler/14,../large_fep_dataset/data/fep_benchmark_processed/misc_cdk8_koehler_14.sdf,../large_fep_dataset/data/fep_benchmark_processed/misc_cdk8_koehler_protein.pdb,678,7.6277175,7.7481084,7.8913617,7.4164195,7.7727933,8.012719,7.119936,7.828157,8.037301,8.122853,7.757737
679,misc/cdk8_koehler,misc/cdk8_koehler/15,../large_fep_dataset/data/fep_benchmark_processed/misc_cdk8_koehler_15.sdf,../large_fep_dataset/data/fep_benchmark_processed/misc_cdk8_koehler_protein.pdb,679,7.1606755,7.192715,7.76839,6.944542,7.3291535,6.8653092,6.5960813,6.9586377,7.192446,6.8901258,7.089808
680,misc/cdk8_koehler,misc/cdk8_koehler/16,../large_fep_dataset/data/fep_benchmark_processed/misc_cdk8_koehler_16.sdf,../large_fep_dataset/data/fep_benchmark_processed/misc_cdk8_koehler_protein.pdb,680,7.4283624,7.593599,7.254738,7.3724174,7.536465,7.725377,6.937919,7.981421,7.876955,8.218459,7.5925713
681,misc/cdk8_koehler,misc/cdk8_koehler/17,../large_fep_dataset/data/fep_benchmark_processed/misc_cdk8_koehler_17.sdf,../large_fep_dataset/data/fep_benchmark_processed/misc_cdk8_koehler_protein.pdb,681,8.217045,7.833501,7.6894445,8.108298,7.692287,7.8675904,7.072208,8.17278,7.8969455,7.927937,7.847804
682,misc/cdk8_koehler,misc/cdk8_koehler/19,../large_fep_dataset/data/fep_benchmark_processed/misc_cdk8_koehler_19.sdf,../large_fep_dataset/data/fep_benchmark_processed/misc_cdk8_koehler_protein.pdb,682,7.925885,7.331977,6.9208817,7.58926,7.366171,7.6520762,7.136281,7.7944846,7.632034,7.220457,7.45695
683,misc/cdk8_koehler,misc/cdk8_koehler/20,../large_fep_dataset/data/fep_benchmark_processed/misc_cdk8_koehler_20.sdf,../large_fep_dataset/data/fep_benchmark_processed/misc_cdk8_koehler_protein.pdb,683,6.909118,7.1697516,6.6514177,7.217009,7.412734,7.186149,6.5019097,7.6215744,7.5695367,6.7316637,7.097087
684,misc/cdk8_koehler,misc/cdk8_koehler/21,../large_fep_dataset/data/fep_benchmark_processed/misc_cdk8_koehler_21.sdf,../large_fep_dataset/data/fep_benchmark_processed/misc_cdk8_koehler_protein.pdb,684,8.0411625,7.8417645,7.407679,7.7135987,7.951422,7.7545705,7.148964,7.7029033,8.1182,7.5345416,7.7214804
685,misc/cdk8_koehler,misc/cdk8_koehler/22,../large_fep_dataset/data/fep_benchmark_processed/misc_cdk8_koehler_22.sdf,../large_fep_dataset/data/fep_benchmark_processed/misc_cdk8_koehler_protein.pdb,685,7.803595,7.891973,7.7408385,7.268941,7.437429,7.926246,7.067007,7.910124,7.510742,7.8921847,7.644908
686,misc/galectin3_extra,misc/galectin3_extra/18a,../large_fep_dataset/data/fep_benchmark_processed/misc_galectin3_extra_18a.sdf,../large_fep_dataset/data/fep_benchmark_processed/misc_galectin3_extra_protein.pdb,686,6.5357804,5.9239125,6.232988,6.8222837,6.1306486,5.550029,6.1836915,6.125091,5.497627,5.9543085,6.0956364
687,misc/galectin3_extra,misc/galectin3_extra/18b,../large_fep_dataset/data/fep_benchmark_processed/misc_galectin3_extra_18b.sdf,../large_fep_dataset/data/fep_benchmark_processed/misc_galectin3_extra_protein.pdb,687,6.3389583,5.981364,6.390504,6.457759,5.5844765,5.4437785,5.910659,5.815317,5.586128,5.6868296,5.9195776
688,misc/galectin3_extra,misc/galectin3_extra/18d,../large_fep_dataset/data/fep_benchmark_processed/misc_galectin3_extra_18d.sdf,../large_fep_dataset/data/fep_benchmark_processed/misc_galectin3_extra_protein.pdb,688,6.4557962,5.8293047,6.1084476,6.6928954,5.788467,5.126194,5.531152,5.762685,5.1169887,5.6338935,5.804582
689,misc/galectin3_extra,misc/galectin3_extra/18e,../large_fep_dataset/data/fep_benchmark_processed/misc_galectin3_extra_18e.sdf,../large_fep_dataset/data/fep_benchmark_processed/misc_galectin3_extra_protein.pdb,689,6.181225,5.783796,6.010902,6.539715,5.5946846,5.472954,5.5540776,5.6673055,5.243097,5.701339,5.774909
690,misc/galectin3_extra,misc/galectin3_extra/18f,../large_fep_dataset/data/fep_benchmark_processed/misc_galectin3_extra_18f.sdf,../large_fep_dataset/data/fep_benchmark_processed/misc_galectin3_extra_protein.pdb,690,6.132345,5.5679574,5.9188375,6.2724137,5.907762,5.3739443,5.7496867,5.5271215,5.4745283,5.6642475,5.7588844
691,misc/galectin3_extra,misc/galectin3_extra/18g,../large_fep_dataset/data/fep_benchmark_processed/misc_galectin3_extra_18g.sdf,../large_fep_dataset/data/fep_benchmark_processed/misc_galectin3_extra_protein.pdb,691,5.979569,5.288733,6.1491756,5.9050436,5.6041365,5.3435683,5.6209617,5.49433,5.617447,5.42189,5.6424856
692,misc/galectin3_extra,misc/galectin3_extra/18h,../large_fep_dataset/data/fep_benchmark_processed/misc_galectin3_extra_18h.sdf,../large_fep_dataset/data/fep_benchmark_processed/misc_galectin3_extra_protein.pdb,692,6.419351,5.7650776,6.787057,5.701496,5.7164025,5.426844,6.062488,5.6697803,5.912349,5.828829,5.9289675
693,misc/galectin3_extra,misc/galectin3_extra/18i,../large_fep_dataset/data/fep_benchmark_processed/misc_galectin3_extra_18i.sdf,../large_fep_dataset/data/fep_benchmark_processed/misc_galectin3_extra_protein.pdb,693,6.7739177,6.3402348,6.8857756,6.3018227,5.9282618,5.817082,6.1131983,6.069549,5.6970644,5.999513,6.1926413
694,misc/galectin3_extra,misc/galectin3_extra/17m,../large_fep_dataset/data/fep_benchmark_processed/misc_galectin3_extra_17m.sdf,../large_fep_dataset/data/fep_benchmark_processed/misc_galectin3_extra_protein.pdb,694,5.8332586,4.9693203,4.6047506,4.8689113,4.62123,4.791311,5.4707437,5.1500926,5.1853204,4.9888744,5.048382
695,misc/galectin3_extra,misc/galectin3_extra/17q,../large_fep_dataset/data/fep_benchmark_processed/misc_galectin3_extra_17q.sdf,../large_fep_dataset/data/fep_benchmark_processed/misc_galectin3_extra_protein.pdb,695,5.7903123,4.567778,4.8166,5.1306195,4.6496544,4.894369,5.105876,4.709976,4.5333023,5.298551,4.9497037
696,misc/galectin3_extra,misc/galectin3_extra/17r,../large_fep_dataset/data/fep_benchmark_processed/misc_galectin3_extra_17r.sdf,../large_fep_dataset/data/fep_benchmark_processed/misc_galectin3_extra_protein.pdb,696,5.6684065,4.5726595,4.5516663,4.828751,4.6113997,4.566293,5.2777133,4.4782367,4.580384,4.7056904,4.78412
697,misc/galectin3_extra,misc/galectin3_extra/17n,../large_fep_dataset/data/fep_benchmark_processed/misc_galectin3_extra_17n.sdf,../large_fep_dataset/data/fep_benchmark_processed/misc_galectin3_extra_protein.pdb,697,6.0657277,4.6036644,4.699013,4.7264595,5.304899,5.1357827,5.511726,5.149597,5.3167744,4.3532653,5.0866904
698,misc/galectin3_extra,misc/galectin3_extra/17p,../large_fep_dataset/data/fep_benchmark_processed/misc_galectin3_extra_17p.sdf,../large_fep_dataset/data/fep_benchmark_processed/misc_galectin3_extra_protein.pdb,698,6.1761274,4.9534016,4.8708906,5.064357,5.100962,5.154832,5.6326847,5.548749,5.1073895,5.034855,5.2644243
699,misc/galectin3_extra,misc/galectin3_extra/17o,../large_fep_dataset/data/fep_benchmark_processed/misc_galectin3_extra_17o.sdf,../large_fep_dataset/data/fep_benchmark_processed/misc_galectin3_extra_protein.pdb,699,5.9264627,4.9963927,4.9824204,5.1978264,5.028853,5.2839174,5.585011,5.2727084,5.0516977,5.0627146,5.2388
700,misc/galectin3_extra,misc/galectin3_extra/17f,../large_fep_dataset/data/fep_benchmark_processed/misc_galectin3_extra_17f.sdf,../large_fep_dataset/data/fep_benchmark_processed/misc_galectin3_extra_protein.pdb,700,6.4619017,5.6304555,5.102692,5.93658,6.3513694,5.7718377,5.891201,5.729469,5.6162996,5.246701,5.7738504
701,misc/galectin3_extra,misc/galectin3_extra/17e,../large_fep_dataset/data/fep_benchmark_processed/misc_galectin3_extra_17e.sdf,../large_fep_dataset/data/fep_benchmark_processed/misc_galectin3_extra_protein.pdb,701,6.5981684,5.9805923,5.688586,6.007858,6.2669106,6.122591,6.084461,5.645047,5.9248123,5.39157,5.9710593
702,misc/galectin3_extra,misc/galectin3_extra/17g,../large_fep_dataset/data/fep_benchmark_processed/misc_galectin3_extra_17g.sdf,../large_fep_dataset/data/fep_benchmark_processed/misc_galectin3_extra_protein.pdb,702,6.6694283,6.1455207,6.333944,6.2834635,6.3113894,6.4145255,5.938382,5.833441,5.6399956,5.5100718,6.108016
703,misc/galectin3_extra,misc/galectin3_extra/17a,../large_fep_dataset/data/fep_benchmark_processed/misc_galectin3_extra_17a.sdf,../large_fep_dataset/data/fep_benchmark_processed/misc_galectin3_extra_protein.pdb,703,5.839133,4.8298116,4.8663473,5.263921,5.083005,5.182731,5.681723,5.2415166,5.0396175,4.6847267,5.1712537
704,misc/galectin3_extra,misc/galectin3_extra/17j,../large_fep_dataset/data/fep_benchmark_processed/misc_galectin3_extra_17j.sdf,../large_fep_dataset/data/fep_benchmark_processed/misc_galectin3_extra_protein.pdb,704,6.0550804,5.064067,5.0718813,5.314913,5.2299857,5.439228,5.48333,5.3882375,5.146747,4.8050623,5.2998533
705,misc/galectin3_extra,misc/galectin3_extra/17l,../large_fep_dataset/data/fep_benchmark_processed/misc_galectin3_extra_17l.sdf,../large_fep_dataset/data/fep_benchmark_processed/misc_galectin3_extra_protein.pdb,705,5.982706,5.3902416,5.2138677,4.939957,5.3783717,5.4463115,5.399203,5.6983256,5.338982,5.0572243,5.384519
706,misc/galectin3_extra,misc/galectin3_extra/17c,../large_fep_dataset/data/fep_benchmark_processed/misc_galectin3_extra_17c.sdf,../large_fep_dataset/data/fep_benchmark_processed/misc_galectin3_extra_protein.pdb,706,6.538166,5.2346854,5.131839,5.5747914,6.2623754,5.6981034,5.89522,5.743219,5.756629,5.2827477,5.7117777
707,misc/galectin3_extra,misc/galectin3_extra/17k,../large_fep_dataset/data/fep_benchmark_processed/misc_galectin3_extra_17k.sdf,../large_fep_dataset/data/fep_benchmark_processed/misc_galectin3_extra_protein.pdb,707,6.602984,5.531221,5.5052605,6.2000923,5.973899,5.4766364,5.5346117,5.4090285,5.716854,5.1483035,5.709889
708,misc/galectin3_extra,misc/galectin3_extra/17b,../large_fep_dataset/data/fep_benchmark_processed/misc_galectin3_extra_17b.sdf,../large_fep_dataset/data/fep_benchmark_processed/misc_galectin3_extra_protein.pdb,708,6.5806737,5.1087785,5.2221684,5.5184913,5.799794,5.864761,5.567278,5.3843446,5.170219,4.92941,5.514592
709,misc/galectin3_extra,misc/galectin3_extra/17h flip,../large_fep_dataset/data/fep_benchmark_processed/misc_galectin3_extra_17h_flip.sdf,../large_fep_dataset/data/fep_benchmark_processed/misc_galectin3_extra_protein.pdb,709,5.9157753,5.9765778,5.1722727,5.5065255,6.28067,5.450686,5.9714494,5.521363,5.6882167,4.725903,5.620944
710,misc/galectin3_extra,misc/galectin3_extra/17i,../large_fep_dataset/data/fep_benchmark_processed/misc_galectin3_extra_17i.sdf,../large_fep_dataset/data/fep_benchmark_processed/misc_galectin3_extra_protein.pdb,710,6.268288,5.089637,5.1772265,5.5990443,5.8550124,5.4162908,5.5784674,5.222978,5.4096684,5.1770825,5.4793696
711,misc/galectin3_extra,misc/galectin3_extra/17d,../large_fep_dataset/data/fep_benchmark_processed/misc_galectin3_extra_17d.sdf,../large_fep_dataset/data/fep_benchmark_processed/misc_galectin3_extra_protein.pdb,711,6.058429,5.6438537,5.214071,5.5225325,5.763301,5.7931604,6.0514703,5.3630886,5.4471974,4.902533,5.5759635
712,misc/btk_extra_flip,misc/btk_extra_flip/2,../large_fep_dataset/data/fep_benchmark_processed/misc_btk_extra_flip_2.sdf,../large_fep_dataset/data/fep_benchmark_processed/misc_btk_extra_flip_protein.pdb,712,5.8621764,5.0399456,4.4907737,5.6851883,5.0320034,5.684838,5.513066,5.2640686,4.7740097,5.5483375,5.2894406
713,misc/btk_extra_flip,misc/btk_extra_flip/7,../large_fep_dataset/data/fep_benchmark_processed/misc_btk_extra_flip_7.sdf,../large_fep_dataset/data/fep_benchmark_processed/misc_btk_extra_flip_protein.pdb,713,7.2191763,6.3594513,5.7910132,7.2029343,6.8555894,7.7952237,7.0016856,6.837941,6.337138,6.765418,6.8165574
714,misc/btk_extra_flip,misc/btk_extra_flip/8,../large_fep_dataset/data/fep_benchmark_processed/misc_btk_extra_flip_8.sdf,../large_fep_dataset/data/fep_benchmark_processed/misc_btk_extra_flip_protein.pdb,714,7.383243,6.2846475,5.916424,7.723909,6.4016576,7.391571,7.4232783,6.934567,7.2697077,6.6558084,6.9384813
715,misc/btk_extra_flip,misc/btk_extra_flip/9 flip,../large_fep_dataset/data/fep_benchmark_processed/misc_btk_extra_flip_9_flip.sdf,../large_fep_dataset/data/fep_benchmark_processed/misc_btk_extra_flip_protein.pdb,715,6.7956142,6.8396573,6.9995613,7.1440578,6.9292073,7.365533,7.1567507,6.573335,7.1883535,7.1652474,7.015732
716,misc/btk_extra_flip,misc/btk_extra_flip/10,../large_fep_dataset/data/fep_benchmark_processed/misc_btk_extra_flip_10.sdf,../large_fep_dataset/data/fep_benchmark_processed/misc_btk_extra_flip_protein.pdb,716,7.408507,7.208343,7.065851,7.561663,7.3942795,7.619135,7.548427,6.8348894,7.3193736,7.0521097,7.301257
717,misc/btk_extra_flip,misc/btk_extra_flip/11,../large_fep_dataset/data/fep_benchmark_processed/misc_btk_extra_flip_11.sdf,../large_fep_dataset/data/fep_benchmark_processed/misc_btk_extra_flip_protein.pdb,717,7.2835183,7.296468,7.5805116,7.9304914,7.537598,7.3284535,7.831334,7.2705054,7.5772333,7.785978,7.5422087
718,opls_stress/cr_bace1,opls_stress/cr_bace1/4,../large_fep_dataset/data/fep_benchmark_processed/opls_stress_cr_bace1_4.sdf,../large_fep_dataset/data/fep_benchmark_processed/opls_stress_cr_bace1_protein.pdb,718,6.9079266,6.2988853,6.7234507,6.649858,6.661599,6.4009576,6.491285,6.6682363,6.509339,6.836148,6.614769
719,opls_stress/cr_bace1,opls_stress/cr_bace1/1,../large_fep_dataset/data/fep_benchmark_processed/opls_stress_cr_bace1_1.sdf,../large_fep_dataset/data/fep_benchmark_processed/opls_stress_cr_bace1_protein.pdb,719,6.484575,5.97137,6.9192605,6.5556164,6.9217644,6.5464063,6.148409,6.791704,6.7168646,6.647539,6.5703506
720,opls_stress/cr_bace1,opls_stress/cr_bace1/3,../large_fep_dataset/data/fep_benchmark_processed/opls_stress_cr_bace1_3.sdf,../large_fep_dataset/data/fep_benchmark_processed/opls_stress_cr_bace1_protein.pdb,720,6.3966155,6.2762284,6.008222,6.104088,6.573645,6.398618,6.1074104,6.36926,6.401838,6.545556,6.3181477
721,opls_stress/cr_bace1,opls_stress/cr_bace1/7,../large_fep_dataset/data/fep_benchmark_processed/opls_stress_cr_bace1_7.sdf,../large_fep_dataset/data/fep_benchmark_processed/opls_stress_cr_bace1_protein.pdb,721,6.200042,6.060549,6.106069,6.286492,6.4748216,6.5827975,6.0033994,6.8305063,6.199858,6.4921856,6.323672
722,opls_stress/cr_bace1,opls_stress/cr_bace1/9R,../large_fep_dataset/data/fep_benchmark_processed/opls_stress_cr_bace1_9R.sdf,../large_fep_dataset/data/fep_benchmark_processed/opls_stress_cr_bace1_protein.pdb,722,6.593589,6.0530934,6.464557,6.4773726,6.8128953,6.507818,7.1760516,6.848166,5.953881,6.4344177,6.5321836
723,opls_stress/cr_bace1,opls_stress/cr_bace1/5,../large_fep_dataset/data/fep_benchmark_processed/opls_stress_cr_bace1_5.sdf,../large_fep_dataset/data/fep_benchmark_processed/opls_stress_cr_bace1_protein.pdb,723,7.311496,6.240669,6.277956,6.577634,6.805426,6.9445295,6.4098516,6.1355157,6.02411,6.5880866,6.5315275
724,opls_stress/cr_bace1,opls_stress/cr_bace1/10,../large_fep_dataset/data/fep_benchmark_processed/opls_stress_cr_bace1_10.sdf,../large_fep_dataset/data/fep_benchmark_processed/opls_stress_cr_bace1_protein.pdb,724,6.7367926,6.0975575,6.427883,6.1258225,6.5331135,6.862963,5.9686275,5.954776,6.6249294,6.335583,6.366805
725,opls_stress/cr_bace1,opls_stress/cr_bace1/6,../large_fep_dataset/data/fep_benchmark_processed/opls_stress_cr_bace1_6.sdf,../large_fep_dataset/data/fep_benchmark_processed/opls_stress_cr_bace1_protein.pdb,725,7.0102477,6.787432,7.391843,7.593775,7.107755,7.2582846,7.2835903,7.3409367,6.870068,7.320304,7.196424
726,opls_stress/cr_bace1,opls_stress/cr_bace1/2,../large_fep_dataset/data/fep_benchmark_processed/opls_stress_cr_bace1_2.sdf,../large_fep_dataset/data/fep_benchmark_processed/opls_stress_cr_bace1_protein.pdb,726,6.703004,6.050374,5.997649,6.421922,6.1785264,6.6495047,6.4198613,6.5703845,6.5109515,6.643404,6.4145584
727,opls_stress/cr_bace1,opls_stress/cr_bace1/9S,../large_fep_dataset/data/fep_benchmark_processed/opls_stress_cr_bace1_9S.sdf,../large_fep_dataset/data/fep_benchmark_processed/opls_stress_cr_bace1_protein.pdb,727,6.628893,5.8275156,6.3086157,6.35013,6.8623543,6.654299,6.8840227,6.668558,5.935556,6.362276,6.4482217
728,opls_stress/cr_bace1,opls_stress/cr_bace1/8,../large_fep_dataset/data/fep_benchmark_processed/opls_stress_cr_bace1_8.sdf,../large_fep_dataset/data/fep_benchmark_processed/opls_stress_cr_bace1_protein.pdb,728,6.479198,5.9568768,6.1316032,6.640383,6.5125537,6.7327967,6.0979724,6.0794873,6.4991713,6.2532034,6.3383245
729,opls_stress/hc_bace1,opls_stress/hc_bace1/22256_26_0_ligand,../large_fep_dataset/data/fep_benchmark_processed/opls_stress_hc_bace1_22256_26_0_ligand.sdf,../large_fep_dataset/data/fep_benchmark_processed/opls_stress_hc_bace1_protein.pdb,729,5.8312564,6.5278144,6.2920065,6.8587713,6.2765303,6.4789104,6.6717906,6.6131287,6.4749393,6.272034,6.429718
730,opls_stress/hc_bace1,opls_stress/hc_bace1/22250_20_0_ligand,../large_fep_dataset/data/fep_benchmark_processed/opls_stress_hc_bace1_22250_20_0_ligand.sdf,../large_fep_dataset/data/fep_benchmark_processed/opls_stress_hc_bace1_protein.pdb,730,6.8624125,6.285906,6.1704707,6.3837676,6.6080804,6.6635485,6.494888,6.3263316,6.552162,6.2201185,6.456769
731,opls_stress/hc_bace1,opls_stress/hc_bace1/22251_21_0_ligand,../large_fep_dataset/data/fep_benchmark_processed/opls_stress_hc_bace1_22251_21_0_ligand.sdf,../large_fep_dataset/data/fep_benchmark_processed/opls_stress_hc_bace1_protein.pdb,731,6.6183314,6.474605,5.9869637,6.1950316,6.514684,6.4623394,6.891326,6.322191,6.342754,5.8958387,6.370407
732,opls_stress/hc_bace1,opls_stress/hc_bace1/19677_19_0_ligand,../large_fep_dataset/data/fep_benchmark_processed/opls_stress_hc_bace1_19677_19_0_ligand.sdf,../large_fep_dataset/data/fep_benchmark_processed/opls_stress_hc_bace1_protein.pdb,732,6.2371917,6.137182,6.3049307,6.178305,6.358524,6.5572557,6.4181404,5.9643383,6.310673,6.138968,6.260551
733,opls_stress/hc_bace1,opls_stress/hc_bace1/22254_24_0_ligand,../large_fep_dataset/data/fep_benchmark_processed/opls_stress_hc_bace1_22254_24_0_ligand.sdf,../large_fep_dataset/data/fep_benchmark_processed/opls_stress_hc_bace1_protein.pdb,733,7.2756915,6.54334,6.954119,5.980655,6.051552,7.028551,7.0114264,6.3361435,6.8768377,6.2356515,6.629397
734,opls_stress/hc_bace1,opls_stress/hc_bace1/22252_22_0_ligand,../large_fep_dataset/data/fep_benchmark_processed/opls_stress_hc_bace1_22252_22_0_ligand.sdf,../large_fep_dataset/data/fep_benchmark_processed/opls_stress_hc_bace1_protein.pdb,734,6.8146825,6.6178927,6.7567024,5.8708873,6.610402,6.257269,6.87414,5.8453937,6.6382427,6.373466,6.465907
735,opls_stress/hc_bace1,opls_stress/hc_bace1/22253_23_0_ligand,../large_fep_dataset/data/fep_benchmark_processed/opls_stress_hc_bace1_22253_23_0_ligand.sdf,../large_fep_dataset/data/fep_benchmark_processed/opls_stress_hc_bace1_protein.pdb,735,6.8890195,6.6294703,6.147796,6.1535616,6.50264,5.968724,6.5223227,5.837777,6.030191,6.2477517,6.2929254
736,opls_stress/fxa_yoshikawa_set,opls_stress/fxa_yoshikawa_set/5f,../large_fep_dataset/data/fep_benchmark_processed/opls_stress_fxa_yoshikawa_set_5f.sdf,../large_fep_dataset/data/fep_benchmark_processed/opls_stress_fxa_yoshikawa_set_protein.pdb,736,8.138801,8.019554,8.197092,8.147268,8.743823,8.1443205,8.507943,8.57864,7.898709,8.631721,8.300788
737,opls_stress/fxa_yoshikawa_set,opls_stress/fxa_yoshikawa_set/5g,../large_fep_dataset/data/fep_benchmark_processed/opls_stress_fxa_yoshikawa_set_5g.sdf,../large_fep_dataset/data/fep_benchmark_processed/opls_stress_fxa_yoshikawa_set_protein.pdb,737,7.8427606,7.401003,7.5459385,7.8384533,7.7779465,7.605657,7.7490673,7.9201164,7.39516,8.105226,7.718133
738,opls_stress/fxa_yoshikawa_set,opls_stress/fxa_yoshikawa_set/5e,../large_fep_dataset/data/fep_benchmark_processed/opls_stress_fxa_yoshikawa_set_5e.sdf,../large_fep_dataset/data/fep_benchmark_processed/opls_stress_fxa_yoshikawa_set_protein.pdb,738,6.839773,6.9946675,7.119695,7.025871,7.491905,7.052663,7.0114007,7.263924,6.862799,6.6703353,7.0333037
739,opls_stress/fxa_yoshikawa_set,opls_stress/fxa_yoshikawa_set/5i,../large_fep_dataset/data/fep_benchmark_processed/opls_stress_fxa_yoshikawa_set_5i.sdf,../large_fep_dataset/data/fep_benchmark_processed/opls_stress_fxa_yoshikawa_set_protein.pdb,739,7.754321,7.8303294,7.9340816,8.1832075,8.264003,8.104439,8.068995,8.310147,7.8991194,8.642954,8.099159
740,opls_stress/fxa_yoshikawa_set,opls_stress/fxa_yoshikawa_set/5b,../large_fep_dataset/data/fep_benchmark_processed/opls_stress_fxa_yoshikawa_set_5b.sdf,../large_fep_dataset/data/fep_benchmark_processed/opls_stress_fxa_yoshikawa_set_protein.pdb,740,6.8346524,6.5731263,6.811544,6.826097,7.4955373,6.431647,6.829895,6.954492,6.585276,6.706353,6.804862
741,opls_stress/fxa_yoshikawa_set,opls_stress/fxa_yoshikawa_set/5h,../large_fep_dataset/data/fep_benchmark_processed/opls_stress_fxa_yoshikawa_set_5h.sdf,../large_fep_dataset/data/fep_benchmark_processed/opls_stress_fxa_yoshikawa_set_protein.pdb,741,8.460947,8.497488,8.587065,8.333414,8.44816,8.244254,8.404475,8.384745,8.524109,8.8109665,8.469563
742,opls_stress/fxa_yoshikawa_set,opls_stress/fxa_yoshikawa_set/5a,../large_fep_dataset/data/fep_benchmark_processed/opls_stress_fxa_yoshikawa_set_5a.sdf,../large_fep_dataset/data/fep_benchmark_processed/opls_stress_fxa_yoshikawa_set_protein.pdb,742,7.3154497,7.2488155,7.163827,7.8614163,7.966504,7.4869585,7.280684,7.725956,7.588213,7.8727684,7.551059
743,opls_stress/fxa_yoshikawa_set,opls_stress/fxa_yoshikawa_set/5k,../large_fep_dataset/data/fep_benchmark_processed/opls_stress_fxa_yoshikawa_set_5k.sdf,../large_fep_dataset/data/fep_benchmark_processed/opls_stress_fxa_yoshikawa_set_protein.pdb,743,7.6691594,6.993243,7.7214255,6.6277943,7.3638053,7.0812597,6.8531947,7.9555507,7.3765626,7.320225,7.2962217
744,opls_stress/fxa_yoshikawa_set,opls_stress/fxa_yoshikawa_set/5d,../large_fep_dataset/data/fep_benchmark_processed/opls_stress_fxa_yoshikawa_set_5d.sdf,../large_fep_dataset/data/fep_benchmark_processed/opls_stress_fxa_yoshikawa_set_protein.pdb,744,7.8031263,7.9156256,7.8248415,8.107245,7.9708285,8.003827,7.5129814,8.16436,7.669036,8.4025,7.9374375
745,opls_stress/fxa_yoshikawa_set,opls_stress/fxa_yoshikawa_set/5c,../large_fep_dataset/data/fep_benchmark_processed/opls_stress_fxa_yoshikawa_set_5c.sdf,../large_fep_dataset/data/fep_benchmark_processed/opls_stress_fxa_yoshikawa_set_protein.pdb,745,7.8879147,7.7050753,7.7658186,8.138769,8.010502,7.7694297,7.7867026,8.095387,7.9824324,7.8071404,7.8949175
746,opls_stress/fxa_yoshikawa_set,opls_stress/fxa_yoshikawa_set/8e,../large_fep_dataset/data/fep_benchmark_processed/opls_stress_fxa_yoshikawa_set_8e.sdf,../large_fep_dataset/data/fep_benchmark_processed/opls_stress_fxa_yoshikawa_set_protein.pdb,746,7.776553,7.4674525,7.0480733,6.6212564,7.4093738,6.6688747,6.771062,6.956748,7.1033025,7.3500357,7.117273
747,opls_stress/fxa_yoshikawa_set,opls_stress/fxa_yoshikawa_set/8b,../large_fep_dataset/data/fep_benchmark_processed/opls_stress_fxa_yoshikawa_set_8b.sdf,../large_fep_dataset/data/fep_benchmark_processed/opls_stress_fxa_yoshikawa_set_protein.pdb,747,7.099151,6.1654778,7.2387834,6.641758,6.8173556,6.4043174,6.8169394,6.616476,6.5638537,7.382419,6.774653
748,opls_stress/fxa_yoshikawa_set,opls_stress/fxa_yoshikawa_set/8d,../large_fep_dataset/data/fep_benchmark_processed/opls_stress_fxa_yoshikawa_set_8d.sdf,../large_fep_dataset/data/fep_benchmark_processed/opls_stress_fxa_yoshikawa_set_protein.pdb,748,7.4404726,6.255779,7.033519,6.280335,7.506154,6.7830834,7.1207066,6.8686767,7.070773,7.226197,6.95857
749,opls_stress/fxa_yoshikawa_set,opls_stress/fxa_yoshikawa_set/8c,../large_fep_dataset/data/fep_benchmark_processed/opls_stress_fxa_yoshikawa_set_8c.sdf,../large_fep_dataset/data/fep_benchmark_processed/opls_stress_fxa_yoshikawa_set_protein.pdb,749,7.3106394,6.0833893,7.130258,6.4913044,7.027514,6.5399733,6.5085826,6.5451655,6.4993567,7.48481,6.7620993
750,opls_stress/fxa_yoshikawa_set,opls_stress/fxa_yoshikawa_set/8g,../large_fep_dataset/data/fep_benchmark_processed/opls_stress_fxa_yoshikawa_set_8g.sdf,../large_fep_dataset/data/fep_benchmark_processed/opls_stress_fxa_yoshikawa_set_protein.pdb,750,7.6877913,7.081667,6.875259,6.61032,7.103634,6.3180013,6.9617815,6.8563833,7.286911,7.689942,7.0471697
751,opls_stress/fxa_yoshikawa_set,opls_stress/fxa_yoshikawa_set/A_cor,../large_fep_dataset/data/fep_benchmark_processed/opls_stress_fxa_yoshikawa_set_A_cor.sdf,../large_fep_dataset/data/fep_benchmark_processed/opls_stress_fxa_yoshikawa_set_protein.pdb,751,7.6866984,7.437596,7.2949533,7.106846,7.380929,6.9059114,7.190864,7.0908523,7.58331,7.7344646,7.3412423
752,opls_stress/fxa_yoshikawa_set,opls_stress/fxa_yoshikawa_set/8f,../large_fep_dataset/data/fep_benchmark_processed/opls_stress_fxa_yoshikawa_set_8f.sdf,../large_fep_dataset/data/fep_benchmark_processed/opls_stress_fxa_yoshikawa_set_protein.pdb,752,7.503761,7.3043404,7.073741,6.8512945,7.3885264,6.260182,6.733616,7.0126705,7.2964845,7.602616,7.1027236
753,opls_stress/fxa_yoshikawa_set,opls_stress/fxa_yoshikawa_set/8a,../large_fep_dataset/data/fep_benchmark_processed/opls_stress_fxa_yoshikawa_set_8a.sdf,../large_fep_dataset/data/fep_benchmark_processed/opls_stress_fxa_yoshikawa_set_protein.pdb,753,7.676721,7.2029457,7.026462,6.881785,7.222653,6.8149014,6.6476893,6.995141,6.905156,7.2687263,7.064218
754,opls_stress/fxa_yoshikawa_set,opls_stress/fxa_yoshikawa_set/8h,../large_fep_dataset/data/fep_benchmark_processed/opls_stress_fxa_yoshikawa_set_8h.sdf,../large_fep_dataset/data/fep_benchmark_processed/opls_stress_fxa_yoshikawa_set_protein.pdb,754,8.431656,7.919037,7.9577384,7.5016627,8.188711,7.404628,7.677843,7.677618,8.249141,8.123038,7.9131074
755,opls_stress/fxa_yoshikawa_set,opls_stress/fxa_yoshikawa_set/8i,../large_fep_dataset/data/fep_benchmark_processed/opls_stress_fxa_yoshikawa_set_8i.sdf,../large_fep_dataset/data/fep_benchmark_processed/opls_stress_fxa_yoshikawa_set_protein.pdb,755,7.959935,7.2748904,7.251591,7.382355,7.419889,7.1730785,7.459741,7.14929,7.6300244,7.5773525,7.4278154
756,opls_stress/fxa_yoshikawa_set,opls_stress/fxa_yoshikawa_set/8j,../large_fep_dataset/data/fep_benchmark_processed/opls_stress_fxa_yoshikawa_set_8j.sdf,../large_fep_dataset/data/fep_benchmark_processed/opls_stress_fxa_yoshikawa_set_protein.pdb,756,8.189368,7.3791747,7.635582,7.3758516,7.966183,7.551414,7.2369704,7.618394,7.6405396,8.096043,7.6689515
757,opls_stress/fxa_yoshikawa_set,opls_stress/fxa_yoshikawa_set/8k,../large_fep_dataset/data/fep_benchmark_processed/opls_stress_fxa_yoshikawa_set_8k.sdf,../large_fep_dataset/data/fep_benchmark_processed/opls_stress_fxa_yoshikawa_set_protein.pdb,757,7.875903,7.715917,7.7466006,7.0749445,7.791178,7.628434,7.085558,7.8895526,7.586351,7.8233433,7.621778
758,opls_stress/fxa_yoshikawa_set,opls_stress/fxa_yoshikawa_set/8l,../large_fep_dataset/data/fep_benchmark_processed/opls_stress_fxa_yoshikawa_set_8l.sdf,../large_fep_dataset/data/fep_benchmark_processed/opls_stress_fxa_yoshikawa_set_protein.pdb,758,7.872572,7.4902897,7.5725546,7.351982,7.8703527,7.569121,7.3274837,7.4548063,7.637731,7.7448854,7.5891786
759,opls_stress/fxa_yoshikawa_set,opls_stress/fxa_yoshikawa_set/8m,../large_fep_dataset/data/fep_benchmark_processed/opls_stress_fxa_yoshikawa_set_8m.sdf,../large_fep_dataset/data/fep_benchmark_processed/opls_stress_fxa_yoshikawa_set_protein.pdb,759,8.157896,7.6530604,7.8782177,7.3003197,8.13975,7.851065,7.885982,7.9039373,7.972753,8.309794,7.9052773
760,opls_stress/fxa_yoshikawa_set,opls_stress/fxa_yoshikawa_set/8n,../large_fep_dataset/data/fep_benchmark_processed/opls_stress_fxa_yoshikawa_set_8n.sdf,../large_fep_dataset/data/fep_benchmark_processed/opls_stress_fxa_yoshikawa_set_protein.pdb,760,7.720975,7.1252017,7.3107333,7.421473,7.7774568,7.15275,7.1380143,7.333406,7.2574773,7.683499,7.392099
761,opls_stress/fxa_yoshikawa_set,opls_stress/fxa_yoshikawa_set/8o,../large_fep_dataset/data/fep_benchmark_processed/opls_stress_fxa_yoshikawa_set_8o.sdf,../large_fep_dataset/data/fep_benchmark_processed/opls_stress_fxa_yoshikawa_set_protein.pdb,761,7.6604795,7.0973644,7.101941,7.014386,7.6582503,6.6678734,7.0401344,6.9725323,7.1054273,7.3171897,7.163558
762,opls_stress/fxa_yoshikawa_set,opls_stress/fxa_yoshikawa_set/8p,../large_fep_dataset/data/fep_benchmark_processed/opls_stress_fxa_yoshikawa_set_8p.sdf,../large_fep_dataset/data/fep_benchmark_processed/opls_stress_fxa_yoshikawa_set_protein.pdb,762,7.8239694,7.516644,7.548886,7.1039104,7.47339,6.916196,7.626183,7.4503245,7.9099584,7.6687107,7.503817
763,opls_stress/cr_bace2,opls_stress/cr_bace2/22,../large_fep_dataset/data/fep_benchmark_processed/opls_stress_cr_bace2_22.sdf,../large_fep_dataset/data/fep_benchmark_processed/opls_stress_cr_bace2_protein.pdb,763,6.293226,6.215072,6.4769654,6.7411065,6.418912,5.6721725,6.803147,6.6676326,6.3336706,6.2286716,6.385058
764,opls_stress/cr_bace2,opls_stress/cr_bace2/16,../large_fep_dataset/data/fep_benchmark_processed/opls_stress_cr_bace2_16.sdf,../large_fep_dataset/data/fep_benchmark_processed/opls_stress_cr_bace2_protein.pdb,764,6.8039193,6.0489936,6.9010386,6.5853767,6.82348,6.5736785,6.7195926,6.899438,6.512359,6.7655873,6.6633463
765,opls_stress/cr_bace2,opls_stress/cr_bace2/11,../large_fep_dataset/data/fep_benchmark_processed/opls_stress_cr_bace2_11.sdf,../large_fep_dataset/data/fep_benchmark_processed/opls_stress_cr_bace2_protein.pdb,765,6.1801677,6.2417483,6.414229,6.6610813,6.3479996,6.3396144,6.336178,6.358587,6.2080455,6.22705,6.33147
766,opls_stress/cr_bace2,opls_stress/cr_bace2/21,../large_fep_dataset/data/fep_benchmark_processed/opls_stress_cr_bace2_21.sdf,../large_fep_dataset/data/fep_benchmark_processed/opls_stress_cr_bace2_protein.pdb,766,6.5294905,6.3075066,6.393338,6.8856707,6.7322793,6.0869207,6.751348,6.432151,5.776475,6.3816833,6.427686
767,opls_stress/cr_bace2,opls_stress/cr_bace2/24,../large_fep_dataset/data/fep_benchmark_processed/opls_stress_cr_bace2_24.sdf,../large_fep_dataset/data/fep_benchmark_processed/opls_stress_cr_bace2_protein.pdb,767,6.433053,6.21852,6.0985,6.528585,6.6937165,6.3403697,6.5126076,6.6059957,6.1654882,6.1175327,6.371437
768,opls_stress/cr_bace2,opls_stress/cr_bace2/12,../large_fep_dataset/data/fep_benchmark_processed/opls_stress_cr_bace2_12.sdf,../large_fep_dataset/data/fep_benchmark_processed/opls_stress_cr_bace2_protein.pdb,768,6.6139364,5.9528646,6.254417,6.530939,6.4279847,6.096699,6.3400517,6.496168,5.8907003,6.1920633,6.279583
769,opls_stress/cr_bace2,opls_stress/cr_bace2/20,../large_fep_dataset/data/fep_benchmark_processed/opls_stress_cr_bace2_20.sdf,../large_fep_dataset/data/fep_benchmark_processed/opls_stress_cr_bace2_protein.pdb,769,6.3569684,6.273707,6.1741915,6.841224,6.4815307,5.9910808,6.46115,6.3800607,6.0534143,6.3173537,6.333068
770,opls_stress/cr_bace2,opls_stress/cr_bace2/19,../large_fep_dataset/data/fep_benchmark_processed/opls_stress_cr_bace2_19.sdf,../large_fep_dataset/data/fep_benchmark_processed/opls_stress_cr_bace2_protein.pdb,770,6.618301,6.3502464,6.8380675,6.8555775,7.100596,6.320895,6.8099174,6.775144,6.0441747,6.439868,6.6152787
771,opls_stress/cr_bace2,opls_stress/cr_bace2/13,../large_fep_dataset/data/fep_benchmark_processed/opls_stress_cr_bace2_13.sdf,../large_fep_dataset/data/fep_benchmark_processed/opls_stress_cr_bace2_protein.pdb,771,6.2799225,6.249919,6.680773,6.6807213,6.9039607,6.3493857,6.6011415,6.906483,5.989692,6.4053125,6.504731
772,opls_stress/cr_bace2,opls_stress/cr_bace2/23,../large_fep_dataset/data/fep_benchmark_processed/opls_stress_cr_bace2_23.sdf,../large_fep_dataset/data/fep_benchmark_processed/opls_stress_cr_bace2_protein.pdb,772,6.527687,6.294343,6.405359,6.994599,6.7815504,6.329952,6.71339,6.6127515,5.7307806,6.192442,6.4582853
773,opls_stress/cr_bace2,opls_stress/cr_bace2/15,../large_fep_dataset/data/fep_benchmark_processed/opls_stress_cr_bace2_15.sdf,../large_fep_dataset/data/fep_benchmark_processed/opls_stress_cr_bace2_protein.pdb,773,6.8359904,6.0416512,6.7415333,6.685021,6.9480233,6.3385963,6.8429527,6.8562856,6.0275555,6.6129446,6.5930557
774,opls_stress/cr_bace2,opls_stress/cr_bace2/14,../large_fep_dataset/data/fep_benchmark_processed/opls_stress_cr_bace2_14.sdf,../large_fep_dataset/data/fep_benchmark_processed/opls_stress_cr_bace2_protein.pdb,774,6.356316,6.14695,6.494064,6.6986713,6.4705462,6.328456,6.404776,6.8465204,6.074324,6.0530624,6.3873687
775,opls_stress/fxa_set3,opls_stress/fxa_set3/20814_6,../large_fep_dataset/data/fep_benchmark_processed/opls_stress_fxa_set3_20814_6.sdf,../large_fep_dataset/data/fep_benchmark_processed/opls_stress_fxa_set3_protein.pdb,775,7.949331,7.4120717,7.193201,7.6874366,7.875955,7.3102922,7.912318,7.3174176,7.9874115,8.048762,7.6694193
776,opls_stress/fxa_set3,opls_stress/fxa_set3/20539_10,../large_fep_dataset/data/fep_benchmark_processed/opls_stress_fxa_set3_20539_10.sdf,../large_fep_dataset/data/fep_benchmark_processed/opls_stress_fxa_set3_protein.pdb,776,7.907694,7.236998,7.568992,7.81684,7.836833,7.701455,7.789588,7.947066,8.189426,8.042425,7.8037324
777,opls_stress/fxa_set3,opls_stress/fxa_set3/20820_11,../large_fep_dataset/data/fep_benchmark_processed/opls_stress_fxa_set3_20820_11.sdf,../large_fep_dataset/data/fep_benchmark_processed/opls_stress_fxa_set3_protein.pdb,777,7.5768695,7.3144355,7.224599,7.2799897,7.367142,7.333667,7.5073404,8.317931,7.7714705,7.191853,7.48853
778,opls_stress/fxa_set3,opls_stress/fxa_set3/20819_8,../large_fep_dataset/data/fep_benchmark_processed/opls_stress_fxa_set3_20819_8.sdf,../large_fep_dataset/data/fep_benchmark_processed/opls_stress_fxa_set3_protein.pdb,778,7.939009,7.3321977,7.4256115,8.082162,7.7906547,7.2879205,7.8679137,8.348529,8.0725155,8.416897,7.8563414
779,opls_stress/fxa_set6,opls_stress/fxa_set6/21083,../large_fep_dataset/data/fep_benchmark_processed/opls_stress_fxa_set6_21083.sdf,../large_fep_dataset/data/fep_benchmark_processed/opls_stress_fxa_set6_protein.pdb,779,7.64803,6.900811,6.6951017,6.911912,6.9310904,7.3137875,7.0245004,6.9585266,7.1938744,6.507597,7.0085235
780,opls_stress/fxa_set6,opls_stress/fxa_set6/21084,../large_fep_dataset/data/fep_benchmark_processed/opls_stress_fxa_set6_21084.sdf,../large_fep_dataset/data/fep_benchmark_processed/opls_stress_fxa_set6_protein.pdb,780,7.320103,7.146159,7.4766135,7.139691,7.1421766,7.207898,7.4250774,7.1315546,7.2661743,7.1743474,7.2429795
781,opls_stress/fxa_set6,opls_stress/fxa_set6/21085,../large_fep_dataset/data/fep_benchmark_processed/opls_stress_fxa_set6_21085.sdf,../large_fep_dataset/data/fep_benchmark_processed/opls_stress_fxa_set6_protein.pdb,781,7.4430623,7.4073744,7.3035755,7.3891506,7.6455564,7.3198624,7.5604753,6.694492,7.44954,7.317753,7.3530836
782,opls_stress/fxa_set6,opls_stress/fxa_set6/21086,../large_fep_dataset/data/fep_benchmark_processed/opls_stress_fxa_set6_21086.sdf,../large_fep_dataset/data/fep_benchmark_processed/opls_stress_fxa_set6_protein.pdb,782,7.258317,7.053743,7.520579,7.2717896,7.539471,7.31089,8.12088,6.857977,6.9272804,7.199556,7.3060484
783,opls_stress/fxa_set6,opls_stress/fxa_set6/20524_2j95_cys,../large_fep_dataset/data/fep_benchmark_processed/opls_stress_fxa_set6_20524_2j95_cys.sdf,../large_fep_dataset/data/fep_benchmark_processed/opls_stress_fxa_set6_protein.pdb,783,7.431568,7.2978716,7.508855,7.1605463,7.5519223,7.396236,7.7760143,7.043152,6.861557,7.393761,7.342149
784,opls_stress/fxa_set6,opls_stress/fxa_set6/21087,../large_fep_dataset/data/fep_benchmark_processed/opls_stress_fxa_set6_21087.sdf,../large_fep_dataset/data/fep_benchmark_processed/opls_stress_fxa_set6_protein.pdb,784,7.1797295,7.14328,7.2855663,7.078695,7.486261,7.255038,8.1925335,6.9908504,6.928816,7.3111677,7.2851934
785,opls_stress/fxa_set5,opls_stress/fxa_set5/20705_cys,../large_fep_dataset/data/fep_benchmark_processed/opls_stress_fxa_set5_20705_cys.sdf,../large_fep_dataset/data/fep_benchmark_processed/opls_stress_fxa_set5_protein.pdb,785,7.623429,7.5790143,7.6934023,7.5566072,7.713777,7.6607265,7.453042,7.8041553,8.079752,7.847168,7.701107
786,opls_stress/fxa_set5,opls_stress/fxa_set5/21331,../large_fep_dataset/data/fep_benchmark_processed/opls_stress_fxa_set5_21331.sdf,../large_fep_dataset/data/fep_benchmark_processed/opls_stress_fxa_set5_protein.pdb,786,7.01416,7.2852726,7.0462255,7.270988,7.4403734,7.1874323,6.6835413,7.4060917,7.9185777,7.6968455,7.294951
787,opls_stress/hc_bace2,opls_stress/hc_bace2/37_0_ligand,../large_fep_dataset/data/fep_benchmark_processed/opls_stress_hc_bace2_37_0_ligand.sdf,../large_fep_dataset/data/fep_benchmark_processed/opls_stress_hc_bace2_protein.pdb,787,6.637792,6.445675,5.9523015,6.1391397,6.609885,6.1383805,6.4214334,5.992462,6.1197495,6.258246,6.271507
788,opls_stress/hc_bace2,opls_stress/hc_bace2/35_0_ligand,../large_fep_dataset/data/fep_benchmark_processed/opls_stress_hc_bace2_35_0_ligand.sdf,../large_fep_dataset/data/fep_benchmark_processed/opls_stress_hc_bace2_protein.pdb,788,6.6941137,6.7126155,6.4669547,6.7022047,6.6689,6.743006,6.7147775,6.5112114,6.7780976,6.6905613,6.668245
789,opls_stress/hc_bace2,opls_stress/hc_bace2/39_0_ligand,../large_fep_dataset/data/fep_benchmark_processed/opls_stress_hc_bace2_39_0_ligand.sdf,../large_fep_dataset/data/fep_benchmark_processed/opls_stress_hc_bace2_protein.pdb,789,7.2172494,6.6964126,6.321094,6.0590444,6.495673,6.706466,6.9113855,6.746443,6.4851146,6.6278996,6.6266785
790,opls_stress/hc_bace2,opls_stress/hc_bace2/34_0_ligand,../large_fep_dataset/data/fep_benchmark_processed/opls_stress_hc_bace2_34_0_ligand.sdf,../large_fep_dataset/data/fep_benchmark_processed/opls_stress_hc_bace2_protein.pdb,790,6.7199655,6.4733777,6.2094603,6.2693024,6.535947,6.254186,6.56504,5.994122,6.675114,6.4867067,6.418322
791,opls_stress/hc_bace2,opls_stress/hc_bace2/40_0_ligand,../large_fep_dataset/data/fep_benchmark_processed/opls_stress_hc_bace2_40_0_ligand.sdf,../large_fep_dataset/data/fep_benchmark_processed/opls_stress_hc_bace2_protein.pdb,791,7.085139,6.4430833,6.30823,6.284854,6.8254795,6.786755,6.92791,6.6039715,6.7919188,6.7788057,6.6836143
792,opls_stress/hc_bace2,opls_stress/hc_bace2/30_0_ligand,../large_fep_dataset/data/fep_benchmark_processed/opls_stress_hc_bace2_30_0_ligand.sdf,../large_fep_dataset/data/fep_benchmark_processed/opls_stress_hc_bace2_protein.pdb,792,6.47108,6.422524,6.0341163,6.2738614,6.578477,6.180474,6.5346794,5.9814267,6.191026,6.2377524,6.2905416
793,opls_stress/hc_bace2,opls_stress/hc_bace2/33_0_ligand,../large_fep_dataset/data/fep_benchmark_processed/opls_stress_hc_bace2_33_0_ligand.sdf,../large_fep_dataset/data/fep_benchmark_processed/opls_stress_hc_bace2_protein.pdb,793,7.2746143,6.5152516,6.3772345,6.0660806,6.660318,6.706075,6.526759,7.001223,6.609184,6.50612,6.6242857
794,opls_stress/hc_bace2,opls_stress/hc_bace2/41_0_ligand,../large_fep_dataset/data/fep_benchmark_processed/opls_stress_hc_bace2_41_0_ligand.sdf,../large_fep_dataset/data/fep_benchmark_processed/opls_stress_hc_bace2_protein.pdb,794,6.797852,6.9974513,6.604167,7.0336924,6.6639547,6.8171945,6.7303357,6.376497,6.549422,6.773307,6.7343874
795,opls_stress/hc_bace2,opls_stress/hc_bace2/42_0_ligand,../large_fep_dataset/data/fep_benchmark_processed/opls_stress_hc_bace2_42_0_ligand.sdf,../large_fep_dataset/data/fep_benchmark_processed/opls_stress_hc_bace2_protein.pdb,795,6.602967,6.749084,6.110205,5.929317,6.696423,6.622259,6.7951403,7.1066847,6.9373527,6.915176,6.6464605
796,opls_stress/hc_bace2,opls_stress/hc_bace2/44_0_ligand,../large_fep_dataset/data/fep_benchmark_processed/opls_stress_hc_bace2_44_0_ligand.sdf,../large_fep_dataset/data/fep_benchmark_processed/opls_stress_hc_bace2_protein.pdb,796,6.488287,6.519587,6.163109,6.224546,6.515587,6.467551,6.613347,5.8553157,6.322034,6.2353086,6.340467
797,opls_stress/fxa_set4,opls_stress/fxa_set4/1s,../large_fep_dataset/data/fep_benchmark_processed/opls_stress_fxa_set4_1s.sdf,../large_fep_dataset/data/fep_benchmark_processed/opls_stress_fxa_set4_protein.pdb,797,7.5706687,7.213249,7.6309056,7.163038,7.6181264,6.580984,7.8695474,7.363103,7.6218214,7.3559923,7.3987436
798,opls_stress/fxa_set4,opls_stress/fxa_set4/21080_1j,../large_fep_dataset/data/fep_benchmark_processed/opls_stress_fxa_set4_21080_1j.sdf,../large_fep_dataset/data/fep_benchmark_processed/opls_stress_fxa_set4_protein.pdb,798,7.464837,7.2607727,7.524208,7.509993,7.426871,7.3489523,7.741222,7.562859,6.9568987,7.3736277,7.417024
799,opls_stress/fxa_set4,opls_stress/fxa_set4/21030_1o,../large_fep_dataset/data/fep_benchmark_processed/opls_stress_fxa_set4_21030_1o.sdf,../large_fep_dataset/data/fep_benchmark_processed/opls_stress_fxa_set4_protein.pdb,799,7.927412,7.070409,7.443139,7.398092,7.9829,6.9743066,7.8828974,7.1476803,7.5888705,7.4181275,7.483383
800,opls_stress/fxa_set4,opls_stress/fxa_set4/21028_1r,../large_fep_dataset/data/fep_benchmark_processed/opls_stress_fxa_set4_21028_1r.sdf,../large_fep_dataset/data/fep_benchmark_processed/opls_stress_fxa_set4_protein.pdb,800,7.40592,7.374976,7.338281,7.0880475,7.580455,7.0721908,7.8387623,7.464961,7.029404,7.49195,7.368495
801,opls_stress/fxa_set4,opls_stress/fxa_set4/21027_1q,../large_fep_dataset/data/fep_benchmark_processed/opls_stress_fxa_set4_21027_1q.sdf,../large_fep_dataset/data/fep_benchmark_processed/opls_stress_fxa_set4_protein.pdb,801,7.6264377,7.389841,7.492325,7.3777175,7.6120224,7.0648184,7.900652,7.34368,7.319518,7.5671844,7.46942
802,opls_stress/fxa_set4,opls_stress/fxa_set4/1t,../large_fep_dataset/data/fep_benchmark_processed/opls_stress_fxa_set4_1t.sdf,../large_fep_dataset/data/fep_benchmark_processed/opls_stress_fxa_set4_protein.pdb,802,7.4687543,7.1988463,7.6146526,7.298835,7.573765,6.6628075,7.8229594,7.4970965,7.509364,7.556184,7.420326
803,opls_stress/fxa_set4,opls_stress/fxa_set4/16352_1e,../large_fep_dataset/data/fep_benchmark_processed/opls_stress_fxa_set4_16352_1e.sdf,../large_fep_dataset/data/fep_benchmark_processed/opls_stress_fxa_set4_protein.pdb,803,7.7636137,7.101695,7.828855,7.65277,7.89808,7.5005035,7.9733415,7.4662995,7.3523297,7.587112,7.61246
804,opls_stress/fxa_set4,opls_stress/fxa_set4/21081_1k,../large_fep_dataset/data/fep_benchmark_processed/opls_stress_fxa_set4_21081_1k.sdf,../large_fep_dataset/data/fep_benchmark_processed/opls_stress_fxa_set4_protein.pdb,804,7.499318,7.4120393,7.7485313,7.3633647,7.7839804,7.704672,7.9130464,7.513484,6.8715167,7.35597,7.516593
805,opls_stress/fxa_set4,opls_stress/fxa_set4/21031_1p,../large_fep_dataset/data/fep_benchmark_processed/opls_stress_fxa_set4_21031_1p.sdf,../large_fep_dataset/data/fep_benchmark_processed/opls_stress_fxa_set4_protein.pdb,805,7.923336,7.0210567,7.4110937,7.354424,7.9676847,6.7395215,7.8462954,7.1543646,7.816934,7.24404,7.447875
806,opls_stress/fxa_set4,opls_stress/fxa_set4/16353_1d,../large_fep_dataset/data/fep_benchmark_processed/opls_stress_fxa_set4_16353_1d.sdf,../large_fep_dataset/data/fep_benchmark_processed/opls_stress_fxa_set4_protein.pdb,806,7.712658,7.327729,7.698376,7.477939,7.8690853,7.4615045,7.861854,7.3670106,7.2786956,7.463393,7.551825
807,opls_stress/fxa_set4,opls_stress/fxa_set4/21082_1l,../large_fep_dataset/data/fep_benchmark_processed/opls_stress_fxa_set4_21082_1l.sdf,../large_fep_dataset/data/fep_benchmark_processed/opls_stress_fxa_set4_protein.pdb,807,7.7030625,7.5132527,7.941184,7.3111267,7.862358,7.5166755,8.004522,7.492756,6.9634233,7.434316,7.5742674
808,opls_stress/chk1_set2,opls_stress/chk1_set2/17374_cys,../large_fep_dataset/data/fep_benchmark_processed/opls_stress_chk1_set2_17374_cys.sdf,../large_fep_dataset/data/fep_benchmark_processed/opls_stress_chk1_set2_protein.pdb,808,8.959195,8.685773,9.07569,9.201647,8.733149,8.77524,8.87501,8.748334,8.812121,8.9687,8.883486
809,opls_stress/chk1_set2,opls_stress/chk1_set2/17509,../large_fep_dataset/data/fep_benchmark_processed/opls_stress_chk1_set2_17509.sdf,../large_fep_dataset/data/fep_benchmark_processed/opls_stress_chk1_set2_protein.pdb,809,8.260252,8.607525,8.273428,9.280653,8.324821,8.530802,8.612094,8.368864,8.223299,8.716386,8.519812
810,opls_stress/chk1_set3,opls_stress/chk1_set3/23882,../large_fep_dataset/data/fep_benchmark_processed/opls_stress_chk1_set3_23882.sdf,../large_fep_dataset/data/fep_benchmark_processed/opls_stress_chk1_set3_protein.pdb,810,7.7521143,7.669112,7.6825128,7.8522015,7.926321,7.529683,7.1770663,7.921105,7.3454013,7.0383143,7.589383
811,opls_stress/chk1_set3,opls_stress/chk1_set3/23703_cys,../large_fep_dataset/data/fep_benchmark_processed/opls_stress_chk1_set3_23703_cys.sdf,../large_fep_dataset/data/fep_benchmark_processed/opls_stress_chk1_set3_protein.pdb,811,7.638697,7.462808,7.5466104,7.891326,7.8933487,7.4689183,7.4516172,7.7121077,7.2698565,7.1750546,7.5510345
812,opls_stress/chk1_set3,opls_stress/chk1_set3/23864,../large_fep_dataset/data/fep_benchmark_processed/opls_stress_chk1_set3_23864.sdf,../large_fep_dataset/data/fep_benchmark_processed/opls_stress_chk1_set3_protein.pdb,812,7.607244,7.9011145,7.8895726,8.111056,8.138824,7.716403,7.622763,8.0103855,7.9959273,7.4687552,7.846205
813,opls_stress/chk1_set3,opls_stress/chk1_set3/23863,../large_fep_dataset/data/fep_benchmark_processed/opls_stress_chk1_set3_23863.sdf,../large_fep_dataset/data/fep_benchmark_processed/opls_stress_chk1_set3_protein.pdb,813,7.9930243,7.654361,7.794451,7.7589574,7.7907805,7.8244724,7.2407064,7.8208213,7.8053017,7.4822006,7.716508
814,opls_stress/chk1_set7,opls_stress/chk1_set7/19997,../large_fep_dataset/data/fep_benchmark_processed/opls_stress_chk1_set7_19997.sdf,../large_fep_dataset/data/fep_benchmark_processed/opls_stress_chk1_set7_protein.pdb,814,7.2181516,7.6525908,7.2965565,7.7249894,7.655808,7.2684097,8.011775,7.452174,7.8610024,7.589437,7.5730896
815,opls_stress/chk1_set7,opls_stress/chk1_set7/19998,../large_fep_dataset/data/fep_benchmark_processed/opls_stress_chk1_set7_19998.sdf,../large_fep_dataset/data/fep_benchmark_processed/opls_stress_chk1_set7_protein.pdb,815,6.4075494,7.4172554,6.906094,6.9180984,7.3546834,7.00904,7.6117787,6.8085074,7.3598766,7.3400555,7.113294
816,opls_stress/chk1_set7,opls_stress/chk1_set7/19934_cys,../large_fep_dataset/data/fep_benchmark_processed/opls_stress_chk1_set7_19934_cys.sdf,../large_fep_dataset/data/fep_benchmark_processed/opls_stress_chk1_set7_protein.pdb,816,7.508016,7.8988223,7.323978,7.861948,7.992234,7.3664427,7.876672,7.6988072,7.913034,7.9466076,7.7386565
817,opls_stress/chk1_set6,opls_stress/chk1_set6/23708_cys,../large_fep_dataset/data/fep_benchmark_processed/opls_stress_chk1_set6_23708_cys.sdf,../large_fep_dataset/data/fep_benchmark_processed/opls_stress_chk1_set6_protein.pdb,817,7.103814,6.7191806,6.387113,6.8679676,6.982148,6.955399,7.099394,7.3503733,6.715136,6.755788,6.893631
818,opls_stress/chk1_set6,opls_stress/chk1_set6/13,../large_fep_dataset/data/fep_benchmark_processed/opls_stress_chk1_set6_13.sdf,../large_fep_dataset/data/fep_benchmark_processed/opls_stress_chk1_set6_protein.pdb,818,7.1911306,6.7357836,5.9828496,6.368299,6.375288,6.402687,6.631158,6.8131447,6.437272,6.4504576,6.538807
819,opls_stress/chk1_set6,opls_stress/chk1_set6/15,../large_fep_dataset/data/fep_benchmark_processed/opls_stress_chk1_set6_15.sdf,../large_fep_dataset/data/fep_benchmark_processed/opls_stress_chk1_set6_protein.pdb,819,7.932932,6.4658985,6.2451353,6.790973,7.2966104,6.431897,6.909023,6.952137,6.9245124,6.9462004,6.8895316
820,opls_stress/chk1_set4,opls_stress/chk1_set4/23704_cys,../large_fep_dataset/data/fep_benchmark_processed/opls_stress_chk1_set4_23704_cys.sdf,../large_fep_dataset/data/fep_benchmark_processed/opls_stress_chk1_set4_protein.pdb,820,8.232326,7.9323096,7.975573,8.036794,8.064792,7.986144,7.876233,7.98677,7.944675,7.682504,7.971812
821,opls_stress/chk1_set4,opls_stress/chk1_set4/23873,../large_fep_dataset/data/fep_benchmark_processed/opls_stress_chk1_set4_23873.sdf,../large_fep_dataset/data/fep_benchmark_processed/opls_stress_chk1_set4_protein.pdb,821,8.034913,7.7906003,7.5612288,8.125268,8.074551,7.9758234,7.7631884,7.950931,7.905258,7.630569,7.881233
822,opls_stress/chk1_set5,opls_stress/chk1_set5/20315,../large_fep_dataset/data/fep_benchmark_processed/opls_stress_chk1_set5_20315.sdf,../large_fep_dataset/data/fep_benchmark_processed/opls_stress_chk1_set5_protein.pdb,822,7.093535,7.341669,8.023163,7.45691,7.669736,7.138413,7.639433,7.3312807,7.551226,7.3229203,7.456828
823,opls_stress/chk1_set5,opls_stress/chk1_set5/19939_cys,../large_fep_dataset/data/fep_benchmark_processed/opls_stress_chk1_set5_19939_cys.sdf,../large_fep_dataset/data/fep_benchmark_processed/opls_stress_chk1_set5_protein.pdb,823,7.1990366,7.4926367,8.0146675,7.216232,7.4540663,7.3708143,7.4683113,7.4650145,7.527738,7.4813466,7.4689865
824,opls_stress/chk1_set5,opls_stress/chk1_set5/19940,../large_fep_dataset/data/fep_benchmark_processed/opls_stress_chk1_set5_19940.sdf,../large_fep_dataset/data/fep_benchmark_processed/opls_stress_chk1_set5_protein.pdb,824,7.899513,7.5099826,8.315631,7.7345276,7.6809196,7.8688006,7.500776,8.080803,7.6840053,8.340339,7.8615294
825,opls_stress/pb_bace3,opls_stress/pb_bace3/22316,../large_fep_dataset/data/fep_benchmark_processed/opls_stress_pb_bace3_22316.sdf,../large_fep_dataset/data/fep_benchmark_processed/opls_stress_pb_bace3_protein.pdb,825,7.0061684,7.065648,7.1376143,7.0177383,7.398191,6.8631296,7.125252,6.7078404,6.8036113,7.163748,7.028894
826,opls_stress/pb_bace3,opls_stress/pb_bace3/22320,../large_fep_dataset/data/fep_benchmark_processed/opls_stress_pb_bace3_22320.sdf,../large_fep_dataset/data/fep_benchmark_processed/opls_stress_pb_bace3_protein.pdb,826,6.8142385,7.146135,7.266184,7.406406,7.229974,7.066509,7.7964067,6.9981594,7.00974,7.3971004,7.213086
827,opls_stress/pb_bace3,opls_stress/pb_bace3/22319,../large_fep_dataset/data/fep_benchmark_processed/opls_stress_pb_bace3_22319.sdf,../large_fep_dataset/data/fep_benchmark_processed/opls_stress_pb_bace3_protein.pdb,827,6.6696253,7.3422904,7.103452,7.1564245,7.1591225,6.757236,7.163943,7.239677,6.9440103,7.301843,7.083763
828,opls_stress/pb_bace3,opls_stress/pb_bace3/19678_cys,../large_fep_dataset/data/fep_benchmark_processed/opls_stress_pb_bace3_19678_cys.sdf,../large_fep_dataset/data/fep_benchmark_processed/opls_stress_pb_bace3_protein.pdb,828,7.20225,7.065848,7.37545,7.4033813,7.3524413,6.977916,7.314006,6.839657,6.8517714,7.524895,7.1907616
829,opls_stress/chk1_set1,opls_stress/chk1_set1/19967,../large_fep_dataset/data/fep_benchmark_processed/opls_stress_chk1_set1_19967.sdf,../large_fep_dataset/data/fep_benchmark_processed/opls_stress_chk1_set1_protein.pdb,829,7.9153605,6.923287,7.220729,8.069692,7.5812345,7.3658075,7.114245,7.2283707,7.032484,7.4079685,7.3859177
830,opls_stress/chk1_set1,opls_stress/chk1_set1/17353_cys,../large_fep_dataset/data/fep_benchmark_processed/opls_stress_chk1_set1_17353_cys.sdf,../large_fep_dataset/data/fep_benchmark_processed/opls_stress_chk1_set1_protein.pdb,830,7.588199,6.89811,7.203703,7.131226,7.0237246,7.106805,6.941858,7.240506,7.273229,6.9984903,7.1405845
831,opls_stress/chk1_set1,opls_stress/chk1_set1/19971,../large_fep_dataset/data/fep_benchmark_processed/opls_stress_chk1_set1_19971.sdf,../large_fep_dataset/data/fep_benchmark_processed/opls_stress_chk1_set1_protein.pdb,831,7.5694575,7.068574,7.32541,7.467479,7.430416,7.6226873,7.1543508,7.4210777,7.0976,7.030754,7.3187804
832,merck/pfkfb3_automap,merck/pfkfb3_automap/43,../large_fep_dataset/data/fep_benchmark_processed/merck_pfkfb3_automap_43.sdf,../large_fep_dataset/data/fep_benchmark_processed/merck_pfkfb3_automap_protein.pdb,832,7.1384583,7.1031427,7.17522,7.6903687,7.35203,6.7496533,7.507875,7.0024133,7.84321,6.73704,7.229941
833,merck/pfkfb3_automap,merck/pfkfb3_automap/30 flip b,../large_fep_dataset/data/fep_benchmark_processed/merck_pfkfb3_automap_30_flip_b.sdf,../large_fep_dataset/data/fep_benchmark_processed/merck_pfkfb3_automap_protein.pdb,833,6.0314627,6.2024775,6.4563165,6.577621,6.722178,6.801131,5.864372,6.3706236,6.32266,6.1274323,6.3476276
834,merck/pfkfb3_automap,merck/pfkfb3_automap/65,../large_fep_dataset/data/fep_benchmark_processed/merck_pfkfb3_automap_65.sdf,../large_fep_dataset/data/fep_benchmark_processed/merck_pfkfb3_automap_protein.pdb,834,7.9482865,6.836282,7.3103476,7.6807556,8.114549,7.1937146,7.6165786,7.409562,7.988818,7.2095485,7.530844
835,merck/pfkfb3_automap,merck/pfkfb3_automap/49,../large_fep_dataset/data/fep_benchmark_processed/merck_pfkfb3_automap_49.sdf,../large_fep_dataset/data/fep_benchmark_processed/merck_pfkfb3_automap_protein.pdb,835,6.7264924,5.9523783,6.618936,6.4892097,6.973641,5.938815,6.838087,5.9650064,7.2683816,6.4933777,6.526433
836,merck/pfkfb3_automap,merck/pfkfb3_automap/24,../large_fep_dataset/data/fep_benchmark_processed/merck_pfkfb3_automap_24.sdf,../large_fep_dataset/data/fep_benchmark_processed/merck_pfkfb3_automap_protein.pdb,836,6.7999682,6.4786224,7.5500436,6.9970183,7.2065716,6.5354276,6.202987,6.28918,6.932979,6.2581234,6.7250924
837,merck/pfkfb3_automap,merck/pfkfb3_automap/67,../large_fep_dataset/data/fep_benchmark_processed/merck_pfkfb3_automap_67.sdf,../large_fep_dataset/data/fep_benchmark_processed/merck_pfkfb3_automap_protein.pdb,837,7.5092425,6.350137,6.4153223,7.345449,7.3607497,6.3015695,7.130043,7.18042,7.234597,7.0310097,6.9858537
838,merck/pfkfb3_automap,merck/pfkfb3_automap/62 flip,../large_fep_dataset/data/fep_benchmark_processed/merck_pfkfb3_automap_62_flip.sdf,../large_fep_dataset/data/fep_benchmark_processed/merck_pfkfb3_automap_protein.pdb,838,7.998117,6.768849,7.378116,7.4051347,7.885779,7.04324,7.219067,7.064873,8.470042,7.16241,7.4395623
839,merck/pfkfb3_automap,merck/pfkfb3_automap/56,../large_fep_dataset/data/fep_benchmark_processed/merck_pfkfb3_automap_56.sdf,../large_fep_dataset/data/fep_benchmark_processed/merck_pfkfb3_automap_protein.pdb,839,7.3619914,6.6543155,7.2875133,7.2776337,8.055857,6.455059,7.6002994,6.692064,7.942472,6.9212584,7.224846
840,merck/pfkfb3_automap,merck/pfkfb3_automap/59,../large_fep_dataset/data/fep_benchmark_processed/merck_pfkfb3_automap_59.sdf,../large_fep_dataset/data/fep_benchmark_processed/merck_pfkfb3_automap_protein.pdb,840,6.761977,6.28994,6.87826,6.7080884,7.2336454,6.510045,6.725821,6.7209516,7.2922025,7.001114,6.812204
841,merck/pfkfb3_automap,merck/pfkfb3_automap/38,../large_fep_dataset/data/fep_benchmark_processed/merck_pfkfb3_automap_38.sdf,../large_fep_dataset/data/fep_benchmark_processed/merck_pfkfb3_automap_protein.pdb,841,6.430663,6.1778855,6.2602925,6.385432,7.671119,6.0018973,6.5108805,6.0939846,6.771246,6.260643,6.456404
842,merck/pfkfb3_automap,merck/pfkfb3_automap/31,../large_fep_dataset/data/fep_benchmark_processed/merck_pfkfb3_automap_31.sdf,../large_fep_dataset/data/fep_benchmark_processed/merck_pfkfb3_automap_protein.pdb,842,6.346206,7.101915,7.4937024,7.2710624,7.5418806,6.52249,6.1489315,6.828697,7.211961,7.267665,6.973451
843,merck/pfkfb3_automap,merck/pfkfb3_automap/48,../large_fep_dataset/data/fep_benchmark_processed/merck_pfkfb3_automap_48.sdf,../large_fep_dataset/data/fep_benchmark_processed/merck_pfkfb3_automap_protein.pdb,843,6.9218645,6.599113,7.124648,7.1198125,7.1948767,6.785927,7.2047396,7.0699296,7.438664,6.653097,7.011267
844,merck/pfkfb3_automap,merck/pfkfb3_automap/58,../large_fep_dataset/data/fep_benchmark_processed/merck_pfkfb3_automap_58.sdf,../large_fep_dataset/data/fep_benchmark_processed/merck_pfkfb3_automap_protein.pdb,844,7.0859227,6.533213,6.914252,6.9735518,7.7264743,6.4229746,7.207618,7.1340485,7.627835,7.159181,7.0785074
845,merck/pfkfb3_automap,merck/pfkfb3_automap/41,../large_fep_dataset/data/fep_benchmark_processed/merck_pfkfb3_automap_41.sdf,../large_fep_dataset/data/fep_benchmark_processed/merck_pfkfb3_automap_protein.pdb,845,6.9978924,7.15622,7.194232,7.099593,7.617376,6.5252814,8.148753,7.3353896,7.650009,7.277572,7.300232
846,merck/pfkfb3_automap,merck/pfkfb3_automap/29,../large_fep_dataset/data/fep_benchmark_processed/merck_pfkfb3_automap_29.sdf,../large_fep_dataset/data/fep_benchmark_processed/merck_pfkfb3_automap_protein.pdb,846,6.7825575,6.9403586,7.5581117,7.1825943,7.6533036,6.19152,6.437978,6.663546,7.4894776,6.8543563,6.975381
847,merck/pfkfb3_automap,merck/pfkfb3_automap/54,../large_fep_dataset/data/fep_benchmark_processed/merck_pfkfb3_automap_54.sdf,../large_fep_dataset/data/fep_benchmark_processed/merck_pfkfb3_automap_protein.pdb,847,6.939651,6.8171515,7.3664336,6.887928,7.45137,6.052415,6.288553,6.4503613,7.1921225,6.5022573,6.794824
848,merck/pfkfb3_automap,merck/pfkfb3_automap/47,../large_fep_dataset/data/fep_benchmark_processed/merck_pfkfb3_automap_47.sdf,../large_fep_dataset/data/fep_benchmark_processed/merck_pfkfb3_automap_protein.pdb,848,7.036614,7.1202655,7.1703215,7.10721,7.481339,6.901375,7.6303005,6.640642,7.8598886,6.9618745,7.190983
849,merck/pfkfb3_automap,merck/pfkfb3_automap/26,../large_fep_dataset/data/fep_benchmark_processed/merck_pfkfb3_automap_26.sdf,../large_fep_dataset/data/fep_benchmark_processed/merck_pfkfb3_automap_protein.pdb,849,6.2817044,6.449973,6.8971744,6.466242,7.136584,6.1382356,6.256351,6.4067287,6.782121,6.4541755,6.5269294
850,merck/pfkfb3_automap,merck/pfkfb3_automap/55,../large_fep_dataset/data/fep_benchmark_processed/merck_pfkfb3_automap_55.sdf,../large_fep_dataset/data/fep_benchmark_processed/merck_pfkfb3_automap_protein.pdb,850,7.2629476,6.9876943,7.3437223,7.9367843,7.705384,6.388321,7.564358,7.196613,8.13152,7.3067403,7.382409
851,merck/pfkfb3_automap,merck/pfkfb3_automap/20,../large_fep_dataset/data/fep_benchmark_processed/merck_pfkfb3_automap_20.sdf,../large_fep_dataset/data/fep_benchmark_processed/merck_pfkfb3_automap_protein.pdb,851,6.9210696,6.449803,7.2809367,6.9253983,7.1690354,6.8269343,7.535074,6.9407845,7.6239166,6.838078,7.051103
852,merck/pfkfb3_automap,merck/pfkfb3_automap/57,../large_fep_dataset/data/fep_benchmark_processed/merck_pfkfb3_automap_57.sdf,../large_fep_dataset/data/fep_benchmark_processed/merck_pfkfb3_automap_protein.pdb,852,7.7241206,7.254361,7.554957,7.738502,8.090707,6.6963434,7.439816,7.2833805,7.9899883,7.6808367,7.545302
853,merck/pfkfb3_automap,merck/pfkfb3_automap/42,../large_fep_dataset/data/fep_benchmark_processed/merck_pfkfb3_automap_42.sdf,../large_fep_dataset/data/fep_benchmark_processed/merck_pfkfb3_automap_protein.pdb,853,6.828853,6.366926,6.9264526,6.764142,7.091317,6.2456903,7.139004,6.6274285,7.422564,6.583765,6.799615
854,merck/pfkfb3_automap,merck/pfkfb3_automap/35,../large_fep_dataset/data/fep_benchmark_processed/merck_pfkfb3_automap_35.sdf,../large_fep_dataset/data/fep_benchmark_processed/merck_pfkfb3_automap_protein.pdb,854,6.856111,6.3125157,7.1512504,7.181915,7.421227,6.1242776,6.931896,6.2931294,7.385054,6.5938306,6.8251214
855,merck/pfkfb3_automap,merck/pfkfb3_automap/44,../large_fep_dataset/data/fep_benchmark_processed/merck_pfkfb3_automap_44.sdf,../large_fep_dataset/data/fep_benchmark_processed/merck_pfkfb3_automap_protein.pdb,855,6.8800488,6.804594,7.040399,7.4098563,7.386209,6.743372,7.296501,7.270977,7.686056,6.621271,7.1139283
856,merck/pfkfb3_automap,merck/pfkfb3_automap/63,../large_fep_dataset/data/fep_benchmark_processed/merck_pfkfb3_automap_63.sdf,../large_fep_dataset/data/fep_benchmark_processed/merck_pfkfb3_automap_protein.pdb,856,7.796714,6.312751,7.3782563,7.5498557,7.8386927,6.812845,7.3079543,7.5789404,8.289302,7.167807,7.4033117
857,merck/pfkfb3_automap,merck/pfkfb3_automap/69,../large_fep_dataset/data/fep_benchmark_processed/merck_pfkfb3_automap_69.sdf,../large_fep_dataset/data/fep_benchmark_processed/merck_pfkfb3_automap_protein.pdb,857,7.4620905,6.711377,6.8138766,7.4139457,7.133337,6.832468,7.397035,7.0557857,8.120395,6.6242676,7.1564574
858,merck/pfkfb3_automap,merck/pfkfb3_automap/52,../large_fep_dataset/data/fep_benchmark_processed/merck_pfkfb3_automap_52.sdf,../large_fep_dataset/data/fep_benchmark_processed/merck_pfkfb3_automap_protein.pdb,858,7.17643,6.263755,7.763446,7.3401675,7.6292014,6.0003405,6.726913,6.696146,7.276542,6.456938,6.932988
859,merck/pfkfb3_automap,merck/pfkfb3_automap/19,../large_fep_dataset/data/fep_benchmark_processed/merck_pfkfb3_automap_19.sdf,../large_fep_dataset/data/fep_benchmark_processed/merck_pfkfb3_automap_protein.pdb,859,6.56258,6.3931136,7.440139,6.8844657,7.111968,6.314495,6.0159492,6.1068735,7.0877438,6.6994405,6.661677
860,merck/pfkfb3_automap,merck/pfkfb3_automap/68,../large_fep_dataset/data/fep_benchmark_processed/merck_pfkfb3_automap_68.sdf,../large_fep_dataset/data/fep_benchmark_processed/merck_pfkfb3_automap_protein.pdb,860,7.0925817,6.3621817,6.3550024,7.4976826,7.839925,6.409644,6.605104,6.754191,6.9303613,6.9062824,6.875296
861,merck/pfkfb3_automap,merck/pfkfb3_automap/33,../large_fep_dataset/data/fep_benchmark_processed/merck_pfkfb3_automap_33.sdf,../large_fep_dataset/data/fep_benchmark_processed/merck_pfkfb3_automap_protein.pdb,861,6.5058165,6.337325,7.44598,7.261434,7.096466,6.331165,6.3442626,6.736412,6.967678,6.8249636,6.78515
862,merck/pfkfb3_automap,merck/pfkfb3_automap/70,../large_fep_dataset/data/fep_benchmark_processed/merck_pfkfb3_automap_70.sdf,../large_fep_dataset/data/fep_benchmark_processed/merck_pfkfb3_automap_protein.pdb,862,7.176959,6.504645,7.026773,7.0130644,7.200179,6.996429,7.2330422,7.040057,8.10027,6.639968,7.0931396
863,merck/pfkfb3_automap,merck/pfkfb3_automap/53,../large_fep_dataset/data/fep_benchmark_processed/merck_pfkfb3_automap_53.sdf,../large_fep_dataset/data/fep_benchmark_processed/merck_pfkfb3_automap_protein.pdb,863,7.0469265,6.5122166,7.1042523,7.028112,7.4077997,6.0935264,6.657042,6.291249,6.9090166,6.8555923,6.790573
864,merck/pfkfb3_automap,merck/pfkfb3_automap/64,../large_fep_dataset/data/fep_benchmark_processed/merck_pfkfb3_automap_64.sdf,../large_fep_dataset/data/fep_benchmark_processed/merck_pfkfb3_automap_protein.pdb,864,7.928739,7.0545607,7.482684,7.8720345,8.069622,7.4315853,7.6491733,7.3498793,8.172875,7.2763324,7.6287484
865,merck/pfkfb3_automap,merck/pfkfb3_automap/39,../large_fep_dataset/data/fep_benchmark_processed/merck_pfkfb3_automap_39.sdf,../large_fep_dataset/data/fep_benchmark_processed/merck_pfkfb3_automap_protein.pdb,865,6.968855,6.056425,6.5053945,6.804088,6.7214756,6.1963363,6.8963156,6.440948,7.1230025,6.351848,6.606468
866,merck/pfkfb3_automap,merck/pfkfb3_automap/37,../large_fep_dataset/data/fep_benchmark_processed/merck_pfkfb3_automap_37.sdf,../large_fep_dataset/data/fep_benchmark_processed/merck_pfkfb3_automap_protein.pdb,866,7.599086,7.2767277,7.7650857,6.937299,7.363187,6.7029796,6.6634526,6.7418656,7.041831,7.187067,7.127858
867,merck/pfkfb3_automap,merck/pfkfb3_automap/23,../large_fep_dataset/data/fep_benchmark_processed/merck_pfkfb3_automap_23.sdf,../large_fep_dataset/data/fep_benchmark_processed/merck_pfkfb3_automap_protein.pdb,867,6.563212,6.3983803,6.876622,6.998375,6.9843397,5.907177,6.200939,6.214866,6.8309393,6.331231,6.530608
868,merck/pfkfb3_automap,merck/pfkfb3_automap/60 adjust,../large_fep_dataset/data/fep_benchmark_processed/merck_pfkfb3_automap_60_adjust.sdf,../large_fep_dataset/data/fep_benchmark_processed/merck_pfkfb3_automap_protein.pdb,868,6.952059,6.405663,6.8172565,7.2252703,7.149546,6.8399534,7.317493,6.8938622,7.2894845,6.8474665,6.973806
869,merck/pfkfb3_automap,merck/pfkfb3_automap/34,../large_fep_dataset/data/fep_benchmark_processed/merck_pfkfb3_automap_34.sdf,../large_fep_dataset/data/fep_benchmark_processed/merck_pfkfb3_automap_protein.pdb,869,6.2816243,6.1372404,6.8512335,6.544022,6.8301673,6.023728,6.181445,6.3844566,6.506246,6.5017886,6.4241953
870,merck/pfkfb3_automap,merck/pfkfb3_automap/36,../large_fep_dataset/data/fep_benchmark_processed/merck_pfkfb3_automap_36.sdf,../large_fep_dataset/data/fep_benchmark_processed/merck_pfkfb3_automap_protein.pdb,870,6.7950535,5.8279223,6.4548693,6.551129,5.7273974,5.9130487,6.3675303,6.3267903,6.729358,5.7844796,6.247758
871,merck/pfkfb3_automap,merck/pfkfb3_automap/46,../large_fep_dataset/data/fep_benchmark_processed/merck_pfkfb3_automap_46.sdf,../large_fep_dataset/data/fep_benchmark_processed/merck_pfkfb3_automap_protein.pdb,871,7.138358,6.7258053,7.3289847,7.7065644,7.8088684,7.2422895,7.6993303,7.1957736,7.704709,7.2460046,7.379668
872,merck/shp2,merck/shp2/SHP099-1/Example 7,../large_fep_dataset/data/fep_benchmark_processed/merck_shp2_SHP099-1_Example_7.sdf,../large_fep_dataset/data/fep_benchmark_processed/merck_shp2_protein.pdb,872,5.9960823,6.4492025,6.179434,6.3572054,6.761814,6.59271,6.336827,6.4121056,6.369418,6.9212074,6.4376006
873,merck/shp2,merck/shp2/Example 22,../large_fep_dataset/data/fep_benchmark_processed/merck_shp2_Example_22.sdf,../large_fep_dataset/data/fep_benchmark_processed/merck_shp2_protein.pdb,873,7.1926403,6.2117004,6.655022,6.7587886,7.6170883,7.131945,7.1095247,7.1587424,6.9116855,6.532562,6.92797
874,merck/shp2,merck/shp2/Example 29,../large_fep_dataset/data/fep_benchmark_processed/merck_shp2_Example_29.sdf,../large_fep_dataset/data/fep_benchmark_processed/merck_shp2_protein.pdb,874,5.490581,6.412129,6.426848,6.0116763,6.431638,6.376876,6.5235696,7.0042,6.655658,7.180616,6.4513793
875,merck/shp2,merck/shp2/11,../large_fep_dataset/data/fep_benchmark_processed/merck_shp2_11.sdf,../large_fep_dataset/data/fep_benchmark_processed/merck_shp2_protein.pdb,875,5.808014,6.1710243,5.8519974,6.6534595,6.2446775,6.931151,6.534417,6.282816,6.176195,6.941796,6.3595543
876,merck/shp2,merck/shp2/4,../large_fep_dataset/data/fep_benchmark_processed/merck_shp2_4.sdf,../large_fep_dataset/data/fep_benchmark_processed/merck_shp2_protein.pdb,876,5.9389343,6.142229,6.011428,6.0309815,6.170381,6.5920234,6.358422,6.4247065,6.2332454,6.5233436,6.242569
877,merck/shp2,merck/shp2/Example 2,../large_fep_dataset/data/fep_benchmark_processed/merck_shp2_Example_2.sdf,../large_fep_dataset/data/fep_benchmark_processed/merck_shp2_protein.pdb,877,6.343032,6.011504,5.6680017,5.6907167,6.9524317,5.5179276,6.4075003,5.8026276,6.0631804,6.4213753,6.0878296
878,merck/shp2,merck/shp2/Example 14,../large_fep_dataset/data/fep_benchmark_processed/merck_shp2_Example_14.sdf,../large_fep_dataset/data/fep_benchmark_processed/merck_shp2_protein.pdb,878,6.096186,6.022904,6.47905,6.6309114,6.1015325,5.9051533,5.9784474,6.4116025,5.9984674,5.6407523,6.1265
879,merck/shp2,merck/shp2/Example 26,../large_fep_dataset/data/fep_benchmark_processed/merck_shp2_Example_26.sdf,../large_fep_dataset/data/fep_benchmark_processed/merck_shp2_protein.pdb,879,7.476743,7.025935,6.8523445,7.0792136,7.7760773,7.4879537,6.676126,7.551817,7.1308737,7.49278,7.254987
880,merck/shp2,merck/shp2/SHP836-2,../large_fep_dataset/data/fep_benchmark_processed/merck_shp2_SHP836-2.sdf,../large_fep_dataset/data/fep_benchmark_processed/merck_shp2_protein.pdb,880,5.9664154,5.7902613,5.777838,5.7324643,6.5136237,6.6784043,6.3431497,6.7312737,6.0205564,6.7107635,6.2264752
881,merck/shp2,merck/shp2/Example 6,../large_fep_dataset/data/fep_benchmark_processed/merck_shp2_Example_6.sdf,../large_fep_dataset/data/fep_benchmark_processed/merck_shp2_protein.pdb,881,7.1428,7.390201,6.6582227,7.090002,7.664957,6.5273066,6.907448,7.235546,7.017594,7.3249598,7.095904
882,merck/shp2,merck/shp2/Example 1,../large_fep_dataset/data/fep_benchmark_processed/merck_shp2_Example_1.sdf,../large_fep_dataset/data/fep_benchmark_processed/merck_shp2_protein.pdb,882,6.318658,6.068419,6.032921,6.3448677,7.4313073,6.56945,6.5894756,6.4173317,6.6571293,7.1829066,6.5612473
883,merck/shp2,merck/shp2/3,../large_fep_dataset/data/fep_benchmark_processed/merck_shp2_3.sdf,../large_fep_dataset/data/fep_benchmark_processed/merck_shp2_protein.pdb,883,5.6884546,5.146525,5.348576,5.98178,5.7423425,6.1123147,5.958352,5.5566845,5.9907084,6.3997207,5.7925453
884,merck/shp2,merck/shp2/Example 9,../large_fep_dataset/data/fep_benchmark_processed/merck_shp2_Example_9.sdf,../large_fep_dataset/data/fep_benchmark_processed/merck_shp2_protein.pdb,884,5.7605596,5.9506183,6.54136,5.9423094,6.285621,5.897186,6.051424,6.2249312,5.830254,6.148016,6.0632277
885,merck/shp2,merck/shp2/Example 8,../large_fep_dataset/data/fep_benchmark_processed/merck_shp2_Example_8.sdf,../large_fep_dataset/data/fep_benchmark_processed/merck_shp2_protein.pdb,885,6.178687,6.534661,6.477954,6.2663536,6.647334,6.5051885,6.034956,6.817361,6.400122,7.0444245,6.4907045
886,merck/shp2,merck/shp2/7,../large_fep_dataset/data/fep_benchmark_processed/merck_shp2_7.sdf,../large_fep_dataset/data/fep_benchmark_processed/merck_shp2_protein.pdb,886,5.8227262,5.989716,6.1352944,5.707111,6.6470447,5.8931623,6.7428775,6.4056973,6.27915,6.573873,6.219665
887,merck/shp2,merck/shp2/Example 24,../large_fep_dataset/data/fep_benchmark_processed/merck_shp2_Example_24.sdf,../large_fep_dataset/data/fep_benchmark_processed/merck_shp2_protein.pdb,887,6.7688684,6.424649,6.4466405,6.8841424,6.710701,6.7902775,6.256658,6.2248974,6.350294,6.3061814,6.5163307
888,merck/shp2,merck/shp2/Example 28,../large_fep_dataset/data/fep_benchmark_processed/merck_shp2_Example_28.sdf,../large_fep_dataset/data/fep_benchmark_processed/merck_shp2_protein.pdb,888,5.0971212,5.7867026,5.8761606,5.3836074,6.1467323,5.6874638,5.760127,5.8485947,5.4432116,6.3485737,5.7378297
889,merck/shp2,merck/shp2/10,../large_fep_dataset/data/fep_benchmark_processed/merck_shp2_10.sdf,../large_fep_dataset/data/fep_benchmark_processed/merck_shp2_protein.pdb,889,6.0121465,5.953067,5.8873954,6.0600405,5.6823606,5.847004,5.938874,5.807765,6.4929805,6.695338,6.037698
890,merck/shp2,merck/shp2/Example 25,../large_fep_dataset/data/fep_benchmark_processed/merck_shp2_Example_25.sdf,../large_fep_dataset/data/fep_benchmark_processed/merck_shp2_protein.pdb,890,7.8080254,7.0057425,6.8472333,7.075541,7.5253186,7.8958106,7.2510524,7.7400503,7.7369175,7.7376523,7.4623346
891,merck/shp2,merck/shp2/Example 27,../large_fep_dataset/data/fep_benchmark_processed/merck_shp2_Example_27.sdf,../large_fep_dataset/data/fep_benchmark_processed/merck_shp2_protein.pdb,891,6.134209,6.4272585,5.959572,5.999595,6.7566657,6.383398,6.2365484,6.644526,5.803863,6.7624073,6.310805
892,merck/shp2,merck/shp2/6,../large_fep_dataset/data/fep_benchmark_processed/merck_shp2_6.sdf,../large_fep_dataset/data/fep_benchmark_processed/merck_shp2_protein.pdb,892,5.9226284,5.7441535,6.1454964,6.00419,6.257114,6.0727673,6.525343,6.3703485,6.424566,6.6180744,6.208468
893,merck/shp2,merck/shp2/Example 30,../large_fep_dataset/data/fep_benchmark_processed/merck_shp2_Example_30.sdf,../large_fep_dataset/data/fep_benchmark_processed/merck_shp2_protein.pdb,893,6.535901,6.258522,5.858726,6.614403,6.906482,7.139374,6.6277533,6.527755,6.2774005,7.305182,6.6051497
894,merck/shp2,merck/shp2/Example 5,../large_fep_dataset/data/fep_benchmark_processed/merck_shp2_Example_5.sdf,../large_fep_dataset/data/fep_benchmark_processed/merck_shp2_protein.pdb,894,7.448562,6.641252,6.4779634,6.975223,7.624025,6.8356795,7.436273,6.879466,6.620883,6.711456,6.965078
895,merck/shp2,merck/shp2/Example 4,../large_fep_dataset/data/fep_benchmark_processed/merck_shp2_Example_4.sdf,../large_fep_dataset/data/fep_benchmark_processed/merck_shp2_protein.pdb,895,5.691661,5.981186,5.492781,6.1360893,6.6769433,5.6483803,5.9293604,5.1630816,6.060958,6.516804,5.9297247
896,merck/shp2,merck/shp2/Example 23,../large_fep_dataset/data/fep_benchmark_processed/merck_shp2_Example_23.sdf,../large_fep_dataset/data/fep_benchmark_processed/merck_shp2_protein.pdb,896,6.5906878,5.8558164,6.1097155,6.6409883,7.1599693,6.5128384,6.271556,6.456151,6.5103774,6.2843275,6.4392424
897,merck/shp2,merck/shp2/Example 3,../large_fep_dataset/data/fep_benchmark_processed/merck_shp2_Example_3.sdf,../large_fep_dataset/data/fep_benchmark_processed/merck_shp2_protein.pdb,897,6.0172725,6.540525,5.8680277,6.1355414,6.536212,6.1562824,5.9755096,6.2295017,6.7056065,6.8026237,6.29671
898,merck/cmet,merck/cmet/CHEMBL3402753_200,../large_fep_dataset/data/fep_benchmark_processed/merck_cmet_CHEMBL3402753_200.sdf,../large_fep_dataset/data/fep_benchmark_processed/merck_cmet_protein.pdb,898,6.9996657,6.6701665,7.691299,7.5827827,6.481748,6.5453744,6.894602,7.2314925,7.0811596,6.245658,6.942395
899,merck/cmet,merck/cmet/CHEMBL3402747_3400,../large_fep_dataset/data/fep_benchmark_processed/merck_cmet_CHEMBL3402747_3400.sdf,../large_fep_dataset/data/fep_benchmark_processed/merck_cmet_protein.pdb,899,6.2249465,5.9946413,6.6038046,6.2639666,6.467852,6.427102,6.7760434,7.0768557,6.28537,5.756733,6.387731
900,merck/cmet,merck/cmet/CHEMBL3402744_300,../large_fep_dataset/data/fep_benchmark_processed/merck_cmet_CHEMBL3402744_300.sdf,../large_fep_dataset/data/fep_benchmark_processed/merck_cmet_protein.pdb,900,6.490534,6.773689,7.4037633,7.4910884,6.7754526,7.257851,7.448709,7.733418,6.9126782,6.0750585,7.0362244
901,merck/cmet,merck/cmet/CHEMBL3402745_200,../large_fep_dataset/data/fep_benchmark_processed/merck_cmet_CHEMBL3402745_200.sdf,../large_fep_dataset/data/fep_benchmark_processed/merck_cmet_protein.pdb,901,5.97077,6.6892257,6.4251766,6.957191,6.499378,6.529446,7.5210266,7.3708467,6.991938,6.1219783,6.7076974
902,merck/cmet,merck/cmet/CHEMBL3402750_400,../large_fep_dataset/data/fep_benchmark_processed/merck_cmet_CHEMBL3402750_400.sdf,../large_fep_dataset/data/fep_benchmark_processed/merck_cmet_protein.pdb,902,6.304582,5.954883,7.28711,6.3462462,6.657232,6.7168393,6.7037973,7.1492047,7.077118,6.3170414,6.6514053
903,merck/cmet,merck/cmet/CHEMBL3402743_42,../large_fep_dataset/data/fep_benchmark_processed/merck_cmet_CHEMBL3402743_42.sdf,../large_fep_dataset/data/fep_benchmark_processed/merck_cmet_protein.pdb,903,6.0443206,7.1040964,6.908659,6.8209634,6.4661975,6.692894,7.346486,7.1035724,6.61332,6.5497923,6.76503
904,merck/cmet,merck/cmet/CHEMBL3402752_30000,../large_fep_dataset/data/fep_benchmark_processed/merck_cmet_CHEMBL3402752_30000.sdf,../large_fep_dataset/data/fep_benchmark_processed/merck_cmet_protein.pdb,904,6.58829,6.3048263,7.141416,6.277994,6.6346583,7.163707,6.70561,7.171809,7.116091,6.3281083,6.743251
905,merck/cmet,merck/cmet/CHEMBL3402755_4200,../large_fep_dataset/data/fep_benchmark_processed/merck_cmet_CHEMBL3402755_4200.sdf,../large_fep_dataset/data/fep_benchmark_processed/merck_cmet_protein.pdb,905,6.3140025,6.73289,7.3382626,6.661083,6.6891413,6.413496,6.948739,7.375124,7.0074763,6.6005526,6.8080764
906,merck/cmet,merck/cmet/CHEMBL3402749_500,../large_fep_dataset/data/fep_benchmark_processed/merck_cmet_CHEMBL3402749_500.sdf,../large_fep_dataset/data/fep_benchmark_processed/merck_cmet_protein.pdb,906,5.945098,5.8562074,6.4566884,6.310058,6.1801267,6.9742346,6.5440717,7.5108957,6.3153996,6.130049,6.422282
907,merck/cmet,merck/cmet/CHEMBL3402765_11-charged-pKa-8.1,../large_fep_dataset/data/fep_benchmark_processed/merck_cmet_CHEMBL3402765_11-charged-pKa-8.1.sdf,../large_fep_dataset/data/fep_benchmark_processed/merck_cmet_protein.pdb,907,6.003933,6.7507577,7.046694,6.936457,7.042386,6.450035,7.2901216,7.149553,6.3932014,6.6934614,6.77566
908,merck/cmet,merck/cmet/CHEMBL3402742_23,../large_fep_dataset/data/fep_benchmark_processed/merck_cmet_CHEMBL3402742_23.sdf,../large_fep_dataset/data/fep_benchmark_processed/merck_cmet_protein.pdb,908,6.886271,6.916798,6.81773,6.8264017,6.7891374,6.1442537,7.6783314,6.7553954,7.043697,7.039318,6.8897333
909,merck/cmet,merck/cmet/CHEMBL3402754_40,../large_fep_dataset/data/fep_benchmark_processed/merck_cmet_CHEMBL3402754_40.sdf,../large_fep_dataset/data/fep_benchmark_processed/merck_cmet_protein.pdb,909,7.001073,6.1843486,7.3909545,7.3907237,6.7497926,6.8561068,6.9701157,7.2655644,7.061321,6.5787973,6.94488
910,merck/cmet,merck/cmet/CHEMBL3402748_5300,../large_fep_dataset/data/fep_benchmark_processed/merck_cmet_CHEMBL3402748_5300.sdf,../large_fep_dataset/data/fep_benchmark_processed/merck_cmet_protein.pdb,910,6.058228,6.17699,6.9655066,6.4344063,6.3558254,6.576689,6.907879,7.519204,5.989182,6.402238,6.5386147
911,merck/cmet,merck/cmet/CHEMBL3402741_400,../large_fep_dataset/data/fep_benchmark_processed/merck_cmet_CHEMBL3402741_400.sdf,../large_fep_dataset/data/fep_benchmark_processed/merck_cmet_protein.pdb,911,6.795235,6.5431414,7.033126,6.914934,6.2137637,6.3766885,7.4756,6.5555997,6.3036113,6.3095026,6.65212
912,merck/cmet,merck/cmet/CHEMBL3402763_90,../large_fep_dataset/data/fep_benchmark_processed/merck_cmet_CHEMBL3402763_90.sdf,../large_fep_dataset/data/fep_benchmark_processed/merck_cmet_protein.pdb,912,6.1776314,6.7294455,7.2353277,7.0474443,6.1469517,6.267008,7.3976293,6.6982627,6.849872,6.60745,6.715702
913,merck/cmet,merck/cmet/CHEMBL3402764_90,../large_fep_dataset/data/fep_benchmark_processed/merck_cmet_CHEMBL3402764_90.sdf,../large_fep_dataset/data/fep_benchmark_processed/merck_cmet_protein.pdb,913,6.17805,6.7312403,6.6294227,6.781843,6.253346,7.0954514,7.454857,6.87275,6.147134,6.110226,6.625432
914,merck/cmet,merck/cmet/CHEMBL3402751_2100,../large_fep_dataset/data/fep_benchmark_processed/merck_cmet_CHEMBL3402751_2100.sdf,../large_fep_dataset/data/fep_benchmark_processed/merck_cmet_protein.pdb,914,6.419027,6.802627,6.9682417,6.917411,7.1594286,7.006466,7.1003184,7.359247,7.1893773,6.4281855,6.935033
915,merck/cmet,merck/cmet/CHEMBL3402756_2.7 redocked,../large_fep_dataset/data/fep_benchmark_processed/merck_cmet_CHEMBL3402756_2.7_redocked.sdf,../large_fep_dataset/data/fep_benchmark_processed/merck_cmet_protein.pdb,915,7.436915,7.2049966,7.9109373,7.126082,6.787719,7.2677617,7.5599694,7.273379,7.151435,7.317985,7.3037176
916,merck/cmet,merck/cmet/CHEMBL3402762_1 redocked,../large_fep_dataset/data/fep_benchmark_processed/merck_cmet_CHEMBL3402762_1_redocked.sdf,../large_fep_dataset/data/fep_benchmark_processed/merck_cmet_protein.pdb,916,7.1061,7.2371254,7.4433684,7.4867086,6.8878064,7.730237,7.873938,7.922546,7.3046184,7.617324,7.460977
917,merck/cmet,merck/cmet/CHEMBL3402760_1 redocked,../large_fep_dataset/data/fep_benchmark_processed/merck_cmet_CHEMBL3402760_1_redocked.sdf,../large_fep_dataset/data/fep_benchmark_processed/merck_cmet_protein.pdb,917,7.1823373,6.5376205,7.86012,7.073271,6.0060177,7.2924323,7.9119225,7.7595367,7.0819182,7.3696184,7.20748
918,merck/cmet,merck/cmet/CHEMBL3402757_6.5 redocked,../large_fep_dataset/data/fep_benchmark_processed/merck_cmet_CHEMBL3402757_6.5_redocked.sdf,../large_fep_dataset/data/fep_benchmark_processed/merck_cmet_protein.pdb,918,7.4841437,7.129739,7.8061953,7.1055417,6.6460176,7.332698,7.5185857,7.4203186,6.7589664,7.2453804,7.2447586
919,merck/cmet,merck/cmet/CHEMBL3402761_1 redocked,../large_fep_dataset/data/fep_benchmark_processed/merck_cmet_CHEMBL3402761_1_redocked.sdf,../large_fep_dataset/data/fep_benchmark_processed/merck_cmet_protein.pdb,919,7.0495358,6.904545,7.7526207,7.523547,7.2407875,7.667465,7.534744,7.751206,7.4759226,7.3061275,7.4206505
920,merck/cmet,merck/cmet/CHEMBL3402758_10 redocked,../large_fep_dataset/data/fep_benchmark_processed/merck_cmet_CHEMBL3402758_10_redocked.sdf,../large_fep_dataset/data/fep_benchmark_processed/merck_cmet_protein.pdb,920,6.94979,6.4116354,7.740182,6.67863,5.722673,7.320569,7.80086,7.2637005,6.4981003,7.227941,6.961408
921,merck/cmet,merck/cmet/CHEMBL3402759_5.7 redocked,../large_fep_dataset/data/fep_benchmark_processed/merck_cmet_CHEMBL3402759_5.7_redocked.sdf,../large_fep_dataset/data/fep_benchmark_processed/merck_cmet_protein.pdb,921,7.55997,7.3687305,7.1149607,7.0798516,6.7413716,7.490286,7.735553,7.6109986,6.921547,7.349254,7.2972527
922,merck/eg5_extraprotomers,merck/eg5_extraprotomers/CHEMBL1078774,../large_fep_dataset/data/fep_benchmark_processed/merck_eg5_extraprotomers_CHEMBL1078774.sdf,../large_fep_dataset/data/fep_benchmark_processed/merck_eg5_extraprotomers_protein.pdb,922,7.140331,6.6881647,7.5749083,7.322455,7.1814876,6.853372,6.70028,7.0399075,6.8284483,6.9437356,7.0273085
923,merck/eg5_extraprotomers,merck/eg5_extraprotomers/CHEMBL1093087,../large_fep_dataset/data/fep_benchmark_processed/merck_eg5_extraprotomers_CHEMBL1093087.sdf,../large_fep_dataset/data/fep_benchmark_processed/merck_eg5_extraprotomers_protein.pdb,923,7.269822,6.9176927,5.645174,6.8964458,6.5053825,6.42652,6.951841,7.134891,6.6192927,7.146702,6.751376
924,merck/eg5_extraprotomers,merck/eg5_extraprotomers/CHEMBL1082249,../large_fep_dataset/data/fep_benchmark_processed/merck_eg5_extraprotomers_CHEMBL1082249.sdf,../large_fep_dataset/data/fep_benchmark_processed/merck_eg5_extraprotomers_protein.pdb,924,7.038123,7.5154047,6.183749,7.1345906,6.9993715,6.6420794,7.3008323,7.341788,7.1719303,7.274047,7.060191
925,merck/eg5_extraprotomers,merck/eg5_extraprotomers/CHEMBL1089393,../large_fep_dataset/data/fep_benchmark_processed/merck_eg5_extraprotomers_CHEMBL1089393.sdf,../large_fep_dataset/data/fep_benchmark_processed/merck_eg5_extraprotomers_protein.pdb,925,5.8885393,5.814253,5.8363733,6.0800157,5.7196774,5.7546005,5.377991,5.6094975,5.683941,6.1291404,5.789403
926,merck/eg5_extraprotomers,merck/eg5_extraprotomers/CHEMBL1078691,../large_fep_dataset/data/fep_benchmark_processed/merck_eg5_extraprotomers_CHEMBL1078691.sdf,../large_fep_dataset/data/fep_benchmark_processed/merck_eg5_extraprotomers_protein.pdb,926,6.917037,7.09123,6.7223234,6.7549734,6.8404794,6.902373,6.5353417,7.0893464,6.503736,6.8965497,6.8253393
927,merck/eg5_extraprotomers,merck/eg5_extraprotomers/CHEMBL1086409,../large_fep_dataset/data/fep_benchmark_processed/merck_eg5_extraprotomers_CHEMBL1086409.sdf,../large_fep_dataset/data/fep_benchmark_processed/merck_eg5_extraprotomers_protein.pdb,927,6.5345755,5.925006,6.7883945,5.991109,5.779623,6.060803,6.1940427,6.708716,5.77054,6.732051,6.2484865
928,merck/eg5_extraprotomers,merck/eg5_extraprotomers/CHEMBL1082248,../large_fep_dataset/data/fep_benchmark_processed/merck_eg5_extraprotomers_CHEMBL1082248.sdf,../large_fep_dataset/data/fep_benchmark_processed/merck_eg5_extraprotomers_protein.pdb,928,6.6325016,7.5158286,6.42623,7.078578,6.4894032,6.486267,6.4969816,7.2775955,7.0251303,6.8964376,6.832495
929,merck/eg5_extraprotomers,merck/eg5_extraprotomers/CHEMBL1084678,../large_fep_dataset/data/fep_benchmark_processed/merck_eg5_extraprotomers_CHEMBL1084678.sdf,../large_fep_dataset/data/fep_benchmark_processed/merck_eg5_extraprotomers_protein.pdb,929,7.1834893,6.786742,7.2170105,6.6496572,7.1542325,6.4691834,7.7047477,7.0624003,6.73444,7.1532164,7.011512
930,merck/eg5_extraprotomers,merck/eg5_extraprotomers/CHEMBL1084115,../large_fep_dataset/data/fep_benchmark_processed/merck_eg5_extraprotomers_CHEMBL1084115.sdf,../large_fep_dataset/data/fep_benchmark_processed/merck_eg5_extraprotomers_protein.pdb,930,6.062148,6.612749,6.4339123,6.4863706,7.0187607,6.9884653,6.485923,6.567577,6.49449,6.8021827,6.595258
931,merck/eg5_extraprotomers,merck/eg5_extraprotomers/CHEMBL1084431,../large_fep_dataset/data/fep_benchmark_processed/merck_eg5_extraprotomers_CHEMBL1084431.sdf,../large_fep_dataset/data/fep_benchmark_processed/merck_eg5_extraprotomers_protein.pdb,931,7.0237145,7.1763268,7.097871,7.020356,6.6137524,6.9099708,7.375747,7.3987355,7.437175,7.4351807,7.148883
932,merck/eg5_extraprotomers,merck/eg5_extraprotomers/CHEMBL1085895,../large_fep_dataset/data/fep_benchmark_processed/merck_eg5_extraprotomers_CHEMBL1085895.sdf,../large_fep_dataset/data/fep_benchmark_processed/merck_eg5_extraprotomers_protein.pdb,932,7.539492,6.6816077,6.4090424,6.5875463,7.022058,6.543841,7.3951,6.1144843,7.0331197,6.7886806,6.8114967
933,merck/eg5_extraprotomers,merck/eg5_extraprotomers/CHEMBL1084677,../large_fep_dataset/data/fep_benchmark_processed/merck_eg5_extraprotomers_CHEMBL1084677.sdf,../large_fep_dataset/data/fep_benchmark_processed/merck_eg5_extraprotomers_protein.pdb,933,7.2673116,6.9641304,6.5947514,6.152816,7.38555,6.9018235,7.6279616,6.8263216,6.5860734,6.742191,6.904893
934,merck/eg5_extraprotomers,merck/eg5_extraprotomers/CHEMBL1077227,../large_fep_dataset/data/fep_benchmark_processed/merck_eg5_extraprotomers_CHEMBL1077227.sdf,../large_fep_dataset/data/fep_benchmark_processed/merck_eg5_extraprotomers_protein.pdb,934,6.2803383,6.181668,6.2363906,6.5895686,6.918176,6.1714454,6.7125683,6.407505,6.140201,6.638656,6.427652
935,merck/eg5_extraprotomers,merck/eg5_extraprotomers/CHEMBL1086410,../large_fep_dataset/data/fep_benchmark_processed/merck_eg5_extraprotomers_CHEMBL1086410.sdf,../large_fep_dataset/data/fep_benchmark_processed/merck_eg5_extraprotomers_protein.pdb,935,6.18608,6.517147,6.114913,6.3918524,6.7454867,6.2378883,6.887084,6.986243,6.3757863,6.7427034,6.518519
936,merck/eg5_extraprotomers,merck/eg5_extraprotomers/CHEMBL1083517,../large_fep_dataset/data/fep_benchmark_processed/merck_eg5_extraprotomers_CHEMBL1083517.sdf,../large_fep_dataset/data/fep_benchmark_processed/merck_eg5_extraprotomers_protein.pdb,936,7.0480285,7.002883,7.44965,6.608633,6.001876,6.6406245,7.0564513,6.6729264,6.6714864,7.325265,6.847782
937,merck/eg5_extraprotomers,merck/eg5_extraprotomers/CHEMBL1096003,../large_fep_dataset/data/fep_benchmark_processed/merck_eg5_extraprotomers_CHEMBL1096003.sdf,../large_fep_dataset/data/fep_benchmark_processed/merck_eg5_extraprotomers_protein.pdb,937,7.4104257,7.510195,6.8970046,6.8831496,6.586821,7.668819,7.181076,7.3233995,7.6545677,6.834978,7.195044
938,merck/eg5_extraprotomers,merck/eg5_extraprotomers/CHEMBL1077204,../large_fep_dataset/data/fep_benchmark_processed/merck_eg5_extraprotomers_CHEMBL1077204.sdf,../large_fep_dataset/data/fep_benchmark_processed/merck_eg5_extraprotomers_protein.pdb,938,7.0450187,6.5240216,6.7405405,6.4311213,6.4898715,6.8421273,7.312091,6.312974,6.7556987,6.363799,6.681727
939,merck/eg5_extraprotomers,merck/eg5_extraprotomers/CHEMBL1083836,../large_fep_dataset/data/fep_benchmark_processed/merck_eg5_extraprotomers_CHEMBL1083836.sdf,../large_fep_dataset/data/fep_benchmark_processed/merck_eg5_extraprotomers_protein.pdb,939,6.187832,6.2372313,6.2663865,6.473147,6.0888195,6.2899356,6.675083,7.0551486,5.5179734,6.594393,6.338595
940,merck/eg5_extraprotomers,merck/eg5_extraprotomers/CHEMBL1085666,../large_fep_dataset/data/fep_benchmark_processed/merck_eg5_extraprotomers_CHEMBL1085666.sdf,../large_fep_dataset/data/fep_benchmark_processed/merck_eg5_extraprotomers_protein.pdb,940,6.7616243,6.502321,5.956937,6.335317,7.055719,5.918112,6.6493964,6.777332,6.135609,6.602704,6.4695067
941,merck/eg5_extraprotomers,merck/eg5_extraprotomers/CHEMBL1085692,../large_fep_dataset/data/fep_benchmark_processed/merck_eg5_extraprotomers_CHEMBL1085692.sdf,../large_fep_dataset/data/fep_benchmark_processed/merck_eg5_extraprotomers_protein.pdb,941,6.9462733,7.475672,6.465003,7.26184,7.0061746,6.598286,7.7426715,6.8803325,7.4894514,6.88277,7.074847
942,merck/eg5_extraprotomers,merck/eg5_extraprotomers/CHEMBL1084143,../large_fep_dataset/data/fep_benchmark_processed/merck_eg5_extraprotomers_CHEMBL1084143.sdf,../large_fep_dataset/data/fep_benchmark_processed/merck_eg5_extraprotomers_protein.pdb,942,7.690822,6.100069,6.7240086,6.792547,6.761385,6.9911766,7.543225,7.0947413,7.0687747,6.375604,6.9142356
943,merck/eg5_extraprotomers,merck/eg5_extraprotomers/CHEMBL1096002,../large_fep_dataset/data/fep_benchmark_processed/merck_eg5_extraprotomers_CHEMBL1096002.sdf,../large_fep_dataset/data/fep_benchmark_processed/merck_eg5_extraprotomers_protein.pdb,943,7.3457274,7.4293866,6.3935,7.1545057,7.5841355,6.7238665,7.464748,7.3395805,7.3660135,6.895187,7.1696653
944,merck/eg5_extraprotomers,merck/eg5_extraprotomers/CHEMBL1089056,../large_fep_dataset/data/fep_benchmark_processed/merck_eg5_extraprotomers_CHEMBL1089056.sdf,../large_fep_dataset/data/fep_benchmark_processed/merck_eg5_extraprotomers_protein.pdb,944,6.37495,6.189262,6.414977,6.141778,6.408769,6.7224073,6.2617884,6.5477943,6.2330165,6.697596,6.399234
945,merck/eg5_extraprotomers,merck/eg5_extraprotomers/CHEMBL1093088,../large_fep_dataset/data/fep_benchmark_processed/merck_eg5_extraprotomers_CHEMBL1093088.sdf,../large_fep_dataset/data/fep_benchmark_processed/merck_eg5_extraprotomers_protein.pdb,945,7.7272897,7.4971104,7.86207,7.5807953,7.344922,7.2113147,8.253661,7.606158,7.0995345,7.356741,7.5539603
946,merck/eg5_extraprotomers,merck/eg5_extraprotomers/CHEMBL1084676,../large_fep_dataset/data/fep_benchmark_processed/merck_eg5_extraprotomers_CHEMBL1084676.sdf,../large_fep_dataset/data/fep_benchmark_processed/merck_eg5_extraprotomers_protein.pdb,946,7.44313,6.8998985,7.0141425,6.558959,6.8055267,6.3067317,7.249441,6.9894433,6.4614534,6.768253,6.849698
947,merck/eg5_extraprotomers,merck/eg5_extraprotomers/CHEMBL1084935,../large_fep_dataset/data/fep_benchmark_processed/merck_eg5_extraprotomers_CHEMBL1084935.sdf,../large_fep_dataset/data/fep_benchmark_processed/merck_eg5_extraprotomers_protein.pdb,947,6.4315434,6.5955267,6.3512073,7.3053946,7.36041,7.0267706,7.518285,7.04562,6.6600513,6.688063,6.8982873
948,merck/eg5_extraprotomers,merck/eg5_extraprotomers/CHEMBL1078998,../large_fep_dataset/data/fep_benchmark_processed/merck_eg5_extraprotomers_CHEMBL1078998.sdf,../large_fep_dataset/data/fep_benchmark_processed/merck_eg5_extraprotomers_protein.pdb,948,6.076733,6.3888597,6.516211,6.4258533,6.9214244,6.635179,6.2156825,6.586219,5.9451714,6.538466,6.42498
949,merck/eg5_extraprotomers,merck/eg5_extraprotomers/CHEMBL1088740,../large_fep_dataset/data/fep_benchmark_processed/merck_eg5_extraprotomers_CHEMBL1088740.sdf,../large_fep_dataset/data/fep_benchmark_processed/merck_eg5_extraprotomers_protein.pdb,949,6.229334,5.8499637,5.7272177,6.029232,5.9037986,6.1623073,6.0349855,6.3598967,5.649548,6.06923,6.001551
950,merck/eg5_extraprotomers,merck/eg5_extraprotomers/CHEMBL1084143_1,../large_fep_dataset/data/fep_benchmark_processed/merck_eg5_extraprotomers_CHEMBL1084143_1.sdf,../large_fep_dataset/data/fep_benchmark_processed/merck_eg5_extraprotomers_protein.pdb,950,7.786724,6.551842,6.7915897,6.856821,6.796992,6.7907557,7.42471,7.4235497,7.318905,6.8743925,7.061628
951,merck/eg5_extraprotomers,merck/eg5_extraprotomers/CHEMBL1096003_1,../large_fep_dataset/data/fep_benchmark_processed/merck_eg5_extraprotomers_CHEMBL1096003_1.sdf,../large_fep_dataset/data/fep_benchmark_processed/merck_eg5_extraprotomers_protein.pdb,951,7.0013137,7.244661,6.8089943,7.066823,6.7334485,7.3222413,6.920859,7.652858,7.4782248,6.4725623,7.070199
952,merck/eg5_extraprotomers,merck/eg5_extraprotomers/CHEMBL1096002_1,../large_fep_dataset/data/fep_benchmark_processed/merck_eg5_extraprotomers_CHEMBL1096002_1.sdf,../large_fep_dataset/data/fep_benchmark_processed/merck_eg5_extraprotomers_protein.pdb,952,7.018702,7.1746902,6.4652267,7.1315384,6.9624643,6.5166078,7.2307587,6.985753,6.9220247,6.61474,6.902251
953,merck/eg5_extraprotomers,merck/eg5_extraprotomers/CHEMBL1084676_1,../large_fep_dataset/data/fep_benchmark_processed/merck_eg5_extraprotomers_CHEMBL1084676_1.sdf,../large_fep_dataset/data/fep_benchmark_processed/merck_eg5_extraprotomers_protein.pdb,953,7.6174264,6.6920853,6.871811,6.8568115,6.8245597,6.102463,6.8562813,6.8867817,6.0953603,6.7690916,6.757267
954,merck/eg5_extraprotomers,merck/eg5_extraprotomers/CHEMBL1084677_1,../large_fep_dataset/data/fep_benchmark_processed/merck_eg5_extraprotomers_CHEMBL1084677_1.sdf,../large_fep_dataset/data/fep_benchmark_processed/merck_eg5_extraprotomers_protein.pdb,954,7.3391886,7.276962,6.95887,6.5677333,7.3348923,7.337565,7.5415874,7.0363393,6.9398704,6.5485206,7.088153
955,merck/eg5_extraprotomers,merck/eg5_extraprotomers/CHEMBL1084935_1,../large_fep_dataset/data/fep_benchmark_processed/merck_eg5_extraprotomers_CHEMBL1084935_1.sdf,../large_fep_dataset/data/fep_benchmark_processed/merck_eg5_extraprotomers_protein.pdb,955,6.8308854,6.628165,6.577732,7.155035,6.386464,6.4488363,6.7891636,7.037535,6.6092224,6.831999,6.7295046
956,merck/syk_4puz_fullmap,merck/syk_4puz_fullmap/CHEMBL3265014,../large_fep_dataset/data/fep_benchmark_processed/merck_syk_4puz_fullmap_CHEMBL3265014.sdf,../large_fep_dataset/data/fep_benchmark_processed/merck_syk_4puz_fullmap_protein.pdb,956,6.908907,7.1493354,6.853256,6.563798,7.0921803,6.809052,6.665668,6.0344462,6.715824,6.8925533,6.768502
957,merck/syk_4puz_fullmap,merck/syk_4puz_fullmap/CHEMBL3265036,../large_fep_dataset/data/fep_benchmark_processed/merck_syk_4puz_fullmap_CHEMBL3265036.sdf,../large_fep_dataset/data/fep_benchmark_processed/merck_syk_4puz_fullmap_protein.pdb,957,7.4445367,7.5360866,7.4831886,7.52419,7.1877947,7.261539,7.258917,7.183418,7.3032475,6.8566527,7.3039565
958,merck/syk_4puz_fullmap,merck/syk_4puz_fullmap/CHEMBL3265020,../large_fep_dataset/data/fep_benchmark_processed/merck_syk_4puz_fullmap_CHEMBL3265020.sdf,../large_fep_dataset/data/fep_benchmark_processed/merck_syk_4puz_fullmap_protein.pdb,958,7.7493396,6.9727163,7.183532,7.3246965,7.0593452,6.643428,6.3576746,7.0693893,7.0890465,6.7308207,7.017999
959,merck/syk_4puz_fullmap,merck/syk_4puz_fullmap/CHEMBL3265023,../large_fep_dataset/data/fep_benchmark_processed/merck_syk_4puz_fullmap_CHEMBL3265023.sdf,../large_fep_dataset/data/fep_benchmark_processed/merck_syk_4puz_fullmap_protein.pdb,959,7.6855764,7.157469,7.0556297,7.077488,7.1700354,7.154523,6.7953444,7.0655394,7.214827,7.234219,7.1610656
960,merck/syk_4puz_fullmap,merck/syk_4puz_fullmap/CHEMBL3265033,../large_fep_dataset/data/fep_benchmark_processed/merck_syk_4puz_fullmap_CHEMBL3265033.sdf,../large_fep_dataset/data/fep_benchmark_processed/merck_syk_4puz_fullmap_protein.pdb,960,7.831739,7.6318984,6.763775,7.4999785,7.6565456,7.2515464,7.1819367,6.8317018,7.3122993,7.2353826,7.3196807
961,merck/syk_4puz_fullmap,merck/syk_4puz_fullmap/CHEMBL3265027,../large_fep_dataset/data/fep_benchmark_processed/merck_syk_4puz_fullmap_CHEMBL3265027.sdf,../large_fep_dataset/data/fep_benchmark_processed/merck_syk_4puz_fullmap_protein.pdb,961,7.248326,6.7836204,6.551682,7.064319,6.864419,7.1175523,6.865135,6.4411697,6.463199,6.8184443,6.8217874
962,merck/syk_4puz_fullmap,merck/syk_4puz_fullmap/CHEMBL3265028,../large_fep_dataset/data/fep_benchmark_processed/merck_syk_4puz_fullmap_CHEMBL3265028.sdf,../large_fep_dataset/data/fep_benchmark_processed/merck_syk_4puz_fullmap_protein.pdb,962,7.6186976,6.956831,6.2585425,7.4059167,6.6733174,7.508689,6.7223983,6.897286,7.059219,6.7529936,6.9853888
963,merck/syk_4puz_fullmap,merck/syk_4puz_fullmap/CHEMBL3265032,../large_fep_dataset/data/fep_benchmark_processed/merck_syk_4puz_fullmap_CHEMBL3265032.sdf,../large_fep_dataset/data/fep_benchmark_processed/merck_syk_4puz_fullmap_protein.pdb,963,7.583098,7.313714,7.2068696,7.5278673,7.3576407,7.4555297,7.157462,7.069367,7.167258,6.7822723,7.262108
964,merck/syk_4puz_fullmap,merck/syk_4puz_fullmap/CHEMBL3265031,../large_fep_dataset/data/fep_benchmark_processed/merck_syk_4puz_fullmap_CHEMBL3265031.sdf,../large_fep_dataset/data/fep_benchmark_processed/merck_syk_4puz_fullmap_protein.pdb,964,7.627786,7.5502677,7.6055584,7.7176876,7.2695336,7.1591573,7.4554844,6.8831005,7.3008943,6.9006777,7.3470154
965,merck/syk_4puz_fullmap,merck/syk_4puz_fullmap/CHEMBL3265037,../large_fep_dataset/data/fep_benchmark_processed/merck_syk_4puz_fullmap_CHEMBL3265037.sdf,../large_fep_dataset/data/fep_benchmark_processed/merck_syk_4puz_fullmap_protein.pdb,965,8.118092,7.8503747,7.571684,7.7680573,7.7249374,7.3464675,7.5757823,7.558335,7.524757,7.7870135,7.6825495
966,merck/syk_4puz_fullmap,merck/syk_4puz_fullmap/CHEMBL3265026,../large_fep_dataset/data/fep_benchmark_processed/merck_syk_4puz_fullmap_CHEMBL3265026.sdf,../large_fep_dataset/data/fep_benchmark_processed/merck_syk_4puz_fullmap_protein.pdb,966,7.139585,7.1927342,7.1256456,7.2809987,7.2336597,6.957646,6.5528984,7.1267385,7.1641474,7.107065,7.088112
967,merck/syk_4puz_fullmap,merck/syk_4puz_fullmap/CHEMBL3265012,../large_fep_dataset/data/fep_benchmark_processed/merck_syk_4puz_fullmap_CHEMBL3265012.sdf,../large_fep_dataset/data/fep_benchmark_processed/merck_syk_4puz_fullmap_protein.pdb,967,6.821145,6.7882433,6.6932173,7.0956607,7.0287504,7.050408,6.3258586,6.940719,6.602276,7.0503693,6.8396654
968,merck/syk_4puz_fullmap,merck/syk_4puz_fullmap/CHEMBL3265029,../large_fep_dataset/data/fep_benchmark_processed/merck_syk_4puz_fullmap_CHEMBL3265029.sdf,../large_fep_dataset/data/fep_benchmark_processed/merck_syk_4puz_fullmap_protein.pdb,968,7.140565,6.966589,6.6039305,6.9163,6.736261,7.031352,6.493967,6.444994,7.2482,6.5737762,6.815593
969,merck/syk_4puz_fullmap,merck/syk_4puz_fullmap/CHEMBL3265035,../large_fep_dataset/data/fep_benchmark_processed/merck_syk_4puz_fullmap_CHEMBL3265035.sdf,../large_fep_dataset/data/fep_benchmark_processed/merck_syk_4puz_fullmap_protein.pdb,969,7.491076,7.2057166,6.7803507,6.9093604,7.6279507,6.971482,6.7203903,7.107628,6.54946,6.686387,7.0049806
970,merck/syk_4puz_fullmap,merck/syk_4puz_fullmap/CHEMBL3265024,../large_fep_dataset/data/fep_benchmark_processed/merck_syk_4puz_fullmap_CHEMBL3265024.sdf,../large_fep_dataset/data/fep_benchmark_processed/merck_syk_4puz_fullmap_protein.pdb,970,7.191798,7.443827,7.0306277,7.6054935,7.4908853,7.362761,7.1950846,7.0108123,6.9985056,7.2472773,7.257707
971,merck/syk_4puz_fullmap,merck/syk_4puz_fullmap/CHEMBL3265018,../large_fep_dataset/data/fep_benchmark_processed/merck_syk_4puz_fullmap_CHEMBL3265018.sdf,../large_fep_dataset/data/fep_benchmark_processed/merck_syk_4puz_fullmap_protein.pdb,971,7.9753265,7.2850413,7.2072506,7.502769,7.8395,7.3168106,6.8141365,7.037044,7.627804,7.3491144,7.3954797
972,merck/syk_4puz_fullmap,merck/syk_4puz_fullmap/CHEMBL3265008,../large_fep_dataset/data/fep_benchmark_processed/merck_syk_4puz_fullmap_CHEMBL3265008.sdf,../large_fep_dataset/data/fep_benchmark_processed/merck_syk_4puz_fullmap_protein.pdb,972,6.907164,7.336584,7.2633014,7.0936437,7.049718,6.7749653,6.7599106,6.678937,6.9440255,7.1287355,6.993699
973,merck/syk_4puz_fullmap,merck/syk_4puz_fullmap/CHEMBL3265016,../large_fep_dataset/data/fep_benchmark_processed/merck_syk_4puz_fullmap_CHEMBL3265016.sdf,../large_fep_dataset/data/fep_benchmark_processed/merck_syk_4puz_fullmap_protein.pdb,973,7.623221,7.040499,7.054456,7.3944106,6.853024,6.732407,6.0729547,6.860753,7.1215715,6.627767,6.9381065
974,merck/syk_4puz_fullmap,merck/syk_4puz_fullmap/CHEMBL3265025 flip,../large_fep_dataset/data/fep_benchmark_processed/merck_syk_4puz_fullmap_CHEMBL3265025_flip.sdf,../large_fep_dataset/data/fep_benchmark_processed/merck_syk_4puz_fullmap_protein.pdb,974,7.5136986,7.8354406,7.091584,7.9742036,7.359814,7.434464,7.2638226,6.79725,7.5824137,7.0488873,7.390158
975,merck/syk_4puz_fullmap,merck/syk_4puz_fullmap/CHEMBL3265013,../large_fep_dataset/data/fep_benchmark_processed/merck_syk_4puz_fullmap_CHEMBL3265013.sdf,../large_fep_dataset/data/fep_benchmark_processed/merck_syk_4puz_fullmap_protein.pdb,975,6.589102,7.0881143,6.768952,6.9316354,6.9077063,7.045553,6.4411755,6.335568,6.541481,6.770289,6.7419577
976,merck/syk_4puz_fullmap,merck/syk_4puz_fullmap/CHEMBL3259820,../large_fep_dataset/data/fep_benchmark_processed/merck_syk_4puz_fullmap_CHEMBL3259820.sdf,../large_fep_dataset/data/fep_benchmark_processed/merck_syk_4puz_fullmap_protein.pdb,976,6.422837,6.664996,6.8443255,6.870864,6.4691925,6.586476,6.2126226,6.692789,6.891585,6.6776237,6.6333313
977,merck/syk_4puz_fullmap,merck/syk_4puz_fullmap/CHEMBL3265006,../large_fep_dataset/data/fep_benchmark_processed/merck_syk_4puz_fullmap_CHEMBL3265006.sdf,../large_fep_dataset/data/fep_benchmark_processed/merck_syk_4puz_fullmap_protein.pdb,977,6.1927867,6.5655246,6.3976107,6.655578,6.7611775,6.8581567,6.544885,6.311198,6.453124,6.8845096,6.562455
978,merck/syk_4puz_fullmap,merck/syk_4puz_fullmap/CHEMBL3265030_n,../large_fep_dataset/data/fep_benchmark_processed/merck_syk_4puz_fullmap_CHEMBL3265030_n.sdf,../large_fep_dataset/data/fep_benchmark_processed/merck_syk_4puz_fullmap_protein.pdb,978,7.472002,7.8163853,7.4252005,7.3533,7.530559,7.2379055,7.5895715,6.840899,7.1317525,7.0457335,7.344331
979,merck/syk_4puz_fullmap,merck/syk_4puz_fullmap/CHEMBL3265022,../large_fep_dataset/data/fep_benchmark_processed/merck_syk_4puz_fullmap_CHEMBL3265022.sdf,../large_fep_dataset/data/fep_benchmark_processed/merck_syk_4puz_fullmap_protein.pdb,979,7.890521,7.312296,6.995421,6.9424796,7.3500824,6.9501147,6.4630094,7.020669,7.306384,7.4633284,7.16943
980,merck/syk_4puz_fullmap,merck/syk_4puz_fullmap/CHEMBL3265019,../large_fep_dataset/data/fep_benchmark_processed/merck_syk_4puz_fullmap_CHEMBL3265019.sdf,../large_fep_dataset/data/fep_benchmark_processed/merck_syk_4puz_fullmap_protein.pdb,980,7.4977083,7.3212996,7.122753,7.700895,7.487336,7.4742994,7.1521854,7.124306,7.884695,7.7895193,7.4555
981,merck/syk_4puz_fullmap,merck/syk_4puz_fullmap/CHEMBL3265009,../large_fep_dataset/data/fep_benchmark_processed/merck_syk_4puz_fullmap_CHEMBL3265009.sdf,../large_fep_dataset/data/fep_benchmark_processed/merck_syk_4puz_fullmap_protein.pdb,981,7.379595,7.1572986,6.9082913,6.7876415,6.850636,6.8043966,6.476859,6.3644147,6.3296895,6.9262333,6.7985053
982,merck/syk_4puz_fullmap,merck/syk_4puz_fullmap/CHEMBL3265021,../large_fep_dataset/data/fep_benchmark_processed/merck_syk_4puz_fullmap_CHEMBL3265021.sdf,../large_fep_dataset/data/fep_benchmark_processed/merck_syk_4puz_fullmap_protein.pdb,982,7.532864,7.418295,7.199926,7.5907106,7.6997223,7.2699847,7.0294266,7.2014894,7.5300283,7.512081,7.3984528
983,merck/syk_4puz_fullmap,merck/syk_4puz_fullmap/CHEMBL3265005,../large_fep_dataset/data/fep_benchmark_processed/merck_syk_4puz_fullmap_CHEMBL3265005.sdf,../large_fep_dataset/data/fep_benchmark_processed/merck_syk_4puz_fullmap_protein.pdb,983,6.8125114,6.90315,6.6759224,6.833421,6.5533338,6.6719832,6.8244896,6.211473,6.7345877,7.05901,6.7279882
984,merck/syk_4puz_fullmap,merck/syk_4puz_fullmap/CHEMBL3265017,../large_fep_dataset/data/fep_benchmark_processed/merck_syk_4puz_fullmap_CHEMBL3265017.sdf,../large_fep_dataset/data/fep_benchmark_processed/merck_syk_4puz_fullmap_protein.pdb,984,7.8500285,7.2276278,7.039853,7.633811,7.340276,7.2223954,6.9174547,7.1418586,7.4986086,7.0844955,7.2956405
985,merck/syk_4puz_fullmap,merck/syk_4puz_fullmap/CHEMBL3265010,../large_fep_dataset/data/fep_benchmark_processed/merck_syk_4puz_fullmap_CHEMBL3265010.sdf,../large_fep_dataset/data/fep_benchmark_processed/merck_syk_4puz_fullmap_protein.pdb,985,6.94746,7.18737,7.212274,6.6755514,7.148755,7.240415,7.112051,6.130543,6.497047,6.94749,6.9098954
986,merck/syk_4puz_fullmap,merck/syk_4puz_fullmap/CHEMBL3265034,../large_fep_dataset/data/fep_benchmark_processed/merck_syk_4puz_fullmap_CHEMBL3265034.sdf,../large_fep_dataset/data/fep_benchmark_processed/merck_syk_4puz_fullmap_protein.pdb,986,7.1141877,7.4176974,7.1387415,7.3787556,6.97176,7.041789,6.7602,7.189679,7.56405,6.734287,7.131114
987,merck/syk_4puz_fullmap,merck/syk_4puz_fullmap/CHEMBL3265011 flip,../large_fep_dataset/data/fep_benchmark_processed/merck_syk_4puz_fullmap_CHEMBL3265011_flip.sdf,../large_fep_dataset/data/fep_benchmark_processed/merck_syk_4puz_fullmap_protein.pdb,987,7.3537292,7.0022683,7.257422,6.8062987,6.53388,6.741943,7.076225,6.3318977,6.9285345,6.7458515,6.877805
988,merck/syk_4puz_fullmap,merck/syk_4puz_fullmap/CHEMBL3265015 flip,../large_fep_dataset/data/fep_benchmark_processed/merck_syk_4puz_fullmap_CHEMBL3265015_flip.sdf,../large_fep_dataset/data/fep_benchmark_processed/merck_syk_4puz_fullmap_protein.pdb,988,6.8910327,6.6021643,6.7767167,6.9976363,6.5446463,6.4564047,6.799207,5.74364,6.4710813,6.386005,6.5668535
989,merck/syk_4puz_fullmap,merck/syk_4puz_fullmap/CHEMBL3265002,../large_fep_dataset/data/fep_benchmark_processed/merck_syk_4puz_fullmap_CHEMBL3265002.sdf,../large_fep_dataset/data/fep_benchmark_processed/merck_syk_4puz_fullmap_protein.pdb,989,8.0576515,6.906719,7.440992,7.1871333,7.515933,6.6606455,7.5374436,7.120759,7.2212987,7.2611,7.2909675
990,merck/syk_4puz_fullmap,merck/syk_4puz_fullmap/docked CHEMBL3264998,../large_fep_dataset/data/fep_benchmark_processed/merck_syk_4puz_fullmap_docked_CHEMBL3264998.sdf,../large_fep_dataset/data/fep_benchmark_processed/merck_syk_4puz_fullmap_protein.pdb,990,7.300997,7.5794983,7.729771,6.979947,7.2614017,7.109946,7.6219587,6.92527,7.580254,7.421944,7.3510995
991,merck/syk_4puz_fullmap,merck/syk_4puz_fullmap/CHEMBL3264997,../large_fep_dataset/data/fep_benchmark_processed/merck_syk_4puz_fullmap_CHEMBL3264997.sdf,../large_fep_dataset/data/fep_benchmark_processed/merck_syk_4puz_fullmap_protein.pdb,991,7.8567734,7.311119,7.8313475,7.240068,7.7349014,7.8705945,7.2197657,7.1250987,7.8252597,7.900089,7.5915017
992,merck/syk_4puz_fullmap,merck/syk_4puz_fullmap/docked CHEMBL3264994,../large_fep_dataset/data/fep_benchmark_processed/merck_syk_4puz_fullmap_docked_CHEMBL3264994.sdf,../large_fep_dataset/data/fep_benchmark_processed/merck_syk_4puz_fullmap_protein.pdb,992,7.0566835,6.811468,7.436135,7.471638,6.774675,6.7215405,6.4528027,6.961234,7.544447,7.3336067,7.056424
993,merck/syk_4puz_fullmap,merck/syk_4puz_fullmap/CHEMBL3264995,../large_fep_dataset/data/fep_benchmark_processed/merck_syk_4puz_fullmap_CHEMBL3264995.sdf,../large_fep_dataset/data/fep_benchmark_processed/merck_syk_4puz_fullmap_protein.pdb,993,7.609658,7.7916403,8.400675,8.010572,8.00392,7.660179,8.380466,7.9259605,8.25828,8.0362625,8.007761
994,merck/syk_4puz_fullmap,merck/syk_4puz_fullmap/docked CHEMBL3265004,../large_fep_dataset/data/fep_benchmark_processed/merck_syk_4puz_fullmap_docked_CHEMBL3265004.sdf,../large_fep_dataset/data/fep_benchmark_processed/merck_syk_4puz_fullmap_protein.pdb,994,7.624201,7.1291356,7.464819,7.6950912,7.964746,7.4273033,7.5750694,7.497666,7.4938307,8.040887,7.5912743
995,merck/syk_4puz_fullmap,merck/syk_4puz_fullmap/CHEMBL3265001,../large_fep_dataset/data/fep_benchmark_processed/merck_syk_4puz_fullmap_CHEMBL3265001.sdf,../large_fep_dataset/data/fep_benchmark_processed/merck_syk_4puz_fullmap_protein.pdb,995,7.8728228,7.4580092,8.16868,7.4094687,7.5523224,7.4148817,7.792799,7.1586795,7.8822846,8.153057,7.6863008
996,merck/syk_4puz_fullmap,merck/syk_4puz_fullmap/CHEMBL3264996,../large_fep_dataset/data/fep_benchmark_processed/merck_syk_4puz_fullmap_CHEMBL3264996.sdf,../large_fep_dataset/data/fep_benchmark_processed/merck_syk_4puz_fullmap_protein.pdb,996,6.865276,6.8067784,7.3874645,6.502678,6.8391666,6.8436985,7.125177,6.989292,6.8039613,7.0105352,6.9174027
997,merck/syk_4puz_fullmap,merck/syk_4puz_fullmap/docked CHEMBL3264999 adjust,../large_fep_dataset/data/fep_benchmark_processed/merck_syk_4puz_fullmap_docked_CHEMBL3264999_adjust.sdf,../large_fep_dataset/data/fep_benchmark_processed/merck_syk_4puz_fullmap_protein.pdb,997,7.2123733,6.900708,7.7047358,7.218526,8.117712,7.027147,7.8101482,7.200877,7.3372946,7.557162,7.4086676
998,merck/syk_4puz_fullmap,merck/syk_4puz_fullmap/redocked CHEMBL3265000 ground state,../large_fep_dataset/data/fep_benchmark_processed/merck_syk_4puz_fullmap_redocked_CHEMBL3265000_ground_state.sdf,../large_fep_dataset/data/fep_benchmark_processed/merck_syk_4puz_fullmap_protein.pdb,998,6.781962,7.8295765,7.951777,7.3620396,7.5702014,7.5024066,7.3101215,6.9404416,6.8756166,7.639759,7.37639
999,merck/syk_4puz_fullmap,merck/syk_4puz_fullmap/redocked CHEMBL3265000,../large_fep_dataset/data/fep_benchmark_processed/merck_syk_4puz_fullmap_redocked_CHEMBL3265000.sdf,../large_fep_dataset/data/fep_benchmark_processed/merck_syk_4puz_fullmap_protein.pdb,999,7.0560555,7.643535,7.8963265,7.5416713,7.6300354,6.9179482,7.279562,6.6902823,6.7973843,7.9148326,7.336763
1000,merck/syk_4puz_fullmap,merck/syk_4puz_fullmap/CHEMBL3265003 tautomer 1,../large_fep_dataset/data/fep_benchmark_processed/merck_syk_4puz_fullmap_CHEMBL3265003_tautomer_1.sdf,../large_fep_dataset/data/fep_benchmark_processed/merck_syk_4puz_fullmap_protein.pdb,1000,7.640852,6.688738,7.321418,7.303303,7.657083,7.211641,7.835979,7.432633,7.66247,7.475333,7.4229445
1001,merck/syk_4puz_fullmap,merck/syk_4puz_fullmap/CHEMBL3265003 tautomer 2,../large_fep_dataset/data/fep_benchmark_processed/merck_syk_4puz_fullmap_CHEMBL3265003_tautomer_2.sdf,../large_fep_dataset/data/fep_benchmark_processed/merck_syk_4puz_fullmap_protein.pdb,1001,7.689988,6.49507,7.3219233,7.3013334,7.7149057,7.135423,7.7656636,7.36299,7.561207,7.429557,7.377806
1002,merck/hif2a_automap,merck/hif2a_automap/338,../large_fep_dataset/data/fep_benchmark_processed/merck_hif2a_automap_338.sdf,../large_fep_dataset/data/fep_benchmark_processed/merck_hif2a_automap_protein.pdb,1002,6.732596,6.795432,7.5403953,6.9583,6.9049435,7.60214,7.432058,7.1995964,7.265585,7.654782,7.208583
1003,merck/hif2a_automap,merck/hif2a_automap/43,../large_fep_dataset/data/fep_benchmark_processed/merck_hif2a_automap_43.sdf,../large_fep_dataset/data/fep_benchmark_processed/merck_hif2a_automap_protein.pdb,1003,7.0166173,7.0438266,6.7786465,6.8357496,7.4165373,7.7015934,7.5537777,7.9012427,7.2757497,6.5515733,7.207532
1004,merck/hif2a_automap,merck/hif2a_automap/235,../large_fep_dataset/data/fep_benchmark_processed/merck_hif2a_automap_235.sdf,../large_fep_dataset/data/fep_benchmark_processed/merck_hif2a_automap_protein.pdb,1004,8.027383,7.679003,7.7761083,7.595578,7.799034,7.6586504,8.148585,7.662838,7.4146256,7.732498,7.74943
1005,merck/hif2a_automap,merck/hif2a_automap/234,../large_fep_dataset/data/fep_benchmark_processed/merck_hif2a_automap_234.sdf,../large_fep_dataset/data/fep_benchmark_processed/merck_hif2a_automap_protein.pdb,1005,7.490859,7.4922595,7.3304367,7.2488666,7.263559,7.6821785,7.639042,7.4944673,6.971135,7.291234,7.3904047
1006,merck/hif2a_automap,merck/hif2a_automap/30,../large_fep_dataset/data/fep_benchmark_processed/merck_hif2a_automap_30.sdf,../large_fep_dataset/data/fep_benchmark_processed/merck_hif2a_automap_protein.pdb,1006,7.4301467,7.5287685,7.337983,8.030399,8.027219,7.726912,7.635685,7.424923,7.100461,7.022835,7.5265336
1007,merck/hif2a_automap,merck/hif2a_automap/1,../large_fep_dataset/data/fep_benchmark_processed/merck_hif2a_automap_1.sdf,../large_fep_dataset/data/fep_benchmark_processed/merck_hif2a_automap_protein.pdb,1007,7.8254423,7.760011,7.246386,7.7083483,7.486975,7.6112943,7.8578525,7.937286,7.2006893,6.877571,7.5511856
1008,merck/hif2a_automap,merck/hif2a_automap/237,../large_fep_dataset/data/fep_benchmark_processed/merck_hif2a_automap_237.sdf,../large_fep_dataset/data/fep_benchmark_processed/merck_hif2a_automap_protein.pdb,1008,7.6655807,7.917077,7.384237,8.285708,7.838444,7.860999,7.8693833,7.7034187,7.3532877,7.4361005,7.731424
1009,merck/hif2a_automap,merck/hif2a_automap/227,../large_fep_dataset/data/fep_benchmark_processed/merck_hif2a_automap_227.sdf,../large_fep_dataset/data/fep_benchmark_processed/merck_hif2a_automap_protein.pdb,1009,7.70141,7.835308,7.8204975,7.907352,7.868867,7.985079,8.191668,7.782877,8.130361,7.535883,7.87593
1010,merck/hif2a_automap,merck/hif2a_automap/266,../large_fep_dataset/data/fep_benchmark_processed/merck_hif2a_automap_266.sdf,../large_fep_dataset/data/fep_benchmark_processed/merck_hif2a_automap_protein.pdb,1010,7.7335467,7.6767073,7.37061,7.5076923,7.7759066,7.2408066,7.753031,7.503792,7.8387537,7.820774,7.622162
1011,merck/hif2a_automap,merck/hif2a_automap/206,../large_fep_dataset/data/fep_benchmark_processed/merck_hif2a_automap_206.sdf,../large_fep_dataset/data/fep_benchmark_processed/merck_hif2a_automap_protein.pdb,1011,7.399254,7.593228,7.5915437,6.9550695,7.6086655,7.3460608,7.513595,7.090439,7.115847,7.506644,7.3720345
1012,merck/hif2a_automap,merck/hif2a_automap/67,../large_fep_dataset/data/fep_benchmark_processed/merck_hif2a_automap_67.sdf,../large_fep_dataset/data/fep_benchmark_processed/merck_hif2a_automap_protein.pdb,1012,6.9949064,7.8999047,6.973754,6.760042,6.6763644,7.168783,7.0174336,6.9473763,7.11094,7.4309607,7.0980463
1013,merck/hif2a_automap,merck/hif2a_automap/156,../large_fep_dataset/data/fep_benchmark_processed/merck_hif2a_automap_156.sdf,../large_fep_dataset/data/fep_benchmark_processed/merck_hif2a_automap_protein.pdb,1013,7.3540006,7.174064,6.714904,7.3829145,7.3493342,7.363444,7.40027,7.582279,6.6962276,6.5853515,7.1602793
1014,merck/hif2a_automap,merck/hif2a_automap/31,../large_fep_dataset/data/fep_benchmark_processed/merck_hif2a_automap_31.sdf,../large_fep_dataset/data/fep_benchmark_processed/merck_hif2a_automap_protein.pdb,1014,6.8430433,6.2040615,6.467909,7.432277,7.3663335,7.148785,6.536342,7.207844,7.0675125,6.439988,6.8714094
1015,merck/hif2a_automap,merck/hif2a_automap/289,../large_fep_dataset/data/fep_benchmark_processed/merck_hif2a_automap_289.sdf,../large_fep_dataset/data/fep_benchmark_processed/merck_hif2a_automap_protein.pdb,1015,6.5027204,6.9751406,6.5168962,5.965156,6.576379,6.714744,6.666225,6.8089423,6.613887,6.650356,6.599045
1016,merck/hif2a_automap,merck/hif2a_automap/61,../large_fep_dataset/data/fep_benchmark_processed/merck_hif2a_automap_61.sdf,../large_fep_dataset/data/fep_benchmark_processed/merck_hif2a_automap_protein.pdb,1016,7.79718,7.839578,7.134973,7.4532747,6.820357,7.0514812,7.6693935,7.9507384,6.7994933,7.0247526,7.354122
1017,merck/hif2a_automap,merck/hif2a_automap/167,../large_fep_dataset/data/fep_benchmark_processed/merck_hif2a_automap_167.sdf,../large_fep_dataset/data/fep_benchmark_processed/merck_hif2a_automap_protein.pdb,1017,7.896134,7.9977884,7.9513245,7.7260027,7.4763727,7.604877,8.08863,7.5046144,7.2795725,7.6715226,7.7196846
1018,merck/hif2a_automap,merck/hif2a_automap/165,../large_fep_dataset/data/fep_benchmark_processed/merck_hif2a_automap_165.sdf,../large_fep_dataset/data/fep_benchmark_processed/merck_hif2a_automap_protein.pdb,1018,7.248684,7.4158654,7.231461,7.1834316,7.246659,7.5114555,6.7052045,7.114599,6.6455684,7.4755397,7.1778464
1019,merck/hif2a_automap,merck/hif2a_automap/41,../large_fep_dataset/data/fep_benchmark_processed/merck_hif2a_automap_41.sdf,../large_fep_dataset/data/fep_benchmark_processed/merck_hif2a_automap_protein.pdb,1019,7.2969112,7.434674,6.9909015,7.16238,7.5652847,8.117011,7.9791436,7.8090053,7.834774,6.60579,7.4795876
1020,merck/hif2a_automap,merck/hif2a_automap/7b,../large_fep_dataset/data/fep_benchmark_processed/merck_hif2a_automap_7b.sdf,../large_fep_dataset/data/fep_benchmark_processed/merck_hif2a_automap_protein.pdb,1020,7.3162932,7.5891204,6.9984727,7.4149203,6.9983745,6.9217663,7.7559075,7.549629,7.5874844,6.408916,7.254088
1021,merck/hif2a_automap,merck/hif2a_automap/54,../large_fep_dataset/data/fep_benchmark_processed/merck_hif2a_automap_54.sdf,../large_fep_dataset/data/fep_benchmark_processed/merck_hif2a_automap_protein.pdb,1021,6.794044,6.863793,6.862365,6.5871277,6.499787,7.6395555,6.9134784,7.466219,7.2228165,6.604593,6.9453783
1022,merck/hif2a_automap,merck/hif2a_automap/215,../large_fep_dataset/data/fep_benchmark_processed/merck_hif2a_automap_215.sdf,../large_fep_dataset/data/fep_benchmark_processed/merck_hif2a_automap_protein.pdb,1022,7.6200223,7.496426,7.812954,7.1515317,7.4399757,7.333478,8.077624,7.825378,7.5002766,7.6774135,7.5935082
1023,merck/hif2a_automap,merck/hif2a_automap/57,../large_fep_dataset/data/fep_benchmark_processed/merck_hif2a_automap_57.sdf,../large_fep_dataset/data/fep_benchmark_processed/merck_hif2a_automap_protein.pdb,1023,7.854578,8.030742,7.6584077,8.159137,7.7149587,8.002317,8.257901,8.034298,7.7125964,7.3655467,7.8790483
1024,merck/hif2a_automap,merck/hif2a_automap/42,../large_fep_dataset/data/fep_benchmark_processed/merck_hif2a_automap_42.sdf,../large_fep_dataset/data/fep_benchmark_processed/merck_hif2a_automap_protein.pdb,1024,7.1980143,7.744582,7.2268834,7.223594,7.605138,8.306721,7.9824986,8.029696,7.5935946,6.586149,7.5496874
1025,merck/hif2a_automap,merck/hif2a_automap/252,../large_fep_dataset/data/fep_benchmark_processed/merck_hif2a_automap_252.sdf,../large_fep_dataset/data/fep_benchmark_processed/merck_hif2a_automap_protein.pdb,1025,7.2684393,6.9157968,7.2349405,6.972811,6.9652367,7.5452385,7.486843,7.3464565,7.1685,7.6283507,7.2532616
1026,merck/hif2a_automap,merck/hif2a_automap/336,../large_fep_dataset/data/fep_benchmark_processed/merck_hif2a_automap_336.sdf,../large_fep_dataset/data/fep_benchmark_processed/merck_hif2a_automap_protein.pdb,1026,6.580481,6.2103076,6.746995,6.312333,6.8092,6.689855,6.8570275,7.285116,6.7353797,7.0744114,6.730111
1027,merck/hif2a_automap,merck/hif2a_automap/290,../large_fep_dataset/data/fep_benchmark_processed/merck_hif2a_automap_290.sdf,../large_fep_dataset/data/fep_benchmark_processed/merck_hif2a_automap_protein.pdb,1027,8.057056,8.071781,7.780351,8.348716,8.062013,8.053052,7.882523,7.8673096,7.852401,8.308667,8.028387
1028,merck/hif2a_automap,merck/hif2a_automap/155,../large_fep_dataset/data/fep_benchmark_processed/merck_hif2a_automap_155.sdf,../large_fep_dataset/data/fep_benchmark_processed/merck_hif2a_automap_protein.pdb,1028,7.6465774,7.818939,7.3027263,8.021347,7.624738,7.7367435,7.8884053,7.8832264,6.9177384,6.6249213,7.546537
1029,merck/hif2a_automap,merck/hif2a_automap/164,../large_fep_dataset/data/fep_benchmark_processed/merck_hif2a_automap_164.sdf,../large_fep_dataset/data/fep_benchmark_processed/merck_hif2a_automap_protein.pdb,1029,7.453261,6.774804,6.9830065,6.8785267,7.1360373,7.3984995,7.0227623,7.2633567,6.667837,7.226289,7.0804377
1030,merck/hif2a_automap,merck/hif2a_automap/7a,../large_fep_dataset/data/fep_benchmark_processed/merck_hif2a_automap_7a.sdf,../large_fep_dataset/data/fep_benchmark_processed/merck_hif2a_automap_protein.pdb,1030,7.1635528,7.8098617,6.8965087,7.1039367,7.037885,7.290759,7.813724,7.5282545,7.2570496,6.556934,7.2458467
1031,merck/hif2a_automap,merck/hif2a_automap/224,../large_fep_dataset/data/fep_benchmark_processed/merck_hif2a_automap_224.sdf,../large_fep_dataset/data/fep_benchmark_processed/merck_hif2a_automap_protein.pdb,1031,7.401388,7.3324943,6.729113,6.796659,7.0591345,6.6963043,7.695636,6.8043604,6.8402333,7.4888053,7.084413
1032,merck/hif2a_automap,merck/hif2a_automap/84,../large_fep_dataset/data/fep_benchmark_processed/merck_hif2a_automap_84.sdf,../large_fep_dataset/data/fep_benchmark_processed/merck_hif2a_automap_protein.pdb,1032,7.115083,7.2944665,7.086584,7.5100875,7.708086,7.3441563,7.1933336,7.068554,7.4126105,6.504658,7.2237625
1033,merck/hif2a_automap,merck/hif2a_automap/254,../large_fep_dataset/data/fep_benchmark_processed/merck_hif2a_automap_254.sdf,../large_fep_dataset/data/fep_benchmark_processed/merck_hif2a_automap_protein.pdb,1033,7.523614,7.083718,7.2004657,6.970326,6.9173317,7.398,7.3752418,7.3742604,7.020088,7.3709645,7.223401
1034,merck/hif2a_automap,merck/hif2a_automap/23,../large_fep_dataset/data/fep_benchmark_processed/merck_hif2a_automap_23.sdf,../large_fep_dataset/data/fep_benchmark_processed/merck_hif2a_automap_protein.pdb,1034,7.3128557,7.0437737,7.2773113,6.634718,6.7020426,7.0354705,7.235208,7.2055473,7.1403127,6.8125405,7.039978
1035,merck/hif2a_automap,merck/hif2a_automap/251,../large_fep_dataset/data/fep_benchmark_processed/merck_hif2a_automap_251.sdf,../large_fep_dataset/data/fep_benchmark_processed/merck_hif2a_automap_protein.pdb,1035,6.9709816,7.1458774,6.615221,6.733545,6.394628,7.1383147,7.0857244,6.6362224,7.098256,7.1301756,6.8948946
1036,merck/hif2a_automap,merck/hif2a_automap/256,../large_fep_dataset/data/fep_benchmark_processed/merck_hif2a_automap_256.sdf,../large_fep_dataset/data/fep_benchmark_processed/merck_hif2a_automap_protein.pdb,1036,7.0481033,7.0050817,7.28334,6.446163,6.660965,6.917595,7.0355506,6.6853156,7.0854783,7.6889863,6.9856577
1037,merck/hif2a_automap,merck/hif2a_automap/50,../large_fep_dataset/data/fep_benchmark_processed/merck_hif2a_automap_50.sdf,../large_fep_dataset/data/fep_benchmark_processed/merck_hif2a_automap_protein.pdb,1037,7.054188,7.0476656,6.543188,6.967121,7.0892186,7.4496307,6.9369955,7.0589995,7.4159565,6.824761,7.0387726
1038,merck/hif2a_automap,merck/hif2a_automap/231,../large_fep_dataset/data/fep_benchmark_processed/merck_hif2a_automap_231.sdf,../large_fep_dataset/data/fep_benchmark_processed/merck_hif2a_automap_protein.pdb,1038,7.019432,6.8893285,6.978137,6.6307054,7.0149717,6.9466705,6.791711,7.3701525,6.7089605,6.923608,6.927367
1039,merck/hif2a_automap,merck/hif2a_automap/15,../large_fep_dataset/data/fep_benchmark_processed/merck_hif2a_automap_15.sdf,../large_fep_dataset/data/fep_benchmark_processed/merck_hif2a_automap_protein.pdb,1039,8.1166525,8.068967,7.56596,8.027338,7.851493,7.934365,8.025988,7.734632,7.4546056,7.636825,7.8416824
1040,merck/hif2a_automap,merck/hif2a_automap/124,../large_fep_dataset/data/fep_benchmark_processed/merck_hif2a_automap_124.sdf,../large_fep_dataset/data/fep_benchmark_processed/merck_hif2a_automap_protein.pdb,1040,7.231108,6.931979,6.79508,7.4927707,7.3934584,7.4207606,7.422755,7.277937,7.6287413,6.972812,7.2567396
1041,merck/hif2a_automap,merck/hif2a_automap/25,../large_fep_dataset/data/fep_benchmark_processed/merck_hif2a_automap_25.sdf,../large_fep_dataset/data/fep_benchmark_processed/merck_hif2a_automap_protein.pdb,1041,7.6405606,7.600222,7.5455008,6.6064725,7.696173,7.3837624,7.594263,7.472932,7.674113,7.4426484,7.465665
1042,merck/hif2a_automap,merck/hif2a_automap/163,../large_fep_dataset/data/fep_benchmark_processed/merck_hif2a_automap_163.sdf,../large_fep_dataset/data/fep_benchmark_processed/merck_hif2a_automap_protein.pdb,1042,7.2338147,7.379741,6.9613123,6.7195883,6.826454,7.599823,7.280187,7.1827364,6.7433553,7.2228274,7.1149836
1043,merck/tnks2_fullmap,merck/tnks2_fullmap/1a,../large_fep_dataset/data/fep_benchmark_processed/merck_tnks2_fullmap_1a.sdf,../large_fep_dataset/data/fep_benchmark_processed/merck_tnks2_fullmap_protein.pdb,1043,6.840312,5.9643135,6.3509016,6.4038854,5.9186273,6.4754434,6.3909864,5.9996943,6.196243,6.3674707,6.2907877
1044,merck/tnks2_fullmap,merck/tnks2_fullmap/1b,../large_fep_dataset/data/fep_benchmark_processed/merck_tnks2_fullmap_1b.sdf,../large_fep_dataset/data/fep_benchmark_processed/merck_tnks2_fullmap_protein.pdb,1044,7.2035737,6.999833,6.9001055,6.6879888,6.8538356,6.9474654,7.1467533,6.6915736,6.859212,7.2074156,6.9497757
1045,merck/tnks2_fullmap,merck/tnks2_fullmap/3a,../large_fep_dataset/data/fep_benchmark_processed/merck_tnks2_fullmap_3a.sdf,../large_fep_dataset/data/fep_benchmark_processed/merck_tnks2_fullmap_protein.pdb,1045,7.5030327,6.7923503,7.6684127,6.608904,7.2207866,7.444404,6.9089313,6.8520436,6.7675548,6.853167,7.0619593
1046,merck/tnks2_fullmap,merck/tnks2_fullmap/3b,../large_fep_dataset/data/fep_benchmark_processed/merck_tnks2_fullmap_3b.sdf,../large_fep_dataset/data/fep_benchmark_processed/merck_tnks2_fullmap_protein.pdb,1046,7.228437,6.7305584,7.502163,7.738599,7.5374527,7.660662,7.419605,7.2620916,7.0456805,7.182176,7.330743
1047,merck/tnks2_fullmap,merck/tnks2_fullmap/5f,../large_fep_dataset/data/fep_benchmark_processed/merck_tnks2_fullmap_5f.sdf,../large_fep_dataset/data/fep_benchmark_processed/merck_tnks2_fullmap_protein.pdb,1047,7.3320894,7.6473107,7.842287,7.6907687,7.3447223,7.0023856,7.4734783,7.3406925,7.3633723,7.239406,7.4276505
1048,merck/tnks2_fullmap,merck/tnks2_fullmap/5l,../large_fep_dataset/data/fep_benchmark_processed/merck_tnks2_fullmap_5l.sdf,../large_fep_dataset/data/fep_benchmark_processed/merck_tnks2_fullmap_protein.pdb,1048,7.2398353,7.0030327,7.905033,7.4790316,7.283159,7.1199603,7.5322967,7.4823914,7.493369,7.324284,7.3862395
1049,merck/tnks2_fullmap,merck/tnks2_fullmap/5g,../large_fep_dataset/data/fep_benchmark_processed/merck_tnks2_fullmap_5g.sdf,../large_fep_dataset/data/fep_benchmark_processed/merck_tnks2_fullmap_protein.pdb,1049,7.2142997,7.4606338,7.625564,7.597175,7.272953,7.059896,7.463802,6.9599476,7.775879,7.0967083,7.3526855
1050,merck/tnks2_fullmap,merck/tnks2_fullmap/5e,../large_fep_dataset/data/fep_benchmark_processed/merck_tnks2_fullmap_5e.sdf,../large_fep_dataset/data/fep_benchmark_processed/merck_tnks2_fullmap_protein.pdb,1050,7.1095963,6.717862,7.27706,7.5516715,7.1453905,6.9764767,7.2235875,6.379779,6.8557014,6.475135,6.9712267
1051,merck/tnks2_fullmap,merck/tnks2_fullmap/5i,../large_fep_dataset/data/fep_benchmark_processed/merck_tnks2_fullmap_5i.sdf,../large_fep_dataset/data/fep_benchmark_processed/merck_tnks2_fullmap_protein.pdb,1051,7.3833866,8.121014,8.130409,7.738846,7.6809287,7.1809826,7.553,7.398919,7.7581587,7.0609365,7.6006575
1052,merck/tnks2_fullmap,merck/tnks2_fullmap/5b,../large_fep_dataset/data/fep_benchmark_processed/merck_tnks2_fullmap_5b.sdf,../large_fep_dataset/data/fep_benchmark_processed/merck_tnks2_fullmap_protein.pdb,1052,7.305541,6.949424,7.8991394,7.0426254,7.3208365,7.0832286,7.6492653,6.610485,7.2382307,7.2345953,7.2333374
1053,merck/tnks2_fullmap,merck/tnks2_fullmap/5h,../large_fep_dataset/data/fep_benchmark_processed/merck_tnks2_fullmap_5h.sdf,../large_fep_dataset/data/fep_benchmark_processed/merck_tnks2_fullmap_protein.pdb,1053,6.4673247,7.0282774,7.1560388,7.0295224,7.062794,6.8627563,6.867215,6.9540586,7.357182,7.015413,6.980058
1054,merck/tnks2_fullmap,merck/tnks2_fullmap/5a,../large_fep_dataset/data/fep_benchmark_processed/merck_tnks2_fullmap_5a.sdf,../large_fep_dataset/data/fep_benchmark_processed/merck_tnks2_fullmap_protein.pdb,1054,7.288235,6.9331574,7.612297,6.7768197,7.096589,6.732247,7.2972064,6.674654,7.001162,6.853249,7.0265627
1055,merck/tnks2_fullmap,merck/tnks2_fullmap/5k,../large_fep_dataset/data/fep_benchmark_processed/merck_tnks2_fullmap_5k.sdf,../large_fep_dataset/data/fep_benchmark_processed/merck_tnks2_fullmap_protein.pdb,1055,7.665275,7.51629,7.467832,7.9038486,7.4131885,7.339294,7.8031735,7.1938562,7.2788734,7.3769603,7.4958596
1056,merck/tnks2_fullmap,merck/tnks2_fullmap/5p,../large_fep_dataset/data/fep_benchmark_processed/merck_tnks2_fullmap_5p.sdf,../large_fep_dataset/data/fep_benchmark_processed/merck_tnks2_fullmap_protein.pdb,1056,6.690959,7.2863255,7.40518,7.3911533,7.298454,7.370969,7.7536764,6.7474656,6.975262,7.3149014,7.2234354
1057,merck/tnks2_fullmap,merck/tnks2_fullmap/5j,../large_fep_dataset/data/fep_benchmark_processed/merck_tnks2_fullmap_5j.sdf,../large_fep_dataset/data/fep_benchmark_processed/merck_tnks2_fullmap_protein.pdb,1057,7.17951,7.0152693,7.6349807,7.521962,7.8276286,7.406264,7.8148856,7.1185927,7.4096265,6.9568353,7.388555
1058,merck/tnks2_fullmap,merck/tnks2_fullmap/5d,../large_fep_dataset/data/fep_benchmark_processed/merck_tnks2_fullmap_5d.sdf,../large_fep_dataset/data/fep_benchmark_processed/merck_tnks2_fullmap_protein.pdb,1058,7.2505865,7.1536827,7.3066664,7.566157,7.4826093,7.087057,7.596903,7.0003214,6.893877,6.9705296,7.230838
1059,merck/tnks2_fullmap,merck/tnks2_fullmap/5m,../large_fep_dataset/data/fep_benchmark_processed/merck_tnks2_fullmap_5m.sdf,../large_fep_dataset/data/fep_benchmark_processed/merck_tnks2_fullmap_protein.pdb,1059,7.2612734,7.815903,7.70413,7.8672347,7.54914,7.1521544,7.5291834,7.56122,7.677898,7.090952,7.5209084
1060,merck/tnks2_fullmap,merck/tnks2_fullmap/5n,../large_fep_dataset/data/fep_benchmark_processed/merck_tnks2_fullmap_5n.sdf,../large_fep_dataset/data/fep_benchmark_processed/merck_tnks2_fullmap_protein.pdb,1060,6.7923884,7.349609,7.4285703,7.4496226,7.0915117,7.2681475,7.459625,6.6620436,6.9026976,7.2901874,7.16944
1061,merck/tnks2_fullmap,merck/tnks2_fullmap/5c,../large_fep_dataset/data/fep_benchmark_processed/merck_tnks2_fullmap_5c.sdf,../large_fep_dataset/data/fep_benchmark_processed/merck_tnks2_fullmap_protein.pdb,1061,7.307645,6.4501047,7.444834,6.9079432,7.0656657,7.216068,7.615922,6.585864,7.4697537,7.082067,7.1145873
1062,merck/tnks2_fullmap,merck/tnks2_fullmap/7,../large_fep_dataset/data/fep_benchmark_processed/merck_tnks2_fullmap_7.sdf,../large_fep_dataset/data/fep_benchmark_processed/merck_tnks2_fullmap_protein.pdb,1062,6.8059683,6.819784,7.0524173,7.277203,6.7872877,6.9885507,7.524337,7.130791,6.4939885,6.9000483,6.978038
1063,merck/tnks2_fullmap,merck/tnks2_fullmap/8a neutral,../large_fep_dataset/data/fep_benchmark_processed/merck_tnks2_fullmap_8a_neutral.sdf,../large_fep_dataset/data/fep_benchmark_processed/merck_tnks2_fullmap_protein.pdb,1063,7.3556466,7.151551,7.655048,7.8065314,8.117982,7.781345,7.9595575,7.7718472,7.3185053,7.5883107,7.6506324
1064,merck/tnks2_fullmap,merck/tnks2_fullmap/8b neutral,../large_fep_dataset/data/fep_benchmark_processed/merck_tnks2_fullmap_8b_neutral.sdf,../large_fep_dataset/data/fep_benchmark_processed/merck_tnks2_fullmap_protein.pdb,1064,8.0289755,7.197531,7.655917,7.901409,8.280459,7.824659,7.8921485,7.9964237,7.040996,7.4698086,7.7288322
1065,merck/tnks2_fullmap,merck/tnks2_fullmap/8c adjust,../large_fep_dataset/data/fep_benchmark_processed/merck_tnks2_fullmap_8c_adjust.sdf,../large_fep_dataset/data/fep_benchmark_processed/merck_tnks2_fullmap_protein.pdb,1065,8.03879,7.5289373,7.7558017,7.569318,7.8759055,7.2908883,7.4340887,7.6463337,7.5272236,8.06786,7.673514
1066,merck/tnks2_fullmap,merck/tnks2_fullmap/8d,../large_fep_dataset/data/fep_benchmark_processed/merck_tnks2_fullmap_8d.sdf,../large_fep_dataset/data/fep_benchmark_processed/merck_tnks2_fullmap_protein.pdb,1066,8.027186,7.773235,7.668963,7.4593534,7.9898214,7.5906816,7.555589,8.012047,7.434038,7.612471,7.712339
1067,merck/tnks2_fullmap,merck/tnks2_fullmap/8e adjust neutral,../large_fep_dataset/data/fep_benchmark_processed/merck_tnks2_fullmap_8e_adjust_neutral.sdf,../large_fep_dataset/data/fep_benchmark_processed/merck_tnks2_fullmap_protein.pdb,1067,7.9022684,7.5048685,7.8428493,7.6261716,7.7810526,7.281462,7.781224,7.866637,7.3825316,8.130092,7.709916
1068,merck/tnks2_fullmap,merck/tnks2_fullmap/8f neutral,../large_fep_dataset/data/fep_benchmark_processed/merck_tnks2_fullmap_8f_neutral.sdf,../large_fep_dataset/data/fep_benchmark_processed/merck_tnks2_fullmap_protein.pdb,1068,7.95032,7.4249206,7.7837934,7.938994,7.9925556,7.580645,7.644451,8.068157,7.2426305,7.643277,7.7269754
1069,merck/tnks2_fullmap,merck/tnks2_fullmap/8d neutral equitorial,../large_fep_dataset/data/fep_benchmark_processed/merck_tnks2_fullmap_8d_neutral_equitorial.sdf,../large_fep_dataset/data/fep_benchmark_processed/merck_tnks2_fullmap_protein.pdb,1069,7.9057755,7.702775,7.857278,7.7612906,7.9075546,7.4474187,7.627946,7.9760885,7.425938,7.7090306,7.73211
1070,merck/tnks2_fullmap,merck/tnks2_fullmap/8c neutral equitorial,../large_fep_dataset/data/fep_benchmark_processed/merck_tnks2_fullmap_8c_neutral_equitorial.sdf,../large_fep_dataset/data/fep_benchmark_processed/merck_tnks2_fullmap_protein.pdb,1070,7.8453255,7.587748,7.855492,7.7495694,8.002118,6.9492445,7.7636113,7.6406765,7.6055875,8.265968,7.7265344
1071,merck/tnks2_fullmap,merck/tnks2_fullmap/5o adjust,../large_fep_dataset/data/fep_benchmark_processed/merck_tnks2_fullmap_5o_adjust.sdf,../large_fep_dataset/data/fep_benchmark_processed/merck_tnks2_fullmap_protein.pdb,1071,6.9467435,7.597012,7.5749946,7.687608,7.0438666,7.237345,7.0939507,7.1538186,7.496717,7.136753,7.296881
1072,merck/tnks2_fullmap,merck/tnks2_fullmap/8f,../large_fep_dataset/data/fep_benchmark_processed/merck_tnks2_fullmap_8f.sdf,../large_fep_dataset/data/fep_benchmark_processed/merck_tnks2_fullmap_protein.pdb,1072,7.7254996,7.28936,7.291391,7.5467367,7.687297,7.6755066,7.3258076,7.700832,7.205506,7.4157157,7.4863663
1073,merck/tnks2_fullmap,merck/tnks2_fullmap/8b,../large_fep_dataset/data/fep_benchmark_processed/merck_tnks2_fullmap_8b.sdf,../large_fep_dataset/data/fep_benchmark_processed/merck_tnks2_fullmap_protein.pdb,1073,7.820308,6.6216354,7.5298095,7.4157076,7.8860965,7.9546895,7.63504,7.9141765,6.8309517,7.168881,7.47773
1074,merck/tnks2_fullmap,merck/tnks2_fullmap/8e,../large_fep_dataset/data/fep_benchmark_processed/merck_tnks2_fullmap_8e.sdf,../large_fep_dataset/data/fep_benchmark_processed/merck_tnks2_fullmap_protein.pdb,1074,7.5474,7.3578634,7.5361333,7.5122566,7.783663,7.4976,7.4663606,7.5671005,6.973465,7.6053324,7.4847174
1075,merck/tnks2_fullmap,merck/tnks2_fullmap/8a,../large_fep_dataset/data/fep_benchmark_processed/merck_tnks2_fullmap_8a.sdf,../large_fep_dataset/data/fep_benchmark_processed/merck_tnks2_fullmap_protein.pdb,1075,7.1785264,6.9392138,7.56564,7.634808,7.8472204,7.9458375,7.5823236,7.715446,7.1049485,7.7006083,7.5214577
1076,merck/cdk8_5cei_new_helix_loop_extra,merck/cdk8_5cei_new_helix_loop_extra/43,../large_fep_dataset/data/fep_benchmark_processed/merck_cdk8_5cei_new_helix_loop_extra_43.sdf,../large_fep_dataset/data/fep_benchmark_processed/merck_cdk8_5cei_new_helix_loop_extra_protein.pdb,1076,7.4928684,7.3462605,7.378918,8.338476,7.4823527,7.4266324,7.7367215,8.269083,7.1832385,7.8181043,7.6472654
1077,merck/cdk8_5cei_new_helix_loop_extra,merck/cdk8_5cei_new_helix_loop_extra/22,../large_fep_dataset/data/fep_benchmark_processed/merck_cdk8_5cei_new_helix_loop_extra_22.sdf,../large_fep_dataset/data/fep_benchmark_processed/merck_cdk8_5cei_new_helix_loop_extra_protein.pdb,1077,7.2373805,6.580992,7.170451,7.626434,6.5472183,7.0026584,6.7196894,7.718745,6.7103705,6.7963905,7.011033
1078,merck/cdk8_5cei_new_helix_loop_extra,merck/cdk8_5cei_new_helix_loop_extra/30,../large_fep_dataset/data/fep_benchmark_processed/merck_cdk8_5cei_new_helix_loop_extra_30.sdf,../large_fep_dataset/data/fep_benchmark_processed/merck_cdk8_5cei_new_helix_loop_extra_protein.pdb,1078,7.240233,7.592959,7.4128327,7.264504,6.951085,7.537005,7.460044,8.142823,6.882087,7.646448,7.413002
1079,merck/cdk8_5cei_new_helix_loop_extra,merck/cdk8_5cei_new_helix_loop_extra/21,../large_fep_dataset/data/fep_benchmark_processed/merck_cdk8_5cei_new_helix_loop_extra_21.sdf,../large_fep_dataset/data/fep_benchmark_processed/merck_cdk8_5cei_new_helix_loop_extra_protein.pdb,1079,7.1469665,6.483506,7.1761737,6.8759184,7.0312896,7.286788,6.6400313,7.403299,6.5731535,6.416793,6.9033914
1080,merck/cdk8_5cei_new_helix_loop_extra,merck/cdk8_5cei_new_helix_loop_extra/24,../large_fep_dataset/data/fep_benchmark_processed/merck_cdk8_5cei_new_helix_loop_extra_24.sdf,../large_fep_dataset/data/fep_benchmark_processed/merck_cdk8_5cei_new_helix_loop_extra_protein.pdb,1080,7.24701,6.124761,7.1984625,6.7589784,6.8956814,6.7579484,6.747982,7.209262,6.55984,6.230251,6.773018
1081,merck/cdk8_5cei_new_helix_loop_extra,merck/cdk8_5cei_new_helix_loop_extra/38,../large_fep_dataset/data/fep_benchmark_processed/merck_cdk8_5cei_new_helix_loop_extra_38.sdf,../large_fep_dataset/data/fep_benchmark_processed/merck_cdk8_5cei_new_helix_loop_extra_protein.pdb,1081,7.6524973,7.5088487,7.3831553,8.127405,7.6301584,7.3670177,7.712745,8.184938,6.942097,7.575738,7.6084604
1082,merck/cdk8_5cei_new_helix_loop_extra,merck/cdk8_5cei_new_helix_loop_extra/31,../large_fep_dataset/data/fep_benchmark_processed/merck_cdk8_5cei_new_helix_loop_extra_31.sdf,../large_fep_dataset/data/fep_benchmark_processed/merck_cdk8_5cei_new_helix_loop_extra_protein.pdb,1082,6.918862,7.28984,7.363081,6.9110327,7.012971,7.3545165,7.137294,8.002164,7.004993,7.06336,7.2058115
1083,merck/cdk8_5cei_new_helix_loop_extra,merck/cdk8_5cei_new_helix_loop_extra/41,../large_fep_dataset/data/fep_benchmark_processed/merck_cdk8_5cei_new_helix_loop_extra_41.sdf,../large_fep_dataset/data/fep_benchmark_processed/merck_cdk8_5cei_new_helix_loop_extra_protein.pdb,1083,6.919056,6.3403697,6.6900187,7.04978,7.1598186,7.369792,7.049319,7.899813,6.6859064,6.887498,7.0051374
1084,merck/cdk8_5cei_new_helix_loop_extra,merck/cdk8_5cei_new_helix_loop_extra/29,../large_fep_dataset/data/fep_benchmark_processed/merck_cdk8_5cei_new_helix_loop_extra_29.sdf,../large_fep_dataset/data/fep_benchmark_processed/merck_cdk8_5cei_new_helix_loop_extra_protein.pdb,1084,7.17083,6.369572,7.0097904,7.6113105,6.5131297,6.6658654,7.065299,7.80118,6.39396,7.0121145,6.961305
1085,merck/cdk8_5cei_new_helix_loop_extra,merck/cdk8_5cei_new_helix_loop_extra/26,../large_fep_dataset/data/fep_benchmark_processed/merck_cdk8_5cei_new_helix_loop_extra_26.sdf,../large_fep_dataset/data/fep_benchmark_processed/merck_cdk8_5cei_new_helix_loop_extra_protein.pdb,1085,6.97171,7.0876536,7.498465,7.1312943,7.170185,7.5675673,7.094886,7.7168527,6.9455657,7.073424,7.2257605
1086,merck/cdk8_5cei_new_helix_loop_extra,merck/cdk8_5cei_new_helix_loop_extra/20,../large_fep_dataset/data/fep_benchmark_processed/merck_cdk8_5cei_new_helix_loop_extra_20.sdf,../large_fep_dataset/data/fep_benchmark_processed/merck_cdk8_5cei_new_helix_loop_extra_protein.pdb,1086,7.4147234,6.2441697,7.361287,7.09868,6.6329875,6.943166,7.778141,7.0870748,6.9772153,6.7795568,7.0317
1087,merck/cdk8_5cei_new_helix_loop_extra,merck/cdk8_5cei_new_helix_loop_extra/35,../large_fep_dataset/data/fep_benchmark_processed/merck_cdk8_5cei_new_helix_loop_extra_35.sdf,../large_fep_dataset/data/fep_benchmark_processed/merck_cdk8_5cei_new_helix_loop_extra_protein.pdb,1087,7.1343513,7.214959,7.285561,7.1092863,6.670251,7.447398,6.7353973,7.9107537,6.8056893,7.146506,7.146015
1088,merck/cdk8_5cei_new_helix_loop_extra,merck/cdk8_5cei_new_helix_loop_extra/40,../large_fep_dataset/data/fep_benchmark_processed/merck_cdk8_5cei_new_helix_loop_extra_40.sdf,../large_fep_dataset/data/fep_benchmark_processed/merck_cdk8_5cei_new_helix_loop_extra_protein.pdb,1088,6.709934,6.854507,7.0622425,7.174332,6.8240767,7.0712957,6.815306,7.9083548,7.147837,7.0521502,7.062004
1089,merck/cdk8_5cei_new_helix_loop_extra,merck/cdk8_5cei_new_helix_loop_extra/19,../large_fep_dataset/data/fep_benchmark_processed/merck_cdk8_5cei_new_helix_loop_extra_19.sdf,../large_fep_dataset/data/fep_benchmark_processed/merck_cdk8_5cei_new_helix_loop_extra_protein.pdb,1089,7.32585,6.366237,7.428409,7.0124846,6.844849,6.931007,7.115843,7.5506973,6.700193,6.3793926,6.965496
1090,merck/cdk8_5cei_new_helix_loop_extra,merck/cdk8_5cei_new_helix_loop_extra/33,../large_fep_dataset/data/fep_benchmark_processed/merck_cdk8_5cei_new_helix_loop_extra_33.sdf,../large_fep_dataset/data/fep_benchmark_processed/merck_cdk8_5cei_new_helix_loop_extra_protein.pdb,1090,7.4150667,7.2920194,7.4993224,7.7562065,7.407611,6.9561515,7.236968,7.857787,7.574498,7.1410503,7.4136686
1091,merck/cdk8_5cei_new_helix_loop_extra,merck/cdk8_5cei_new_helix_loop_extra/27,../large_fep_dataset/data/fep_benchmark_processed/merck_cdk8_5cei_new_helix_loop_extra_27.sdf,../large_fep_dataset/data/fep_benchmark_processed/merck_cdk8_5cei_new_helix_loop_extra_protein.pdb,1091,7.592426,6.194071,7.7482357,7.0250244,7.091393,6.9606986,6.963106,6.907366,6.3526864,6.769112,6.960412
1092,merck/cdk8_5cei_new_helix_loop_extra,merck/cdk8_5cei_new_helix_loop_extra/13,../large_fep_dataset/data/fep_benchmark_processed/merck_cdk8_5cei_new_helix_loop_extra_13.sdf,../large_fep_dataset/data/fep_benchmark_processed/merck_cdk8_5cei_new_helix_loop_extra_protein.pdb,1092,7.3697267,7.1590266,6.905801,6.7776933,7.6689787,7.7363,7.0785794,7.0618567,6.1465015,7.4463854,7.135085
1093,merck/cdk8_5cei_new_helix_loop_extra,merck/cdk8_5cei_new_helix_loop_extra/39,../large_fep_dataset/data/fep_benchmark_processed/merck_cdk8_5cei_new_helix_loop_extra_39.sdf,../large_fep_dataset/data/fep_benchmark_processed/merck_cdk8_5cei_new_helix_loop_extra_protein.pdb,1093,6.8948107,7.098161,7.1810045,6.911228,6.788086,7.210744,6.217595,7.8815413,6.4908485,6.8308034,6.9504824
1094,merck/cdk8_5cei_new_helix_loop_extra,merck/cdk8_5cei_new_helix_loop_extra/32,../large_fep_dataset/data/fep_benchmark_processed/merck_cdk8_5cei_new_helix_loop_extra_32.sdf,../large_fep_dataset/data/fep_benchmark_processed/merck_cdk8_5cei_new_helix_loop_extra_protein.pdb,1094,7.3593855,6.151456,7.4484596,7.111545,6.807812,6.8581243,6.972261,7.433905,6.619046,6.2340755,6.899607
1095,merck/cdk8_5cei_new_helix_loop_extra,merck/cdk8_5cei_new_helix_loop_extra/37,../large_fep_dataset/data/fep_benchmark_processed/merck_cdk8_5cei_new_helix_loop_extra_37.sdf,../large_fep_dataset/data/fep_benchmark_processed/merck_cdk8_5cei_new_helix_loop_extra_protein.pdb,1095,6.997581,6.829068,7.3999133,7.2830973,6.975139,7.330664,7.1714544,8.0324545,6.9585476,7.3165197,7.229444
1096,merck/cdk8_5cei_new_helix_loop_extra,merck/cdk8_5cei_new_helix_loop_extra/23,../large_fep_dataset/data/fep_benchmark_processed/merck_cdk8_5cei_new_helix_loop_extra_23.sdf,../large_fep_dataset/data/fep_benchmark_processed/merck_cdk8_5cei_new_helix_loop_extra_protein.pdb,1096,7.1247144,6.999932,7.4293833,7.20356,7.29415,7.2345552,6.9092655,7.594527,6.961032,6.485053,7.1236167
1097,merck/cdk8_5cei_new_helix_loop_extra,merck/cdk8_5cei_new_helix_loop_extra/15,../large_fep_dataset/data/fep_benchmark_processed/merck_cdk8_5cei_new_helix_loop_extra_15.sdf,../large_fep_dataset/data/fep_benchmark_processed/merck_cdk8_5cei_new_helix_loop_extra_protein.pdb,1097,6.9333706,6.118315,6.129466,6.771361,6.3058124,5.9216084,6.860128,7.295229,6.455257,5.714108,6.450465
1098,merck/cdk8_5cei_new_helix_loop_extra,merck/cdk8_5cei_new_helix_loop_extra/34,../large_fep_dataset/data/fep_benchmark_processed/merck_cdk8_5cei_new_helix_loop_extra_34.sdf,../large_fep_dataset/data/fep_benchmark_processed/merck_cdk8_5cei_new_helix_loop_extra_protein.pdb,1098,7.7266,7.2487516,7.337263,7.608963,7.324627,7.205783,7.380993,8.0021105,6.905271,7.6439223,7.4384284
1099,merck/cdk8_5cei_new_helix_loop_extra,merck/cdk8_5cei_new_helix_loop_extra/25,../large_fep_dataset/data/fep_benchmark_processed/merck_cdk8_5cei_new_helix_loop_extra_25.sdf,../large_fep_dataset/data/fep_benchmark_processed/merck_cdk8_5cei_new_helix_loop_extra_protein.pdb,1099,6.8823133,5.8618264,7.062674,7.2380958,6.224108,7.0351396,6.5385203,7.315684,6.0288444,6.7325,6.691971
1100,merck/cdk8_5cei_new_helix_loop_extra,merck/cdk8_5cei_new_helix_loop_extra/14,../large_fep_dataset/data/fep_benchmark_processed/merck_cdk8_5cei_new_helix_loop_extra_14.sdf,../large_fep_dataset/data/fep_benchmark_processed/merck_cdk8_5cei_new_helix_loop_extra_protein.pdb,1100,6.3265676,5.5116124,6.294085,6.6420817,6.298129,5.521445,6.769062,6.94531,5.957078,5.959249,6.2224617
1101,merck/cdk8_5cei_new_helix_loop_extra,merck/cdk8_5cei_new_helix_loop_extra/36,../large_fep_dataset/data/fep_benchmark_processed/merck_cdk8_5cei_new_helix_loop_extra_36.sdf,../large_fep_dataset/data/fep_benchmark_processed/merck_cdk8_5cei_new_helix_loop_extra_protein.pdb,1101,7.220205,6.8488183,7.2426634,7.1709447,6.8976555,7.307795,6.7243733,7.993642,6.543174,7.0337906,7.098306
1102,merck/cdk8_5cei_new_helix_loop_extra,merck/cdk8_5cei_new_helix_loop_extra/18 flipped,../large_fep_dataset/data/fep_benchmark_processed/merck_cdk8_5cei_new_helix_loop_extra_18_flipped.sdf,../large_fep_dataset/data/fep_benchmark_processed/merck_cdk8_5cei_new_helix_loop_extra_protein.pdb,1102,6.6781893,5.9192457,6.8851395,7.1578507,6.5040035,6.996354,7.360686,7.562053,6.5916524,5.995854,6.7651033
1103,merck/cdk8_5cei_new_helix_loop_extra,merck/cdk8_5cei_new_helix_loop_extra/16 flipped,../large_fep_dataset/data/fep_benchmark_processed/merck_cdk8_5cei_new_helix_loop_extra_16_flipped.sdf,../large_fep_dataset/data/fep_benchmark_processed/merck_cdk8_5cei_new_helix_loop_extra_protein.pdb,1103,6.071693,5.399143,6.277066,6.2678266,6.401185,6.2442694,6.72425,6.7416286,6.3144855,5.5701795,6.2011724
1104,merck/cdk8_5cei_new_helix_loop_extra,merck/cdk8_5cei_new_helix_loop_extra/17 flipped,../large_fep_dataset/data/fep_benchmark_processed/merck_cdk8_5cei_new_helix_loop_extra_17_flipped.sdf,../large_fep_dataset/data/fep_benchmark_processed/merck_cdk8_5cei_new_helix_loop_extra_protein.pdb,1104,6.679657,6.2058644,6.9322987,6.6417456,6.356332,6.6220546,6.7736673,7.4666953,6.705325,5.7817035,6.6165338
1105,merck/cdk8_5cei_new_helix_loop_extra,merck/cdk8_5cei_new_helix_loop_extra/44 flipped,../large_fep_dataset/data/fep_benchmark_processed/merck_cdk8_5cei_new_helix_loop_extra_44_flipped.sdf,../large_fep_dataset/data/fep_benchmark_processed/merck_cdk8_5cei_new_helix_loop_extra_protein.pdb,1105,6.69584,6.5146103,6.759088,7.281074,6.717551,7.3530016,7.0295815,7.931985,6.581044,6.816845,6.968062
1106,merck/cdk8_5cei_new_helix_loop_extra,merck/cdk8_5cei_new_helix_loop_extra/45 flipped,../large_fep_dataset/data/fep_benchmark_processed/merck_cdk8_5cei_new_helix_loop_extra_45_flipped.sdf,../large_fep_dataset/data/fep_benchmark_processed/merck_cdk8_5cei_new_helix_loop_extra_protein.pdb,1106,7.0838575,6.33328,6.300944,7.6512003,6.7619357,7.0784535,7.1751513,7.807507,6.561357,6.5562634,6.930995
1107,merck/cdk8_5cei_new_helix_loop_extra,merck/cdk8_5cei_new_helix_loop_extra/42 flipped,../large_fep_dataset/data/fep_benchmark_processed/merck_cdk8_5cei_new_helix_loop_extra_42_flipped.sdf,../large_fep_dataset/data/fep_benchmark_processed/merck_cdk8_5cei_new_helix_loop_extra_protein.pdb,1107,6.732216,7.241943,7.0559483,7.242847,6.803899,7.2883506,7.5687466,7.980331,6.902293,7.3504934,7.2167068
1108,waterset/urokinase,"waterset/urokinase/10302 (1GJ7, no water pose)","../large_fep_dataset/data/fep_benchmark_processed/waterset_urokinase_10302_(1GJ7,_no_water_pose).sdf",../large_fep_dataset/data/fep_benchmark_processed/waterset_urokinase_protein.pdb,1108,6.663391,6.9824996,7.2938843,7.0018125,6.949851,7.18242,7.1284494,6.817333,6.689242,6.9146466,6.9623528
1109,waterset/urokinase,waterset/urokinase/11417 (no water pose),../large_fep_dataset/data/fep_benchmark_processed/waterset_urokinase_11417_(no_water_pose).sdf,../large_fep_dataset/data/fep_benchmark_processed/waterset_urokinase_protein.pdb,1109,6.837733,7.0579777,7.3081555,6.7539883,6.9506693,7.1540337,6.8916664,6.529592,6.574693,6.6247425,6.868325
1110,waterset/urokinase,waterset/urokinase/7806 (no water pose),../large_fep_dataset/data/fep_benchmark_processed/waterset_urokinase_7806_(no_water_pose).sdf,../large_fep_dataset/data/fep_benchmark_processed/waterset_urokinase_protein.pdb,1110,6.298551,6.524568,6.2778506,6.5907316,6.608484,5.8048353,6.2096453,5.6384373,6.5236444,5.7273283,6.2204075
1111,waterset/urokinase,waterset/urokinase/8696 (no water pose),../large_fep_dataset/data/fep_benchmark_processed/waterset_urokinase_8696_(no_water_pose).sdf,../large_fep_dataset/data/fep_benchmark_processed/waterset_urokinase_protein.pdb,1111,6.8662143,7.0758886,7.0111675,7.1190796,7.1958685,6.7808623,7.1738834,6.139103,7.0219707,6.7496433,6.9133673
1112,waterset/scyt_dehyd,waterset/scyt_dehyd/3d,../large_fep_dataset/data/fep_benchmark_processed/waterset_scyt_dehyd_3d.sdf,../large_fep_dataset/data/fep_benchmark_processed/waterset_scyt_dehyd_protein.pdb,1112,6.5647793,6.0643473,6.718915,7.2275352,7.4421325,7.3136706,6.700098,7.2610903,6.7374134,6.8423533,6.8872337
1113,waterset/scyt_dehyd,waterset/scyt_dehyd/8d,../large_fep_dataset/data/fep_benchmark_processed/waterset_scyt_dehyd_8d.sdf,../large_fep_dataset/data/fep_benchmark_processed/waterset_scyt_dehyd_protein.pdb,1113,7.26458,6.759584,7.1376553,7.6923223,7.8707805,7.6248126,7.782075,7.9214616,8.173967,6.948537,7.517578
1114,waterset/scyt_dehyd,waterset/scyt_dehyd/2d,../large_fep_dataset/data/fep_benchmark_processed/waterset_scyt_dehyd_2d.sdf,../large_fep_dataset/data/fep_benchmark_processed/waterset_scyt_dehyd_protein.pdb,1114,7.38542,6.83113,7.7541604,7.635864,8.134263,7.8592997,7.8224463,7.8501735,8.271492,7.3975363,7.6941786
1115,waterset/scyt_dehyd,waterset/scyt_dehyd/4d,../large_fep_dataset/data/fep_benchmark_processed/waterset_scyt_dehyd_4d.sdf,../large_fep_dataset/data/fep_benchmark_processed/waterset_scyt_dehyd_protein.pdb,1115,7.475312,6.523253,8.216125,8.051592,7.9406805,7.604899,7.4203105,8.326297,7.7617793,7.6410875,7.696134
1116,waterset/scyt_dehyd,waterset/scyt_dehyd/5d,../large_fep_dataset/data/fep_benchmark_processed/waterset_scyt_dehyd_5d.sdf,../large_fep_dataset/data/fep_benchmark_processed/waterset_scyt_dehyd_protein.pdb,1116,7.4728446,6.6566176,7.2486486,7.2459908,8.0626545,7.045527,7.437441,7.9910994,7.605582,6.6529403,7.341934
1117,waterset/scyt_dehyd,waterset/scyt_dehyd/6d,../large_fep_dataset/data/fep_benchmark_processed/waterset_scyt_dehyd_6d.sdf,../large_fep_dataset/data/fep_benchmark_processed/waterset_scyt_dehyd_protein.pdb,1117,7.241081,6.8547626,7.795972,7.8808694,8.021885,7.677271,8.222956,8.099001,7.8047404,6.875753,7.647429
1118,waterset/scyt_dehyd,waterset/scyt_dehyd/7d,../large_fep_dataset/data/fep_benchmark_processed/waterset_scyt_dehyd_7d.sdf,../large_fep_dataset/data/fep_benchmark_processed/waterset_scyt_dehyd_protein.pdb,1118,7.7872205,6.5926876,8.108015,8.506938,8.188125,7.8591704,8.204701,8.948815,8.292415,7.4708257,7.9958906
1119,waterset/brd41_ASH106,waterset/brd41_ASH106/cmpd 5 (1-Butenyl),../large_fep_dataset/data/fep_benchmark_processed/waterset_brd41_ASH106_cmpd_5_(1-Butenyl).sdf,../large_fep_dataset/data/fep_benchmark_processed/waterset_brd41_ASH106_protein.pdb,1119,5.815725,5.809601,5.7893305,5.8279862,5.7928915,6.240512,5.8429723,5.7027364,5.863733,5.929748,5.8615236
1120,waterset/brd41_ASH106,waterset/brd41_ASH106/cmpd 2 (methyl),../large_fep_dataset/data/fep_benchmark_processed/waterset_brd41_ASH106_cmpd_2_(methyl).sdf,../large_fep_dataset/data/fep_benchmark_processed/waterset_brd41_ASH106_protein.pdb,1120,6.171199,6.3110747,5.727204,6.292011,5.726718,6.0882998,5.874981,6.133754,5.843419,6.157506,6.0326166
1121,waterset/brd41_ASH106,waterset/brd41_ASH106/cmpd 3 (Allyl),../large_fep_dataset/data/fep_benchmark_processed/waterset_brd41_ASH106_cmpd_3_(Allyl).sdf,../large_fep_dataset/data/fep_benchmark_processed/waterset_brd41_ASH106_protein.pdb,1121,6.428468,5.628507,5.8182607,5.595688,5.7598786,6.210805,5.803185,5.6061773,5.958786,5.666747,5.8476505
1122,waterset/brd41_ASH106,waterset/brd41_ASH106/cmpd 9 (methoxyethyl),../large_fep_dataset/data/fep_benchmark_processed/waterset_brd41_ASH106_cmpd_9_(methoxyethyl).sdf,../large_fep_dataset/data/fep_benchmark_processed/waterset_brd41_ASH106_protein.pdb,1122,6.3866043,5.642258,5.7598886,5.866418,6.01677,6.144347,6.025926,5.946674,5.5124903,6.1212645,5.9422636
1123,waterset/brd41_ASH106,waterset/brd41_ASH106/cmpd 6 (ethyl),../large_fep_dataset/data/fep_benchmark_processed/waterset_brd41_ASH106_cmpd_6_(ethyl).sdf,../large_fep_dataset/data/fep_benchmark_processed/waterset_brd41_ASH106_protein.pdb,1123,6.0251307,5.662556,5.34561,6.2358365,5.5501685,5.7820363,5.81457,5.663051,5.7344623,5.569795,5.738322
1124,waterset/brd41_ASH106,waterset/brd41_ASH106/cmpd 8 (n-Butyl),../large_fep_dataset/data/fep_benchmark_processed/waterset_brd41_ASH106_cmpd_8_(n-Butyl).sdf,../large_fep_dataset/data/fep_benchmark_processed/waterset_brd41_ASH106_protein.pdb,1124,6.972101,5.624443,5.499632,6.1426053,5.824359,6.4531403,5.8841786,5.850287,6.1364017,6.217427,6.0604577
1125,waterset/brd41_ASH106,waterset/brd41_ASH106/cmpd 7 (n-propyl),../large_fep_dataset/data/fep_benchmark_processed/waterset_brd41_ASH106_cmpd_7_(n-propyl).sdf,../large_fep_dataset/data/fep_benchmark_processed/waterset_brd41_ASH106_protein.pdb,1125,6.626412,5.842795,5.571836,6.3498483,5.741033,6.274899,5.7733207,5.887042,6.3287416,6.2351465,6.0631075
1126,waterset/brd41_ASH106,waterset/brd41_ASH106/cmpd 4 (Crotyl),../large_fep_dataset/data/fep_benchmark_processed/waterset_brd41_ASH106_cmpd_4_(Crotyl).sdf,../large_fep_dataset/data/fep_benchmark_processed/waterset_brd41_ASH106_protein.pdb,1126,6.3443036,5.9754786,5.814535,5.9188004,5.8332953,6.485544,6.019896,5.8114777,5.914836,5.919416,6.0037584
1127,waterset/hsp90_woodhead,waterset/hsp90_woodhead/4,../large_fep_dataset/data/fep_benchmark_processed/waterset_hsp90_woodhead_4.sdf,../large_fep_dataset/data/fep_benchmark_processed/waterset_hsp90_woodhead_protein.pdb,1127,7.3386717,7.1311283,7.4667807,7.585741,6.990472,7.5356317,7.4650187,7.3686233,6.599031,6.750433,7.2231536
1128,waterset/hsp90_woodhead,waterset/hsp90_woodhead/1,../large_fep_dataset/data/fep_benchmark_processed/waterset_hsp90_woodhead_1.sdf,../large_fep_dataset/data/fep_benchmark_processed/waterset_hsp90_woodhead_protein.pdb,1128,8.337278,7.27613,7.5907083,7.154408,8.3090515,7.1890545,8.093382,7.9870324,7.9431634,7.7939696,7.767418
1129,waterset/hsp90_woodhead,waterset/hsp90_woodhead/3,../large_fep_dataset/data/fep_benchmark_processed/waterset_hsp90_woodhead_3.sdf,../large_fep_dataset/data/fep_benchmark_processed/waterset_hsp90_woodhead_protein.pdb,1129,7.449065,7.4611673,7.9749303,7.4372845,7.0101066,7.590547,7.653345,7.168094,7.38204,7.1854873,7.4312067
1130,waterset/hsp90_woodhead,waterset/hsp90_woodhead/2,../large_fep_dataset/data/fep_benchmark_processed/waterset_hsp90_woodhead_2.sdf,../large_fep_dataset/data/fep_benchmark_processed/waterset_hsp90_woodhead_protein.pdb,1130,6.72969,6.454251,6.1264505,5.5927353,6.5516133,6.227054,6.603399,6.187576,6.3106036,5.959352,6.274272
1131,waterset/throm_nozob_hip75,waterset/throm_nozob_hip75/2d pose 2,../large_fep_dataset/data/fep_benchmark_processed/waterset_throm_nozob_hip75_2d_pose_2.sdf,../large_fep_dataset/data/fep_benchmark_processed/waterset_throm_nozob_hip75_protein.pdb,1131,5.136069,4.8154306,5.9871707,5.6687036,5.317896,5.706048,5.849337,5.5503583,4.940998,5.0860295,5.405804
1132,waterset/throm_nozob_hip75,waterset/throm_nozob_hip75/2c pose 2,../large_fep_dataset/data/fep_benchmark_processed/waterset_throm_nozob_hip75_2c_pose_2.sdf,../large_fep_dataset/data/fep_benchmark_processed/waterset_throm_nozob_hip75_protein.pdb,1132,5.706292,4.600997,5.616596,6.668465,5.655744,5.46195,5.9427485,5.4523616,4.953915,5.019005,5.5078077
1133,waterset/throm_nozob_hip75,waterset/throm_nozob_hip75/7b,../large_fep_dataset/data/fep_benchmark_processed/waterset_throm_nozob_hip75_7b.sdf,../large_fep_dataset/data/fep_benchmark_processed/waterset_throm_nozob_hip75_protein.pdb,1133,5.9031196,5.6849046,6.383252,6.644716,5.9371905,5.683966,5.8394876,5.646082,6.0029035,5.3197875,5.9045405
1134,waterset/throm_nozob_hip75,waterset/throm_nozob_hip75/7c pose 1,../large_fep_dataset/data/fep_benchmark_processed/waterset_throm_nozob_hip75_7c_pose_1.sdf,../large_fep_dataset/data/fep_benchmark_processed/waterset_throm_nozob_hip75_protein.pdb,1134,6.029411,5.727308,5.5692444,6.311081,5.688369,5.708552,5.7429934,6.046169,6.0424843,4.9358797,5.780149
1135,waterset/throm_nozob_hip75,waterset/throm_nozob_hip75/7f,../large_fep_dataset/data/fep_benchmark_processed/waterset_throm_nozob_hip75_7f.sdf,../large_fep_dataset/data/fep_benchmark_processed/waterset_throm_nozob_hip75_protein.pdb,1135,5.23416,5.6809835,6.3651514,6.8302226,5.5740275,6.1267486,5.391336,5.01107,5.7334914,5.7151303,5.766232
1136,waterset/throm_nozob_hip75,waterset/throm_nozob_hip75/2b pose 1,../large_fep_dataset/data/fep_benchmark_processed/waterset_throm_nozob_hip75_2b_pose_1.sdf,../large_fep_dataset/data/fep_benchmark_processed/waterset_throm_nozob_hip75_protein.pdb,1136,5.894042,5.0010753,5.4988484,6.2380605,5.905471,5.0116305,5.479703,6.019343,5.873805,5.177408,5.6099386
1137,waterset/throm_nozob_hip75,waterset/throm_nozob_hip75/1a pose 2,../large_fep_dataset/data/fep_benchmark_processed/waterset_throm_nozob_hip75_1a_pose_2.sdf,../large_fep_dataset/data/fep_benchmark_processed/waterset_throm_nozob_hip75_protein.pdb,1137,5.870138,4.937772,5.7714977,5.9806304,5.578777,5.1667967,5.8951273,5.641477,5.4976125,5.5559363,5.589576
1138,waterset/throm_nozob_hip75,waterset/throm_nozob_hip75/7e pose 1,../large_fep_dataset/data/fep_benchmark_processed/waterset_throm_nozob_hip75_7e_pose_1.sdf,../large_fep_dataset/data/fep_benchmark_processed/waterset_throm_nozob_hip75_protein.pdb,1138,6.0646687,5.4621716,5.340301,6.647763,5.6445866,5.5580306,5.489748,5.513954,5.5980325,5.23658,5.6555834
1139,waterset/throm_nozob_hip75,waterset/throm_nozob_hip75/6a pose 1,../large_fep_dataset/data/fep_benchmark_processed/waterset_throm_nozob_hip75_6a_pose_1.sdf,../large_fep_dataset/data/fep_benchmark_processed/waterset_throm_nozob_hip75_protein.pdb,1139,7.6038365,7.203186,7.522213,7.383906,7.2271833,7.1790895,7.026446,6.9540977,7.403609,6.170906,7.167447
1140,waterset/throm_nozob_hip75,waterset/throm_nozob_hip75/5,../large_fep_dataset/data/fep_benchmark_processed/waterset_throm_nozob_hip75_5.sdf,../large_fep_dataset/data/fep_benchmark_processed/waterset_throm_nozob_hip75_protein.pdb,1140,4.9637203,5.1994767,4.288546,5.5758886,5.294855,4.6630187,5.442932,4.659233,5.2833314,5.186015,5.0557017
1141,waterset/throm_nozob_hip75,waterset/throm_nozob_hip75/1c pose 2,../large_fep_dataset/data/fep_benchmark_processed/waterset_throm_nozob_hip75_1c_pose_2.sdf,../large_fep_dataset/data/fep_benchmark_processed/waterset_throm_nozob_hip75_protein.pdb,1141,6.334689,5.2975416,5.8915143,6.517007,6.3564296,5.8265905,5.9707074,6.4971066,5.9613295,5.605365,6.0258284
1142,waterset/throm_nozob_hip75,waterset/throm_nozob_hip75/2a pose 2,../large_fep_dataset/data/fep_benchmark_processed/waterset_throm_nozob_hip75_2a_pose_2.sdf,../large_fep_dataset/data/fep_benchmark_processed/waterset_throm_nozob_hip75_protein.pdb,1142,6.1987042,5.4991345,6.3341784,6.327393,6.338744,5.671032,5.8310356,6.078221,6.019383,6.4667664,6.076459
1143,waterset/throm_nozob_hip75,waterset/throm_nozob_hip75/7a pose 2,../large_fep_dataset/data/fep_benchmark_processed/waterset_throm_nozob_hip75_7a_pose_2.sdf,../large_fep_dataset/data/fep_benchmark_processed/waterset_throm_nozob_hip75_protein.pdb,1143,6.0617313,5.719325,5.681092,6.290647,6.404182,5.645596,6.1459203,5.9752054,5.7792635,6.2284966,5.993146
1144,waterset/throm_nozob_hip75,waterset/throm_nozob_hip75/3b pose 1,../large_fep_dataset/data/fep_benchmark_processed/waterset_throm_nozob_hip75_3b_pose_1.sdf,../large_fep_dataset/data/fep_benchmark_processed/waterset_throm_nozob_hip75_protein.pdb,1144,6.5384417,5.7980156,6.427924,6.4930143,6.1271715,5.2749553,5.7087607,5.94569,6.0340853,5.501554,5.984961
1145,waterset/throm_nozob_hip75,waterset/throm_nozob_hip75/6d pose 2,../large_fep_dataset/data/fep_benchmark_processed/waterset_throm_nozob_hip75_6d_pose_2.sdf,../large_fep_dataset/data/fep_benchmark_processed/waterset_throm_nozob_hip75_protein.pdb,1145,6.414889,5.5653324,6.9225016,7.110909,6.420826,6.191697,6.8206487,6.140409,6.240517,5.7774243,6.3605146
1146,waterset/throm_nozob_hip75,waterset/throm_nozob_hip75/6c pose 1,../large_fep_dataset/data/fep_benchmark_processed/waterset_throm_nozob_hip75_6c_pose_1.sdf,../large_fep_dataset/data/fep_benchmark_processed/waterset_throm_nozob_hip75_protein.pdb,1146,6.7281284,5.7219,7.4410152,7.1596975,6.639279,6.144533,6.2828183,6.3532023,6.934921,6.048874,6.545438
1147,waterset/throm_nozob_hip75,waterset/throm_nozob_hip75/3a xtal pose,../large_fep_dataset/data/fep_benchmark_processed/waterset_throm_nozob_hip75_3a_xtal_pose.sdf,../large_fep_dataset/data/fep_benchmark_processed/waterset_throm_nozob_hip75_protein.pdb,1147,5.804886,5.037199,5.2918024,5.9428716,6.035648,5.0632076,5.502605,5.437181,5.623336,5.431211,5.5169945
1148,waterset/throm_nozob_hip75,waterset/throm_nozob_hip75/1b pose 2,../large_fep_dataset/data/fep_benchmark_processed/waterset_throm_nozob_hip75_1b_pose_2.sdf,../large_fep_dataset/data/fep_benchmark_processed/waterset_throm_nozob_hip75_protein.pdb,1148,6.1303554,4.644143,6.059208,6.1897035,5.6691036,5.419769,5.4273076,5.667497,5.5340724,4.9928136,5.573397
1149,waterset/throm_nozob_hip75,waterset/throm_nozob_hip75/6b pose 2,../large_fep_dataset/data/fep_benchmark_processed/waterset_throm_nozob_hip75_6b_pose_2.sdf,../large_fep_dataset/data/fep_benchmark_processed/waterset_throm_nozob_hip75_protein.pdb,1149,6.1426253,5.4346843,6.2564754,6.4663095,6.2634664,5.969106,6.555982,5.9605427,6.2265825,5.9888973,6.1264663
1150,waterset/throm_nozob_hip75,waterset/throm_nozob_hip75/6e pose 1,../large_fep_dataset/data/fep_benchmark_processed/waterset_throm_nozob_hip75_6e_pose_1.sdf,../large_fep_dataset/data/fep_benchmark_processed/waterset_throm_nozob_hip75_protein.pdb,1150,7.3569875,7.198283,7.457776,7.383085,7.4604354,7.0101857,7.015767,6.676123,7.2258534,6.2686396,7.105314
1151,waterset/throm_nozob_hip75,waterset/throm_nozob_hip75/1d pose 2,../large_fep_dataset/data/fep_benchmark_processed/waterset_throm_nozob_hip75_1d_pose_2.sdf,../large_fep_dataset/data/fep_benchmark_processed/waterset_throm_nozob_hip75_protein.pdb,1151,7.17291,5.0005355,5.847529,6.6445646,6.8829455,6.3344088,6.263651,6.447973,6.130937,5.836967,6.256242
1152,waterset/taf12,waterset/taf12/cmpd 5 (1-Butenyl),../large_fep_dataset/data/fep_benchmark_processed/waterset_taf12_cmpd_5_(1-Butenyl).sdf,../large_fep_dataset/data/fep_benchmark_processed/waterset_taf12_protein.pdb,1152,6.8263683,6.9702735,7.366182,6.8352613,7.7440195,7.147132,6.7632127,6.3318243,7.1199923,6.8419433,6.9946213
1153,waterset/taf12,waterset/taf12/cmpd 2 (methyl),../large_fep_dataset/data/fep_benchmark_processed/waterset_taf12_cmpd_2_(methyl).sdf,../large_fep_dataset/data/fep_benchmark_processed/waterset_taf12_protein.pdb,1153,6.306549,5.8139997,6.1663666,6.0524898,6.7929606,6.219358,6.630149,6.450846,6.412872,6.4107704,6.3256364
1154,waterset/taf12,waterset/taf12/cmpd 3 (Allyl),../large_fep_dataset/data/fep_benchmark_processed/waterset_taf12_cmpd_3_(Allyl).sdf,../large_fep_dataset/data/fep_benchmark_processed/waterset_taf12_protein.pdb,1154,6.35405,6.400696,6.6058393,6.3219285,6.6701436,6.534382,6.7196345,6.3488846,6.7577877,6.5164647,6.522981
1155,waterset/taf12,waterset/taf12/cmpd 9 (methoxyethyl),../large_fep_dataset/data/fep_benchmark_processed/waterset_taf12_cmpd_9_(methoxyethyl).sdf,../large_fep_dataset/data/fep_benchmark_processed/waterset_taf12_protein.pdb,1155,6.4478307,6.421834,5.84858,6.4828296,6.712098,6.884069,6.792398,6.791782,6.613731,6.3686566,6.536381
1156,waterset/taf12,waterset/taf12/cmpd 6 (ethyl),../large_fep_dataset/data/fep_benchmark_processed/waterset_taf12_cmpd_6_(ethyl).sdf,../large_fep_dataset/data/fep_benchmark_processed/waterset_taf12_protein.pdb,1156,6.346148,5.711903,6.1904597,6.2486506,6.85619,5.992934,6.710839,6.394995,6.3597803,5.950089,6.276199
1157,waterset/taf12,waterset/taf12/cmpd 8 (n-Butyl),../large_fep_dataset/data/fep_benchmark_processed/waterset_taf12_cmpd_8_(n-Butyl).sdf,../large_fep_dataset/data/fep_benchmark_processed/waterset_taf12_protein.pdb,1157,6.69139,6.443883,6.5128756,7.072652,6.9537535,6.438403,6.497474,6.397137,6.663506,6.3253965,6.5996466
1158,waterset/taf12,waterset/taf12/cmpd 7 (n-propyl),../large_fep_dataset/data/fep_benchmark_processed/waterset_taf12_cmpd_7_(n-propyl).sdf,../large_fep_dataset/data/fep_benchmark_processed/waterset_taf12_protein.pdb,1158,6.7142353,6.2066116,6.4868603,7.092819,6.8659835,6.2581787,6.566228,6.496998,6.5142703,6.391964,6.559415
1159,waterset/taf12,waterset/taf12/cmpd 4 (Crotyl),../large_fep_dataset/data/fep_benchmark_processed/waterset_taf12_cmpd_4_(Crotyl).sdf,../large_fep_dataset/data/fep_benchmark_processed/waterset_taf12_protein.pdb,1159,6.642151,6.519633,7.1733456,6.5983186,7.256003,7.278553,6.8684554,6.3889527,6.8193107,6.796824,6.8341546
1160,waterset/chk1,waterset/chk1/21 (Xtal),../large_fep_dataset/data/fep_benchmark_processed/waterset_chk1_21_(Xtal).sdf,../large_fep_dataset/data/fep_benchmark_processed/waterset_chk1_protein.pdb,1160,8.507847,8.304839,8.462741,9.007453,8.42473,8.814938,7.7501044,8.3428135,8.595573,7.8709083,8.408195
1161,waterset/chk1,waterset/chk1/22,../large_fep_dataset/data/fep_benchmark_processed/waterset_chk1_22.sdf,../large_fep_dataset/data/fep_benchmark_processed/waterset_chk1_protein.pdb,1161,8.424972,8.222546,8.422245,8.794092,8.457585,8.508816,7.622846,8.160769,8.503615,7.932841,8.305033
1162,waterset/chk1,waterset/chk1/24 pose 2,../large_fep_dataset/data/fep_benchmark_processed/waterset_chk1_24_pose_2.sdf,../large_fep_dataset/data/fep_benchmark_processed/waterset_chk1_protein.pdb,1162,8.384392,8.151741,8.46895,7.698811,8.047557,8.542771,8.287387,7.809307,8.386898,7.495046,8.127287
1163,waterset/chk1,waterset/chk1/14 docked,../large_fep_dataset/data/fep_benchmark_processed/waterset_chk1_14_docked.sdf,../large_fep_dataset/data/fep_benchmark_processed/waterset_chk1_protein.pdb,1163,8.4056635,8.083581,7.9880753,8.4629,8.218378,7.7955246,7.7991743,8.410267,7.587615,8.233234,8.098442
1164,waterset/chk1,waterset/chk1/18 docked,../large_fep_dataset/data/fep_benchmark_processed/waterset_chk1_18_docked.sdf,../large_fep_dataset/data/fep_benchmark_processed/waterset_chk1_protein.pdb,1164,7.6657953,7.639974,7.1438236,7.3319893,7.2281923,7.9596534,7.1527762,7.637916,7.264472,7.147736,7.4172325
1165,waterset/chk1,waterset/chk1/13 docked,../large_fep_dataset/data/fep_benchmark_processed/waterset_chk1_13_docked.sdf,../large_fep_dataset/data/fep_benchmark_processed/waterset_chk1_protein.pdb,1165,7.438106,7.6965384,7.436855,7.637225,7.0861974,7.9840374,6.882229,7.4373927,7.4354653,6.7537575,7.3787813
1166,waterset/chk1,waterset/chk1/20,../large_fep_dataset/data/fep_benchmark_processed/waterset_chk1_20.sdf,../large_fep_dataset/data/fep_benchmark_processed/waterset_chk1_protein.pdb,1166,6.862351,6.7854843,6.8624153,6.929806,7.440973,7.1896753,7.0313773,6.703824,7.1534996,6.4824586,6.9441857
1167,waterset/chk1,waterset/chk1/12 docked,../large_fep_dataset/data/fep_benchmark_processed/waterset_chk1_12_docked.sdf,../large_fep_dataset/data/fep_benchmark_processed/waterset_chk1_protein.pdb,1167,7.3434525,7.6448646,7.7817345,7.7990537,7.7215147,8.013562,7.5209274,8.000257,7.5919595,7.4976,7.6914916
1168,waterset/chk1,waterset/chk1/16 docked,../large_fep_dataset/data/fep_benchmark_processed/waterset_chk1_16_docked.sdf,../large_fep_dataset/data/fep_benchmark_processed/waterset_chk1_protein.pdb,1168,8.238345,8.373532,7.810986,8.29573,7.555509,8.467344,7.5285645,8.106853,7.9226956,7.4641523,7.976371
1169,waterset/chk1,waterset/chk1/19,../large_fep_dataset/data/fep_benchmark_processed/waterset_chk1_19.sdf,../large_fep_dataset/data/fep_benchmark_processed/waterset_chk1_protein.pdb,1169,8.092111,7.6815095,7.5228887,7.955529,7.8203897,8.095017,7.4912763,8.165354,7.663912,7.253951,7.774194
1170,waterset/chk1,waterset/chk1/17 torsion adjust,../large_fep_dataset/data/fep_benchmark_processed/waterset_chk1_17_torsion_adjust.sdf,../large_fep_dataset/data/fep_benchmark_processed/waterset_chk1_protein.pdb,1170,8.087503,7.750146,7.871038,7.6519666,7.442992,8.478577,7.664949,8.112591,8.36316,7.2486496,7.867157
1171,waterset/chk1,waterset/chk1/15 docked,../large_fep_dataset/data/fep_benchmark_processed/waterset_chk1_15_docked.sdf,../large_fep_dataset/data/fep_benchmark_processed/waterset_chk1_protein.pdb,1171,8.129173,7.7391343,7.53734,8.189414,8.246535,7.5048904,7.534508,7.3124833,8.005514,7.0063276,7.7205324
1172,waterset/chk1,waterset/chk1/11 docked,../large_fep_dataset/data/fep_benchmark_processed/waterset_chk1_11_docked.sdf,../large_fep_dataset/data/fep_benchmark_processed/waterset_chk1_protein.pdb,1172,8.166795,7.8731003,8.309664,8.4792185,8.163152,8.115664,7.9270406,8.378802,7.8484955,8.183147,8.144506
1173,waterset/hsp90_kung,waterset/hsp90_kung/cmpd 16,../large_fep_dataset/data/fep_benchmark_processed/waterset_hsp90_kung_cmpd_16.sdf,../large_fep_dataset/data/fep_benchmark_processed/waterset_hsp90_kung_protein.pdb,1173,6.547069,7.572714,7.6657686,7.6509876,8.357078,7.5788794,7.7660685,8.048497,7.3756547,7.7388844,7.63016
1174,waterset/hsp90_kung,waterset/hsp90_kung/cmpd 9,../large_fep_dataset/data/fep_benchmark_processed/waterset_hsp90_kung_cmpd_9.sdf,../large_fep_dataset/data/fep_benchmark_processed/waterset_hsp90_kung_protein.pdb,1174,6.5082216,7.5022144,7.2852254,7.975298,7.86576,7.4309783,7.457673,8.14499,7.8789625,7.7084427,7.575776
1175,waterset/hsp90_kung,waterset/hsp90_kung/cmpd 13,../large_fep_dataset/data/fep_benchmark_processed/waterset_hsp90_kung_cmpd_13.sdf,../large_fep_dataset/data/fep_benchmark_processed/waterset_hsp90_kung_protein.pdb,1175,7.009277,7.841512,8.595562,8.269286,8.795936,8.265615,7.967049,8.441675,7.8483624,7.903134,8.093741
1176,waterset/hsp90_kung,waterset/hsp90_kung/cmpd 14,../large_fep_dataset/data/fep_benchmark_processed/waterset_hsp90_kung_cmpd_14.sdf,../large_fep_dataset/data/fep_benchmark_processed/waterset_hsp90_kung_protein.pdb,1176,5.697594,7.26049,6.175126,7.7802753,7.8407793,7.093908,7.3736095,7.7026525,7.798588,7.678058,7.2401075
1177,waterset/hsp90_kung,waterset/hsp90_kung/cmpd 15,../large_fep_dataset/data/fep_benchmark_processed/waterset_hsp90_kung_cmpd_15.sdf,../large_fep_dataset/data/fep_benchmark_processed/waterset_hsp90_kung_protein.pdb,1177,6.0649858,7.291843,5.9829187,7.373676,8.203662,7.626047,7.931296,7.72393,7.748921,7.922338,7.386963
1178,waterset/hsp90_kung,waterset/hsp90_kung/cmpd 7,../large_fep_dataset/data/fep_benchmark_processed/waterset_hsp90_kung_cmpd_7.sdf,../large_fep_dataset/data/fep_benchmark_processed/waterset_hsp90_kung_protein.pdb,1178,6.551586,7.21561,6.864385,7.548984,7.2683873,7.494393,7.4017096,7.9302373,7.2702975,6.932511,7.2478104
1179,waterset/hsp90_kung,waterset/hsp90_kung/cmpd 17,../large_fep_dataset/data/fep_benchmark_processed/waterset_hsp90_kung_cmpd_17.sdf,../large_fep_dataset/data/fep_benchmark_processed/waterset_hsp90_kung_protein.pdb,1179,6.6252065,7.6185746,7.7111754,7.0667048,8.435639,7.9349675,7.440036,7.8277707,7.3096023,7.771998,7.574167
1180,waterset/hsp90_kung,waterset/hsp90_kung/cmpd 11,../large_fep_dataset/data/fep_benchmark_processed/waterset_hsp90_kung_cmpd_11.sdf,../large_fep_dataset/data/fep_benchmark_processed/waterset_hsp90_kung_protein.pdb,1180,6.3204837,7.3898225,7.479957,7.95546,8.086873,7.4896703,7.6190944,7.738221,7.6527815,7.8635073,7.559587
1181,waterset/hsp90_kung,waterset/hsp90_kung/cmpd 12,../large_fep_dataset/data/fep_benchmark_processed/waterset_hsp90_kung_cmpd_12.sdf,../large_fep_dataset/data/fep_benchmark_processed/waterset_hsp90_kung_protein.pdb,1181,6.167456,7.4155493,7.046013,8.096487,7.9311323,7.6474466,7.921666,8.128847,7.5465074,7.668733,7.556984
1182,waterset/hsp90_kung,waterset/hsp90_kung/cmpd 10,../large_fep_dataset/data/fep_benchmark_processed/waterset_hsp90_kung_cmpd_10.sdf,../large_fep_dataset/data/fep_benchmark_processed/waterset_hsp90_kung_protein.pdb,1182,6.4080243,7.548365,7.502816,7.412687,8.022418,7.700039,7.4695497,7.8489733,7.2724376,7.134983,7.4320297
1183,waterset/hsp90_kung,waterset/hsp90_kung/cmpd 8,../large_fep_dataset/data/fep_benchmark_processed/waterset_hsp90_kung_cmpd_8.sdf,../large_fep_dataset/data/fep_benchmark_processed/waterset_hsp90_kung_protein.pdb,1183,7.048867,7.3422766,7.0157146,7.1809173,6.8613186,7.106302,7.118133,7.2853446,7.4360204,6.962619,7.1357512
