Unnamed: 0,group_id,unique_id,sdf_file,pdb_file,graph_id,preds_0,preds_1,preds_2,preds_3,preds_4,preds_5,preds_6,preds_7,preds_8,preds_9,preds
0,bayer_macrocycles/wagner_brd4,bayer_macrocycles/wagner_brd4/61a,../large_fep_dataset/data/fep_benchmark_processed/bayer_macrocycles_wagner_brd4_61a.sdf,../large_fep_dataset/data/fep_benchmark_processed/bayer_macrocycles_wagner_brd4_protein.pdb,0,8.106713,7.922623,8.328016,8.151059,8.035476,7.77372,8.233313,8.228199,8.3774,7.6417766,8.079829
1,bayer_macrocycles/wagner_brd4,bayer_macrocycles/wagner_brd4/25e,../large_fep_dataset/data/fep_benchmark_processed/bayer_macrocycles_wagner_brd4_25e.sdf,../large_fep_dataset/data/fep_benchmark_processed/bayer_macrocycles_wagner_brd4_protein.pdb,1,7.258561,7.4171357,7.6396484,7.2837343,6.8527145,7.3671303,7.4973764,7.4574704,7.275345,6.853964,7.2903085
2,bayer_macrocycles/wagner_brd4,bayer_macrocycles/wagner_brd4/11,../large_fep_dataset/data/fep_benchmark_processed/bayer_macrocycles_wagner_brd4_11.sdf,../large_fep_dataset/data/fep_benchmark_processed/bayer_macrocycles_wagner_brd4_protein.pdb,2,5.797324,5.552563,5.7685513,5.68696,5.418395,5.7018976,4.966476,5.5627685,5.1141615,5.004622,5.4573717
3,bayer_macrocycles/ftase_extraligs_custcore_stereo,"bayer_macrocycles/ftase_extraligs_custcore_stereo/lig 2, deprot","../large_fep_dataset/data/fep_benchmark_processed/bayer_macrocycles_ftase_extraligs_custcore_stereo_lig_2,_deprot.sdf",../large_fep_dataset/data/fep_benchmark_processed/bayer_macrocycles_ftase_extraligs_custcore_stereo_protein.pdb,3,6.938273,7.285265,6.42991,6.504391,6.587861,6.3738585,7.7065835,7.3036313,7.5853343,6.5916405,6.9306746
4,bayer_macrocycles/ftase_extraligs_custcore_stereo,"bayer_macrocycles/ftase_extraligs_custcore_stereo/lig 66, deprot","../large_fep_dataset/data/fep_benchmark_processed/bayer_macrocycles_ftase_extraligs_custcore_stereo_lig_66,_deprot.sdf",../large_fep_dataset/data/fep_benchmark_processed/bayer_macrocycles_ftase_extraligs_custcore_stereo_protein.pdb,4,8.308855,6.749124,6.784406,7.6004677,7.824992,7.6236143,7.07195,7.642204,7.6093216,7.829498,7.504443
5,bayer_macrocycles/ftase_extraligs_custcore_stereo,"bayer_macrocycles/ftase_extraligs_custcore_stereo/lig 68, deprot","../large_fep_dataset/data/fep_benchmark_processed/bayer_macrocycles_ftase_extraligs_custcore_stereo_lig_68,_deprot.sdf",../large_fep_dataset/data/fep_benchmark_processed/bayer_macrocycles_ftase_extraligs_custcore_stereo_protein.pdb,5,8.3607025,7.2116394,7.246748,7.7351246,7.800016,7.286508,7.2048683,7.8093524,7.2622414,7.799986,7.5717187
6,bayer_macrocycles/ftase_extraligs_custcore_stereo,bayer_macrocycles/ftase_extraligs_custcore_stereo/lig 51 stereo,../large_fep_dataset/data/fep_benchmark_processed/bayer_macrocycles_ftase_extraligs_custcore_stereo_lig_51_stereo.sdf,../large_fep_dataset/data/fep_benchmark_processed/bayer_macrocycles_ftase_extraligs_custcore_stereo_protein.pdb,6,8.31019,7.2766843,7.4551725,7.374877,7.710913,7.072696,6.867396,7.545885,7.0865326,7.806544,7.450689
7,bayer_macrocycles/ftase_extraligs_custcore_stereo,bayer_macrocycles/ftase_extraligs_custcore_stereo/lig 49 stereo,../large_fep_dataset/data/fep_benchmark_processed/bayer_macrocycles_ftase_extraligs_custcore_stereo_lig_49_stereo.sdf,../large_fep_dataset/data/fep_benchmark_processed/bayer_macrocycles_ftase_extraligs_custcore_stereo_protein.pdb,7,7.902117,6.774082,6.9611006,7.24404,7.661027,7.3675394,7.2599006,7.6603665,7.0267425,8.012022,7.3868933
8,jacs_set/ptp1b,jacs_set/ptp1b/23477,../large_fep_dataset/data/fep_benchmark_processed/jacs_set_ptp1b_23477.sdf,../large_fep_dataset/data/fep_benchmark_processed/jacs_set_ptp1b_protein.pdb,8,6.83712,6.3622804,7.1551223,6.735639,7.1182375,6.6281466,7.008479,7.035516,6.695045,6.8834295,6.8459015
9,jacs_set/ptp1b,jacs_set/ptp1b/23484,../large_fep_dataset/data/fep_benchmark_processed/jacs_set_ptp1b_23484.sdf,../large_fep_dataset/data/fep_benchmark_processed/jacs_set_ptp1b_protein.pdb,9,6.991094,6.8796186,6.3570366,6.2696705,7.0145006,6.69801,6.6615043,7.082303,7.5805526,6.743862,6.827815
10,jacs_set/ptp1b,jacs_set/ptp1b/23467,../large_fep_dataset/data/fep_benchmark_processed/jacs_set_ptp1b_23467.sdf,../large_fep_dataset/data/fep_benchmark_processed/jacs_set_ptp1b_protein.pdb,10,5.9634967,5.5311046,6.116745,5.97667,5.9779277,5.894099,5.876164,5.9227505,6.048502,5.6371474,5.89446
11,jacs_set/ptp1b,jacs_set/ptp1b/20667,../large_fep_dataset/data/fep_benchmark_processed/jacs_set_ptp1b_20667.sdf,../large_fep_dataset/data/fep_benchmark_processed/jacs_set_ptp1b_protein.pdb,11,7.8793373,6.944812,7.5328536,7.2415705,7.9917235,7.507555,7.595281,7.9513564,7.9225655,7.5593796,7.612643
12,jacs_set/ptp1b,jacs_set/ptp1b/23469,../large_fep_dataset/data/fep_benchmark_processed/jacs_set_ptp1b_23469.sdf,../large_fep_dataset/data/fep_benchmark_processed/jacs_set_ptp1b_protein.pdb,12,6.8565598,6.0926237,6.3122225,6.1657043,6.826852,6.2430253,6.8195477,6.3553863,6.2468257,6.0901427,6.400889
13,jacs_set/ptp1b,jacs_set/ptp1b/23483,../large_fep_dataset/data/fep_benchmark_processed/jacs_set_ptp1b_23483.sdf,../large_fep_dataset/data/fep_benchmark_processed/jacs_set_ptp1b_protein.pdb,13,7.565225,6.461252,7.228124,7.688979,7.62813,7.226671,7.657435,7.5297546,7.369322,7.377097,7.3731985
14,jacs_set/ptp1b,jacs_set/ptp1b/23480,../large_fep_dataset/data/fep_benchmark_processed/jacs_set_ptp1b_23480.sdf,../large_fep_dataset/data/fep_benchmark_processed/jacs_set_ptp1b_protein.pdb,14,7.5417795,6.6567273,7.609297,7.0839167,7.672965,6.856112,7.38822,7.241426,7.2687216,6.7850437,7.210421
15,jacs_set/ptp1b,jacs_set/ptp1b/23474,../large_fep_dataset/data/fep_benchmark_processed/jacs_set_ptp1b_23474.sdf,../large_fep_dataset/data/fep_benchmark_processed/jacs_set_ptp1b_protein.pdb,15,7.110131,7.07366,7.213932,6.9087176,7.4062634,7.5269747,7.1517015,7.255172,7.2844214,6.9218345,7.1852813
16,jacs_set/ptp1b,jacs_set/ptp1b/23473,../large_fep_dataset/data/fep_benchmark_processed/jacs_set_ptp1b_23473.sdf,../large_fep_dataset/data/fep_benchmark_processed/jacs_set_ptp1b_protein.pdb,16,6.272757,5.7711945,6.030451,5.8052945,6.2145095,5.495746,6.206576,5.7623944,5.975284,5.6677084,5.920192
17,jacs_set/ptp1b,jacs_set/ptp1b/23471,../large_fep_dataset/data/fep_benchmark_processed/jacs_set_ptp1b_23471.sdf,../large_fep_dataset/data/fep_benchmark_processed/jacs_set_ptp1b_protein.pdb,17,6.2589107,5.9131393,6.666619,6.4921885,6.5292926,6.1927366,6.7535152,6.668863,6.3948874,5.993701,6.3863854
18,jacs_set/ptp1b,jacs_set/ptp1b/20669,../large_fep_dataset/data/fep_benchmark_processed/jacs_set_ptp1b_20669.sdf,../large_fep_dataset/data/fep_benchmark_processed/jacs_set_ptp1b_protein.pdb,18,6.552047,6.3033776,6.6345496,6.5260873,6.863226,6.52289,6.5288215,6.6368246,6.426783,6.038805,6.5033407
19,jacs_set/ptp1b,jacs_set/ptp1b/23476,../large_fep_dataset/data/fep_benchmark_processed/jacs_set_ptp1b_23476.sdf,../large_fep_dataset/data/fep_benchmark_processed/jacs_set_ptp1b_protein.pdb,19,7.361648,6.5628123,7.0471396,6.79726,7.4775267,7.07451,7.145371,7.1599307,6.9092965,6.8175154,7.035301
20,jacs_set/ptp1b,jacs_set/ptp1b/23466,../large_fep_dataset/data/fep_benchmark_processed/jacs_set_ptp1b_23466.sdf,../large_fep_dataset/data/fep_benchmark_processed/jacs_set_ptp1b_protein.pdb,20,5.982968,5.577947,6.269586,6.0503464,6.355076,5.9841075,5.867376,5.8536158,6.4408846,6.0426016,6.042451
21,jacs_set/ptp1b,jacs_set/ptp1b/23472,../large_fep_dataset/data/fep_benchmark_processed/jacs_set_ptp1b_23472.sdf,../large_fep_dataset/data/fep_benchmark_processed/jacs_set_ptp1b_protein.pdb,21,6.3323426,6.0722713,6.512122,6.535635,6.7034354,6.325684,7.005593,6.6152983,6.550722,6.134722,6.4787827
22,jacs_set/ptp1b,jacs_set/ptp1b/23482,../large_fep_dataset/data/fep_benchmark_processed/jacs_set_ptp1b_23482.sdf,../large_fep_dataset/data/fep_benchmark_processed/jacs_set_ptp1b_protein.pdb,22,7.3785477,6.259812,6.884869,6.73231,7.4912224,6.4882207,7.504701,7.3293934,7.379448,7.359261,7.0807776
23,jacs_set/ptp1b,jacs_set/ptp1b/23486,../large_fep_dataset/data/fep_benchmark_processed/jacs_set_ptp1b_23486.sdf,../large_fep_dataset/data/fep_benchmark_processed/jacs_set_ptp1b_protein.pdb,23,7.134057,6.9348617,7.0730567,6.7395763,7.596192,7.050145,6.782386,7.2169538,7.8307195,7.198028,7.1555977
24,jacs_set/ptp1b,jacs_set/ptp1b/23470,../large_fep_dataset/data/fep_benchmark_processed/jacs_set_ptp1b_23470.sdf,../large_fep_dataset/data/fep_benchmark_processed/jacs_set_ptp1b_protein.pdb,24,6.4594617,6.2911625,6.762547,6.5319085,7.0416317,6.378761,6.8147597,6.648612,6.4083014,6.266183,6.5603323
25,jacs_set/ptp1b,jacs_set/ptp1b/23468,../large_fep_dataset/data/fep_benchmark_processed/jacs_set_ptp1b_23468.sdf,../large_fep_dataset/data/fep_benchmark_processed/jacs_set_ptp1b_protein.pdb,25,6.681608,6.0114374,7.003741,7.0373607,7.0944767,6.4602966,6.5195103,6.4361444,6.3868227,6.278504,6.5909905
26,jacs_set/ptp1b,jacs_set/ptp1b/23485,../large_fep_dataset/data/fep_benchmark_processed/jacs_set_ptp1b_23485.sdf,../large_fep_dataset/data/fep_benchmark_processed/jacs_set_ptp1b_protein.pdb,26,7.425509,7.059663,6.6482882,6.7855697,7.311119,6.878681,7.101613,6.9466276,7.7094927,7.103746,7.0970306
27,jacs_set/ptp1b,jacs_set/ptp1b/23330,../large_fep_dataset/data/fep_benchmark_processed/jacs_set_ptp1b_23330.sdf,../large_fep_dataset/data/fep_benchmark_processed/jacs_set_ptp1b_protein.pdb,27,7.3436565,6.4200845,6.7674594,7.146704,7.394495,6.6200795,7.044154,7.1020923,6.8066063,6.8219233,6.9467254
28,jacs_set/ptp1b,jacs_set/ptp1b/20670,../large_fep_dataset/data/fep_benchmark_processed/jacs_set_ptp1b_20670.sdf,../large_fep_dataset/data/fep_benchmark_processed/jacs_set_ptp1b_protein.pdb,28,7.3752227,6.523863,7.116912,6.722146,7.382356,7.214123,7.271463,7.187346,6.9993787,6.859605,7.0652413
29,jacs_set/ptp1b,jacs_set/ptp1b/23479,../large_fep_dataset/data/fep_benchmark_processed/jacs_set_ptp1b_23479.sdf,../large_fep_dataset/data/fep_benchmark_processed/jacs_set_ptp1b_protein.pdb,29,7.544032,7.00401,7.219009,6.8664627,7.4336348,6.9693723,7.5150275,7.3225846,7.403359,7.198864,7.2476363
30,jacs_set/ptp1b,jacs_set/ptp1b/23475,../large_fep_dataset/data/fep_benchmark_processed/jacs_set_ptp1b_23475.sdf,../large_fep_dataset/data/fep_benchmark_processed/jacs_set_ptp1b_protein.pdb,30,7.507712,6.4355984,7.071618,6.67323,7.2084923,6.861849,7.318493,7.095083,6.9214854,6.9792943,7.007285
31,jacs_set/mcl1_extra_flips,jacs_set/mcl1_extra_flips/23,../large_fep_dataset/data/fep_benchmark_processed/jacs_set_mcl1_extra_flips_23.sdf,../large_fep_dataset/data/fep_benchmark_processed/jacs_set_mcl1_extra_flips_protein.pdb,31,6.103141,6.156692,5.981344,6.087199,5.805692,5.7783194,5.631927,5.682698,5.784698,6.202009,5.9213724
32,jacs_set/mcl1_extra_flips,jacs_set/mcl1_extra_flips/26,../large_fep_dataset/data/fep_benchmark_processed/jacs_set_mcl1_extra_flips_26.sdf,../large_fep_dataset/data/fep_benchmark_processed/jacs_set_mcl1_extra_flips_protein.pdb,32,6.144878,5.540407,5.798325,6.092468,5.756146,5.6104727,5.6329827,5.792976,5.634572,5.8660436,5.786927
33,jacs_set/mcl1_extra_flips,jacs_set/mcl1_extra_flips/27,../large_fep_dataset/data/fep_benchmark_processed/jacs_set_mcl1_extra_flips_27.sdf,../large_fep_dataset/data/fep_benchmark_processed/jacs_set_mcl1_extra_flips_protein.pdb,33,5.519523,5.7785096,5.3774686,5.267684,5.160361,5.1634126,5.182324,5.4771323,5.3899317,5.6767454,5.3993087
34,jacs_set/mcl1_extra_flips,jacs_set/mcl1_extra_flips/28,../large_fep_dataset/data/fep_benchmark_processed/jacs_set_mcl1_extra_flips_28.sdf,../large_fep_dataset/data/fep_benchmark_processed/jacs_set_mcl1_extra_flips_protein.pdb,34,5.559627,5.6640973,5.6845202,5.768682,5.6616535,5.4598813,5.466589,5.3736157,5.3070774,6.270394,5.621614
35,jacs_set/mcl1_extra_flips,jacs_set/mcl1_extra_flips/29,../large_fep_dataset/data/fep_benchmark_processed/jacs_set_mcl1_extra_flips_29.sdf,../large_fep_dataset/data/fep_benchmark_processed/jacs_set_mcl1_extra_flips_protein.pdb,35,5.616827,5.263461,4.9706264,6.1394095,5.5325274,5.537424,5.7098556,5.440028,5.7469373,5.7511663,5.5708265
36,jacs_set/mcl1_extra_flips,jacs_set/mcl1_extra_flips/30 flip,../large_fep_dataset/data/fep_benchmark_processed/jacs_set_mcl1_extra_flips_30_flip.sdf,../large_fep_dataset/data/fep_benchmark_processed/jacs_set_mcl1_extra_flips_protein.pdb,36,5.575821,5.7087307,5.6425867,5.628703,5.3330636,5.394981,5.912236,5.6029572,5.60657,6.426414,5.6832066
37,jacs_set/mcl1_extra_flips,jacs_set/mcl1_extra_flips/31,../large_fep_dataset/data/fep_benchmark_processed/jacs_set_mcl1_extra_flips_31.sdf,../large_fep_dataset/data/fep_benchmark_processed/jacs_set_mcl1_extra_flips_protein.pdb,37,5.7175694,5.6362805,5.5990376,5.778694,5.5554295,5.325839,5.7154236,5.4963617,5.9840784,5.875337,5.6684046
38,jacs_set/mcl1_extra_flips,jacs_set/mcl1_extra_flips/32,../large_fep_dataset/data/fep_benchmark_processed/jacs_set_mcl1_extra_flips_32.sdf,../large_fep_dataset/data/fep_benchmark_processed/jacs_set_mcl1_extra_flips_protein.pdb,38,5.455951,5.885821,5.3590674,5.394029,5.446884,5.5976977,5.787255,5.727229,5.635786,5.6776547,5.5967374
39,jacs_set/mcl1_extra_flips,jacs_set/mcl1_extra_flips/33,../large_fep_dataset/data/fep_benchmark_processed/jacs_set_mcl1_extra_flips_33.sdf,../large_fep_dataset/data/fep_benchmark_processed/jacs_set_mcl1_extra_flips_protein.pdb,39,5.6017246,5.97802,5.6670175,5.9271727,5.4858465,5.919766,5.586751,6.178555,6.0301185,5.76677,5.8141737
40,jacs_set/mcl1_extra_flips,jacs_set/mcl1_extra_flips/34,../large_fep_dataset/data/fep_benchmark_processed/jacs_set_mcl1_extra_flips_34.sdf,../large_fep_dataset/data/fep_benchmark_processed/jacs_set_mcl1_extra_flips_protein.pdb,40,5.592449,5.6447635,5.3277655,5.2088504,5.7870955,5.521653,5.8352404,5.27541,6.2335415,5.7447276,5.6171503
41,jacs_set/mcl1_extra_flips,jacs_set/mcl1_extra_flips/35,../large_fep_dataset/data/fep_benchmark_processed/jacs_set_mcl1_extra_flips_35.sdf,../large_fep_dataset/data/fep_benchmark_processed/jacs_set_mcl1_extra_flips_protein.pdb,41,5.716439,6.397972,5.9357824,6.0124784,5.963079,5.9920173,6.8085294,6.4983215,6.101293,6.739829,6.216574
42,jacs_set/mcl1_extra_flips,jacs_set/mcl1_extra_flips/36,../large_fep_dataset/data/fep_benchmark_processed/jacs_set_mcl1_extra_flips_36.sdf,../large_fep_dataset/data/fep_benchmark_processed/jacs_set_mcl1_extra_flips_protein.pdb,42,5.8900414,6.3509903,6.08847,6.226536,6.2260327,6.0075145,6.555062,6.6205797,6.3944488,6.5838885,6.2943563
43,jacs_set/mcl1_extra_flips,jacs_set/mcl1_extra_flips/37,../large_fep_dataset/data/fep_benchmark_processed/jacs_set_mcl1_extra_flips_37.sdf,../large_fep_dataset/data/fep_benchmark_processed/jacs_set_mcl1_extra_flips_protein.pdb,43,6.024564,6.5173264,6.51929,6.403747,6.374089,5.957632,6.776696,6.6329756,6.4796243,7.167618,6.4853563
44,jacs_set/mcl1_extra_flips,jacs_set/mcl1_extra_flips/38 flip,../large_fep_dataset/data/fep_benchmark_processed/jacs_set_mcl1_extra_flips_38_flip.sdf,../large_fep_dataset/data/fep_benchmark_processed/jacs_set_mcl1_extra_flips_protein.pdb,44,5.653154,5.561381,5.771117,5.596219,5.449024,5.4077344,5.4139886,5.698097,5.9895344,5.6949854,5.6235237
45,jacs_set/mcl1_extra_flips,jacs_set/mcl1_extra_flips/39,../large_fep_dataset/data/fep_benchmark_processed/jacs_set_mcl1_extra_flips_39.sdf,../large_fep_dataset/data/fep_benchmark_processed/jacs_set_mcl1_extra_flips_protein.pdb,45,5.810974,5.821893,6.1128535,5.2315354,5.744504,5.959013,5.575747,5.692426,6.399568,5.755669,5.810418
46,jacs_set/mcl1_extra_flips,jacs_set/mcl1_extra_flips/40 flip,../large_fep_dataset/data/fep_benchmark_processed/jacs_set_mcl1_extra_flips_40_flip.sdf,../large_fep_dataset/data/fep_benchmark_processed/jacs_set_mcl1_extra_flips_protein.pdb,46,5.6431084,5.9235234,5.946232,5.7745914,5.860011,5.7824306,5.7206264,5.750723,5.806256,5.9083405,5.811584
47,jacs_set/mcl1_extra_flips,jacs_set/mcl1_extra_flips/41 flip,../large_fep_dataset/data/fep_benchmark_processed/jacs_set_mcl1_extra_flips_41_flip.sdf,../large_fep_dataset/data/fep_benchmark_processed/jacs_set_mcl1_extra_flips_protein.pdb,47,5.809336,6.319646,6.6173763,5.7653017,5.991389,6.083632,5.8722215,5.911498,6.116472,5.8299556,6.031683
48,jacs_set/mcl1_extra_flips,jacs_set/mcl1_extra_flips/42,../large_fep_dataset/data/fep_benchmark_processed/jacs_set_mcl1_extra_flips_42.sdf,../large_fep_dataset/data/fep_benchmark_processed/jacs_set_mcl1_extra_flips_protein.pdb,48,5.8855166,5.8040752,5.9100204,5.5499845,5.463577,5.7506394,5.3383517,5.6155615,5.8182554,6.0954194,5.7231407
49,jacs_set/mcl1_extra_flips,jacs_set/mcl1_extra_flips/43 flip,../large_fep_dataset/data/fep_benchmark_processed/jacs_set_mcl1_extra_flips_43_flip.sdf,../large_fep_dataset/data/fep_benchmark_processed/jacs_set_mcl1_extra_flips_protein.pdb,49,5.5175667,5.7607927,5.893388,5.6231356,5.600142,5.699897,5.671503,5.7424865,6.1998534,5.9192934,5.7628055
50,jacs_set/mcl1_extra_flips,jacs_set/mcl1_extra_flips/44,../large_fep_dataset/data/fep_benchmark_processed/jacs_set_mcl1_extra_flips_44.sdf,../large_fep_dataset/data/fep_benchmark_processed/jacs_set_mcl1_extra_flips_protein.pdb,50,6.431897,5.997482,6.0988503,6.0908556,5.9791064,6.1065693,6.19159,6.410504,6.0648193,6.3400307,6.17117
51,jacs_set/mcl1_extra_flips,jacs_set/mcl1_extra_flips/45,../large_fep_dataset/data/fep_benchmark_processed/jacs_set_mcl1_extra_flips_45.sdf,../large_fep_dataset/data/fep_benchmark_processed/jacs_set_mcl1_extra_flips_protein.pdb,51,6.487655,5.6644077,5.9180627,5.790416,5.68994,6.0339026,5.9065766,6.2750196,5.747481,6.249513,5.976298
52,jacs_set/mcl1_extra_flips,jacs_set/mcl1_extra_flips/46 flip,../large_fep_dataset/data/fep_benchmark_processed/jacs_set_mcl1_extra_flips_46_flip.sdf,../large_fep_dataset/data/fep_benchmark_processed/jacs_set_mcl1_extra_flips_protein.pdb,52,6.0329165,5.6719904,5.591227,5.403585,5.719294,5.789435,6.008433,5.777426,6.064475,6.335252,5.8394036
53,jacs_set/mcl1_extra_flips,jacs_set/mcl1_extra_flips/47 flip,../large_fep_dataset/data/fep_benchmark_processed/jacs_set_mcl1_extra_flips_47_flip.sdf,../large_fep_dataset/data/fep_benchmark_processed/jacs_set_mcl1_extra_flips_protein.pdb,53,5.4427204,5.4612494,5.861383,5.865191,5.4265885,5.529046,5.8366976,5.6105175,6.2847123,5.84704,5.7165146
54,jacs_set/mcl1_extra_flips,jacs_set/mcl1_extra_flips/48 flip,../large_fep_dataset/data/fep_benchmark_processed/jacs_set_mcl1_extra_flips_48_flip.sdf,../large_fep_dataset/data/fep_benchmark_processed/jacs_set_mcl1_extra_flips_protein.pdb,54,5.3833704,5.09913,5.442433,5.4407487,5.2893257,5.5706925,5.0403547,5.307049,5.110498,5.7240734,5.340768
55,jacs_set/mcl1_extra_flips,jacs_set/mcl1_extra_flips/49,../large_fep_dataset/data/fep_benchmark_processed/jacs_set_mcl1_extra_flips_49.sdf,../large_fep_dataset/data/fep_benchmark_processed/jacs_set_mcl1_extra_flips_protein.pdb,55,6.4025507,6.7745376,6.204479,6.3801036,6.3752894,6.534189,7.1064186,6.568585,6.179563,6.725568,6.5251284
56,jacs_set/mcl1_extra_flips,jacs_set/mcl1_extra_flips/50,../large_fep_dataset/data/fep_benchmark_processed/jacs_set_mcl1_extra_flips_50.sdf,../large_fep_dataset/data/fep_benchmark_processed/jacs_set_mcl1_extra_flips_protein.pdb,56,6.8653264,6.9561696,6.7407074,6.716558,6.580539,6.5899267,7.2757983,6.7663302,6.590138,7.163281,6.824477
57,jacs_set/mcl1_extra_flips,jacs_set/mcl1_extra_flips/51,../large_fep_dataset/data/fep_benchmark_processed/jacs_set_mcl1_extra_flips_51.sdf,../large_fep_dataset/data/fep_benchmark_processed/jacs_set_mcl1_extra_flips_protein.pdb,57,6.117532,6.369931,5.933994,6.225269,5.9884367,5.9423766,6.032792,5.9801397,5.818041,6.507888,6.0916395
58,jacs_set/mcl1_extra_flips,jacs_set/mcl1_extra_flips/52,../large_fep_dataset/data/fep_benchmark_processed/jacs_set_mcl1_extra_flips_52.sdf,../large_fep_dataset/data/fep_benchmark_processed/jacs_set_mcl1_extra_flips_protein.pdb,58,5.9730825,6.1099334,5.916023,6.5072937,6.3196354,6.555164,6.553427,6.6877165,5.9233313,6.6487193,6.3194327
59,jacs_set/mcl1_extra_flips,jacs_set/mcl1_extra_flips/53,../large_fep_dataset/data/fep_benchmark_processed/jacs_set_mcl1_extra_flips_53.sdf,../large_fep_dataset/data/fep_benchmark_processed/jacs_set_mcl1_extra_flips_protein.pdb,59,6.605437,6.5439124,6.5113783,6.8472447,6.9159255,6.4154663,6.971585,6.9775677,6.356247,6.9999204,6.7144685
60,jacs_set/mcl1_extra_flips,jacs_set/mcl1_extra_flips/54,../large_fep_dataset/data/fep_benchmark_processed/jacs_set_mcl1_extra_flips_54.sdf,../large_fep_dataset/data/fep_benchmark_processed/jacs_set_mcl1_extra_flips_protein.pdb,60,5.824936,5.797553,5.7992206,6.3139725,5.832105,5.8349814,5.814919,6.397758,5.9368753,6.6542864,6.0206604
61,jacs_set/mcl1_extra_flips,jacs_set/mcl1_extra_flips/56,../large_fep_dataset/data/fep_benchmark_processed/jacs_set_mcl1_extra_flips_56.sdf,../large_fep_dataset/data/fep_benchmark_processed/jacs_set_mcl1_extra_flips_protein.pdb,61,6.838467,7.091261,7.1865144,6.586804,6.9171844,6.4026575,6.915502,6.9062443,7.1702356,7.5312114,6.9546075
62,jacs_set/mcl1_extra_flips,jacs_set/mcl1_extra_flips/57,../large_fep_dataset/data/fep_benchmark_processed/jacs_set_mcl1_extra_flips_57.sdf,../large_fep_dataset/data/fep_benchmark_processed/jacs_set_mcl1_extra_flips_protein.pdb,62,6.4421635,6.440817,6.4592857,5.8728647,5.9669,6.204853,5.997331,6.02066,6.4302235,6.265047,6.2100143
63,jacs_set/mcl1_extra_flips,jacs_set/mcl1_extra_flips/58,../large_fep_dataset/data/fep_benchmark_processed/jacs_set_mcl1_extra_flips_58.sdf,../large_fep_dataset/data/fep_benchmark_processed/jacs_set_mcl1_extra_flips_protein.pdb,63,7.0549903,7.3379736,7.365863,7.3845515,7.1988254,6.8134346,7.299835,7.2184706,6.88096,7.2588286,7.1813736
64,jacs_set/mcl1_extra_flips,jacs_set/mcl1_extra_flips/60,../large_fep_dataset/data/fep_benchmark_processed/jacs_set_mcl1_extra_flips_60.sdf,../large_fep_dataset/data/fep_benchmark_processed/jacs_set_mcl1_extra_flips_protein.pdb,64,6.3353105,6.7913265,6.526288,6.864142,6.7572765,6.0971465,7.1022797,6.854295,6.3951173,7.1120963,6.6835275
65,jacs_set/mcl1_extra_flips,jacs_set/mcl1_extra_flips/61,../large_fep_dataset/data/fep_benchmark_processed/jacs_set_mcl1_extra_flips_61.sdf,../large_fep_dataset/data/fep_benchmark_processed/jacs_set_mcl1_extra_flips_protein.pdb,65,6.733086,7.033602,6.811922,7.1417007,6.6442714,6.861877,7.406456,6.8522887,6.6656046,7.093462,6.924427
66,jacs_set/mcl1_extra_flips,jacs_set/mcl1_extra_flips/62,../large_fep_dataset/data/fep_benchmark_processed/jacs_set_mcl1_extra_flips_62.sdf,../large_fep_dataset/data/fep_benchmark_processed/jacs_set_mcl1_extra_flips_protein.pdb,66,6.3285475,6.749414,6.404881,6.471449,6.192039,6.461093,6.2282267,6.0006075,5.9571276,6.4219904,6.321537
67,jacs_set/mcl1_extra_flips,jacs_set/mcl1_extra_flips/63,../large_fep_dataset/data/fep_benchmark_processed/jacs_set_mcl1_extra_flips_63.sdf,../large_fep_dataset/data/fep_benchmark_processed/jacs_set_mcl1_extra_flips_protein.pdb,67,6.6727905,6.676016,6.9907017,7.3216515,7.2214875,6.5173163,7.6823754,7.2960916,6.7039104,7.012707,7.0095053
68,jacs_set/mcl1_extra_flips,jacs_set/mcl1_extra_flips/64,../large_fep_dataset/data/fep_benchmark_processed/jacs_set_mcl1_extra_flips_64.sdf,../large_fep_dataset/data/fep_benchmark_processed/jacs_set_mcl1_extra_flips_protein.pdb,68,6.1767535,6.0118537,6.5084357,6.6672363,6.507459,5.925883,6.35867,6.373264,5.9706316,6.571633,6.307182
69,jacs_set/mcl1_extra_flips,jacs_set/mcl1_extra_flips/65,../large_fep_dataset/data/fep_benchmark_processed/jacs_set_mcl1_extra_flips_65.sdf,../large_fep_dataset/data/fep_benchmark_processed/jacs_set_mcl1_extra_flips_protein.pdb,69,6.702204,7.0899925,6.8950567,7.0194426,6.7016497,6.489752,7.7143993,7.028089,6.3664927,7.121814,6.912889
70,jacs_set/mcl1_extra_flips,jacs_set/mcl1_extra_flips/66,../large_fep_dataset/data/fep_benchmark_processed/jacs_set_mcl1_extra_flips_66.sdf,../large_fep_dataset/data/fep_benchmark_processed/jacs_set_mcl1_extra_flips_protein.pdb,70,6.3964696,6.375024,6.212298,6.408525,6.1419163,6.252229,6.4747376,6.023223,5.819818,6.805347,6.290959
71,jacs_set/mcl1_extra_flips,jacs_set/mcl1_extra_flips/67,../large_fep_dataset/data/fep_benchmark_processed/jacs_set_mcl1_extra_flips_67.sdf,../large_fep_dataset/data/fep_benchmark_processed/jacs_set_mcl1_extra_flips_protein.pdb,71,6.4618564,6.323223,6.769417,6.9844513,6.659287,6.2012973,7.036931,7.0128417,6.3875318,6.666795,6.650363
72,jacs_set/mcl1_extra_flips,jacs_set/mcl1_extra_flips/68,../large_fep_dataset/data/fep_benchmark_processed/jacs_set_mcl1_extra_flips_68.sdf,../large_fep_dataset/data/fep_benchmark_processed/jacs_set_mcl1_extra_flips_protein.pdb,72,6.1902137,5.9266233,6.0104895,6.410636,6.2549906,6.1656475,5.9342475,6.6602077,5.8983297,6.33006,6.1781445
73,jacs_set/cdk2,jacs_set/cdk2/17,../large_fep_dataset/data/fep_benchmark_processed/jacs_set_cdk2_17.sdf,../large_fep_dataset/data/fep_benchmark_processed/jacs_set_cdk2_protein.pdb,73,5.3634367,5.7863145,4.7585664,5.5247746,5.082029,5.957185,5.422478,5.5390563,5.635645,5.851453,5.492093
74,jacs_set/cdk2,jacs_set/cdk2/28,../large_fep_dataset/data/fep_benchmark_processed/jacs_set_cdk2_28.sdf,../large_fep_dataset/data/fep_benchmark_processed/jacs_set_cdk2_protein.pdb,74,6.252451,6.587427,6.0095835,6.601904,6.5462065,6.276796,6.133062,5.8748703,6.409606,6.035567,6.272747
75,jacs_set/cdk2,jacs_set/cdk2/22,../large_fep_dataset/data/fep_benchmark_processed/jacs_set_cdk2_22.sdf,../large_fep_dataset/data/fep_benchmark_processed/jacs_set_cdk2_protein.pdb,75,5.716344,5.783839,5.283139,5.489004,4.994036,5.771496,5.5055776,5.6254106,5.7039213,5.9626346,5.5835404
76,jacs_set/cdk2,jacs_set/cdk2/30,../large_fep_dataset/data/fep_benchmark_processed/jacs_set_cdk2_30.sdf,../large_fep_dataset/data/fep_benchmark_processed/jacs_set_cdk2_protein.pdb,76,5.707605,5.928908,5.687367,6.141424,6.0042567,6.2607417,5.7018127,5.406517,6.1982408,5.6700997,5.8706975
77,jacs_set/cdk2,jacs_set/cdk2/1h1r,../large_fep_dataset/data/fep_benchmark_processed/jacs_set_cdk2_1h1r.sdf,../large_fep_dataset/data/fep_benchmark_processed/jacs_set_cdk2_protein.pdb,77,4.953642,5.6860867,4.630278,5.086811,4.876249,5.8646655,5.1153483,5.4494796,5.443565,5.46246,5.2568583
78,jacs_set/cdk2,jacs_set/cdk2/1h1s,../large_fep_dataset/data/fep_benchmark_processed/jacs_set_cdk2_1h1s.sdf,../large_fep_dataset/data/fep_benchmark_processed/jacs_set_cdk2_protein.pdb,78,6.3554688,5.8091516,5.6201477,6.7994156,6.3897543,6.3928666,5.8120403,5.9867496,6.5807476,5.5723786,6.1318727
79,jacs_set/cdk2,jacs_set/cdk2/21,../large_fep_dataset/data/fep_benchmark_processed/jacs_set_cdk2_21.sdf,../large_fep_dataset/data/fep_benchmark_processed/jacs_set_cdk2_protein.pdb,79,5.442863,5.466425,5.1382127,5.1470976,5.420719,5.996492,5.906772,5.4908714,5.4284286,5.742901,5.5180783
80,jacs_set/cdk2,jacs_set/cdk2/1oiy,../large_fep_dataset/data/fep_benchmark_processed/jacs_set_cdk2_1oiy.sdf,../large_fep_dataset/data/fep_benchmark_processed/jacs_set_cdk2_protein.pdb,80,5.532963,5.9501715,5.364374,5.616655,5.5697374,5.6720715,6.061822,5.5465126,5.195811,5.1436872,5.5653806
81,jacs_set/cdk2,jacs_set/cdk2/1oiu,../large_fep_dataset/data/fep_benchmark_processed/jacs_set_cdk2_1oiu.sdf,../large_fep_dataset/data/fep_benchmark_processed/jacs_set_cdk2_protein.pdb,81,5.8496704,5.976773,5.335756,6.033692,6.1076293,6.3777256,5.297833,5.5848927,6.4888372,5.577942,5.863075
82,jacs_set/cdk2,jacs_set/cdk2/31,../large_fep_dataset/data/fep_benchmark_processed/jacs_set_cdk2_31.sdf,../large_fep_dataset/data/fep_benchmark_processed/jacs_set_cdk2_protein.pdb,82,5.5630116,5.517746,5.652838,5.9834857,5.710931,5.7658863,5.8460784,5.7016435,5.9029026,5.6970425,5.7341566
83,jacs_set/cdk2,jacs_set/cdk2/29,../large_fep_dataset/data/fep_benchmark_processed/jacs_set_cdk2_29.sdf,../large_fep_dataset/data/fep_benchmark_processed/jacs_set_cdk2_protein.pdb,83,6.3766785,6.5160265,5.961962,6.2660255,6.592955,6.601429,6.670857,6.4938903,6.923003,6.3723497,6.4775176
84,jacs_set/cdk2,jacs_set/cdk2/26,../large_fep_dataset/data/fep_benchmark_processed/jacs_set_cdk2_26.sdf,../large_fep_dataset/data/fep_benchmark_processed/jacs_set_cdk2_protein.pdb,84,5.468335,5.6174436,5.2953243,5.1723375,5.623905,6.268936,5.8666444,5.668159,5.4066954,5.368217,5.5756
85,jacs_set/cdk2,jacs_set/cdk2/1oi9,../large_fep_dataset/data/fep_benchmark_processed/jacs_set_cdk2_1oi9.sdf,../large_fep_dataset/data/fep_benchmark_processed/jacs_set_cdk2_protein.pdb,85,5.898208,5.8366156,5.757498,5.7765718,6.0647626,6.7203584,5.9244914,6.011758,5.851595,5.621335,5.946319
86,jacs_set/cdk2,jacs_set/cdk2/20,../large_fep_dataset/data/fep_benchmark_processed/jacs_set_cdk2_20.sdf,../large_fep_dataset/data/fep_benchmark_processed/jacs_set_cdk2_protein.pdb,86,5.684553,5.9457107,5.6230016,5.8530684,5.6593637,6.466641,5.800005,5.779253,5.821824,6.0032935,5.863671
87,jacs_set/cdk2,jacs_set/cdk2/32,../large_fep_dataset/data/fep_benchmark_processed/jacs_set_cdk2_32.sdf,../large_fep_dataset/data/fep_benchmark_processed/jacs_set_cdk2_protein.pdb,87,6.3661256,6.060863,5.992994,6.3835516,6.364366,6.775899,5.6092052,6.4286747,6.6735706,5.4753265,6.2130575
88,jacs_set/cdk2,jacs_set/cdk2/1h1q,../large_fep_dataset/data/fep_benchmark_processed/jacs_set_cdk2_1h1q.sdf,../large_fep_dataset/data/fep_benchmark_processed/jacs_set_cdk2_protein.pdb,88,5.327911,5.5859556,5.318081,5.3372006,5.9208336,5.832497,5.112333,5.7860103,5.5565977,5.896447,5.5673866
89,jacs_set/jnk1_manual_flips,jacs_set/jnk1_manual_flips/18626-1,../large_fep_dataset/data/fep_benchmark_processed/jacs_set_jnk1_manual_flips_18626-1.sdf,../large_fep_dataset/data/fep_benchmark_processed/jacs_set_jnk1_manual_flips_protein.pdb,89,7.1804857,6.68273,6.676125,6.1305375,7.289316,7.117528,7.395903,7.9866996,6.5476108,6.155342,6.916228
90,jacs_set/jnk1_manual_flips,jacs_set/jnk1_manual_flips/18628-1_flip,../large_fep_dataset/data/fep_benchmark_processed/jacs_set_jnk1_manual_flips_18628-1_flip.sdf,../large_fep_dataset/data/fep_benchmark_processed/jacs_set_jnk1_manual_flips_protein.pdb,90,6.9295115,5.8417077,6.015743,6.178435,7.0486727,6.632139,6.818962,6.9128766,6.268291,6.2204065,6.4866743
91,jacs_set/jnk1_manual_flips,jacs_set/jnk1_manual_flips/18629-1,../large_fep_dataset/data/fep_benchmark_processed/jacs_set_jnk1_manual_flips_18629-1.sdf,../large_fep_dataset/data/fep_benchmark_processed/jacs_set_jnk1_manual_flips_protein.pdb,91,7.1276,6.791072,6.3318205,6.19548,7.078168,7.08804,7.055334,6.951569,6.637823,5.9039264,6.7160826
92,jacs_set/jnk1_manual_flips,jacs_set/jnk1_manual_flips/18636-1,../large_fep_dataset/data/fep_benchmark_processed/jacs_set_jnk1_manual_flips_18636-1.sdf,../large_fep_dataset/data/fep_benchmark_processed/jacs_set_jnk1_manual_flips_protein.pdb,92,7.7155337,7.062587,6.702215,6.8050203,6.731219,6.962911,6.5166783,7.1979237,6.465734,6.1403203,6.830014
93,jacs_set/jnk1_manual_flips,jacs_set/jnk1_manual_flips/17124-1,../large_fep_dataset/data/fep_benchmark_processed/jacs_set_jnk1_manual_flips_17124-1.sdf,../large_fep_dataset/data/fep_benchmark_processed/jacs_set_jnk1_manual_flips_protein.pdb,93,7.659258,6.997687,6.9457192,6.5264883,7.445446,6.958942,5.9392242,7.196594,6.7123566,6.340826,6.8722544
94,jacs_set/jnk1_manual_flips,jacs_set/jnk1_manual_flips/18627-1,../large_fep_dataset/data/fep_benchmark_processed/jacs_set_jnk1_manual_flips_18627-1.sdf,../large_fep_dataset/data/fep_benchmark_processed/jacs_set_jnk1_manual_flips_protein.pdb,94,6.99488,6.5131097,6.5321355,6.1276417,7.0567164,6.943803,7.1256814,7.60516,6.12936,6.1673527,6.719584
95,jacs_set/jnk1_manual_flips,jacs_set/jnk1_manual_flips/18638-1,../large_fep_dataset/data/fep_benchmark_processed/jacs_set_jnk1_manual_flips_18638-1.sdf,../large_fep_dataset/data/fep_benchmark_processed/jacs_set_jnk1_manual_flips_protein.pdb,95,7.535348,6.8248725,6.722449,6.357077,7.0666804,7.8101535,5.9203963,7.3275023,6.978173,6.5982437,6.914089
96,jacs_set/jnk1_manual_flips,jacs_set/jnk1_manual_flips/18659-1,../large_fep_dataset/data/fep_benchmark_processed/jacs_set_jnk1_manual_flips_18659-1.sdf,../large_fep_dataset/data/fep_benchmark_processed/jacs_set_jnk1_manual_flips_protein.pdb,96,7.016261,6.4145045,6.212126,6.444867,7.102172,6.58325,6.2381916,6.5109115,6.99464,6.3404627,6.585738
97,jacs_set/jnk1_manual_flips,jacs_set/jnk1_manual_flips/18639-1,../large_fep_dataset/data/fep_benchmark_processed/jacs_set_jnk1_manual_flips_18639-1.sdf,../large_fep_dataset/data/fep_benchmark_processed/jacs_set_jnk1_manual_flips_protein.pdb,97,7.617998,6.331269,6.9138455,6.58555,7.3020077,6.9445324,6.2118196,7.3158274,7.298665,6.5761576,6.909767
98,jacs_set/jnk1_manual_flips,jacs_set/jnk1_manual_flips/18634-1,../large_fep_dataset/data/fep_benchmark_processed/jacs_set_jnk1_manual_flips_18634-1.sdf,../large_fep_dataset/data/fep_benchmark_processed/jacs_set_jnk1_manual_flips_protein.pdb,98,7.099694,6.3599753,6.3991237,6.462483,7.0651855,6.7786884,6.371997,6.879253,6.5979686,6.046818,6.6061187
99,jacs_set/jnk1_manual_flips,jacs_set/jnk1_manual_flips/18630-1,../large_fep_dataset/data/fep_benchmark_processed/jacs_set_jnk1_manual_flips_18630-1.sdf,../large_fep_dataset/data/fep_benchmark_processed/jacs_set_jnk1_manual_flips_protein.pdb,99,7.0689683,6.528526,6.0985847,6.393738,6.9780054,6.788015,6.5984178,6.756635,6.0202527,5.988427,6.5219564
100,jacs_set/jnk1_manual_flips,jacs_set/jnk1_manual_flips/18637-1,../large_fep_dataset/data/fep_benchmark_processed/jacs_set_jnk1_manual_flips_18637-1.sdf,../large_fep_dataset/data/fep_benchmark_processed/jacs_set_jnk1_manual_flips_protein.pdb,100,7.189907,6.745493,6.424345,6.4468956,7.4011474,7.349474,6.7656794,7.025793,7.0936275,6.538469,6.8980827
101,jacs_set/jnk1_manual_flips,jacs_set/jnk1_manual_flips/18658-1,../large_fep_dataset/data/fep_benchmark_processed/jacs_set_jnk1_manual_flips_18658-1.sdf,../large_fep_dataset/data/fep_benchmark_processed/jacs_set_jnk1_manual_flips_protein.pdb,101,7.048609,6.179642,6.2212205,6.466771,7.3261056,6.5207267,6.223308,6.723543,7.368825,6.2524586,6.6331205
102,jacs_set/jnk1_manual_flips,jacs_set/jnk1_manual_flips/18632-1,../large_fep_dataset/data/fep_benchmark_processed/jacs_set_jnk1_manual_flips_18632-1.sdf,../large_fep_dataset/data/fep_benchmark_processed/jacs_set_jnk1_manual_flips_protein.pdb,102,7.0628314,6.5559225,6.305481,5.886325,7.0109634,7.0060906,6.9148593,7.4992313,6.4209247,6.1873198,6.684995
103,jacs_set/jnk1_manual_flips,jacs_set/jnk1_manual_flips/18633-1,../large_fep_dataset/data/fep_benchmark_processed/jacs_set_jnk1_manual_flips_18633-1.sdf,../large_fep_dataset/data/fep_benchmark_processed/jacs_set_jnk1_manual_flips_protein.pdb,103,6.9387517,6.49167,6.326787,5.563642,6.746695,6.8656063,6.7538886,7.3911943,6.5195932,6.077631,6.5675454
104,jacs_set/jnk1_manual_flips,jacs_set/jnk1_manual_flips/18635-1,../large_fep_dataset/data/fep_benchmark_processed/jacs_set_jnk1_manual_flips_18635-1.sdf,../large_fep_dataset/data/fep_benchmark_processed/jacs_set_jnk1_manual_flips_protein.pdb,104,7.1839356,6.660263,6.473075,6.514564,7.2102814,7.2566433,6.7911296,6.908091,6.53682,5.9790606,6.751386
105,jacs_set/jnk1_manual_flips,jacs_set/jnk1_manual_flips/18631-1,../large_fep_dataset/data/fep_benchmark_processed/jacs_set_jnk1_manual_flips_18631-1.sdf,../large_fep_dataset/data/fep_benchmark_processed/jacs_set_jnk1_manual_flips_protein.pdb,105,6.948075,6.0871596,6.6096125,5.828865,6.9400444,6.777201,6.5791926,6.870632,6.5841484,6.0064554,6.523139
106,jacs_set/jnk1_manual_flips,jacs_set/jnk1_manual_flips/18660-1,../large_fep_dataset/data/fep_benchmark_processed/jacs_set_jnk1_manual_flips_18660-1.sdf,../large_fep_dataset/data/fep_benchmark_processed/jacs_set_jnk1_manual_flips_protein.pdb,106,7.193612,6.7576003,6.6793056,6.785455,7.467828,6.963067,6.2111535,6.8253007,7.199349,6.263897,6.834657
107,jacs_set/jnk1_manual_flips,jacs_set/jnk1_manual_flips/18625-1,../large_fep_dataset/data/fep_benchmark_processed/jacs_set_jnk1_manual_flips_18625-1.sdf,../large_fep_dataset/data/fep_benchmark_processed/jacs_set_jnk1_manual_flips_protein.pdb,107,6.666546,6.4635334,6.9022236,6.176327,7.1806374,7.141392,6.985017,7.1586714,6.6224384,6.054721,6.7351503
108,jacs_set/jnk1_manual_flips,jacs_set/jnk1_manual_flips/18624-1,../large_fep_dataset/data/fep_benchmark_processed/jacs_set_jnk1_manual_flips_18624-1.sdf,../large_fep_dataset/data/fep_benchmark_processed/jacs_set_jnk1_manual_flips_protein.pdb,108,6.893142,6.219846,6.2865453,5.7214527,6.724916,6.6113076,6.827952,6.6122966,6.239558,5.8229847,6.396001
109,jacs_set/jnk1_manual_flips,jacs_set/jnk1_manual_flips/18652-1,../large_fep_dataset/data/fep_benchmark_processed/jacs_set_jnk1_manual_flips_18652-1.sdf,../large_fep_dataset/data/fep_benchmark_processed/jacs_set_jnk1_manual_flips_protein.pdb,109,7.63582,6.783359,6.73045,6.3310294,7.317588,7.7690406,6.132674,7.4615164,7.0956554,6.765185,7.0022316
110,jacs_set/thrombin_core,jacs_set/thrombin_core/6a,../large_fep_dataset/data/fep_benchmark_processed/jacs_set_thrombin_core_6a.sdf,../large_fep_dataset/data/fep_benchmark_processed/jacs_set_thrombin_core_protein.pdb,110,7.480235,8.050721,7.946191,8.080015,7.3577175,8.109052,7.9715667,8.117196,8.282803,7.679661,7.907515
111,jacs_set/thrombin_core,jacs_set/thrombin_core/3a,../large_fep_dataset/data/fep_benchmark_processed/jacs_set_thrombin_core_3a.sdf,../large_fep_dataset/data/fep_benchmark_processed/jacs_set_thrombin_core_protein.pdb,111,6.587544,6.6065207,6.944723,6.7299414,6.617538,6.618662,6.1321163,7.031789,6.1865983,6.6358175,6.6091247
112,jacs_set/thrombin_core,jacs_set/thrombin_core/1d,../large_fep_dataset/data/fep_benchmark_processed/jacs_set_thrombin_core_1d.sdf,../large_fep_dataset/data/fep_benchmark_processed/jacs_set_thrombin_core_protein.pdb,112,7.2402964,6.773948,6.5851555,7.10135,7.126176,7.519966,6.610283,6.991004,7.39853,6.279557,6.9626265
113,jacs_set/thrombin_core,jacs_set/thrombin_core/6e,../large_fep_dataset/data/fep_benchmark_processed/jacs_set_thrombin_core_6e.sdf,../large_fep_dataset/data/fep_benchmark_processed/jacs_set_thrombin_core_protein.pdb,113,7.3894773,8.294674,7.9080973,7.9758215,7.370286,8.025467,7.7314878,7.8951406,7.882499,7.278289,7.7751236
114,jacs_set/thrombin_core,jacs_set/thrombin_core/6b,../large_fep_dataset/data/fep_benchmark_processed/jacs_set_thrombin_core_6b.sdf,../large_fep_dataset/data/fep_benchmark_processed/jacs_set_thrombin_core_protein.pdb,114,6.730184,7.3400903,7.732054,7.4024453,6.9881306,7.611822,7.4081483,7.8317943,7.437749,7.2976704,7.378009
115,jacs_set/thrombin_core,jacs_set/thrombin_core/1b,../large_fep_dataset/data/fep_benchmark_processed/jacs_set_thrombin_core_1b.sdf,../large_fep_dataset/data/fep_benchmark_processed/jacs_set_thrombin_core_protein.pdb,115,5.818557,6.5243855,6.56508,6.569911,6.690543,6.8630757,6.123159,6.8816404,6.498035,6.3444805,6.487887
116,jacs_set/thrombin_core,jacs_set/thrombin_core/1a,../large_fep_dataset/data/fep_benchmark_processed/jacs_set_thrombin_core_1a.sdf,../large_fep_dataset/data/fep_benchmark_processed/jacs_set_thrombin_core_protein.pdb,116,6.2859354,6.378953,6.226823,6.522536,6.7318883,6.652838,5.91314,6.6440654,5.970894,6.140657,6.346773
117,jacs_set/thrombin_core,jacs_set/thrombin_core/5,../large_fep_dataset/data/fep_benchmark_processed/jacs_set_thrombin_core_5.sdf,../large_fep_dataset/data/fep_benchmark_processed/jacs_set_thrombin_core_protein.pdb,117,6.2867923,6.559065,5.9306135,6.26807,6.430013,6.087141,5.9371076,6.471284,6.1091266,5.5938807,6.1673093
118,jacs_set/thrombin_core,jacs_set/thrombin_core/3b,../large_fep_dataset/data/fep_benchmark_processed/jacs_set_thrombin_core_3b.sdf,../large_fep_dataset/data/fep_benchmark_processed/jacs_set_thrombin_core_protein.pdb,118,7.0427136,7.0062113,6.67557,6.6421843,6.7915645,6.649594,6.291042,6.980406,6.1140437,6.5397234,6.6733055
119,jacs_set/thrombin_core,jacs_set/thrombin_core/7a,../large_fep_dataset/data/fep_benchmark_processed/jacs_set_thrombin_core_7a.sdf,../large_fep_dataset/data/fep_benchmark_processed/jacs_set_thrombin_core_protein.pdb,119,6.845326,7.5072494,6.943229,6.4852285,6.5449243,7.336504,6.1615505,7.249881,7.0697756,6.6646123,6.880828
120,jacs_set/thrombin_core,jacs_set/thrombin_core/1c,../large_fep_dataset/data/fep_benchmark_processed/jacs_set_thrombin_core_1c.sdf,../large_fep_dataset/data/fep_benchmark_processed/jacs_set_thrombin_core_protein.pdb,120,6.9515476,6.9808793,7.0880427,7.215137,7.0557165,7.1547894,6.973715,6.865826,7.3461986,7.0226464,7.06545
121,jacs_set/tyk2,jacs_set/tyk2/jmc_23,../large_fep_dataset/data/fep_benchmark_processed/jacs_set_tyk2_jmc_23.sdf,../large_fep_dataset/data/fep_benchmark_processed/jacs_set_tyk2_protein.pdb,121,8.89873,7.980147,8.25604,8.051095,8.1701355,7.90238,8.285395,7.5508976,7.8749223,7.5888143,8.055856
122,jacs_set/tyk2,jacs_set/tyk2/ejm_47,../large_fep_dataset/data/fep_benchmark_processed/jacs_set_tyk2_ejm_47.sdf,../large_fep_dataset/data/fep_benchmark_processed/jacs_set_tyk2_protein.pdb,122,7.9732203,7.895254,7.7095995,7.5693994,7.603034,7.8362985,7.864735,7.5495515,7.5489116,7.4937644,7.704377
123,jacs_set/tyk2,jacs_set/tyk2/ejm_49,../large_fep_dataset/data/fep_benchmark_processed/jacs_set_tyk2_ejm_49.sdf,../large_fep_dataset/data/fep_benchmark_processed/jacs_set_tyk2_protein.pdb,123,7.6755195,7.1022005,7.1923475,7.0700126,6.91678,7.1756897,7.0872273,7.014865,7.0027866,6.940093,7.117752
124,jacs_set/tyk2,jacs_set/tyk2/ejm_31,../large_fep_dataset/data/fep_benchmark_processed/jacs_set_tyk2_ejm_31.sdf,../large_fep_dataset/data/fep_benchmark_processed/jacs_set_tyk2_protein.pdb,124,8.065185,7.316019,7.397214,6.747296,7.6365285,7.440396,7.104514,6.6540256,7.092985,6.72688,7.2181044
125,jacs_set/tyk2,jacs_set/tyk2/ejm_45,../large_fep_dataset/data/fep_benchmark_processed/jacs_set_tyk2_ejm_45.sdf,../large_fep_dataset/data/fep_benchmark_processed/jacs_set_tyk2_protein.pdb,125,8.884659,7.829219,8.176373,7.435139,7.727673,8.122853,7.9922514,7.51755,7.751383,7.9388714,7.9375978
126,jacs_set/tyk2,jacs_set/tyk2/ejm_44,../large_fep_dataset/data/fep_benchmark_processed/jacs_set_tyk2_ejm_44.sdf,../large_fep_dataset/data/fep_benchmark_processed/jacs_set_tyk2_protein.pdb,126,7.463027,6.956134,6.915248,7.1119657,7.031844,6.6776214,6.910015,7.036038,7.133039,7.2277865,7.0462713
127,jacs_set/tyk2,jacs_set/tyk2/ejm_43,../large_fep_dataset/data/fep_benchmark_processed/jacs_set_tyk2_ejm_43.sdf,../large_fep_dataset/data/fep_benchmark_processed/jacs_set_tyk2_protein.pdb,127,7.461766,7.714627,7.161306,6.80887,7.194539,7.156549,7.2581186,6.5945683,7.0182076,7.0354476,7.140399
128,jacs_set/tyk2,jacs_set/tyk2/ejm_50,../large_fep_dataset/data/fep_benchmark_processed/jacs_set_tyk2_ejm_50.sdf,../large_fep_dataset/data/fep_benchmark_processed/jacs_set_tyk2_protein.pdb,128,7.8768687,7.182404,7.64717,7.5311775,7.6600533,7.516126,7.0096684,6.6535873,6.812308,7.0778174,7.2967186
129,jacs_set/tyk2,jacs_set/tyk2/ejm_42,../large_fep_dataset/data/fep_benchmark_processed/jacs_set_tyk2_ejm_42.sdf,../large_fep_dataset/data/fep_benchmark_processed/jacs_set_tyk2_protein.pdb,129,7.7558036,7.365033,7.2612967,6.7095313,7.352374,7.4959984,6.977426,6.4178133,6.8700852,6.871452,7.1076813
130,jacs_set/tyk2,jacs_set/tyk2/ejm_55,../large_fep_dataset/data/fep_benchmark_processed/jacs_set_tyk2_ejm_55.sdf,../large_fep_dataset/data/fep_benchmark_processed/jacs_set_tyk2_protein.pdb,130,8.304819,7.2773185,7.143467,7.4252234,7.2045937,7.3461413,6.9504924,6.690694,7.2999997,6.8758016,7.2518554
131,jacs_set/tyk2,jacs_set/tyk2/ejm_48,../large_fep_dataset/data/fep_benchmark_processed/jacs_set_tyk2_ejm_48.sdf,../large_fep_dataset/data/fep_benchmark_processed/jacs_set_tyk2_protein.pdb,131,7.9693227,7.6816587,7.628698,7.556004,7.2673616,7.7287087,7.7408514,7.376334,7.3805227,7.412604,7.5742073
132,jacs_set/tyk2,jacs_set/tyk2/ejm_54,../large_fep_dataset/data/fep_benchmark_processed/jacs_set_tyk2_ejm_54.sdf,../large_fep_dataset/data/fep_benchmark_processed/jacs_set_tyk2_protein.pdb,132,7.8382425,7.6011224,7.4810376,6.656423,7.6171,7.4957485,7.335178,7.016518,7.4314203,7.016048,7.3488836
133,jacs_set/tyk2,jacs_set/tyk2/jmc_28,../large_fep_dataset/data/fep_benchmark_processed/jacs_set_tyk2_jmc_28.sdf,../large_fep_dataset/data/fep_benchmark_processed/jacs_set_tyk2_protein.pdb,133,8.205304,7.8566856,7.4987054,7.8895187,7.3144197,8.270599,7.4260983,7.6817746,7.2829237,7.6648393,7.7090864
134,jacs_set/tyk2,jacs_set/tyk2/jmc_27,../large_fep_dataset/data/fep_benchmark_processed/jacs_set_tyk2_jmc_27.sdf,../large_fep_dataset/data/fep_benchmark_processed/jacs_set_tyk2_protein.pdb,134,8.873888,8.027178,8.107288,7.9803867,7.737445,8.050211,7.9847016,7.0036654,7.4250507,7.3539276,7.854375
135,jacs_set/tyk2,jacs_set/tyk2/jmc_30,../large_fep_dataset/data/fep_benchmark_processed/jacs_set_tyk2_jmc_30.sdf,../large_fep_dataset/data/fep_benchmark_processed/jacs_set_tyk2_protein.pdb,135,8.762858,7.7652984,8.294317,7.919272,7.996464,7.4929056,7.622362,7.280881,7.3764477,6.989462,7.7500267
136,jacs_set/tyk2,jacs_set/tyk2/ejm_46,../large_fep_dataset/data/fep_benchmark_processed/jacs_set_tyk2_ejm_46.sdf,../large_fep_dataset/data/fep_benchmark_processed/jacs_set_tyk2_protein.pdb,136,8.557524,8.39722,8.4785,7.65417,7.9202466,8.219076,8.2287655,7.6935,7.732787,7.84497,8.072676
137,jacs_set/p38,jacs_set/p38/2j,../large_fep_dataset/data/fep_benchmark_processed/jacs_set_p38_2j.sdf,../large_fep_dataset/data/fep_benchmark_processed/jacs_set_p38_protein.pdb,137,8.100777,8.154766,8.163166,7.2057967,7.225372,7.362724,7.649647,7.7215962,8.050874,7.7890563,7.7423773
138,jacs_set/p38,jacs_set/p38/2gg,../large_fep_dataset/data/fep_benchmark_processed/jacs_set_p38_2gg.sdf,../large_fep_dataset/data/fep_benchmark_processed/jacs_set_p38_protein.pdb,138,7.5251966,7.1361604,7.2180033,7.462193,7.576782,7.4619665,7.8890066,7.422966,7.8680544,7.4760137,7.5036345
139,jacs_set/p38,jacs_set/p38/2q,../large_fep_dataset/data/fep_benchmark_processed/jacs_set_p38_2q.sdf,../large_fep_dataset/data/fep_benchmark_processed/jacs_set_p38_protein.pdb,139,7.6259193,7.3699737,7.5816298,7.3532896,7.4518213,7.811266,7.8921824,8.168451,7.7636185,7.0773687,7.609552
140,jacs_set/p38,jacs_set/p38/2t,../large_fep_dataset/data/fep_benchmark_processed/jacs_set_p38_2t.sdf,../large_fep_dataset/data/fep_benchmark_processed/jacs_set_p38_protein.pdb,140,8.068265,7.5905495,8.198606,7.4773273,7.881163,8.15177,8.394087,8.195918,7.654169,7.6262283,7.923809
141,jacs_set/p38,jacs_set/p38/2g,../large_fep_dataset/data/fep_benchmark_processed/jacs_set_p38_2g.sdf,../large_fep_dataset/data/fep_benchmark_processed/jacs_set_p38_protein.pdb,141,7.5177608,7.8674474,7.74267,7.068395,7.051088,7.4899116,7.3478336,7.335177,7.979103,7.3062625,7.4705644
142,jacs_set/p38,jacs_set/p38/2l,../large_fep_dataset/data/fep_benchmark_processed/jacs_set_p38_2l.sdf,../large_fep_dataset/data/fep_benchmark_processed/jacs_set_p38_protein.pdb,142,7.9437976,8.237754,8.318982,7.8273444,7.493474,8.116511,8.090051,8.067646,7.653233,7.836424,7.958522
143,jacs_set/p38,jacs_set/p38/2ee,../large_fep_dataset/data/fep_benchmark_processed/jacs_set_p38_2ee.sdf,../large_fep_dataset/data/fep_benchmark_processed/jacs_set_p38_protein.pdb,143,7.2170124,7.275933,7.329032,7.0949774,7.2890377,7.1815743,7.064749,7.5032606,7.596524,7.191186,7.2743287
144,jacs_set/p38,jacs_set/p38/2aa,../large_fep_dataset/data/fep_benchmark_processed/jacs_set_p38_2aa.sdf,../large_fep_dataset/data/fep_benchmark_processed/jacs_set_p38_protein.pdb,144,7.1890044,7.7841625,8.003037,6.7924905,7.0885215,7.4166183,7.202775,7.3277297,7.171487,7.716068,7.369189
145,jacs_set/p38,jacs_set/p38/2o,../large_fep_dataset/data/fep_benchmark_processed/jacs_set_p38_2o.sdf,../large_fep_dataset/data/fep_benchmark_processed/jacs_set_p38_protein.pdb,145,7.9386387,7.7485127,8.222896,7.406827,7.7907677,8.131077,8.029934,8.06137,7.6242085,7.6284146,7.858265
146,jacs_set/p38,jacs_set/p38/3flw,../large_fep_dataset/data/fep_benchmark_processed/jacs_set_p38_3flw.sdf,../large_fep_dataset/data/fep_benchmark_processed/jacs_set_p38_protein.pdb,146,7.1891236,7.185825,7.5040264,6.840931,7.0779595,7.1012573,6.873797,7.2432857,7.55676,7.682937,7.2255907
147,jacs_set/p38,jacs_set/p38/2u,../large_fep_dataset/data/fep_benchmark_processed/jacs_set_p38_2u.sdf,../large_fep_dataset/data/fep_benchmark_processed/jacs_set_p38_protein.pdb,147,7.7692285,7.933406,7.840328,7.642084,7.682916,8.227702,8.140981,8.098031,7.8791666,7.7134566,7.8927298
148,jacs_set/p38,jacs_set/p38/2p,../large_fep_dataset/data/fep_benchmark_processed/jacs_set_p38_2p.sdf,../large_fep_dataset/data/fep_benchmark_processed/jacs_set_p38_protein.pdb,148,7.628714,7.7986417,8.124445,7.6470284,8.163608,8.148159,8.22577,8.169885,7.503653,7.9644766,7.9374375
149,jacs_set/p38,jacs_set/p38/2h,../large_fep_dataset/data/fep_benchmark_processed/jacs_set_p38_2h.sdf,../large_fep_dataset/data/fep_benchmark_processed/jacs_set_p38_protein.pdb,149,7.5027366,8.074414,7.420123,6.438958,7.1629786,6.9605756,7.3229427,7.2342553,7.420196,7.0502415,7.258742
150,jacs_set/p38,jacs_set/p38/3fmk,../large_fep_dataset/data/fep_benchmark_processed/jacs_set_p38_3fmk.sdf,../large_fep_dataset/data/fep_benchmark_processed/jacs_set_p38_protein.pdb,150,7.398471,7.604339,7.2033873,7.023305,7.801469,6.9716125,7.4175897,7.663503,7.3331003,7.3225565,7.373933
151,jacs_set/p38,jacs_set/p38/2i,../large_fep_dataset/data/fep_benchmark_processed/jacs_set_p38_2i.sdf,../large_fep_dataset/data/fep_benchmark_processed/jacs_set_p38_protein.pdb,151,7.6521873,8.093424,8.023894,7.0777497,7.3559127,7.442171,7.532519,7.7414813,7.9578347,7.683332,7.6560507
152,jacs_set/p38,jacs_set/p38/2f,../large_fep_dataset/data/fep_benchmark_processed/jacs_set_p38_2f.sdf,../large_fep_dataset/data/fep_benchmark_processed/jacs_set_p38_protein.pdb,152,7.5419354,7.544662,7.8415766,7.150214,6.9919124,7.490867,7.2391496,7.356821,8.065218,7.3777337,7.460009
153,jacs_set/p38,jacs_set/p38/2x,../large_fep_dataset/data/fep_benchmark_processed/jacs_set_p38_2x.sdf,../large_fep_dataset/data/fep_benchmark_processed/jacs_set_p38_protein.pdb,153,7.5344524,8.010579,7.7517366,7.1285915,7.140421,7.8317423,7.65579,7.240845,8.138818,7.2289867,7.5661964
154,jacs_set/p38,jacs_set/p38/2ff,../large_fep_dataset/data/fep_benchmark_processed/jacs_set_p38_2ff.sdf,../large_fep_dataset/data/fep_benchmark_processed/jacs_set_p38_protein.pdb,154,7.8513,7.89741,7.998866,7.4247465,7.4348145,7.8756495,7.97119,8.042825,7.984686,7.639357,7.812084
155,jacs_set/p38,jacs_set/p38/2k,../large_fep_dataset/data/fep_benchmark_processed/jacs_set_p38_2k.sdf,../large_fep_dataset/data/fep_benchmark_processed/jacs_set_p38_protein.pdb,155,7.8768497,7.5558314,8.070989,7.327181,7.1815004,7.9911656,7.5041833,7.8372784,7.997621,7.359148,7.6701746
156,jacs_set/p38,jacs_set/p38/2n,../large_fep_dataset/data/fep_benchmark_processed/jacs_set_p38_2n.sdf,../large_fep_dataset/data/fep_benchmark_processed/jacs_set_p38_protein.pdb,156,7.824106,7.9872785,8.262675,7.7812233,7.497886,8.0636,7.8505454,8.020545,7.762575,7.5095277,7.855996
157,jacs_set/p38,jacs_set/p38/3flq,../large_fep_dataset/data/fep_benchmark_processed/jacs_set_p38_3flq.sdf,../large_fep_dataset/data/fep_benchmark_processed/jacs_set_p38_protein.pdb,157,7.3726897,7.613609,7.6513867,7.742264,7.3618174,7.7788706,7.626493,7.3105006,7.233573,7.2568645,7.494807
158,jacs_set/p38,jacs_set/p38/3fln,../large_fep_dataset/data/fep_benchmark_processed/jacs_set_p38_3fln.sdf,../large_fep_dataset/data/fep_benchmark_processed/jacs_set_p38_protein.pdb,158,7.8143997,8.098096,7.9283376,7.167459,7.108581,7.6736436,7.61733,7.7582655,8.038962,7.5459886,7.675107
159,jacs_set/p38,jacs_set/p38/2e,../large_fep_dataset/data/fep_benchmark_processed/jacs_set_p38_2e.sdf,../large_fep_dataset/data/fep_benchmark_processed/jacs_set_p38_protein.pdb,159,7.597661,7.606271,7.8462057,7.066715,6.700716,7.596129,7.3450985,7.595928,7.9516997,7.600571,7.4907
160,jacs_set/p38,jacs_set/p38/3fmh,../large_fep_dataset/data/fep_benchmark_processed/jacs_set_p38_3fmh.sdf,../large_fep_dataset/data/fep_benchmark_processed/jacs_set_p38_protein.pdb,160,7.5897923,7.494388,7.0730367,6.7987933,7.83479,7.171794,7.5339026,7.681323,7.4102993,7.52585,7.411397
161,jacs_set/p38,jacs_set/p38/2c,../large_fep_dataset/data/fep_benchmark_processed/jacs_set_p38_2c.sdf,../large_fep_dataset/data/fep_benchmark_processed/jacs_set_p38_protein.pdb,161,7.64247,7.487811,7.590271,7.3120313,6.9379215,6.851502,6.494407,7.7499843,7.337064,7.145301,7.2548766
162,jacs_set/p38,jacs_set/p38/2y,../large_fep_dataset/data/fep_benchmark_processed/jacs_set_p38_2y.sdf,../large_fep_dataset/data/fep_benchmark_processed/jacs_set_p38_protein.pdb,162,7.1263905,7.262234,7.045117,7.4991636,6.940285,7.2249384,7.732175,6.9069405,6.917977,7.084617,7.1739836
163,jacs_set/p38,jacs_set/p38/2s,../large_fep_dataset/data/fep_benchmark_processed/jacs_set_p38_2s.sdf,../large_fep_dataset/data/fep_benchmark_processed/jacs_set_p38_protein.pdb,163,7.8318863,8.012107,7.980054,7.5615187,7.622749,8.303536,8.103778,8.008293,7.916003,7.541212,7.888114
164,jacs_set/p38,jacs_set/p38/2m,../large_fep_dataset/data/fep_benchmark_processed/jacs_set_p38_2m.sdf,../large_fep_dataset/data/fep_benchmark_processed/jacs_set_p38_protein.pdb,164,7.888427,7.9986067,7.8535028,7.538766,7.52971,7.698877,7.974621,7.955143,7.675703,7.7112393,7.7824593
165,jacs_set/p38,jacs_set/p38/2bb,../large_fep_dataset/data/fep_benchmark_processed/jacs_set_p38_2bb.sdf,../large_fep_dataset/data/fep_benchmark_processed/jacs_set_p38_protein.pdb,165,7.206113,7.46203,7.619734,7.0331364,7.5633273,7.4944386,7.2219543,7.411534,6.594037,7.428825,7.3035126
166,jacs_set/p38,jacs_set/p38/2v,../large_fep_dataset/data/fep_benchmark_processed/jacs_set_p38_2v.sdf,../large_fep_dataset/data/fep_benchmark_processed/jacs_set_p38_protein.pdb,166,6.757776,7.4405656,7.111817,6.9674745,6.8089576,6.966292,7.3232145,6.969044,7.1279936,6.5975165,7.007066
167,jacs_set/p38,jacs_set/p38/2r,../large_fep_dataset/data/fep_benchmark_processed/jacs_set_p38_2r.sdf,../large_fep_dataset/data/fep_benchmark_processed/jacs_set_p38_protein.pdb,167,7.8231387,7.740891,8.0089655,7.555519,7.2602205,8.289675,8.142312,7.8391285,7.274804,7.405241,7.733989
168,jacs_set/p38,jacs_set/p38/3flz,../large_fep_dataset/data/fep_benchmark_processed/jacs_set_p38_3flz.sdf,../large_fep_dataset/data/fep_benchmark_processed/jacs_set_p38_protein.pdb,168,7.446927,7.3267784,7.6587634,6.8230343,6.7742677,7.176168,6.772047,7.348293,7.705442,7.5249467,7.2556663
169,jacs_set/p38,jacs_set/p38/2z,../large_fep_dataset/data/fep_benchmark_processed/jacs_set_p38_2z.sdf,../large_fep_dataset/data/fep_benchmark_processed/jacs_set_p38_protein.pdb,169,7.095435,7.3365674,7.374675,6.748341,6.9323616,7.66886,7.508613,7.3423223,7.244729,7.324222,7.2576127
170,jacs_set/p38,jacs_set/p38/3fly,../large_fep_dataset/data/fep_benchmark_processed/jacs_set_p38_3fly.sdf,../large_fep_dataset/data/fep_benchmark_processed/jacs_set_p38_protein.pdb,170,7.4523177,7.710345,7.187889,6.92325,7.1974664,7.2588983,7.6482897,7.014567,7.235685,7.2565236,7.288523
171,jacs_set/bace,jacs_set/bace/CAT-13n,../large_fep_dataset/data/fep_benchmark_processed/jacs_set_bace_CAT-13n.sdf,../large_fep_dataset/data/fep_benchmark_processed/jacs_set_bace_protein.pdb,171,6.7471147,6.8508983,6.7848554,6.754576,6.4536753,6.3157754,6.0242624,6.384955,6.480842,6.2391167,6.5036073
172,jacs_set/bace,jacs_set/bace/CAT-13e,../large_fep_dataset/data/fep_benchmark_processed/jacs_set_bace_CAT-13e.sdf,../large_fep_dataset/data/fep_benchmark_processed/jacs_set_bace_protein.pdb,172,6.6617446,6.4401793,6.394861,6.5116215,6.438059,6.5071797,6.253983,6.586565,6.983893,6.241825,6.5019913
173,jacs_set/bace,jacs_set/bace/CAT-4a,../large_fep_dataset/data/fep_benchmark_processed/jacs_set_bace_CAT-4a.sdf,../large_fep_dataset/data/fep_benchmark_processed/jacs_set_bace_protein.pdb,173,5.8800735,5.2223525,6.2507305,6.231396,5.9040313,6.208003,5.8420696,5.58421,6.0743394,5.8299203,5.902713
174,jacs_set/bace,jacs_set/bace/CAT-4m,../large_fep_dataset/data/fep_benchmark_processed/jacs_set_bace_CAT-4m.sdf,../large_fep_dataset/data/fep_benchmark_processed/jacs_set_bace_protein.pdb,174,6.504463,6.0847716,6.377094,6.107593,6.248041,6.465023,6.303575,6.191069,6.6529393,6.433645,6.3368216
175,jacs_set/bace,jacs_set/bace/CAT-17b,../large_fep_dataset/data/fep_benchmark_processed/jacs_set_bace_CAT-17b.sdf,../large_fep_dataset/data/fep_benchmark_processed/jacs_set_bace_protein.pdb,175,6.289955,6.159409,6.765635,5.8740172,6.2318845,6.24138,6.6014905,6.4050813,6.1502004,6.040677,6.275973
176,jacs_set/bace,jacs_set/bace/CAT-13j,../large_fep_dataset/data/fep_benchmark_processed/jacs_set_bace_CAT-13j.sdf,../large_fep_dataset/data/fep_benchmark_processed/jacs_set_bace_protein.pdb,176,6.4385285,6.530651,6.72142,6.6819034,6.366328,6.0876575,6.2888875,6.0124965,6.697017,6.0741115,6.3899
177,jacs_set/bace,jacs_set/bace/CAT-13d,../large_fep_dataset/data/fep_benchmark_processed/jacs_set_bace_CAT-13d.sdf,../large_fep_dataset/data/fep_benchmark_processed/jacs_set_bace_protein.pdb,177,6.5456343,6.370048,6.7861795,6.207091,6.2723436,6.2434444,6.523495,6.067232,6.7669315,5.978949,6.3761353
178,jacs_set/bace,jacs_set/bace/CAT-13b,../large_fep_dataset/data/fep_benchmark_processed/jacs_set_bace_CAT-13b.sdf,../large_fep_dataset/data/fep_benchmark_processed/jacs_set_bace_protein.pdb,178,6.4365716,6.2209773,6.3092885,5.8546305,6.4798365,5.640818,6.170473,5.7338676,6.596442,6.0910463,6.153395
179,jacs_set/bace,jacs_set/bace/CAT-13a,../large_fep_dataset/data/fep_benchmark_processed/jacs_set_bace_CAT-13a.sdf,../large_fep_dataset/data/fep_benchmark_processed/jacs_set_bace_protein.pdb,179,6.547929,6.034805,6.3691497,5.8737183,6.3823237,5.417247,6.1621275,5.909876,6.403669,5.7793264,6.088017
180,jacs_set/bace,jacs_set/bace/CAT-13h,../large_fep_dataset/data/fep_benchmark_processed/jacs_set_bace_CAT-13h.sdf,../large_fep_dataset/data/fep_benchmark_processed/jacs_set_bace_protein.pdb,180,6.9577136,6.870701,6.770283,6.8114524,6.3926272,6.697075,6.380757,6.295401,6.952624,6.448134,6.6576767
181,jacs_set/bace,jacs_set/bace/CAT-13o,../large_fep_dataset/data/fep_benchmark_processed/jacs_set_bace_CAT-13o.sdf,../large_fep_dataset/data/fep_benchmark_processed/jacs_set_bace_protein.pdb,181,7.265349,7.0463343,6.663702,7.02018,7.0559134,6.478184,6.5867596,6.6735816,7.358579,6.947855,6.9096437
182,jacs_set/bace,jacs_set/bace/CAT-13g,../large_fep_dataset/data/fep_benchmark_processed/jacs_set_bace_CAT-13g.sdf,../large_fep_dataset/data/fep_benchmark_processed/jacs_set_bace_protein.pdb,182,6.673981,6.617668,6.3909116,6.3560185,6.640772,6.911744,6.230255,6.4465003,6.7544117,6.1585164,6.518078
183,jacs_set/bace,jacs_set/bace/CAT-4k,../large_fep_dataset/data/fep_benchmark_processed/jacs_set_bace_CAT-4k.sdf,../large_fep_dataset/data/fep_benchmark_processed/jacs_set_bace_protein.pdb,183,5.996282,6.0749383,6.3084636,6.3578777,6.3615694,6.377196,6.367059,5.948411,6.654476,5.9932566,6.2439528
184,jacs_set/bace,jacs_set/bace/CAT-17g,../large_fep_dataset/data/fep_benchmark_processed/jacs_set_bace_CAT-17g.sdf,../large_fep_dataset/data/fep_benchmark_processed/jacs_set_bace_protein.pdb,184,6.5785284,6.666238,6.9736505,6.2587194,6.175938,7.054935,6.729974,6.1180105,6.570991,6.0700846,6.5197067
185,jacs_set/bace,jacs_set/bace/CAT-4l,../large_fep_dataset/data/fep_benchmark_processed/jacs_set_bace_CAT-4l.sdf,../large_fep_dataset/data/fep_benchmark_processed/jacs_set_bace_protein.pdb,185,6.113083,6.3798766,6.4004407,6.0933175,6.5232654,6.27202,5.9852138,5.570381,6.4217715,5.9082727,6.1667643
186,jacs_set/bace,jacs_set/bace/CAT-4j,../large_fep_dataset/data/fep_benchmark_processed/jacs_set_bace_CAT-4j.sdf,../large_fep_dataset/data/fep_benchmark_processed/jacs_set_bace_protein.pdb,186,6.127023,5.699238,5.8914933,6.0386105,6.138388,6.1792226,5.7972374,5.836205,6.394221,5.7299867,5.983163
187,jacs_set/bace,jacs_set/bace/CAT-4n,../large_fep_dataset/data/fep_benchmark_processed/jacs_set_bace_CAT-4n.sdf,../large_fep_dataset/data/fep_benchmark_processed/jacs_set_bace_protein.pdb,187,6.8007407,6.2419043,6.627649,6.7755785,6.547566,6.487024,6.2703924,6.1962953,6.6463685,6.3926945,6.4986215
188,jacs_set/bace,jacs_set/bace/CAT-13i,../large_fep_dataset/data/fep_benchmark_processed/jacs_set_bace_CAT-13i.sdf,../large_fep_dataset/data/fep_benchmark_processed/jacs_set_bace_protein.pdb,188,7.0250583,6.626785,6.657965,6.2256308,6.493385,6.018562,6.366223,5.8357487,6.9283614,6.3121705,6.448989
189,jacs_set/bace,jacs_set/bace/CAT-17f,../large_fep_dataset/data/fep_benchmark_processed/jacs_set_bace_CAT-17f.sdf,../large_fep_dataset/data/fep_benchmark_processed/jacs_set_bace_protein.pdb,189,6.690014,6.550084,6.6642284,6.1803107,6.480271,6.762623,6.6380877,6.228642,6.3760495,6.1834826,6.475379
190,jacs_set/bace,jacs_set/bace/CAT-4p,../large_fep_dataset/data/fep_benchmark_processed/jacs_set_bace_CAT-4p.sdf,../large_fep_dataset/data/fep_benchmark_processed/jacs_set_bace_protein.pdb,190,6.614878,6.7566953,6.779363,6.543282,6.621227,6.511071,6.9340563,6.4503284,6.6533704,6.6542377,6.6518507
191,jacs_set/bace,jacs_set/bace/CAT-13c,../large_fep_dataset/data/fep_benchmark_processed/jacs_set_bace_CAT-13c.sdf,../large_fep_dataset/data/fep_benchmark_processed/jacs_set_bace_protein.pdb,191,6.333662,6.347787,6.2880354,5.819691,6.235998,6.310682,6.1160727,5.856618,6.473775,6.1638336,6.1946154
192,jacs_set/bace,jacs_set/bace/CAT-24,../large_fep_dataset/data/fep_benchmark_processed/jacs_set_bace_CAT-24.sdf,../large_fep_dataset/data/fep_benchmark_processed/jacs_set_bace_protein.pdb,192,6.877036,6.966028,7.2105985,6.581098,7.1694636,7.474589,7.0560927,6.8185086,6.8308697,7.179057,7.0163336
193,jacs_set/bace,jacs_set/bace/CAT-4i,../large_fep_dataset/data/fep_benchmark_processed/jacs_set_bace_CAT-4i.sdf,../large_fep_dataset/data/fep_benchmark_processed/jacs_set_bace_protein.pdb,193,6.180407,5.620542,6.1023855,6.083259,5.7994585,6.003358,5.5255446,5.978791,6.427508,5.9248734,5.9646125
194,jacs_set/bace,jacs_set/bace/CAT-4c,../large_fep_dataset/data/fep_benchmark_processed/jacs_set_bace_CAT-4c.sdf,../large_fep_dataset/data/fep_benchmark_processed/jacs_set_bace_protein.pdb,194,5.837835,5.966637,6.3030314,6.06303,5.726335,6.4424176,5.8019843,5.848643,6.3072157,5.379755,5.9676886
195,jacs_set/bace,jacs_set/bace/CAT-17i,../large_fep_dataset/data/fep_benchmark_processed/jacs_set_bace_CAT-17i.sdf,../large_fep_dataset/data/fep_benchmark_processed/jacs_set_bace_protein.pdb,195,6.2394114,5.9162846,6.2799697,5.361924,5.8316917,6.2645903,5.9380417,6.209306,6.5936823,5.580199,6.02151
196,jacs_set/bace,jacs_set/bace/CAT-13k,../large_fep_dataset/data/fep_benchmark_processed/jacs_set_bace_CAT-13k.sdf,../large_fep_dataset/data/fep_benchmark_processed/jacs_set_bace_protein.pdb,196,6.415194,6.4644732,6.85556,6.516613,6.6462755,6.7137218,6.907216,6.4150696,6.8899326,6.1105204,6.5934577
197,jacs_set/bace,jacs_set/bace/CAT-17a,../large_fep_dataset/data/fep_benchmark_processed/jacs_set_bace_CAT-17a.sdf,../large_fep_dataset/data/fep_benchmark_processed/jacs_set_bace_protein.pdb,197,6.6759615,6.3227425,7.054019,6.0301957,6.4062333,6.3002286,6.150286,6.263124,6.360564,6.1289306,6.3692284
198,jacs_set/bace,jacs_set/bace/CAT-17c,../large_fep_dataset/data/fep_benchmark_processed/jacs_set_bace_CAT-17c.sdf,../large_fep_dataset/data/fep_benchmark_processed/jacs_set_bace_protein.pdb,198,6.519857,6.6384087,6.6726155,6.3349905,6.5410566,6.8277154,6.591939,6.000631,6.3842697,6.01114,6.452262
199,jacs_set/bace,jacs_set/bace/CAT-4o,../large_fep_dataset/data/fep_benchmark_processed/jacs_set_bace_CAT-4o.sdf,../large_fep_dataset/data/fep_benchmark_processed/jacs_set_bace_protein.pdb,199,6.24362,6.568654,7.025677,7.0663166,6.566083,7.14119,6.45256,6.126337,6.793426,6.3852935,6.6369157
200,jacs_set/bace,jacs_set/bace/CAT-17d,../large_fep_dataset/data/fep_benchmark_processed/jacs_set_bace_CAT-17d.sdf,../large_fep_dataset/data/fep_benchmark_processed/jacs_set_bace_protein.pdb,200,5.610248,5.732866,5.977344,5.262641,5.8961663,6.0588937,6.299944,5.7329063,6.1558723,5.505589,5.823247
201,jacs_set/bace,jacs_set/bace/CAT-4b,../large_fep_dataset/data/fep_benchmark_processed/jacs_set_bace_CAT-4b.sdf,../large_fep_dataset/data/fep_benchmark_processed/jacs_set_bace_protein.pdb,201,5.602158,6.4374075,6.324953,5.759076,5.9323735,6.169968,6.005045,6.169638,6.133234,5.5240655,6.0057917
202,jacs_set/bace,jacs_set/bace/CAT-13f,../large_fep_dataset/data/fep_benchmark_processed/jacs_set_bace_CAT-13f.sdf,../large_fep_dataset/data/fep_benchmark_processed/jacs_set_bace_protein.pdb,202,6.7340846,6.6475086,6.425719,6.5559907,6.7011642,6.6524153,6.3705564,6.6344337,7.051476,6.212137,6.598549
203,jacs_set/bace,jacs_set/bace/CAT-4d,../large_fep_dataset/data/fep_benchmark_processed/jacs_set_bace_CAT-4d.sdf,../large_fep_dataset/data/fep_benchmark_processed/jacs_set_bace_protein.pdb,203,6.034447,6.379009,6.375115,5.8508472,5.6975203,6.418777,5.8452225,6.227934,6.238385,5.8812985,6.0948553
204,jacs_set/bace,jacs_set/bace/CAT-13m,../large_fep_dataset/data/fep_benchmark_processed/jacs_set_bace_CAT-13m.sdf,../large_fep_dataset/data/fep_benchmark_processed/jacs_set_bace_protein.pdb,204,7.177321,6.6888695,7.199038,7.1341696,6.8640704,6.8798676,7.1171412,6.570434,6.878481,6.7235837,6.923298
205,jacs_set/bace,jacs_set/bace/CAT-17h,../large_fep_dataset/data/fep_benchmark_processed/jacs_set_bace_CAT-17h.sdf,../large_fep_dataset/data/fep_benchmark_processed/jacs_set_bace_protein.pdb,205,6.530131,6.7339797,6.6860514,6.206748,6.329909,6.4207964,6.91214,6.3035674,6.5487795,6.1177573,6.478986
206,jacs_set/bace,jacs_set/bace/CAT-17e,../large_fep_dataset/data/fep_benchmark_processed/jacs_set_bace_CAT-17e.sdf,../large_fep_dataset/data/fep_benchmark_processed/jacs_set_bace_protein.pdb,206,6.2774224,6.561551,7.1506534,5.965597,6.3150716,6.6222672,7.0180655,6.467383,6.5044684,5.982646,6.4865127
207,charge_annhil/jnk1,charge_annhil/jnk1/6a,../large_fep_dataset/data/fep_benchmark_processed/charge_annhil_jnk1_6a.sdf,../large_fep_dataset/data/fep_benchmark_processed/charge_annhil_jnk1_protein.pdb,207,6.9204173,5.721197,5.883964,5.494202,5.8542113,6.2599783,6.680476,6.1544847,5.639913,5.9767365,6.0585585
208,charge_annhil/jnk1,charge_annhil/jnk1/19a_neu,../large_fep_dataset/data/fep_benchmark_processed/charge_annhil_jnk1_19a_neu.sdf,../large_fep_dataset/data/fep_benchmark_processed/charge_annhil_jnk1_protein.pdb,208,6.518962,5.621438,5.9104614,5.543945,6.418781,6.290527,6.3711967,5.6997437,5.8222866,5.635014,5.9832354
209,charge_annhil/jnk1,charge_annhil/jnk1/19b_neu,../large_fep_dataset/data/fep_benchmark_processed/charge_annhil_jnk1_19b_neu.sdf,../large_fep_dataset/data/fep_benchmark_processed/charge_annhil_jnk1_protein.pdb,209,6.088811,5.455596,5.9333715,5.4833984,5.6878557,5.6086087,6.101407,5.0444837,6.104553,5.6344523,5.7142534
210,charge_annhil/jnk1,charge_annhil/jnk1/19b_charg,../large_fep_dataset/data/fep_benchmark_processed/charge_annhil_jnk1_19b_charg.sdf,../large_fep_dataset/data/fep_benchmark_processed/charge_annhil_jnk1_protein.pdb,210,6.089881,5.579553,5.9034576,5.2007146,5.481436,5.5102987,6.090617,5.0713997,5.923461,5.857188,5.6708007
211,charge_annhil/jnk1,charge_annhil/jnk1/19a_charg,../large_fep_dataset/data/fep_benchmark_processed/charge_annhil_jnk1_19a_charg.sdf,../large_fep_dataset/data/fep_benchmark_processed/charge_annhil_jnk1_protein.pdb,211,6.030729,5.4192843,6.007075,5.452787,6.6464515,6.276652,6.5076985,5.6443872,6.117481,5.8159704,5.991852
212,charge_annhil/egfr,charge_annhil/egfr/21,../large_fep_dataset/data/fep_benchmark_processed/charge_annhil_egfr_21.sdf,../large_fep_dataset/data/fep_benchmark_processed/charge_annhil_egfr_protein.pdb,212,7.644326,7.5108852,7.6485863,7.94627,6.6243734,8.099827,7.9498043,8.044201,7.8541703,7.672213,7.6994653
213,charge_annhil/egfr,charge_annhil/egfr/27neu,../large_fep_dataset/data/fep_benchmark_processed/charge_annhil_egfr_27neu.sdf,../large_fep_dataset/data/fep_benchmark_processed/charge_annhil_egfr_protein.pdb,213,7.597664,8.04327,7.9803905,7.941118,7.15437,7.858211,7.828745,7.8285456,7.79421,7.739253,7.776578
214,charge_annhil/egfr,charge_annhil/egfr/27chargR,../large_fep_dataset/data/fep_benchmark_processed/charge_annhil_egfr_27chargR.sdf,../large_fep_dataset/data/fep_benchmark_processed/charge_annhil_egfr_protein.pdb,214,7.3481145,8.04105,7.896881,7.774653,6.849568,7.89228,7.8668528,7.848241,7.740082,7.8517814,7.7109504
215,charge_annhil/egfr,charge_annhil/egfr/27chargS,../large_fep_dataset/data/fep_benchmark_processed/charge_annhil_egfr_27chargS.sdf,../large_fep_dataset/data/fep_benchmark_processed/charge_annhil_egfr_protein.pdb,215,7.3799276,8.069066,7.8835435,7.7851195,6.8387766,7.8592424,7.9814076,7.8618393,7.8520765,7.8148646,7.732586
216,charge_annhil/egfr,charge_annhil/egfr/28neu,../large_fep_dataset/data/fep_benchmark_processed/charge_annhil_egfr_28neu.sdf,../large_fep_dataset/data/fep_benchmark_processed/charge_annhil_egfr_protein.pdb,216,7.62436,7.33067,7.5178976,7.672399,6.788382,7.797348,7.648883,7.738822,7.9429674,7.3996296,7.546136
217,charge_annhil/egfr,charge_annhil/egfr/28charg,../large_fep_dataset/data/fep_benchmark_processed/charge_annhil_egfr_28charg.sdf,../large_fep_dataset/data/fep_benchmark_processed/charge_annhil_egfr_protein.pdb,217,7.6717176,7.9296994,7.45971,7.9937162,6.842799,8.001364,7.868892,8.059989,8.185976,7.5627575,7.757663
218,charge_annhil/egfr,charge_annhil/egfr/29neu,../large_fep_dataset/data/fep_benchmark_processed/charge_annhil_egfr_29neu.sdf,../large_fep_dataset/data/fep_benchmark_processed/charge_annhil_egfr_protein.pdb,218,7.58016,7.558908,7.3053403,7.7956257,6.988588,7.523612,7.8035655,7.5904436,8.17269,7.6090565,7.5927987
219,charge_annhil/egfr,charge_annhil/egfr/29charg,../large_fep_dataset/data/fep_benchmark_processed/charge_annhil_egfr_29charg.sdf,../large_fep_dataset/data/fep_benchmark_processed/charge_annhil_egfr_protein.pdb,219,8.039084,7.7187696,7.2524247,7.7368693,7.0411406,7.66973,7.8917294,7.5139856,8.421266,7.5862303,7.6871223
220,charge_annhil/egfr,charge_annhil/egfr/30neu,../large_fep_dataset/data/fep_benchmark_processed/charge_annhil_egfr_30neu.sdf,../large_fep_dataset/data/fep_benchmark_processed/charge_annhil_egfr_protein.pdb,220,7.4313936,8.054801,7.7953,7.9505644,7.067432,7.529247,7.807435,7.81862,8.032072,7.685614,7.717248
221,charge_annhil/egfr,charge_annhil/egfr/30charg,../large_fep_dataset/data/fep_benchmark_processed/charge_annhil_egfr_30charg.sdf,../large_fep_dataset/data/fep_benchmark_processed/charge_annhil_egfr_protein.pdb,221,7.4644556,8.180753,7.610303,7.8662715,7.1887784,7.5719056,7.8600745,8.064954,8.185598,7.757763,7.7750854
222,charge_annhil/ptp1b,charge_annhil/ptp1b/26charg,../large_fep_dataset/data/fep_benchmark_processed/charge_annhil_ptp1b_26charg.sdf,../large_fep_dataset/data/fep_benchmark_processed/charge_annhil_ptp1b_protein.pdb,222,7.5593805,6.694508,7.2420497,6.9249473,7.554572,6.9347863,7.704343,7.7635946,7.0093036,7.109178,7.2496667
223,charge_annhil/ptp1b,charge_annhil/ptp1b/26neu,../large_fep_dataset/data/fep_benchmark_processed/charge_annhil_ptp1b_26neu.sdf,../large_fep_dataset/data/fep_benchmark_processed/charge_annhil_ptp1b_protein.pdb,223,7.528343,6.455842,7.4244394,6.9915376,7.5308843,7.007886,7.8226557,7.729796,7.0312896,6.9990897,7.252177
224,charge_annhil/ptp1b,charge_annhil/ptp1b/27,../large_fep_dataset/data/fep_benchmark_processed/charge_annhil_ptp1b_27.sdf,../large_fep_dataset/data/fep_benchmark_processed/charge_annhil_ptp1b_protein.pdb,224,7.6425056,6.9859004,7.1637983,7.486911,7.844628,7.089636,7.659467,7.757459,7.4972696,7.4713173,7.4598894
225,charge_annhil/ptp1b,charge_annhil/ptp1b/32,../large_fep_dataset/data/fep_benchmark_processed/charge_annhil_ptp1b_32.sdf,../large_fep_dataset/data/fep_benchmark_processed/charge_annhil_ptp1b_protein.pdb,225,7.498428,6.921966,7.6557937,7.167955,8.010823,7.871772,7.6918254,8.469379,7.75811,7.542212,7.6588264
226,charge_annhil/irak4_s2,charge_annhil/irak4_s2/17charg,../large_fep_dataset/data/fep_benchmark_processed/charge_annhil_irak4_s2_17charg.sdf,../large_fep_dataset/data/fep_benchmark_processed/charge_annhil_irak4_s2_protein.pdb,226,5.749315,6.7172503,6.7970905,6.128285,6.5805364,6.453717,7.4293528,6.2183223,6.288717,6.2832704,6.4645853
227,charge_annhil/irak4_s2,charge_annhil/irak4_s2/17neu,../large_fep_dataset/data/fep_benchmark_processed/charge_annhil_irak4_s2_17neu.sdf,../large_fep_dataset/data/fep_benchmark_processed/charge_annhil_irak4_s2_protein.pdb,227,6.025814,7.234573,6.89935,6.5706625,6.924821,6.4605227,7.5362387,6.4251127,6.6363974,6.388075,6.710157
228,charge_annhil/irak4_s2,charge_annhil/irak4_s2/5neu,../large_fep_dataset/data/fep_benchmark_processed/charge_annhil_irak4_s2_5neu.sdf,../large_fep_dataset/data/fep_benchmark_processed/charge_annhil_irak4_s2_protein.pdb,228,7.251097,7.6728797,6.8440094,6.1852655,8.171595,7.217358,7.7552586,7.1882997,7.4953957,6.5566816,7.2337837
229,charge_annhil/irak4_s2,charge_annhil/irak4_s2/18,../large_fep_dataset/data/fep_benchmark_processed/charge_annhil_irak4_s2_18.sdf,../large_fep_dataset/data/fep_benchmark_processed/charge_annhil_irak4_s2_protein.pdb,229,5.6236534,6.946003,6.55341,6.2748303,7.075764,6.3107114,7.471539,6.0669937,7.007729,6.141838,6.5472474
230,charge_annhil/irak4_s2,charge_annhil/irak4_s2/6,../large_fep_dataset/data/fep_benchmark_processed/charge_annhil_irak4_s2_6.sdf,../large_fep_dataset/data/fep_benchmark_processed/charge_annhil_irak4_s2_protein.pdb,230,6.1477613,6.987811,6.6299195,5.3374615,7.1029463,6.724864,6.3609276,6.162521,6.725045,5.720888,6.3900146
231,charge_annhil/irak4_s2,charge_annhil/irak4_s2/5charg,../large_fep_dataset/data/fep_benchmark_processed/charge_annhil_irak4_s2_5charg.sdf,../large_fep_dataset/data/fep_benchmark_processed/charge_annhil_irak4_s2_protein.pdb,231,7.2625847,7.5821953,7.1883044,6.231157,8.181151,6.9863462,7.6872168,6.8495717,7.2222056,6.404431,7.159517
232,charge_annhil/irak4_s2,charge_annhil/irak4_s2/14,../large_fep_dataset/data/fep_benchmark_processed/charge_annhil_irak4_s2_14.sdf,../large_fep_dataset/data/fep_benchmark_processed/charge_annhil_irak4_s2_protein.pdb,232,4.877874,6.5968175,6.5204887,6.3422437,6.394941,6.25971,6.8690286,5.8353477,5.9853115,6.1103287,6.179209
233,charge_annhil/dlk,charge_annhil/dlk/9,../large_fep_dataset/data/fep_benchmark_processed/charge_annhil_dlk_9.sdf,../large_fep_dataset/data/fep_benchmark_processed/charge_annhil_dlk_protein.pdb,233,6.985708,6.485635,6.7110496,6.555588,6.387626,7.014578,6.6468115,6.857458,6.41293,6.352132,6.6409516
234,charge_annhil/dlk,charge_annhil/dlk/17charg,../large_fep_dataset/data/fep_benchmark_processed/charge_annhil_dlk_17charg.sdf,../large_fep_dataset/data/fep_benchmark_processed/charge_annhil_dlk_protein.pdb,234,6.79578,7.0381455,7.153505,6.9906163,6.957309,7.6227226,7.665581,7.3342338,6.9383783,7.3906074,7.188688
235,charge_annhil/dlk,charge_annhil/dlk/17neu,../large_fep_dataset/data/fep_benchmark_processed/charge_annhil_dlk_17neu.sdf,../large_fep_dataset/data/fep_benchmark_processed/charge_annhil_dlk_protein.pdb,235,6.95896,7.213099,7.139492,6.9531455,6.7404346,7.533088,7.199731,7.312252,6.7826443,7.342374,7.1175222
236,charge_annhil/dlk,charge_annhil/dlk/4charg,../large_fep_dataset/data/fep_benchmark_processed/charge_annhil_dlk_4charg.sdf,../large_fep_dataset/data/fep_benchmark_processed/charge_annhil_dlk_protein.pdb,236,6.916594,6.078955,6.449869,6.3820214,6.647105,7.309646,6.9072433,6.539884,6.4925795,6.645175,6.636907
237,charge_annhil/dlk,charge_annhil/dlk/4neu,../large_fep_dataset/data/fep_benchmark_processed/charge_annhil_dlk_4neu.sdf,../large_fep_dataset/data/fep_benchmark_processed/charge_annhil_dlk_protein.pdb,237,6.851449,6.396422,6.4844584,6.5350137,6.926393,7.550404,6.9023566,6.4957604,6.429568,6.8285847,6.7400413
238,charge_annhil/dlk,charge_annhil/dlk/18,../large_fep_dataset/data/fep_benchmark_processed/charge_annhil_dlk_18.sdf,../large_fep_dataset/data/fep_benchmark_processed/charge_annhil_dlk_protein.pdb,238,6.6217346,7.0679197,6.583955,6.5903997,6.7750535,7.6874037,7.3473644,6.706249,6.74129,6.9511495,6.9072523
239,charge_annhil/dlk,charge_annhil/dlk/8,../large_fep_dataset/data/fep_benchmark_processed/charge_annhil_dlk_8.sdf,../large_fep_dataset/data/fep_benchmark_processed/charge_annhil_dlk_protein.pdb,239,7.0629106,6.8779387,6.7582917,7.273796,6.7501817,8.0862055,7.777666,7.1868267,6.8248754,7.0091004,7.1607795
240,charge_annhil/irak4_s3,charge_annhil/irak4_s3/28neu,../large_fep_dataset/data/fep_benchmark_processed/charge_annhil_irak4_s3_28neu.sdf,../large_fep_dataset/data/fep_benchmark_processed/charge_annhil_irak4_s3_protein.pdb,240,6.325305,7.039088,6.493041,6.38799,6.9700603,6.6857967,7.190519,6.615525,6.6241612,6.4037204,6.6735206
241,charge_annhil/irak4_s3,charge_annhil/irak4_s3/19charg,../large_fep_dataset/data/fep_benchmark_processed/charge_annhil_irak4_s3_19charg.sdf,../large_fep_dataset/data/fep_benchmark_processed/charge_annhil_irak4_s3_protein.pdb,241,6.1539164,7.202503,6.722414,5.7946143,6.646757,6.8003955,7.057319,6.6210027,6.7482104,6.6193247,6.6366463
242,charge_annhil/irak4_s3,charge_annhil/irak4_s3/29,../large_fep_dataset/data/fep_benchmark_processed/charge_annhil_irak4_s3_29.sdf,../large_fep_dataset/data/fep_benchmark_processed/charge_annhil_irak4_s3_protein.pdb,242,5.82688,6.8808203,6.4272494,6.9362144,6.6684203,6.7578835,6.745401,6.541644,6.333352,6.126741,6.524461
243,charge_annhil/irak4_s3,charge_annhil/irak4_s3/19neu,../large_fep_dataset/data/fep_benchmark_processed/charge_annhil_irak4_s3_19neu.sdf,../large_fep_dataset/data/fep_benchmark_processed/charge_annhil_irak4_s3_protein.pdb,243,6.237391,7.111755,6.583593,6.0399165,6.762242,6.69796,7.0305815,6.6266594,6.505859,6.4288297,6.602479
244,charge_annhil/irak4_s3,charge_annhil/irak4_s3/28charg,../large_fep_dataset/data/fep_benchmark_processed/charge_annhil_irak4_s3_28charg.sdf,../large_fep_dataset/data/fep_benchmark_processed/charge_annhil_irak4_s3_protein.pdb,244,6.3979173,7.2768984,6.4249306,6.0507455,6.9318314,6.672134,7.117166,6.3934665,6.654042,6.4040484,6.6323175
245,charge_annhil/irak4_s3,charge_annhil/irak4_s3/27,../large_fep_dataset/data/fep_benchmark_processed/charge_annhil_irak4_s3_27.sdf,../large_fep_dataset/data/fep_benchmark_processed/charge_annhil_irak4_s3_protein.pdb,245,6.487255,6.3938794,6.658937,6.614544,6.6532807,6.318908,7.025751,6.552157,6.8637576,6.3242316,6.5892706
246,charge_annhil/ephx2,charge_annhil/ephx2/47charg,../large_fep_dataset/data/fep_benchmark_processed/charge_annhil_ephx2_47charg.sdf,../large_fep_dataset/data/fep_benchmark_processed/charge_annhil_ephx2_protein.pdb,246,7.8034935,7.988068,8.390113,7.985524,8.068044,8.636808,8.606289,8.42184,8.238432,7.729292,8.18679
247,charge_annhil/ephx2,charge_annhil/ephx2/19charg,../large_fep_dataset/data/fep_benchmark_processed/charge_annhil_ephx2_19charg.sdf,../large_fep_dataset/data/fep_benchmark_processed/charge_annhil_ephx2_protein.pdb,247,6.3228374,6.8748293,6.9332857,6.495089,6.8885055,6.7846675,7.030682,6.495723,6.9030995,6.466338,6.7195053
248,charge_annhil/ephx2,charge_annhil/ephx2/19neu,../large_fep_dataset/data/fep_benchmark_processed/charge_annhil_ephx2_19neu.sdf,../large_fep_dataset/data/fep_benchmark_processed/charge_annhil_ephx2_protein.pdb,248,6.708178,6.854337,7.113193,6.61584,6.9521065,7.0089617,7.047631,6.8503428,6.587587,6.6282268,6.8366404
249,charge_annhil/ephx2,charge_annhil/ephx2/20,../large_fep_dataset/data/fep_benchmark_processed/charge_annhil_ephx2_20.sdf,../large_fep_dataset/data/fep_benchmark_processed/charge_annhil_ephx2_protein.pdb,249,6.834278,6.45862,6.9402447,6.657067,7.0020714,7.0334396,7.36865,7.140509,6.567373,6.83664,6.883889
250,charge_annhil/ephx2,charge_annhil/ephx2/47neu,../large_fep_dataset/data/fep_benchmark_processed/charge_annhil_ephx2_47neu.sdf,../large_fep_dataset/data/fep_benchmark_processed/charge_annhil_ephx2_protein.pdb,250,8.018465,8.099831,8.528746,8.223992,8.139176,8.802124,8.664955,8.34985,8.419305,7.7228456,8.296928
251,charge_annhil/ephx2,charge_annhil/ephx2/33,../large_fep_dataset/data/fep_benchmark_processed/charge_annhil_ephx2_33.sdf,../large_fep_dataset/data/fep_benchmark_processed/charge_annhil_ephx2_protein.pdb,251,7.748306,8.383731,7.6045322,7.806237,7.7810593,7.828242,8.318494,7.955193,8.167127,7.4870296,7.9079947
252,charge_annhil/jak1,charge_annhil/jak1/17,../large_fep_dataset/data/fep_benchmark_processed/charge_annhil_jak1_17.sdf,../large_fep_dataset/data/fep_benchmark_processed/charge_annhil_jak1_protein.pdb,252,7.5447817,7.842454,7.2113857,7.3288164,6.9594593,7.553832,7.144777,6.9998765,7.9060116,7.1553955,7.364679
253,charge_annhil/jak1,charge_annhil/jak1/18charg,../large_fep_dataset/data/fep_benchmark_processed/charge_annhil_jak1_18charg.sdf,../large_fep_dataset/data/fep_benchmark_processed/charge_annhil_jak1_protein.pdb,253,7.5112934,8.065416,7.9454846,7.7907767,7.686516,8.40189,8.164245,7.3201885,8.044914,7.7794957,7.871022
254,charge_annhil/jak1,charge_annhil/jak1/18neu,../large_fep_dataset/data/fep_benchmark_processed/charge_annhil_jak1_18neu.sdf,../large_fep_dataset/data/fep_benchmark_processed/charge_annhil_jak1_protein.pdb,254,7.5323133,8.080946,7.7254725,8.059485,7.80373,8.557159,8.280419,7.3271666,8.280625,7.7657003,7.941302
255,charge_annhil/jak1,charge_annhil/jak1/jmc_25,../large_fep_dataset/data/fep_benchmark_processed/charge_annhil_jak1_jmc_25.sdf,../large_fep_dataset/data/fep_benchmark_processed/charge_annhil_jak1_protein.pdb,255,8.169336,7.9814687,8.0064335,8.405427,7.851871,7.452203,7.7085238,8.552918,7.999679,7.560771,7.968863
256,charge_annhil/jak1,charge_annhil/jak1/jmc_34,../large_fep_dataset/data/fep_benchmark_processed/charge_annhil_jak1_jmc_34.sdf,../large_fep_dataset/data/fep_benchmark_processed/charge_annhil_jak1_protein.pdb,256,8.748144,8.252989,9.03794,8.1599,8.537527,8.615872,8.336053,8.536103,8.547087,8.36036,8.513198
257,charge_annhil/jak1,charge_annhil/jak1/16charg,../large_fep_dataset/data/fep_benchmark_processed/charge_annhil_jak1_16charg.sdf,../large_fep_dataset/data/fep_benchmark_processed/charge_annhil_jak1_protein.pdb,257,7.3360653,7.6818385,6.955759,6.892935,7.1871715,7.3892713,7.5849314,6.7705345,7.2984853,6.964119,7.206111
258,charge_annhil/jak1,charge_annhil/jak1/16neu,../large_fep_dataset/data/fep_benchmark_processed/charge_annhil_jak1_16neu.sdf,../large_fep_dataset/data/fep_benchmark_processed/charge_annhil_jak1_protein.pdb,258,7.3524776,7.9554048,6.816459,7.2096195,7.321579,7.1516175,7.3307724,6.773161,7.3281193,7.397538,7.2636747
259,charge_annhil/jak1,charge_annhil/jak1/jmc_22,../large_fep_dataset/data/fep_benchmark_processed/charge_annhil_jak1_jmc_22.sdf,../large_fep_dataset/data/fep_benchmark_processed/charge_annhil_jak1_protein.pdb,259,8.0640955,7.8865576,8.165413,8.098258,7.9933605,7.8203673,7.9839964,8.653534,7.9815965,7.213343,7.9860525
260,charge_annhil/tyk2,charge_annhil/tyk2/ejm_47,../large_fep_dataset/data/fep_benchmark_processed/charge_annhil_tyk2_ejm_47.sdf,../large_fep_dataset/data/fep_benchmark_processed/charge_annhil_tyk2_protein.pdb,260,7.8841963,7.545036,7.7085657,7.7958302,7.315633,7.867697,7.8195157,7.6065793,7.6747518,7.2377105,7.645551
261,charge_annhil/tyk2,charge_annhil/tyk2/jmc_32charg,../large_fep_dataset/data/fep_benchmark_processed/charge_annhil_tyk2_jmc_32charg.sdf,../large_fep_dataset/data/fep_benchmark_processed/charge_annhil_tyk2_protein.pdb,261,8.165551,7.169195,7.969203,7.696277,8.096306,7.4855347,7.6755676,7.462324,7.116174,6.5876656,7.54238
262,charge_annhil/tyk2,charge_annhil/tyk2/jmc_31,../large_fep_dataset/data/fep_benchmark_processed/charge_annhil_tyk2_jmc_31.sdf,../large_fep_dataset/data/fep_benchmark_processed/charge_annhil_tyk2_protein.pdb,262,8.004009,7.084169,7.692355,7.7359424,8.074606,7.7241116,7.4753447,7.627849,7.3744893,6.6804028,7.547328
263,charge_annhil/tyk2,charge_annhil/tyk2/jmc_32neu,../large_fep_dataset/data/fep_benchmark_processed/charge_annhil_tyk2_jmc_32neu.sdf,../large_fep_dataset/data/fep_benchmark_processed/charge_annhil_tyk2_protein.pdb,263,8.146063,7.1184664,8.093176,7.949403,7.9713945,7.5621433,7.7815557,7.5791383,7.4033704,6.6163564,7.622107
264,charge_annhil/tyk2,charge_annhil/tyk2/ejm_52neu,../large_fep_dataset/data/fep_benchmark_processed/charge_annhil_tyk2_ejm_52neu.sdf,../large_fep_dataset/data/fep_benchmark_processed/charge_annhil_tyk2_protein.pdb,264,7.878662,7.2435093,7.5839944,7.5603204,7.428444,7.4202046,7.6690683,7.1352386,7.3300056,6.9543033,7.420375
265,charge_annhil/tyk2,charge_annhil/tyk2/ejm_52charg,../large_fep_dataset/data/fep_benchmark_processed/charge_annhil_tyk2_ejm_52charg.sdf,../large_fep_dataset/data/fep_benchmark_processed/charge_annhil_tyk2_protein.pdb,265,7.6476583,7.123058,7.656027,7.5528216,7.5293407,7.293188,7.178112,7.478423,7.3443584,6.6793575,7.3482347
266,charge_annhil/tyk2,charge_annhil/tyk2/ejm_46,../large_fep_dataset/data/fep_benchmark_processed/charge_annhil_tyk2_ejm_46.sdf,../large_fep_dataset/data/fep_benchmark_processed/charge_annhil_tyk2_protein.pdb,266,8.378886,7.820443,8.335874,7.606649,7.9481115,8.398187,8.234966,7.731886,7.628805,7.399639,7.948344
267,charge_annhil/itk,charge_annhil/itk/17,../large_fep_dataset/data/fep_benchmark_processed/charge_annhil_itk_17.sdf,../large_fep_dataset/data/fep_benchmark_processed/charge_annhil_itk_protein.pdb,267,8.051749,8.364568,9.2506075,7.836654,8.235783,8.144365,8.164182,8.446633,7.79089,7.8804774,8.216592
268,charge_annhil/itk,charge_annhil/itk/1neu,../large_fep_dataset/data/fep_benchmark_processed/charge_annhil_itk_1neu.sdf,../large_fep_dataset/data/fep_benchmark_processed/charge_annhil_itk_protein.pdb,268,8.116313,7.2385635,8.563882,7.691005,7.7033305,8.080255,7.822441,8.000025,7.6261196,8.566948,7.9408884
269,charge_annhil/itk,charge_annhil/itk/1charg,../large_fep_dataset/data/fep_benchmark_processed/charge_annhil_itk_1charg.sdf,../large_fep_dataset/data/fep_benchmark_processed/charge_annhil_itk_protein.pdb,269,8.115184,7.6723876,8.431128,7.51262,7.938225,8.064533,7.67839,8.2377,7.8294015,8.406781,7.988635
270,charge_annhil/itk,charge_annhil/itk/18,../large_fep_dataset/data/fep_benchmark_processed/charge_annhil_itk_18.sdf,../large_fep_dataset/data/fep_benchmark_processed/charge_annhil_itk_protein.pdb,270,8.079948,8.487134,9.3027935,7.8191705,7.9409885,8.400692,8.113483,8.851911,7.519963,8.072311,8.258841
271,charge_annhil/itk,charge_annhil/itk/19,../large_fep_dataset/data/fep_benchmark_processed/charge_annhil_itk_19.sdf,../large_fep_dataset/data/fep_benchmark_processed/charge_annhil_itk_protein.pdb,271,7.6230073,8.3014345,8.357726,7.2899427,8.021739,8.396979,8.395676,7.932463,7.0746565,7.4033556,7.8796983
272,charge_annhil/thrombin_whole_map,charge_annhil/thrombin_whole_map/11,../large_fep_dataset/data/fep_benchmark_processed/charge_annhil_thrombin_whole_map_11.sdf,../large_fep_dataset/data/fep_benchmark_processed/charge_annhil_thrombin_whole_map_protein.pdb,272,6.321036,6.570436,7.3268876,6.869133,6.307824,6.9458876,6.546441,8.147934,6.7215533,5.9982624,6.7755394
273,charge_annhil/thrombin_whole_map,charge_annhil/thrombin_whole_map/1,../large_fep_dataset/data/fep_benchmark_processed/charge_annhil_thrombin_whole_map_1.sdf,../large_fep_dataset/data/fep_benchmark_processed/charge_annhil_thrombin_whole_map_protein.pdb,273,6.04105,6.4236593,6.2135706,6.1277814,6.0637712,5.990848,5.9828806,6.6228213,6.1224847,5.216218,6.080508
274,charge_annhil/thrombin_whole_map,charge_annhil/thrombin_whole_map/3,../large_fep_dataset/data/fep_benchmark_processed/charge_annhil_thrombin_whole_map_3.sdf,../large_fep_dataset/data/fep_benchmark_processed/charge_annhil_thrombin_whole_map_protein.pdb,274,5.8735437,6.3546424,7.0698805,5.857529,6.0295515,6.436894,6.032922,6.9291086,5.5537267,5.4475703,6.1585364
275,charge_annhil/thrombin_whole_map,charge_annhil/thrombin_whole_map/jmb2009-4,../large_fep_dataset/data/fep_benchmark_processed/charge_annhil_thrombin_whole_map_jmb2009-4.sdf,../large_fep_dataset/data/fep_benchmark_processed/charge_annhil_thrombin_whole_map_protein.pdb,275,6.9786034,8.406415,8.14778,8.4606285,7.334427,8.067193,7.676352,8.126495,7.5157814,7.1286106,7.7842283
276,charge_annhil/thrombin_whole_map,charge_annhil/thrombin_whole_map/10,../large_fep_dataset/data/fep_benchmark_processed/charge_annhil_thrombin_whole_map_10.sdf,../large_fep_dataset/data/fep_benchmark_processed/charge_annhil_thrombin_whole_map_protein.pdb,276,6.2600784,7.058033,6.364673,6.8204327,5.752015,6.267201,7.1591997,7.232528,6.36857,6.533786,6.581651
277,charge_annhil/thrombin_whole_map,charge_annhil/thrombin_whole_map/2,../large_fep_dataset/data/fep_benchmark_processed/charge_annhil_thrombin_whole_map_2.sdf,../large_fep_dataset/data/fep_benchmark_processed/charge_annhil_thrombin_whole_map_protein.pdb,277,5.921912,6.446002,6.53931,6.075293,5.5445523,6.018897,5.1452527,6.602607,6.067616,5.640373,6.0001817
278,charge_annhil/cdk2,charge_annhil/cdk2/39neu,../large_fep_dataset/data/fep_benchmark_processed/charge_annhil_cdk2_39neu.sdf,../large_fep_dataset/data/fep_benchmark_processed/charge_annhil_cdk2_protein.pdb,278,5.609692,5.972891,5.907519,5.8058615,5.4762425,6.094082,5.3777947,5.872685,5.3225574,5.0179977,5.645732
279,charge_annhil/cdk2,charge_annhil/cdk2/39charg,../large_fep_dataset/data/fep_benchmark_processed/charge_annhil_cdk2_39charg.sdf,../large_fep_dataset/data/fep_benchmark_processed/charge_annhil_cdk2_protein.pdb,279,5.674629,6.340296,5.632099,6.058066,5.791115,5.6504135,5.3895473,5.678196,5.520538,5.2380967,5.6972995
280,charge_annhil/cdk2,charge_annhil/cdk2/34,../large_fep_dataset/data/fep_benchmark_processed/charge_annhil_cdk2_34.sdf,../large_fep_dataset/data/fep_benchmark_processed/charge_annhil_cdk2_protein.pdb,280,5.1346526,5.5776796,5.762376,5.480295,5.3826437,5.60829,5.546338,6.053749,5.1442604,4.88702,5.4577303
281,charge_annhil/cdk2,charge_annhil/cdk2/25,../large_fep_dataset/data/fep_benchmark_processed/charge_annhil_cdk2_25.sdf,../large_fep_dataset/data/fep_benchmark_processed/charge_annhil_cdk2_protein.pdb,281,6.1281238,5.6213756,6.112084,6.134952,6.013113,6.587935,5.8062854,6.630479,5.7895617,5.285391,6.01093
282,fragments/hsp90_frag_2rings,fragments/hsp90_frag_2rings/18,../large_fep_dataset/data/fep_benchmark_processed/fragments_hsp90_frag_2rings_18.sdf,../large_fep_dataset/data/fep_benchmark_processed/fragments_hsp90_frag_2rings_protein.pdb,282,6.7346425,7.2362304,7.048367,7.0584364,6.7841725,7.3012204,6.5882053,6.449891,7.4356008,6.522413,6.915918
283,fragments/hsp90_frag_2rings,fragments/hsp90_frag_2rings/17,../large_fep_dataset/data/fep_benchmark_processed/fragments_hsp90_frag_2rings_17.sdf,../large_fep_dataset/data/fep_benchmark_processed/fragments_hsp90_frag_2rings_protein.pdb,283,6.0650144,7.3588796,6.6015916,6.9027233,6.966196,6.0447683,6.2219343,6.2060704,7.6572714,6.615465,6.6639915
284,fragments/hsp90_frag_2rings,fragments/hsp90_frag_2rings/19,../large_fep_dataset/data/fep_benchmark_processed/fragments_hsp90_frag_2rings_19.sdf,../large_fep_dataset/data/fep_benchmark_processed/fragments_hsp90_frag_2rings_protein.pdb,284,6.8398347,7.5644794,7.103594,7.3094225,7.1442566,7.4239902,6.5695047,6.6592073,7.683104,6.835415,7.11328
285,fragments/hsp90_frag_2rings,fragments/hsp90_frag_2rings/15,../large_fep_dataset/data/fep_benchmark_processed/fragments_hsp90_frag_2rings_15.sdf,../large_fep_dataset/data/fep_benchmark_processed/fragments_hsp90_frag_2rings_protein.pdb,285,6.321108,6.9846945,6.747264,6.5992937,6.955656,6.4595304,6.0222282,5.98845,7.211266,6.3740973,6.566359
286,fragments/hsp90_frag_2rings,fragments/hsp90_frag_2rings/14,../large_fep_dataset/data/fep_benchmark_processed/fragments_hsp90_frag_2rings_14.sdf,../large_fep_dataset/data/fep_benchmark_processed/fragments_hsp90_frag_2rings_protein.pdb,286,6.026129,6.724252,7.1309214,6.218852,6.305222,6.1190143,5.963298,6.0978436,6.762046,5.7433224,6.3090906
287,fragments/hsp90_frag_2rings,fragments/hsp90_frag_2rings/16,../large_fep_dataset/data/fep_benchmark_processed/fragments_hsp90_frag_2rings_16.sdf,../large_fep_dataset/data/fep_benchmark_processed/fragments_hsp90_frag_2rings_protein.pdb,287,6.449016,7.5008636,6.8888693,6.7673235,7.39278,6.1305428,6.5501995,6.363245,7.337539,6.3937273,6.777411
288,fragments/frag_liga_auto,fragments/frag_liga_auto/12,../large_fep_dataset/data/fep_benchmark_processed/fragments_frag_liga_auto_12.sdf,../large_fep_dataset/data/fep_benchmark_processed/fragments_frag_liga_auto_protein.pdb,288,6.681621,6.9535584,6.8452888,6.3759036,7.0600452,7.1028223,7.066947,7.051276,7.3485665,7.1537714,6.9639807
289,fragments/frag_liga_auto,fragments/frag_liga_auto/9,../large_fep_dataset/data/fep_benchmark_processed/fragments_frag_liga_auto_9.sdf,../large_fep_dataset/data/fep_benchmark_processed/fragments_frag_liga_auto_protein.pdb,289,5.290495,5.488191,5.618591,5.559112,4.87131,5.538403,4.895863,5.1386523,4.82635,5.4660106,5.269298
290,fragments/frag_liga_auto,fragments/frag_liga_auto/5,../large_fep_dataset/data/fep_benchmark_processed/fragments_frag_liga_auto_5.sdf,../large_fep_dataset/data/fep_benchmark_processed/fragments_frag_liga_auto_protein.pdb,290,4.6594615,3.9784384,4.2998676,4.2523274,4.712257,5.1343985,4.392577,4.78948,4.4685717,4.4538765,4.514126
291,fragments/frag_liga_auto,fragments/frag_liga_auto/6,../large_fep_dataset/data/fep_benchmark_processed/fragments_frag_liga_auto_6.sdf,../large_fep_dataset/data/fep_benchmark_processed/fragments_frag_liga_auto_protein.pdb,291,5.0882845,4.6288047,4.477144,5.173333,5.0832787,5.470045,4.918826,5.6649566,5.228168,5.4678087,5.1200647
292,fragments/frag_liga_auto,fragments/frag_liga_auto/11,../large_fep_dataset/data/fep_benchmark_processed/fragments_frag_liga_auto_11.sdf,../large_fep_dataset/data/fep_benchmark_processed/fragments_frag_liga_auto_protein.pdb,292,7.050329,6.105653,6.5303717,6.98079,6.307368,7.1450887,6.5647144,6.6019573,6.1819205,6.295496,6.5763693
293,fragments/frag_liga_auto,fragments/frag_liga_auto/10,../large_fep_dataset/data/fep_benchmark_processed/fragments_frag_liga_auto_10.sdf,../large_fep_dataset/data/fep_benchmark_processed/fragments_frag_liga_auto_protein.pdb,293,5.5419345,4.6418605,4.9482336,5.018011,4.8980136,5.7555714,5.233632,4.8772564,4.8087897,5.380357,5.110366
294,fragments/frag_liga_auto,fragments/frag_liga_auto/8,../large_fep_dataset/data/fep_benchmark_processed/fragments_frag_liga_auto_8.sdf,../large_fep_dataset/data/fep_benchmark_processed/fragments_frag_liga_auto_protein.pdb,294,7.1449018,5.8777094,5.773693,5.994034,6.4138556,6.829484,5.5656157,5.6783385,6.790189,5.9804463,6.2048264
295,fragments/frag_liga_auto,fragments/frag_liga_auto/3,../large_fep_dataset/data/fep_benchmark_processed/fragments_frag_liga_auto_3.sdf,../large_fep_dataset/data/fep_benchmark_processed/fragments_frag_liga_auto_protein.pdb,295,4.0693073,4.340817,4.0080104,4.334603,4.4482455,4.4726906,4.4946136,4.5616007,4.1575317,3.925987,4.2813406
296,fragments/frag_liga_auto,fragments/frag_liga_auto/7,../large_fep_dataset/data/fep_benchmark_processed/fragments_frag_liga_auto_7.sdf,../large_fep_dataset/data/fep_benchmark_processed/fragments_frag_liga_auto_protein.pdb,296,5.496748,3.687161,4.524578,4.687171,4.711186,5.3287764,4.5604277,4.530938,4.8794947,5.11754,4.752402
297,fragments/frag_liga_auto,fragments/frag_liga_auto/13,../large_fep_dataset/data/fep_benchmark_processed/fragments_frag_liga_auto_13.sdf,../large_fep_dataset/data/fep_benchmark_processed/fragments_frag_liga_auto_protein.pdb,297,6.5620103,6.49773,6.0875063,6.3350053,6.611456,6.6962767,6.776827,7.006355,7.2786765,6.461455,6.6313295
298,fragments/frag_liga_auto,fragments/frag_liga_auto/4,../large_fep_dataset/data/fep_benchmark_processed/fragments_frag_liga_auto_4.sdf,../large_fep_dataset/data/fep_benchmark_processed/fragments_frag_liga_auto_protein.pdb,298,4.874862,4.115675,4.527842,4.876283,5.0856495,5.000591,4.7877083,4.540237,4.3955493,4.634836,4.6839232
299,fragments/hsp90_frag_single_ring,fragments/hsp90_frag_single_ring/10,../large_fep_dataset/data/fep_benchmark_processed/fragments_hsp90_frag_single_ring_10.sdf,../large_fep_dataset/data/fep_benchmark_processed/fragments_hsp90_frag_single_ring_protein.pdb,299,5.510343,5.907448,5.6709757,5.241437,4.482024,5.872533,4.813259,4.892882,5.668875,5.429822,5.34896
300,fragments/hsp90_frag_single_ring,fragments/hsp90_frag_single_ring/3,../large_fep_dataset/data/fep_benchmark_processed/fragments_hsp90_frag_single_ring_3.sdf,../large_fep_dataset/data/fep_benchmark_processed/fragments_hsp90_frag_single_ring_protein.pdb,300,5.286853,5.686944,5.279013,5.497025,5.116926,5.691195,4.6036572,5.2371726,5.7110057,5.274999,5.338479
301,fragments/hsp90_frag_single_ring,fragments/hsp90_frag_single_ring/9,../large_fep_dataset/data/fep_benchmark_processed/fragments_hsp90_frag_single_ring_9.sdf,../large_fep_dataset/data/fep_benchmark_processed/fragments_hsp90_frag_single_ring_protein.pdb,301,4.949432,5.3059216,5.3324847,5.712327,4.2989655,5.752329,5.5559607,4.8921466,5.8592873,5.6822677,5.334112
302,fragments/hsp90_frag_single_ring,fragments/hsp90_frag_single_ring/8,../large_fep_dataset/data/fep_benchmark_processed/fragments_hsp90_frag_single_ring_8.sdf,../large_fep_dataset/data/fep_benchmark_processed/fragments_hsp90_frag_single_ring_protein.pdb,302,4.85938,5.7432218,5.6546407,5.094971,5.182847,5.6177435,5.0205784,5.5702157,5.8861904,5.1839414,5.3813734
303,fragments/hsp90_frag_single_ring,fragments/hsp90_frag_single_ring/11,../large_fep_dataset/data/fep_benchmark_processed/fragments_hsp90_frag_single_ring_11.sdf,../large_fep_dataset/data/fep_benchmark_processed/fragments_hsp90_frag_single_ring_protein.pdb,303,5.0395885,5.8519645,5.8148375,5.1978283,4.8676534,5.9366527,5.414401,5.2950172,5.799939,5.1963167,5.4414196
304,fragments/hsp90_frag_single_ring,fragments/hsp90_frag_single_ring/12,../large_fep_dataset/data/fep_benchmark_processed/fragments_hsp90_frag_single_ring_12.sdf,../large_fep_dataset/data/fep_benchmark_processed/fragments_hsp90_frag_single_ring_protein.pdb,304,5.661086,6.055672,5.7067237,5.8020897,5.7313585,5.690507,4.864693,5.1973658,6.47356,5.69981,5.688287
305,fragments/hsp90_frag_single_ring,fragments/hsp90_frag_single_ring/2,../large_fep_dataset/data/fep_benchmark_processed/fragments_hsp90_frag_single_ring_2.sdf,../large_fep_dataset/data/fep_benchmark_processed/fragments_hsp90_frag_single_ring_protein.pdb,305,4.6545367,4.943005,5.2003617,5.694502,4.8403244,5.470376,4.920933,5.3928175,5.916624,5.0422206,5.20757
306,fragments/jak2_set1,fragments/jak2_set1/2_3E63,../large_fep_dataset/data/fep_benchmark_processed/fragments_jak2_set1_2_3E63.sdf,../large_fep_dataset/data/fep_benchmark_processed/fragments_jak2_set1_protein.pdb,306,5.6597996,5.499982,5.5679674,5.6720705,5.74295,5.5893598,5.559744,5.9473767,5.716038,5.4690094,5.6424294
307,fragments/jak2_set1,fragments/jak2_set1/9,../large_fep_dataset/data/fep_benchmark_processed/fragments_jak2_set1_9.sdf,../large_fep_dataset/data/fep_benchmark_processed/fragments_jak2_set1_protein.pdb,307,6.096358,5.7730527,5.860749,6.279994,6.245269,6.0281987,5.615566,5.9110227,6.088539,5.7086697,5.960742
308,fragments/jak2_set1,fragments/jak2_set1/8,../large_fep_dataset/data/fep_benchmark_processed/fragments_jak2_set1_8.sdf,../large_fep_dataset/data/fep_benchmark_processed/fragments_jak2_set1_protein.pdb,308,5.9681005,5.5526657,5.7776747,5.895222,5.665646,6.0659666,5.8057265,5.7419696,6.128963,5.277042,5.7878976
309,fragments/jak2_set1,fragments/jak2_set1/5,../large_fep_dataset/data/fep_benchmark_processed/fragments_jak2_set1_5.sdf,../large_fep_dataset/data/fep_benchmark_processed/fragments_jak2_set1_protein.pdb,309,5.397852,5.243403,5.642239,5.5766935,5.6684422,5.619043,5.682998,5.88311,5.502428,5.5514274,5.5767636
310,fragments/jak2_set1,fragments/jak2_set1/10,../large_fep_dataset/data/fep_benchmark_processed/fragments_jak2_set1_10.sdf,../large_fep_dataset/data/fep_benchmark_processed/fragments_jak2_set1_protein.pdb,310,6.16912,6.1046014,6.03724,6.372932,6.2369294,6.1330237,5.872569,5.92442,6.112294,5.6696773,6.063281
311,fragments/jak2_set1,fragments/jak2_set1/4a,../large_fep_dataset/data/fep_benchmark_processed/fragments_jak2_set1_4a.sdf,../large_fep_dataset/data/fep_benchmark_processed/fragments_jak2_set1_protein.pdb,311,5.205388,5.4327173,5.328746,5.2528973,5.542798,5.3438935,5.6491823,5.54541,4.7951455,4.920401,5.301658
312,fragments/jak2_set1,fragments/jak2_set1/4b,../large_fep_dataset/data/fep_benchmark_processed/fragments_jak2_set1_4b.sdf,../large_fep_dataset/data/fep_benchmark_processed/fragments_jak2_set1_protein.pdb,312,5.329902,5.1588683,5.3018727,5.3330393,5.5109673,5.5298076,5.4700212,5.369023,5.0727663,4.7732143,5.284948
313,fragments/jak2_set1,fragments/jak2_set1/6,../large_fep_dataset/data/fep_benchmark_processed/fragments_jak2_set1_6.sdf,../large_fep_dataset/data/fep_benchmark_processed/fragments_jak2_set1_protein.pdb,313,5.7216516,5.013259,5.30039,4.4906654,5.089484,5.6870327,5.3996525,5.722072,5.898193,5.4720964,5.37945
314,fragments/jak2_set1,fragments/jak2_set1/3,../large_fep_dataset/data/fep_benchmark_processed/fragments_jak2_set1_3.sdf,../large_fep_dataset/data/fep_benchmark_processed/fragments_jak2_set1_protein.pdb,314,5.3101616,4.780918,5.1879168,5.2411327,5.5413933,5.9792595,5.7385755,5.487853,5.9577756,5.2975135,5.45225
315,fragments/jak2_set1,fragments/jak2_set1/1_3E62,../large_fep_dataset/data/fep_benchmark_processed/fragments_jak2_set1_1_3E62.sdf,../large_fep_dataset/data/fep_benchmark_processed/fragments_jak2_set1_protein.pdb,315,4.4367847,4.217797,4.5316277,4.256731,4.408471,4.355926,4.336608,4.337334,4.320588,4.2201166,4.3421984
316,fragments/jak2_set1,fragments/jak2_set1/7,../large_fep_dataset/data/fep_benchmark_processed/fragments_jak2_set1_7.sdf,../large_fep_dataset/data/fep_benchmark_processed/fragments_jak2_set1_protein.pdb,316,5.786642,5.9490848,5.3898115,5.839722,5.996391,5.7244563,5.9211097,6.0459123,5.5684247,6.4540224,5.8675575
317,fragments/frag_mup1,fragments/frag_mup1/IBT,../large_fep_dataset/data/fep_benchmark_processed/fragments_frag_mup1_IBT.sdf,../large_fep_dataset/data/fep_benchmark_processed/fragments_frag_mup1_protein.pdb,317,4.4530773,3.6900232,4.4100113,4.1644516,3.9281404,4.799775,4.0488772,4.1061544,4.463184,4.6179523,4.2681646
318,fragments/frag_mup1,fragments/frag_mup1/MT,../large_fep_dataset/data/fep_benchmark_processed/fragments_frag_mup1_MT.sdf,../large_fep_dataset/data/fep_benchmark_processed/fragments_frag_mup1_protein.pdb,318,3.8472764,2.5496712,2.6571054,2.6758165,2.0171566,2.543189,3.3645885,2.9558067,2.7065306,3.2966416,2.8613782
319,fragments/frag_mup1,fragments/frag_mup1/PT,../large_fep_dataset/data/fep_benchmark_processed/fragments_frag_mup1_PT.sdf,../large_fep_dataset/data/fep_benchmark_processed/fragments_frag_mup1_protein.pdb,319,4.6262493,3.0541565,3.7009583,3.2962995,3.7699625,3.744868,4.031845,4.1434965,4.000062,3.9340653,3.8301964
320,fragments/frag_mup1,fragments/frag_mup1/SBT_R,../large_fep_dataset/data/fep_benchmark_processed/fragments_frag_mup1_SBT_R.sdf,../large_fep_dataset/data/fep_benchmark_processed/fragments_frag_mup1_protein.pdb,320,4.5270987,3.598176,4.1284623,4.086737,3.917517,4.5437884,3.792194,4.7835803,4.4119506,4.8196144,4.2609115
321,fragments/frag_mup1,fragments/frag_mup1/SBT_S,../large_fep_dataset/data/fep_benchmark_processed/fragments_frag_mup1_SBT_S.sdf,../large_fep_dataset/data/fep_benchmark_processed/fragments_frag_mup1_protein.pdb,321,4.572943,3.8263533,4.2181096,3.9219332,4.5603175,4.3501472,3.6291187,4.392061,4.193385,4.672317,4.233669
322,fragments/frag_mup1,fragments/frag_mup1/IPT,../large_fep_dataset/data/fep_benchmark_processed/fragments_frag_mup1_IPT.sdf,../large_fep_dataset/data/fep_benchmark_processed/fragments_frag_mup1_protein.pdb,322,4.2721868,3.576002,3.7167923,4.1926937,3.1558454,3.8503265,3.6771848,3.9077497,3.9572606,4.584646,3.8890686
323,fragments/frag_mup1,fragments/frag_mup1/ET,../large_fep_dataset/data/fep_benchmark_processed/fragments_frag_mup1_ET.sdf,../large_fep_dataset/data/fep_benchmark_processed/fragments_frag_mup1_protein.pdb,323,3.8207424,3.0664482,3.2622056,3.7651877,3.0096173,3.4947352,3.6871624,3.7390628,3.6722803,3.584362,3.5101807
324,fragments/frag_p38,fragments/frag_p38/4,../large_fep_dataset/data/fep_benchmark_processed/fragments_frag_p38_4.sdf,../large_fep_dataset/data/fep_benchmark_processed/fragments_frag_p38_protein.pdb,324,4.6599803,4.2159996,5.2192693,5.5273895,4.407037,4.8641143,5.019124,5.3547564,4.856541,4.6661525,4.8790364
325,fragments/frag_p38,fragments/frag_p38/1_1W7H,../large_fep_dataset/data/fep_benchmark_processed/fragments_frag_p38_1_1W7H.sdf,../large_fep_dataset/data/fep_benchmark_processed/fragments_frag_p38_protein.pdb,325,3.9327326,4.3248954,4.175849,4.183633,3.9863052,3.987996,4.049033,4.741824,3.9145484,4.0854,4.1382217
326,fragments/frag_p38,fragments/frag_p38/6,../large_fep_dataset/data/fep_benchmark_processed/fragments_frag_p38_6.sdf,../large_fep_dataset/data/fep_benchmark_processed/fragments_frag_p38_protein.pdb,326,5.078874,5.7992635,5.4803786,6.258552,5.7546487,5.472933,6.1257706,5.1716924,5.2946897,5.763912,5.6200714
327,fragments/frag_p38,fragments/frag_p38/5_1WBW,../large_fep_dataset/data/fep_benchmark_processed/fragments_frag_p38_5_1WBW.sdf,../large_fep_dataset/data/fep_benchmark_processed/fragments_frag_p38_protein.pdb,327,4.916271,5.09515,4.903678,5.104588,4.367017,5.2183437,5.0425453,4.692759,4.6140056,5.119126,4.907348
328,fragments/frag_p38,fragments/frag_p38/7,../large_fep_dataset/data/fep_benchmark_processed/fragments_frag_p38_7.sdf,../large_fep_dataset/data/fep_benchmark_processed/fragments_frag_p38_protein.pdb,328,5.920749,4.9002175,5.791198,6.0450025,6.1866264,6.166415,6.139292,6.2504163,5.8394446,5.8595037,5.9098864
329,fragments/frag_p38,fragments/frag_p38/3,../large_fep_dataset/data/fep_benchmark_processed/fragments_frag_p38_3.sdf,../large_fep_dataset/data/fep_benchmark_processed/fragments_frag_p38_protein.pdb,329,3.847624,4.255381,3.2450094,3.3960583,4.0341096,2.9516296,3.6353042,3.7966099,3.7031274,3.5738409,3.6438694
330,fragments/t4lysozyme_uvt,fragments/t4lysozyme_uvt/meta methyl ethyl benzene,../large_fep_dataset/data/fep_benchmark_processed/fragments_t4lysozyme_uvt_meta_methyl_ethyl_benzene.sdf,../large_fep_dataset/data/fep_benchmark_processed/fragments_t4lysozyme_uvt_protein.pdb,330,4.190797,4.4780774,4.015015,3.635545,4.8315253,4.1982064,4.0825143,4.85432,4.3661537,4.005093,4.2657247
331,fragments/t4lysozyme_uvt,fragments/t4lysozyme_uvt/methyl benzene,../large_fep_dataset/data/fep_benchmark_processed/fragments_t4lysozyme_uvt_methyl_benzene.sdf,../large_fep_dataset/data/fep_benchmark_processed/fragments_t4lysozyme_uvt_protein.pdb,331,3.894407,3.331168,3.7621412,3.6492066,5.694006,4.03543,3.8227081,4.2290125,4.3098407,3.3666306,4.009455
332,fragments/t4lysozyme_uvt,fragments/t4lysozyme_uvt/ethyl benzene,../large_fep_dataset/data/fep_benchmark_processed/fragments_t4lysozyme_uvt_ethyl_benzene.sdf,../large_fep_dataset/data/fep_benchmark_processed/fragments_t4lysozyme_uvt_protein.pdb,332,4.3565245,3.8574615,4.2439313,3.5716631,4.5093584,4.4500847,3.9293995,4.6468525,3.9381056,3.312239,4.081562
333,fragments/t4lysozyme_uvt,fragments/t4lysozyme_uvt/ortho methyl ethyl benzene,../large_fep_dataset/data/fep_benchmark_processed/fragments_t4lysozyme_uvt_ortho_methyl_ethyl_benzene.sdf,../large_fep_dataset/data/fep_benchmark_processed/fragments_t4lysozyme_uvt_protein.pdb,333,4.329049,4.3964844,4.2032557,3.776915,5.3901258,4.903601,4.3327208,4.9052377,4.9742823,3.8711634,4.508283
334,fragments/t4lysozyme_uvt,fragments/t4lysozyme_uvt/m-xylene,../large_fep_dataset/data/fep_benchmark_processed/fragments_t4lysozyme_uvt_m-xylene.sdf,../large_fep_dataset/data/fep_benchmark_processed/fragments_t4lysozyme_uvt_protein.pdb,334,3.5495496,3.3816156,4.100837,3.7290432,5.367466,3.6868563,3.8594012,4.326777,5.3355355,3.7475572,4.1084642
335,fragments/t4lysozyme_uvt,fragments/t4lysozyme_uvt/p-xylene,../large_fep_dataset/data/fep_benchmark_processed/fragments_t4lysozyme_uvt_p-xylene.sdf,../large_fep_dataset/data/fep_benchmark_processed/fragments_t4lysozyme_uvt_protein.pdb,335,3.4547498,4.068116,3.8766277,3.5554836,5.300839,3.1903567,4.0604086,3.8782907,4.7053623,3.962921,4.005316
336,fragments/t4lysozyme_uvt,fragments/t4lysozyme_uvt/o-xylene,../large_fep_dataset/data/fep_benchmark_processed/fragments_t4lysozyme_uvt_o-xylene.sdf,../large_fep_dataset/data/fep_benchmark_processed/fragments_t4lysozyme_uvt_protein.pdb,336,4.2501674,4.131144,3.809885,3.6590753,5.474112,4.208862,3.3315315,4.0549417,4.3459616,3.0565488,4.032223
337,fragments/t4lysozyme_uvt,fragments/t4lysozyme_uvt/butyl benzene,../large_fep_dataset/data/fep_benchmark_processed/fragments_t4lysozyme_uvt_butyl_benzene.sdf,../large_fep_dataset/data/fep_benchmark_processed/fragments_t4lysozyme_uvt_protein.pdb,337,4.930947,5.1639667,4.564717,4.672543,4.78509,5.0038323,4.84064,4.8722606,5.020783,4.7119856,4.8566766
338,fragments/t4lysozyme_uvt,fragments/t4lysozyme_uvt/propyl benzene,../large_fep_dataset/data/fep_benchmark_processed/fragments_t4lysozyme_uvt_propyl_benzene.sdf,../large_fep_dataset/data/fep_benchmark_processed/fragments_t4lysozyme_uvt_protein.pdb,338,4.5638094,4.40361,4.7219243,4.1522965,4.5842485,4.5010934,4.2930183,4.716257,4.652614,3.8186855,4.4407554
339,fragments/t4lysozyme_uvt,fragments/t4lysozyme_uvt/para methyl ethyl benzene,../large_fep_dataset/data/fep_benchmark_processed/fragments_t4lysozyme_uvt_para_methyl_ethyl_benzene.sdf,../large_fep_dataset/data/fep_benchmark_processed/fragments_t4lysozyme_uvt_protein.pdb,339,3.272369,4.7688932,4.0026355,3.5450637,4.8851023,4.1007075,4.0097666,4.2292786,4.446021,3.6227179,4.088256
340,fragments/t4lysozyme_uvt,fragments/t4lysozyme_uvt/benzene,../large_fep_dataset/data/fep_benchmark_processed/fragments_t4lysozyme_uvt_benzene.sdf,../large_fep_dataset/data/fep_benchmark_processed/fragments_t4lysozyme_uvt_protein.pdb,340,5.0563917,3.2934253,3.5657914,3.7005117,4.3346167,4.351983,3.1660671,3.7073712,4.553931,1.6496049,3.7379692
341,fragments/t4lysozyme_uvt,fragments/t4lysozyme_uvt/isobutyl benzene,../large_fep_dataset/data/fep_benchmark_processed/fragments_t4lysozyme_uvt_isobutyl_benzene.sdf,../large_fep_dataset/data/fep_benchmark_processed/fragments_t4lysozyme_uvt_protein.pdb,341,4.9419913,4.860391,4.3921537,4.329076,5.0051823,5.0360203,5.071471,4.406534,4.1676145,4.0114946,4.6221933
342,fragments/frag_mcl1_noweak,fragments/frag_mcl1_noweak/2,../large_fep_dataset/data/fep_benchmark_processed/fragments_frag_mcl1_noweak_2.sdf,../large_fep_dataset/data/fep_benchmark_processed/fragments_frag_mcl1_noweak_protein.pdb,342,4.6225033,4.860838,4.492955,4.5392528,4.45078,4.2829447,4.636179,4.6075673,4.5927825,3.9128332,4.4998636
343,fragments/frag_mcl1_noweak,fragments/frag_mcl1_noweak/3,../large_fep_dataset/data/fep_benchmark_processed/fragments_frag_mcl1_noweak_3.sdf,../large_fep_dataset/data/fep_benchmark_processed/fragments_frag_mcl1_noweak_protein.pdb,343,4.544005,5.825282,4.705706,5.2319303,5.1038094,5.1754494,5.2521276,4.9818363,4.9359827,4.01227,4.9768395
344,fragments/frag_mcl1_noweak,fragments/frag_mcl1_noweak/4,../large_fep_dataset/data/fep_benchmark_processed/fragments_frag_mcl1_noweak_4.sdf,../large_fep_dataset/data/fep_benchmark_processed/fragments_frag_mcl1_noweak_protein.pdb,344,4.3877068,5.1177006,4.9904327,5.3691707,5.078219,5.050989,4.877367,5.0395594,4.982484,4.422943,4.931657
345,fragments/frag_mcl1_noweak,fragments/frag_mcl1_noweak/5,../large_fep_dataset/data/fep_benchmark_processed/fragments_frag_mcl1_noweak_5.sdf,../large_fep_dataset/data/fep_benchmark_processed/fragments_frag_mcl1_noweak_protein.pdb,345,5.2291164,4.9109387,4.617935,4.9253287,5.0955534,5.133875,5.4547024,4.910617,5.0736876,4.897909,5.0249662
346,fragments/frag_mcl1_noweak,fragments/frag_mcl1_noweak/7,../large_fep_dataset/data/fep_benchmark_processed/fragments_frag_mcl1_noweak_7.sdf,../large_fep_dataset/data/fep_benchmark_processed/fragments_frag_mcl1_noweak_protein.pdb,346,4.3744106,4.343351,4.4172397,4.7853937,4.932934,4.482974,4.347928,5.125862,4.7220683,4.6716547,4.6203814
347,fragments/frag_mcl1_noweak,fragments/frag_mcl1_noweak/8,../large_fep_dataset/data/fep_benchmark_processed/fragments_frag_mcl1_noweak_8.sdf,../large_fep_dataset/data/fep_benchmark_processed/fragments_frag_mcl1_noweak_protein.pdb,347,4.081739,4.606072,4.7298837,5.065647,5.156615,4.5898776,5.0157294,5.3353953,4.410865,4.954056,4.794588
348,fragments/frag_mcl1_noweak,fragments/frag_mcl1_noweak/9,../large_fep_dataset/data/fep_benchmark_processed/fragments_frag_mcl1_noweak_9.sdf,../large_fep_dataset/data/fep_benchmark_processed/fragments_frag_mcl1_noweak_protein.pdb,348,4.169993,4.1427627,4.0419235,4.1866517,5.0363984,4.5226483,4.1143804,3.9596384,3.9522185,4.7163258,4.284293
349,fragments/frag_mcl1_noweak,fragments/frag_mcl1_noweak/10,../large_fep_dataset/data/fep_benchmark_processed/fragments_frag_mcl1_noweak_10.sdf,../large_fep_dataset/data/fep_benchmark_processed/fragments_frag_mcl1_noweak_protein.pdb,349,5.04444,5.020015,4.1917586,4.883254,5.461954,5.368087,4.7529726,5.028527,4.413055,4.625653,4.8789716
350,fragments/frag_mcl1_noweak,fragments/frag_mcl1_noweak/11,../large_fep_dataset/data/fep_benchmark_processed/fragments_frag_mcl1_noweak_11.sdf,../large_fep_dataset/data/fep_benchmark_processed/fragments_frag_mcl1_noweak_protein.pdb,350,5.46614,5.466272,5.853359,5.631292,6.2723494,5.8169293,5.1808305,5.1872463,5.3344197,4.629186,5.4838023
351,fragments/frag_mcl1_noweak,fragments/frag_mcl1_noweak/14,../large_fep_dataset/data/fep_benchmark_processed/fragments_frag_mcl1_noweak_14.sdf,../large_fep_dataset/data/fep_benchmark_processed/fragments_frag_mcl1_noweak_protein.pdb,351,5.055533,4.4130306,5.1093783,5.333378,4.694305,4.8100567,3.2277339,4.376595,5.364906,5.179306,4.7564225
352,fragments/frag_mcl1_noweak,fragments/frag_mcl1_noweak/15,../large_fep_dataset/data/fep_benchmark_processed/fragments_frag_mcl1_noweak_15.sdf,../large_fep_dataset/data/fep_benchmark_processed/fragments_frag_mcl1_noweak_protein.pdb,352,5.344623,4.9739246,5.7136893,5.627019,5.116473,5.923267,5.135545,5.4270525,5.861771,5.412268,5.453563
353,fragments/frag_mcl1_noweak,fragments/frag_mcl1_noweak/13 flipped,../large_fep_dataset/data/fep_benchmark_processed/fragments_frag_mcl1_noweak_13_flipped.sdf,../large_fep_dataset/data/fep_benchmark_processed/fragments_frag_mcl1_noweak_protein.pdb,353,4.529341,4.4145293,4.214242,4.6124535,4.5150113,4.3366294,3.9548538,4.149689,4.3665094,4.455463,4.354872
354,fragments/jak2_set2_extra,fragments/jak2_set2_extra/13_3E64,../large_fep_dataset/data/fep_benchmark_processed/fragments_jak2_set2_extra_13_3E64.sdf,../large_fep_dataset/data/fep_benchmark_processed/fragments_jak2_set2_extra_protein.pdb,354,6.8677564,7.5957913,6.623773,5.964945,6.9059453,6.31332,6.8126674,6.581428,5.8744965,6.5394626,6.6079583
355,fragments/jak2_set2_extra,fragments/jak2_set2_extra/21,../large_fep_dataset/data/fep_benchmark_processed/fragments_jak2_set2_extra_21.sdf,../large_fep_dataset/data/fep_benchmark_processed/fragments_jak2_set2_extra_protein.pdb,355,7.120227,7.216874,6.5344753,6.4164977,7.158327,7.212343,6.7571607,6.8069234,6.117606,6.53509,6.787553
356,fragments/jak2_set2_extra,fragments/jak2_set2_extra/20,../large_fep_dataset/data/fep_benchmark_processed/fragments_jak2_set2_extra_20.sdf,../large_fep_dataset/data/fep_benchmark_processed/fragments_jak2_set2_extra_protein.pdb,356,7.079443,7.468798,7.2947435,6.922275,6.4791794,7.1010733,6.7428956,6.6648397,6.5630093,6.8239446,6.9140205
357,fragments/jak2_set2_extra,fragments/jak2_set2_extra/18,../large_fep_dataset/data/fep_benchmark_processed/fragments_jak2_set2_extra_18.sdf,../large_fep_dataset/data/fep_benchmark_processed/fragments_jak2_set2_extra_protein.pdb,357,6.188948,5.878877,6.485382,5.9541583,5.981452,6.196765,6.248159,6.431423,6.1826196,6.334783,6.1882567
358,fragments/jak2_set2_extra,fragments/jak2_set2_extra/14,../large_fep_dataset/data/fep_benchmark_processed/fragments_jak2_set2_extra_14.sdf,../large_fep_dataset/data/fep_benchmark_processed/fragments_jak2_set2_extra_protein.pdb,358,5.6934295,6.4069767,6.384201,5.618177,6.5316887,6.2883987,6.339636,6.199288,6.0746036,6.3054037,6.1841807
359,fragments/jak2_set2_extra,fragments/jak2_set2_extra/12,../large_fep_dataset/data/fep_benchmark_processed/fragments_jak2_set2_extra_12.sdf,../large_fep_dataset/data/fep_benchmark_processed/fragments_jak2_set2_extra_protein.pdb,359,6.681132,7.024516,5.861402,5.7306657,6.37132,6.3399134,7.229347,6.3822923,5.79695,5.6510835,6.306863
360,fragments/jak2_set2_extra,fragments/jak2_set2_extra/15,../large_fep_dataset/data/fep_benchmark_processed/fragments_jak2_set2_extra_15.sdf,../large_fep_dataset/data/fep_benchmark_processed/fragments_jak2_set2_extra_protein.pdb,360,5.7201085,5.908705,6.170083,5.6176815,6.2708793,6.0573583,6.521821,5.7666545,5.992396,6.0933676,6.0119057
361,fragments/jak2_set2_extra,fragments/jak2_set2_extra/22 flip,../large_fep_dataset/data/fep_benchmark_processed/fragments_jak2_set2_extra_22_flip.sdf,../large_fep_dataset/data/fep_benchmark_processed/fragments_jak2_set2_extra_protein.pdb,361,7.1193614,7.3720727,7.1786714,7.092131,6.5859146,7.330776,7.097728,6.459369,6.756077,6.592012,6.958411
362,macrocycles/3RKZ_lig62to70_alpha05,macrocycles/3RKZ_lig62to70_alpha05/lignad_63,../large_fep_dataset/data/fep_benchmark_processed/macrocycles_3RKZ_lig62to70_alpha05_lignad_63.sdf,../large_fep_dataset/data/fep_benchmark_processed/macrocycles_3RKZ_lig62to70_alpha05_protein.pdb,362,6.720346,6.463978,6.636244,7.306911,6.636694,7.1786833,6.6302824,6.854731,6.881393,7.1676574,6.847693
363,macrocycles/3RKZ_lig62to70_alpha05,macrocycles/3RKZ_lig62to70_alpha05/ligand_69,../large_fep_dataset/data/fep_benchmark_processed/macrocycles_3RKZ_lig62to70_alpha05_ligand_69.sdf,../large_fep_dataset/data/fep_benchmark_processed/macrocycles_3RKZ_lig62to70_alpha05_protein.pdb,363,7.4421787,7.351476,7.540273,7.511291,7.1219997,7.3535614,6.9726043,7.6471868,7.290461,7.349625,7.3580656
364,macrocycles/3RKZ_lig62to70_alpha05,macrocycles/3RKZ_lig62to70_alpha05/ligand_62,../large_fep_dataset/data/fep_benchmark_processed/macrocycles_3RKZ_lig62to70_alpha05_ligand_62.sdf,../large_fep_dataset/data/fep_benchmark_processed/macrocycles_3RKZ_lig62to70_alpha05_protein.pdb,364,6.4131556,6.5092835,7.089765,7.190254,6.638835,6.99521,6.6176825,6.8964443,6.988341,6.7968225,6.8135796
365,macrocycles/3RKZ_lig62to70_alpha05,macrocycles/3RKZ_lig62to70_alpha05/lignad_65,../large_fep_dataset/data/fep_benchmark_processed/macrocycles_3RKZ_lig62to70_alpha05_lignad_65.sdf,../large_fep_dataset/data/fep_benchmark_processed/macrocycles_3RKZ_lig62to70_alpha05_protein.pdb,365,6.9358935,6.6835136,7.0012894,7.0388265,6.872046,6.79211,6.5392246,6.798201,6.465361,6.620616,6.7747087
366,macrocycles/3RKZ_lig62to70_alpha05,macrocycles/3RKZ_lig62to70_alpha05/lignad_68,../large_fep_dataset/data/fep_benchmark_processed/macrocycles_3RKZ_lig62to70_alpha05_lignad_68.sdf,../large_fep_dataset/data/fep_benchmark_processed/macrocycles_3RKZ_lig62to70_alpha05_protein.pdb,366,6.7355046,6.3507147,6.8619847,6.9007993,6.8958206,7.128676,6.9294353,6.875253,7.0941257,7.250046,6.902236
367,macrocycles/3RKZ_lig62to70_alpha05,macrocycles/3RKZ_lig62to70_alpha05/ligand_64,../large_fep_dataset/data/fep_benchmark_processed/macrocycles_3RKZ_lig62to70_alpha05_ligand_64.sdf,../large_fep_dataset/data/fep_benchmark_processed/macrocycles_3RKZ_lig62to70_alpha05_protein.pdb,367,6.8919263,6.8599916,7.224951,7.292808,7.025434,7.1604967,6.4089036,7.0246015,6.914157,7.4261894,7.0229464
368,macrocycles/3RKZ_lig62to70_alpha05,macrocycles/3RKZ_lig62to70_alpha05/ligand_70,../large_fep_dataset/data/fep_benchmark_processed/macrocycles_3RKZ_lig62to70_alpha05_ligand_70.sdf,../large_fep_dataset/data/fep_benchmark_processed/macrocycles_3RKZ_lig62to70_alpha05_protein.pdb,368,7.6216817,7.588509,7.7711663,7.6526623,7.3030553,7.1838946,7.1785536,7.7726026,7.6357656,7.623448,7.5331345
369,macrocycles/MHT1_lig3_alpha05,macrocycles/MHT1_lig3_alpha05/5AN26_ligand,../large_fep_dataset/data/fep_benchmark_processed/macrocycles_MHT1_lig3_alpha05_5AN26_ligand.sdf,../large_fep_dataset/data/fep_benchmark_processed/macrocycles_MHT1_lig3_alpha05_protein.pdb,369,5.83457,7.0902286,6.761541,5.990907,5.5266476,6.365055,5.9674053,6.4615927,5.7179513,7.0370083,6.2752905
370,macrocycles/MHT1_lig3_alpha05,macrocycles/MHT1_lig3_alpha05/5ANT_A_ligand,../large_fep_dataset/data/fep_benchmark_processed/macrocycles_MHT1_lig3_alpha05_5ANT_A_ligand.sdf,../large_fep_dataset/data/fep_benchmark_processed/macrocycles_MHT1_lig3_alpha05_protein.pdb,370,6.353841,6.943297,7.175067,6.38625,6.2547436,6.551401,6.6199074,6.5572186,5.9747214,7.1803927,6.5996833
371,macrocycles/MHT1_lig3_alpha05,macrocycles/MHT1_lig3_alpha05/5ANU_ligand,../large_fep_dataset/data/fep_benchmark_processed/macrocycles_MHT1_lig3_alpha05_5ANU_ligand.sdf,../large_fep_dataset/data/fep_benchmark_processed/macrocycles_MHT1_lig3_alpha05_protein.pdb,371,6.7370763,6.3169303,7.749412,7.616585,6.5362706,6.696998,6.881879,7.1009426,6.045925,6.1723785,6.78544
372,macrocycles/2B8V_lig24and25_alpha05,macrocycles/2B8V_lig24and25_alpha05/ligand25_S,../large_fep_dataset/data/fep_benchmark_processed/macrocycles_2B8V_lig24and25_alpha05_ligand25_S.sdf,../large_fep_dataset/data/fep_benchmark_processed/macrocycles_2B8V_lig24and25_alpha05_protein.pdb,372,5.2867374,5.708704,6.0396113,6.455953,6.0911083,5.917472,6.2669125,6.1133804,6.6306987,5.3383985,5.984898
373,macrocycles/2B8V_lig24and25_alpha05,macrocycles/2B8V_lig24and25_alpha05/ligand24_S,../large_fep_dataset/data/fep_benchmark_processed/macrocycles_2B8V_lig24and25_alpha05_ligand24_S.sdf,../large_fep_dataset/data/fep_benchmark_processed/macrocycles_2B8V_lig24and25_alpha05_protein.pdb,373,5.5688243,5.893724,5.7472167,5.756754,6.06367,5.775394,6.584772,6.046411,6.019626,5.6668725,5.912327
374,macrocycles/ck2_custcore_hotlys,macrocycles/ck2_custcore_hotlys/ligand_15,../large_fep_dataset/data/fep_benchmark_processed/macrocycles_ck2_custcore_hotlys_ligand_15.sdf,../large_fep_dataset/data/fep_benchmark_processed/macrocycles_ck2_custcore_hotlys_protein.pdb,374,7.5041714,7.945954,7.7683086,7.5583467,7.818781,7.972988,7.6363697,8.010029,7.441528,7.4973135,7.7153788
375,macrocycles/ck2_custcore_hotlys,macrocycles/ck2_custcore_hotlys/ligand_14,../large_fep_dataset/data/fep_benchmark_processed/macrocycles_ck2_custcore_hotlys_ligand_14.sdf,../large_fep_dataset/data/fep_benchmark_processed/macrocycles_ck2_custcore_hotlys_protein.pdb,375,7.8971376,7.1901917,7.9439483,7.168924,8.079164,7.4708014,7.3305364,7.123517,7.392481,7.086046,7.4682746
376,macrocycles/2E9P_lig4to7_alpha05,macrocycles/2E9P_lig4to7_alpha05/ligand_5,../large_fep_dataset/data/fep_benchmark_processed/macrocycles_2E9P_lig4to7_alpha05_ligand_5.sdf,../large_fep_dataset/data/fep_benchmark_processed/macrocycles_2E9P_lig4to7_alpha05_protein.pdb,376,7.7912908,8.119717,8.217856,8.33167,8.098178,8.002286,7.609954,8.098372,7.739264,7.9853773,7.9993963
377,macrocycles/2E9P_lig4to7_alpha05,macrocycles/2E9P_lig4to7_alpha05/ligand_7,../large_fep_dataset/data/fep_benchmark_processed/macrocycles_2E9P_lig4to7_alpha05_ligand_7.sdf,../large_fep_dataset/data/fep_benchmark_processed/macrocycles_2E9P_lig4to7_alpha05_protein.pdb,377,7.945029,8.219751,8.16995,7.9643784,8.239767,8.746706,7.664638,8.1555805,7.8653955,8.3279705,8.129916
378,macrocycles/2E9P_lig4to7_alpha05,macrocycles/2E9P_lig4to7_alpha05/ligand_4,../large_fep_dataset/data/fep_benchmark_processed/macrocycles_2E9P_lig4to7_alpha05_ligand_4.sdf,../large_fep_dataset/data/fep_benchmark_processed/macrocycles_2E9P_lig4to7_alpha05_protein.pdb,378,7.881095,7.89534,8.119503,8.0195465,7.788295,8.154998,7.532766,7.985886,7.4690337,7.740981,7.8587446
379,macrocycles/2E9P_lig4to7_alpha05,macrocycles/2E9P_lig4to7_alpha05/ligand_6,../large_fep_dataset/data/fep_benchmark_processed/macrocycles_2E9P_lig4to7_alpha05_ligand_6.sdf,../large_fep_dataset/data/fep_benchmark_processed/macrocycles_2E9P_lig4to7_alpha05_protein.pdb,379,8.095682,8.402274,8.482589,8.151332,8.280477,8.461084,7.7008586,7.96592,7.693677,7.98052,8.121442
380,macrocycles/2Q15_lig17to21_alpha05,macrocycles/2Q15_lig17to21_alpha05/ligand_20_S,../large_fep_dataset/data/fep_benchmark_processed/macrocycles_2Q15_lig17to21_alpha05_ligand_20_S.sdf,../large_fep_dataset/data/fep_benchmark_processed/macrocycles_2Q15_lig17to21_alpha05_protein.pdb,380,7.6934094,7.4571266,7.228244,7.5033417,7.759145,7.202684,7.4815574,7.5303,6.9473295,7.071339,7.3874474
381,macrocycles/2Q15_lig17to21_alpha05,macrocycles/2Q15_lig17to21_alpha05/ligand_21,../large_fep_dataset/data/fep_benchmark_processed/macrocycles_2Q15_lig17to21_alpha05_ligand_21.sdf,../large_fep_dataset/data/fep_benchmark_processed/macrocycles_2Q15_lig17to21_alpha05_protein.pdb,381,7.716863,7.0977077,7.4547987,7.459456,8.116869,6.746275,7.4441104,7.537665,6.715338,7.1681585,7.3457246
382,macrocycles/2Q15_lig17to21_alpha05,macrocycles/2Q15_lig17to21_alpha05/ligand_18,../large_fep_dataset/data/fep_benchmark_processed/macrocycles_2Q15_lig17to21_alpha05_ligand_18.sdf,../large_fep_dataset/data/fep_benchmark_processed/macrocycles_2Q15_lig17to21_alpha05_protein.pdb,382,7.245245,7.0211143,7.1531296,7.431243,7.230829,7.252337,7.2705364,7.207927,6.888825,7.113967,7.1815157
383,macrocycles/2Q15_lig17to21_alpha05,macrocycles/2Q15_lig17to21_alpha05/ligand_17_enu,../large_fep_dataset/data/fep_benchmark_processed/macrocycles_2Q15_lig17to21_alpha05_ligand_17_enu.sdf,../large_fep_dataset/data/fep_benchmark_processed/macrocycles_2Q15_lig17to21_alpha05_protein.pdb,383,7.722436,6.945951,6.8806553,7.1763844,7.3942504,7.032822,7.13051,7.2779965,6.493217,7.298608,7.135282
384,macrocycles/2Q15_lig17to21_alpha05,macrocycles/2Q15_lig17to21_alpha05/ligand_19,../large_fep_dataset/data/fep_benchmark_processed/macrocycles_2Q15_lig17to21_alpha05_ligand_19.sdf,../large_fep_dataset/data/fep_benchmark_processed/macrocycles_2Q15_lig17to21_alpha05_protein.pdb,384,7.8324647,7.41981,6.9740715,7.256962,7.750307,7.2022915,7.5502076,7.634849,6.8983045,7.3175845,7.383685
385,macrocycles/hsp90_3hvd_custcore,macrocycles/hsp90_3hvd_custcore/lig_3B27,../large_fep_dataset/data/fep_benchmark_processed/macrocycles_hsp90_3hvd_custcore_lig_3B27.sdf,../large_fep_dataset/data/fep_benchmark_processed/macrocycles_hsp90_3hvd_custcore_protein.pdb,385,4.779081,4.7892566,5.7445903,4.4164124,4.68723,4.4988933,4.4885736,3.9254286,5.097432,4.900548,4.7327447
386,macrocycles/hsp90_3hvd_custcore,macrocycles/hsp90_3hvd_custcore/18 minimized,../large_fep_dataset/data/fep_benchmark_processed/macrocycles_hsp90_3hvd_custcore_18_minimized.sdf,../large_fep_dataset/data/fep_benchmark_processed/macrocycles_hsp90_3hvd_custcore_protein.pdb,386,6.124394,7.195993,7.1232605,6.984481,6.2967753,6.903352,6.8564444,7.110073,7.564708,7.33373,6.949321
387,macrocycles/hsp90_3hvd_custcore,"macrocycles/hsp90_3hvd_custcore/8, 3VHA","../large_fep_dataset/data/fep_benchmark_processed/macrocycles_hsp90_3hvd_custcore_8,_3VHA.sdf",../large_fep_dataset/data/fep_benchmark_processed/macrocycles_hsp90_3hvd_custcore_protein.pdb,387,6.546307,6.5400214,6.844964,5.9867706,6.6778717,6.9333653,6.4198465,6.7534423,6.4160323,6.56487,6.568349
388,macrocycles/hsp90_3hvd_custcore,macrocycles/hsp90_3hvd_custcore/13,../large_fep_dataset/data/fep_benchmark_processed/macrocycles_hsp90_3hvd_custcore_13.sdf,../large_fep_dataset/data/fep_benchmark_processed/macrocycles_hsp90_3hvd_custcore_protein.pdb,388,6.535715,7.030174,7.411725,6.4792695,6.4282994,7.022191,6.6944475,7.414816,6.6954126,7.3825746,6.909463
389,macrocycles/hsp90_3hvd_custcore,macrocycles/hsp90_3hvd_custcore/9,../large_fep_dataset/data/fep_benchmark_processed/macrocycles_hsp90_3hvd_custcore_9.sdf,../large_fep_dataset/data/fep_benchmark_processed/macrocycles_hsp90_3hvd_custcore_protein.pdb,389,6.552723,6.0174623,6.9277716,5.7906833,6.4603086,7.0915995,6.4801035,6.265436,6.3715568,6.6349015,6.459254
390,macrocycles/hsp90_3hvd_custcore,"macrocycles/hsp90_3hvd_custcore/16, 3VHD","../large_fep_dataset/data/fep_benchmark_processed/macrocycles_hsp90_3hvd_custcore_16,_3VHD.sdf",../large_fep_dataset/data/fep_benchmark_processed/macrocycles_hsp90_3hvd_custcore_protein.pdb,390,6.3113093,7.363433,7.3554273,7.3632755,6.48076,6.880295,7.0860004,7.1273437,7.6376224,7.157014,7.076248
391,macrocycles/hsp90_3hvd_custcore,"macrocycles/hsp90_3hvd_custcore/11, 3VHC","../large_fep_dataset/data/fep_benchmark_processed/macrocycles_hsp90_3hvd_custcore_11,_3VHC.sdf",../large_fep_dataset/data/fep_benchmark_processed/macrocycles_hsp90_3hvd_custcore_protein.pdb,391,6.834242,7.374146,7.42231,6.8832383,6.684347,7.2787595,7.131528,7.2590165,6.4882836,7.1054883,7.046136
392,macrocycles/hsp90_3hvd_custcore,macrocycles/hsp90_3hvd_custcore/12,../large_fep_dataset/data/fep_benchmark_processed/macrocycles_hsp90_3hvd_custcore_12.sdf,../large_fep_dataset/data/fep_benchmark_processed/macrocycles_hsp90_3hvd_custcore_protein.pdb,392,6.6191335,7.181224,7.554593,6.6212916,6.7261987,7.0504336,6.8465858,7.5351944,6.823548,7.4577217,7.0415926
393,macrocycles/hsp90_3hvd_custcore,macrocycles/hsp90_3hvd_custcore/7,../large_fep_dataset/data/fep_benchmark_processed/macrocycles_hsp90_3hvd_custcore_7.sdf,../large_fep_dataset/data/fep_benchmark_processed/macrocycles_hsp90_3hvd_custcore_protein.pdb,393,6.6939807,6.3953104,6.9681315,5.7868304,6.762056,6.858706,6.6352873,6.6601067,6.3401103,6.663625,6.5764146
394,macrocycles/hsp90_3hvd_custcore,"macrocycles/hsp90_3hvd_custcore/17, top conformer","../large_fep_dataset/data/fep_benchmark_processed/macrocycles_hsp90_3hvd_custcore_17,_top_conformer.sdf",../large_fep_dataset/data/fep_benchmark_processed/macrocycles_hsp90_3hvd_custcore_protein.pdb,394,6.2562933,7.151151,7.43049,7.259547,6.0832233,6.71769,7.023606,7.2225437,7.3146424,7.1144238,6.9573607
395,scaffold_hopping/Fxa_2ei8,scaffold_hopping/Fxa_2ei8/Edoxaban,../large_fep_dataset/data/fep_benchmark_processed/scaffold_hopping_Fxa_2ei8_Edoxaban.sdf,../large_fep_dataset/data/fep_benchmark_processed/scaffold_hopping_Fxa_2ei8_protein.pdb,395,7.59777,6.6573124,7.412422,8.077809,7.0059514,7.3941803,6.834921,7.9966736,7.4486465,6.744822,7.317051
396,scaffold_hopping/Fxa_2ei8,scaffold_hopping/Fxa_2ei8/4d,../large_fep_dataset/data/fep_benchmark_processed/scaffold_hopping_Fxa_2ei8_4d.sdf,../large_fep_dataset/data/fep_benchmark_processed/scaffold_hopping_Fxa_2ei8_protein.pdb,396,7.220049,7.198867,6.942508,7.9327154,7.016404,7.622637,6.6594777,7.4231634,7.28016,6.99826,7.2294245
397,scaffold_hopping/Fxa_2ei8,scaffold_hopping/Fxa_2ei8/4c,../large_fep_dataset/data/fep_benchmark_processed/scaffold_hopping_Fxa_2ei8_4c.sdf,../large_fep_dataset/data/fep_benchmark_processed/scaffold_hopping_Fxa_2ei8_protein.pdb,397,7.087131,7.2748103,7.0377936,7.713974,6.9967885,7.502834,6.5519795,7.5148883,7.3296437,7.1449423,7.2154784
398,scaffold_hopping/TPSB2_3v7t,scaffold_hopping/TPSB2_3v7t/1,../large_fep_dataset/data/fep_benchmark_processed/scaffold_hopping_TPSB2_3v7t_1.sdf,../large_fep_dataset/data/fep_benchmark_processed/scaffold_hopping_TPSB2_3v7t_protein.pdb,398,5.2123246,5.9284596,5.427167,6.2085767,5.7309504,6.222577,5.8866315,5.7436557,6.133397,5.536034,5.802977
399,scaffold_hopping/TPSB2_3v7t,scaffold_hopping/TPSB2_3v7t/2,../large_fep_dataset/data/fep_benchmark_processed/scaffold_hopping_TPSB2_3v7t_2.sdf,../large_fep_dataset/data/fep_benchmark_processed/scaffold_hopping_TPSB2_3v7t_protein.pdb,399,6.16143,6.4538264,5.8151197,6.609682,6.1877966,6.8383884,6.7668204,6.384519,6.592154,5.843821,6.365356
400,scaffold_hopping/Bace1_4zsp,scaffold_hopping/Bace1_4zsp/31,../large_fep_dataset/data/fep_benchmark_processed/scaffold_hopping_Bace1_4zsp_31.sdf,../large_fep_dataset/data/fep_benchmark_processed/scaffold_hopping_Bace1_4zsp_protein.pdb,400,5.248469,5.372735,5.4049344,5.4787426,5.9776363,5.485916,5.3862567,5.882553,5.425883,5.6153407,5.527847
401,scaffold_hopping/Bace1_4zsp,scaffold_hopping/Bace1_4zsp/7,../large_fep_dataset/data/fep_benchmark_processed/scaffold_hopping_Bace1_4zsp_7.sdf,../large_fep_dataset/data/fep_benchmark_processed/scaffold_hopping_Bace1_4zsp_protein.pdb,401,5.3041177,6.1234465,5.269099,5.5518074,5.210548,5.16323,5.573167,5.8585296,4.818006,5.648861,5.4520807
402,scaffold_hopping/Bace1_4zsp,scaffold_hopping/Bace1_4zsp/6,../large_fep_dataset/data/fep_benchmark_processed/scaffold_hopping_Bace1_4zsp_6.sdf,../large_fep_dataset/data/fep_benchmark_processed/scaffold_hopping_Bace1_4zsp_protein.pdb,402,5.6074424,5.729334,5.7093177,5.7495284,5.6338925,5.660254,5.5975986,6.059968,5.238824,5.4365087,5.6422668
403,scaffold_hopping/EZH2_5ij7_corehop,scaffold_hopping/EZH2_5ij7_corehop/22,../large_fep_dataset/data/fep_benchmark_processed/scaffold_hopping_EZH2_5ij7_corehop_22.sdf,../large_fep_dataset/data/fep_benchmark_processed/scaffold_hopping_EZH2_5ij7_corehop_protein.pdb,403,7.016342,7.198669,7.3357377,6.7779555,6.607664,7.371849,6.8098106,6.683144,6.756583,6.6120477,6.9169807
404,scaffold_hopping/EZH2_5ij7_corehop,scaffold_hopping/EZH2_5ij7_corehop/31,../large_fep_dataset/data/fep_benchmark_processed/scaffold_hopping_EZH2_5ij7_corehop_31.sdf,../large_fep_dataset/data/fep_benchmark_processed/scaffold_hopping_EZH2_5ij7_corehop_protein.pdb,404,7.1672773,6.1744156,6.5289345,6.194699,6.449161,6.17287,6.2165174,6.653759,6.184165,6.991025,6.473283
405,scaffold_hopping/EZH2_5ij7_corehop,scaffold_hopping/EZH2_5ij7_corehop/29,../large_fep_dataset/data/fep_benchmark_processed/scaffold_hopping_EZH2_5ij7_corehop_29.sdf,../large_fep_dataset/data/fep_benchmark_processed/scaffold_hopping_EZH2_5ij7_corehop_protein.pdb,405,7.3320203,6.3208675,6.9223833,6.8693957,6.6189976,6.714551,6.1032333,7.1261706,6.4246244,7.0972776,6.7529526
406,scaffold_hopping/EZH2_5ij7_corehop,scaffold_hopping/EZH2_5ij7_corehop/27,../large_fep_dataset/data/fep_benchmark_processed/scaffold_hopping_EZH2_5ij7_corehop_27.sdf,../large_fep_dataset/data/fep_benchmark_processed/scaffold_hopping_EZH2_5ij7_corehop_protein.pdb,406,6.845998,6.9762664,7.416213,6.1829185,6.1328716,6.772431,6.459262,6.6676464,6.6497693,6.6722994,6.6775675
407,scaffold_hopping/CHK1_3u9n_corehop,scaffold_hopping/CHK1_3u9n_corehop/17,../large_fep_dataset/data/fep_benchmark_processed/scaffold_hopping_CHK1_3u9n_corehop_17.sdf,../large_fep_dataset/data/fep_benchmark_processed/scaffold_hopping_CHK1_3u9n_corehop_protein.pdb,407,7.774038,8.313116,7.8224287,7.8753386,7.5171995,7.8475966,7.566354,7.531776,8.100778,7.516152,7.7864776
408,scaffold_hopping/CHK1_3u9n_corehop,scaffold_hopping/CHK1_3u9n_corehop/1,../large_fep_dataset/data/fep_benchmark_processed/scaffold_hopping_CHK1_3u9n_corehop_1.sdf,../large_fep_dataset/data/fep_benchmark_processed/scaffold_hopping_CHK1_3u9n_corehop_protein.pdb,408,8.245961,8.433897,7.702953,8.096479,7.7813373,7.715438,7.8051176,7.8598185,7.8064356,7.675793,7.912324
409,scaffold_hopping/CHK1_3u9n_corehop,scaffold_hopping/CHK1_3u9n_corehop/21,../large_fep_dataset/data/fep_benchmark_processed/scaffold_hopping_CHK1_3u9n_corehop_21.sdf,../large_fep_dataset/data/fep_benchmark_processed/scaffold_hopping_CHK1_3u9n_corehop_protein.pdb,409,7.8283467,7.700621,7.556595,7.9328957,7.748691,7.273139,7.7395763,7.680847,7.4164915,7.1299796,7.6007185
410,scaffold_hopping/CHK1_3u9n_corehop,scaffold_hopping/CHK1_3u9n_corehop/20,../large_fep_dataset/data/fep_benchmark_processed/scaffold_hopping_CHK1_3u9n_corehop_20.sdf,../large_fep_dataset/data/fep_benchmark_processed/scaffold_hopping_CHK1_3u9n_corehop_protein.pdb,410,7.790596,7.8141537,7.580663,7.685957,7.5193863,7.257467,7.57502,7.1827393,7.563291,7.2662625,7.5235534
411,scaffold_hopping/CHK1_3u9n_corehop,scaffold_hopping/CHK1_3u9n_corehop/19,../large_fep_dataset/data/fep_benchmark_processed/scaffold_hopping_CHK1_3u9n_corehop_19.sdf,../large_fep_dataset/data/fep_benchmark_processed/scaffold_hopping_CHK1_3u9n_corehop_protein.pdb,411,8.141656,7.8378673,7.8907447,7.656245,7.4433794,7.514627,7.1203856,7.585679,7.647275,7.53624,7.637409
412,gpcrs/a2a_hip278,gpcrs/a2a_hip278/4g,../large_fep_dataset/data/fep_benchmark_processed/gpcrs_a2a_hip278_4g.sdf,../large_fep_dataset/data/fep_benchmark_processed/gpcrs_a2a_hip278_protein.pdb,412,5.728354,6.1572585,6.351758,5.831343,5.81063,5.8899198,5.6931157,5.8528786,6.278221,5.607501,5.920098
413,gpcrs/a2a_hip278,gpcrs/a2a_hip278/4h,../large_fep_dataset/data/fep_benchmark_processed/gpcrs_a2a_hip278_4h.sdf,../large_fep_dataset/data/fep_benchmark_processed/gpcrs_a2a_hip278_protein.pdb,413,6.342282,6.742069,6.285787,5.515058,5.6382527,5.66612,5.6301994,5.7783017,6.114084,5.911089,5.9623237
414,gpcrs/a2a_hip278,gpcrs/a2a_hip278/4jS,../large_fep_dataset/data/fep_benchmark_processed/gpcrs_a2a_hip278_4jS.sdf,../large_fep_dataset/data/fep_benchmark_processed/gpcrs_a2a_hip278_protein.pdb,414,6.534077,6.9635544,6.3884177,5.873543,6.094485,5.9359026,5.9540186,5.88901,6.272954,5.888656,6.1794615
415,gpcrs/a2a_hip278,gpcrs/a2a_hip278/4kU,../large_fep_dataset/data/fep_benchmark_processed/gpcrs_a2a_hip278_4kU.sdf,../large_fep_dataset/data/fep_benchmark_processed/gpcrs_a2a_hip278_protein.pdb,415,6.734562,6.6057568,6.9612527,6.1656547,6.511457,5.893111,6.5224996,6.2052174,7.0288787,6.119429,6.474782
416,gpcrs/a2a_hip278,gpcrs/a2a_hip278/4lD,../large_fep_dataset/data/fep_benchmark_processed/gpcrs_a2a_hip278_4lD.sdf,../large_fep_dataset/data/fep_benchmark_processed/gpcrs_a2a_hip278_protein.pdb,416,6.797501,6.4281373,7.3128533,5.939671,5.579693,6.259964,6.318385,6.0769916,6.566451,6.2370114,6.351666
417,gpcrs/a2a_hip278,gpcrs/a2a_hip278/4i,../large_fep_dataset/data/fep_benchmark_processed/gpcrs_a2a_hip278_4i.sdf,../large_fep_dataset/data/fep_benchmark_processed/gpcrs_a2a_hip278_protein.pdb,417,6.5433292,6.723845,6.120126,5.891997,6.0889087,6.4514275,6.2377014,5.891207,6.6677704,6.3167334,6.293305
418,gpcrs/a2a_hip278,gpcrs/a2a_hip278/4a,../large_fep_dataset/data/fep_benchmark_processed/gpcrs_a2a_hip278_4a.sdf,../large_fep_dataset/data/fep_benchmark_processed/gpcrs_a2a_hip278_protein.pdb,418,6.508803,5.5047445,6.5225577,5.5619707,4.8248086,5.5575137,5.5797467,5.515884,5.3597383,5.5635705,5.649934
419,gpcrs/a2a_hip278,gpcrs/a2a_hip278/4b D,../large_fep_dataset/data/fep_benchmark_processed/gpcrs_a2a_hip278_4b_D.sdf,../large_fep_dataset/data/fep_benchmark_processed/gpcrs_a2a_hip278_protein.pdb,419,7.1984086,6.103418,6.915437,6.245474,5.6955156,5.7598414,6.032095,6.0515385,6.3775697,6.1597443,6.253904
420,gpcrs/a2a_hip278,gpcrs/a2a_hip278/4c,../large_fep_dataset/data/fep_benchmark_processed/gpcrs_a2a_hip278_4c.sdf,../large_fep_dataset/data/fep_benchmark_processed/gpcrs_a2a_hip278_protein.pdb,420,7.5151887,6.177555,7.1213818,6.2027035,5.935886,6.161104,6.4022346,6.255656,6.1167974,6.165216,6.4053717
421,gpcrs/a2a_hip278,gpcrs/a2a_hip278/4d,../large_fep_dataset/data/fep_benchmark_processed/gpcrs_a2a_hip278_4d.sdf,../large_fep_dataset/data/fep_benchmark_processed/gpcrs_a2a_hip278_protein.pdb,421,7.011416,6.826846,7.071804,6.078215,6.249809,6.291587,6.1227937,6.473926,6.7615905,6.609302,6.5497293
422,gpcrs/a2a_hip278,gpcrs/a2a_hip278/4o,../large_fep_dataset/data/fep_benchmark_processed/gpcrs_a2a_hip278_4o.sdf,../large_fep_dataset/data/fep_benchmark_processed/gpcrs_a2a_hip278_protein.pdb,422,7.1722097,5.6783853,7.228269,6.467044,5.882293,5.9977922,6.559103,6.0621653,5.9074235,6.6787295,6.363342
423,gpcrs/a2a_hip278,gpcrs/a2a_hip278/4f,../large_fep_dataset/data/fep_benchmark_processed/gpcrs_a2a_hip278_4f.sdf,../large_fep_dataset/data/fep_benchmark_processed/gpcrs_a2a_hip278_protein.pdb,423,6.714113,6.161914,7.2422824,6.4293857,5.875716,6.152757,6.27661,6.41855,6.5244756,6.0262,6.3822002
424,gpcrs/a2a_hip278,gpcrs/a2a_hip278/4e D,../large_fep_dataset/data/fep_benchmark_processed/gpcrs_a2a_hip278_4e_D.sdf,../large_fep_dataset/data/fep_benchmark_processed/gpcrs_a2a_hip278_protein.pdb,424,7.174834,6.1134233,7.4563766,6.4667788,6.3104005,6.9753757,6.839328,6.3332763,7.0855875,7.3371253,6.809251
425,gpcrs/a2a_hip278,gpcrs/a2a_hip278/4m D,../large_fep_dataset/data/fep_benchmark_processed/gpcrs_a2a_hip278_4m_D.sdf,../large_fep_dataset/data/fep_benchmark_processed/gpcrs_a2a_hip278_protein.pdb,425,6.5622196,5.4311533,6.3257213,6.260713,5.0969634,5.397879,5.8169923,5.8748484,6.186409,6.044267,5.8997164
426,gpcrs/a2a_hip278,gpcrs/a2a_hip278/4q,../large_fep_dataset/data/fep_benchmark_processed/gpcrs_a2a_hip278_4q.sdf,../large_fep_dataset/data/fep_benchmark_processed/gpcrs_a2a_hip278_protein.pdb,426,6.565395,5.7660055,6.334548,5.964391,4.623011,5.23151,5.792592,5.5963783,5.5328484,5.793623,5.7200303
427,gpcrs/a2a_hip278,gpcrs/a2a_hip278/4n,../large_fep_dataset/data/fep_benchmark_processed/gpcrs_a2a_hip278_4n.sdf,../large_fep_dataset/data/fep_benchmark_processed/gpcrs_a2a_hip278_protein.pdb,427,7.04659,5.5297546,5.9587774,5.9585223,5.538521,5.5967255,5.566504,6.346101,6.182524,5.691411,5.941543
428,gpcrs/a2a_hip278,gpcrs/a2a_hip278/4r U,../large_fep_dataset/data/fep_benchmark_processed/gpcrs_a2a_hip278_4r_U.sdf,../large_fep_dataset/data/fep_benchmark_processed/gpcrs_a2a_hip278_protein.pdb,428,6.832382,5.825456,6.5132275,5.945616,5.783327,6.239012,5.9107146,5.7879505,6.0332956,5.9336762,6.080466
429,gpcrs/a2a_hip278,gpcrs/a2a_hip278/4o deprotonated,../large_fep_dataset/data/fep_benchmark_processed/gpcrs_a2a_hip278_4o_deprotonated.sdf,../large_fep_dataset/data/fep_benchmark_processed/gpcrs_a2a_hip278_protein.pdb,429,7.188316,5.486938,6.4665136,6.4309115,5.6866813,5.4925356,6.1249847,5.647685,5.847605,6.3594456,6.073162
430,gpcrs/a2a_hip278,gpcrs/a2a_hip278/4eD deprotonated,../large_fep_dataset/data/fep_benchmark_processed/gpcrs_a2a_hip278_4eD_deprotonated.sdf,../large_fep_dataset/data/fep_benchmark_processed/gpcrs_a2a_hip278_protein.pdb,430,7.6358514,6.5835214,7.105203,6.1684017,6.2991977,6.025513,6.064797,6.169942,6.493161,6.8549814,6.5400567
431,gpcrs/a2a_hip278,gpcrs/a2a_hip278/4f deprotonated,../large_fep_dataset/data/fep_benchmark_processed/gpcrs_a2a_hip278_4f_deprotonated.sdf,../large_fep_dataset/data/fep_benchmark_processed/gpcrs_a2a_hip278_protein.pdb,431,6.493893,6.3568354,6.709478,6.149223,5.6638217,6.3439193,6.3909764,6.6065364,6.5257573,6.157832,6.3398275
432,gpcrs/ox2_hip_custcore,gpcrs/ox2_hip_custcore/set 1: 1,../large_fep_dataset/data/fep_benchmark_processed/gpcrs_ox2_hip_custcore_set_1:_1.sdf,../large_fep_dataset/data/fep_benchmark_processed/gpcrs_ox2_hip_custcore_protein.pdb,432,7.506343,6.665983,7.008304,6.566118,7.7602158,7.2360787,7.0236907,7.145273,6.9396515,7.333402,7.1185064
433,gpcrs/ox2_hip_custcore,gpcrs/ox2_hip_custcore/set 1: 2,../large_fep_dataset/data/fep_benchmark_processed/gpcrs_ox2_hip_custcore_set_1:_2.sdf,../large_fep_dataset/data/fep_benchmark_processed/gpcrs_ox2_hip_custcore_protein.pdb,433,7.148921,6.4718337,7.0669584,6.525088,7.108838,6.505969,6.734663,7.2520976,6.690576,6.586553,6.8091497
434,gpcrs/ox2_hip_custcore,gpcrs/ox2_hip_custcore/set 1: 3,../large_fep_dataset/data/fep_benchmark_processed/gpcrs_ox2_hip_custcore_set_1:_3.sdf,../large_fep_dataset/data/fep_benchmark_processed/gpcrs_ox2_hip_custcore_protein.pdb,434,7.0731664,6.3218317,6.5258594,6.8149223,7.008436,6.930642,6.493808,7.0526133,6.938877,7.008883,6.8169036
435,gpcrs/ox2_hip_custcore,gpcrs/ox2_hip_custcore/set 1: 4,../large_fep_dataset/data/fep_benchmark_processed/gpcrs_ox2_hip_custcore_set_1:_4.sdf,../large_fep_dataset/data/fep_benchmark_processed/gpcrs_ox2_hip_custcore_protein.pdb,435,7.8279033,6.6808987,7.2823057,6.131932,7.592656,7.399699,7.8440094,7.4409637,7.1231456,7.2374253,7.2560935
436,gpcrs/ox2_hip_custcore,gpcrs/ox2_hip_custcore/set 1: 5,../large_fep_dataset/data/fep_benchmark_processed/gpcrs_ox2_hip_custcore_set_1:_5.sdf,../large_fep_dataset/data/fep_benchmark_processed/gpcrs_ox2_hip_custcore_protein.pdb,436,7.781374,6.85614,7.062738,6.995274,7.1490755,7.608131,7.40317,7.2077875,7.1411815,7.0862727,7.2291145
437,gpcrs/ox2_hip_custcore,gpcrs/ox2_hip_custcore/set 1: 6,../large_fep_dataset/data/fep_benchmark_processed/gpcrs_ox2_hip_custcore_set_1:_6.sdf,../large_fep_dataset/data/fep_benchmark_processed/gpcrs_ox2_hip_custcore_protein.pdb,437,7.5725956,6.6718526,6.884477,6.6702237,7.3143187,6.4429264,6.8180003,7.098055,6.9097757,6.762833,6.914506
438,gpcrs/ox2_hip_custcore,gpcrs/ox2_hip_custcore/set 1: 7,../large_fep_dataset/data/fep_benchmark_processed/gpcrs_ox2_hip_custcore_set_1:_7.sdf,../large_fep_dataset/data/fep_benchmark_processed/gpcrs_ox2_hip_custcore_protein.pdb,438,7.727185,6.792024,6.879051,6.676116,7.358237,7.9492874,7.789763,7.241111,7.296722,7.384405,7.30939
439,gpcrs/ox2_hip_custcore,gpcrs/ox2_hip_custcore/set 1: 8,../large_fep_dataset/data/fep_benchmark_processed/gpcrs_ox2_hip_custcore_set_1:_8.sdf,../large_fep_dataset/data/fep_benchmark_processed/gpcrs_ox2_hip_custcore_protein.pdb,439,7.5624537,6.763352,7.039641,6.9819613,7.7393975,7.278798,6.8590426,7.2925534,6.9708724,7.287321,7.17754
440,gpcrs/ox2_hip_custcore,gpcrs/ox2_hip_custcore/set 1: 9,../large_fep_dataset/data/fep_benchmark_processed/gpcrs_ox2_hip_custcore_set_1:_9.sdf,../large_fep_dataset/data/fep_benchmark_processed/gpcrs_ox2_hip_custcore_protein.pdb,440,6.8192444,6.677755,6.8806744,6.5425105,7.206242,6.7077436,6.618723,6.934041,6.642402,6.5510745,6.7580414
441,gpcrs/ox2_hip_custcore,gpcrs/ox2_hip_custcore/set 1: 10,../large_fep_dataset/data/fep_benchmark_processed/gpcrs_ox2_hip_custcore_set_1:_10.sdf,../large_fep_dataset/data/fep_benchmark_processed/gpcrs_ox2_hip_custcore_protein.pdb,441,7.2656436,6.8531632,6.898518,6.9711256,7.6892285,6.9285426,6.620777,7.1231136,6.9261417,7.10354,7.037979
442,gpcrs/ox2_hip_custcore,gpcrs/ox2_hip_custcore/set 1: 11,../large_fep_dataset/data/fep_benchmark_processed/gpcrs_ox2_hip_custcore_set_1:_11.sdf,../large_fep_dataset/data/fep_benchmark_processed/gpcrs_ox2_hip_custcore_protein.pdb,442,7.752716,7.3725653,7.0746765,6.691911,7.8907,7.639553,8.019461,7.4284434,7.0830326,6.895038,7.384809
443,gpcrs/ox2_hip_custcore,gpcrs/ox2_hip_custcore/set 1: 12,../large_fep_dataset/data/fep_benchmark_processed/gpcrs_ox2_hip_custcore_set_1:_12.sdf,../large_fep_dataset/data/fep_benchmark_processed/gpcrs_ox2_hip_custcore_protein.pdb,443,7.624204,6.7676363,6.8927903,6.8098745,6.9877925,7.087738,6.9697547,7.0113673,7.3046627,6.819644,7.027546
444,gpcrs/ox2_hip_custcore,gpcrs/ox2_hip_custcore/set 1: 13,../large_fep_dataset/data/fep_benchmark_processed/gpcrs_ox2_hip_custcore_set_1:_13.sdf,../large_fep_dataset/data/fep_benchmark_processed/gpcrs_ox2_hip_custcore_protein.pdb,444,7.0006056,6.617276,6.638774,6.390762,7.2499466,7.1767263,6.613487,6.789069,6.724152,6.9102902,6.811109
445,gpcrs/ox2_hip_custcore,gpcrs/ox2_hip_custcore/set 1: 14,../large_fep_dataset/data/fep_benchmark_processed/gpcrs_ox2_hip_custcore_set_1:_14.sdf,../large_fep_dataset/data/fep_benchmark_processed/gpcrs_ox2_hip_custcore_protein.pdb,445,7.5537853,6.717754,7.062381,6.5863895,7.4529076,7.161216,7.557718,7.2072616,6.990471,6.9179087,7.1207786
446,gpcrs/ox2_hip_custcore,gpcrs/ox2_hip_custcore/set 1: 15,../large_fep_dataset/data/fep_benchmark_processed/gpcrs_ox2_hip_custcore_set_1:_15.sdf,../large_fep_dataset/data/fep_benchmark_processed/gpcrs_ox2_hip_custcore_protein.pdb,446,6.769415,6.632463,6.6061296,7.0827723,7.0647464,6.5329056,6.651041,7.1861253,7.025081,7.083887,6.8634567
447,gpcrs/ox2_hip_custcore,gpcrs/ox2_hip_custcore/set 1: 16,../large_fep_dataset/data/fep_benchmark_processed/gpcrs_ox2_hip_custcore_set_1:_16.sdf,../large_fep_dataset/data/fep_benchmark_processed/gpcrs_ox2_hip_custcore_protein.pdb,447,7.5517607,6.6038275,6.9033155,6.227399,7.1889877,7.317574,7.0386095,7.0461926,6.958712,6.9183826,6.9754763
448,gpcrs/ox2_hip_custcore,gpcrs/ox2_hip_custcore/set 1: 17,../large_fep_dataset/data/fep_benchmark_processed/gpcrs_ox2_hip_custcore_set_1:_17.sdf,../large_fep_dataset/data/fep_benchmark_processed/gpcrs_ox2_hip_custcore_protein.pdb,448,7.1494,6.7355585,6.8150554,6.472906,6.9243245,7.2396417,6.986603,7.13126,6.9679127,7.0553403,6.9478006
449,gpcrs/ox2_hip_custcore,gpcrs/ox2_hip_custcore/set 1: 18,../large_fep_dataset/data/fep_benchmark_processed/gpcrs_ox2_hip_custcore_set_1:_18.sdf,../large_fep_dataset/data/fep_benchmark_processed/gpcrs_ox2_hip_custcore_protein.pdb,449,8.028259,6.663364,7.2747107,6.646049,8.353855,8.1941805,7.56273,7.7816596,7.2783747,7.013877,7.479706
450,gpcrs/ox2_hip_custcore,gpcrs/ox2_hip_custcore/set 1: 19,../large_fep_dataset/data/fep_benchmark_processed/gpcrs_ox2_hip_custcore_set_1:_19.sdf,../large_fep_dataset/data/fep_benchmark_processed/gpcrs_ox2_hip_custcore_protein.pdb,450,7.584635,6.8847947,7.148595,6.66522,7.3818955,7.076564,7.2079144,7.588145,7.609269,7.3596992,7.250673
451,gpcrs/ox2_hip_custcore,gpcrs/ox2_hip_custcore/set 1: 20,../large_fep_dataset/data/fep_benchmark_processed/gpcrs_ox2_hip_custcore_set_1:_20.sdf,../large_fep_dataset/data/fep_benchmark_processed/gpcrs_ox2_hip_custcore_protein.pdb,451,7.5250583,6.258546,7.1371098,6.6495137,7.1274705,7.3677597,7.3363533,6.9892564,6.7793694,7.0882573,7.02587
452,gpcrs/ox2_hip_custcore,gpcrs/ox2_hip_custcore/set 1: 21,../large_fep_dataset/data/fep_benchmark_processed/gpcrs_ox2_hip_custcore_set_1:_21.sdf,../large_fep_dataset/data/fep_benchmark_processed/gpcrs_ox2_hip_custcore_protein.pdb,452,7.014306,6.650636,6.7959223,6.2566714,6.5065966,6.8994527,6.6225605,7.250033,6.7765074,6.7289057,6.7501593
453,gpcrs/ox2_hip_custcore,gpcrs/ox2_hip_custcore/set 1: 22,../large_fep_dataset/data/fep_benchmark_processed/gpcrs_ox2_hip_custcore_set_1:_22.sdf,../large_fep_dataset/data/fep_benchmark_processed/gpcrs_ox2_hip_custcore_protein.pdb,453,7.148849,6.658827,7.203371,5.9782476,7.358327,7.215596,7.077678,6.910453,6.5406933,7.115116,6.9207153
454,gpcrs/ox2_hip_custcore,gpcrs/ox2_hip_custcore/set 1: 23,../large_fep_dataset/data/fep_benchmark_processed/gpcrs_ox2_hip_custcore_set_1:_23.sdf,../large_fep_dataset/data/fep_benchmark_processed/gpcrs_ox2_hip_custcore_protein.pdb,454,6.977852,6.564784,6.4784884,6.526295,6.876615,6.627948,6.8497844,7.1971717,6.909394,6.300968,6.7309294
455,gpcrs/ox2_hip_custcore,gpcrs/ox2_hip_custcore/set 1: 24,../large_fep_dataset/data/fep_benchmark_processed/gpcrs_ox2_hip_custcore_set_1:_24.sdf,../large_fep_dataset/data/fep_benchmark_processed/gpcrs_ox2_hip_custcore_protein.pdb,455,7.8469925,6.527291,6.789306,6.7390823,7.2231884,7.553758,7.375919,7.0615,7.409032,6.67097,7.119704
456,gpcrs/ox2_hip_custcore,gpcrs/ox2_hip_custcore/set 1: 25,../large_fep_dataset/data/fep_benchmark_processed/gpcrs_ox2_hip_custcore_set_1:_25.sdf,../large_fep_dataset/data/fep_benchmark_processed/gpcrs_ox2_hip_custcore_protein.pdb,456,7.4613533,6.629185,6.701967,7.110151,7.809471,7.195658,7.497778,7.0862303,7.0795584,7.1266966,7.1698046
457,gpcrs/ox2_hip_custcore,gpcrs/ox2_hip_custcore/set 1: 26,../large_fep_dataset/data/fep_benchmark_processed/gpcrs_ox2_hip_custcore_set_1:_26.sdf,../large_fep_dataset/data/fep_benchmark_processed/gpcrs_ox2_hip_custcore_protein.pdb,457,7.6240406,6.552946,7.038384,6.6626086,7.4776506,7.2594676,7.47111,6.8981094,7.1659527,7.3453636,7.149564
458,gpcrs/ox2_hip_custcore,gpcrs/ox2_hip_custcore/set 1: 27,../large_fep_dataset/data/fep_benchmark_processed/gpcrs_ox2_hip_custcore_set_1:_27.sdf,../large_fep_dataset/data/fep_benchmark_processed/gpcrs_ox2_hip_custcore_protein.pdb,458,7.258646,6.4258122,6.802082,6.278464,7.533873,7.136328,6.7323194,6.930234,6.7890234,6.9287663,6.881555
459,gpcrs/ox2_hip_custcore,gpcrs/ox2_hip_custcore/set 2: 1,../large_fep_dataset/data/fep_benchmark_processed/gpcrs_ox2_hip_custcore_set_2:_1.sdf,../large_fep_dataset/data/fep_benchmark_processed/gpcrs_ox2_hip_custcore_protein.pdb,459,6.9818497,6.731595,6.7596793,5.6581593,7.0100713,7.355245,6.9013624,6.602,6.8492327,6.564429,6.741362
460,gpcrs/ox2_hip_custcore,gpcrs/ox2_hip_custcore/set 2: 2,../large_fep_dataset/data/fep_benchmark_processed/gpcrs_ox2_hip_custcore_set_2:_2.sdf,../large_fep_dataset/data/fep_benchmark_processed/gpcrs_ox2_hip_custcore_protein.pdb,460,6.9882874,5.821877,5.9876795,6.202065,6.018527,6.581592,6.4042726,6.365386,6.003136,7.015524,6.3388352
461,gpcrs/ox2_hip_custcore,gpcrs/ox2_hip_custcore/set 2: 3,../large_fep_dataset/data/fep_benchmark_processed/gpcrs_ox2_hip_custcore_set_2:_3.sdf,../large_fep_dataset/data/fep_benchmark_processed/gpcrs_ox2_hip_custcore_protein.pdb,461,7.0168595,6.0340524,6.421653,5.702629,7.126606,7.071433,6.9075503,6.643194,6.6120853,6.753145,6.6289206
462,gpcrs/ox2_hip_custcore,gpcrs/ox2_hip_custcore/set 2: 4,../large_fep_dataset/data/fep_benchmark_processed/gpcrs_ox2_hip_custcore_set_2:_4.sdf,../large_fep_dataset/data/fep_benchmark_processed/gpcrs_ox2_hip_custcore_protein.pdb,462,7.3080597,7.076808,6.703826,5.5218306,7.0356913,7.0224776,6.8151217,6.503185,6.199133,6.6932325,6.687936
463,gpcrs/ox2_hip_custcore,gpcrs/ox2_hip_custcore/set 2: 5 adjust,../large_fep_dataset/data/fep_benchmark_processed/gpcrs_ox2_hip_custcore_set_2:_5_adjust.sdf,../large_fep_dataset/data/fep_benchmark_processed/gpcrs_ox2_hip_custcore_protein.pdb,463,7.488468,7.199026,6.8746166,5.7863617,7.1428037,6.8212166,6.141951,6.6863837,7.2640095,7.2098494,6.8614683
464,gpcrs/ox2_hip_custcore,gpcrs/ox2_hip_custcore/set 2: 6,../large_fep_dataset/data/fep_benchmark_processed/gpcrs_ox2_hip_custcore_set_2:_6.sdf,../large_fep_dataset/data/fep_benchmark_processed/gpcrs_ox2_hip_custcore_protein.pdb,464,7.0045104,6.892677,7.2688003,6.131718,7.1789784,7.3470306,6.956442,6.749617,7.207697,7.3459587,7.0083437
465,gpcrs/ox2_hip_custcore,gpcrs/ox2_hip_custcore/set 2: 7,../large_fep_dataset/data/fep_benchmark_processed/gpcrs_ox2_hip_custcore_set_2:_7.sdf,../large_fep_dataset/data/fep_benchmark_processed/gpcrs_ox2_hip_custcore_protein.pdb,465,7.3811755,6.4330583,6.541582,6.0680494,7.070952,7.05407,6.117324,6.7992425,7.2657957,6.535474,6.726673
466,gpcrs/ox2_hip_custcore,gpcrs/ox2_hip_custcore/set 2: 8,../large_fep_dataset/data/fep_benchmark_processed/gpcrs_ox2_hip_custcore_set_2:_8.sdf,../large_fep_dataset/data/fep_benchmark_processed/gpcrs_ox2_hip_custcore_protein.pdb,466,7.638028,6.6057444,6.430305,6.0433917,7.2944326,7.0630584,6.7763343,6.867062,7.0752544,6.6055136,6.8399124
467,gpcrs/ox2_hip_custcore,gpcrs/ox2_hip_custcore/set 2: 9,../large_fep_dataset/data/fep_benchmark_processed/gpcrs_ox2_hip_custcore_set_2:_9.sdf,../large_fep_dataset/data/fep_benchmark_processed/gpcrs_ox2_hip_custcore_protein.pdb,467,7.149443,7.3060975,6.908128,5.8340354,7.2639246,7.2276,6.517116,6.5673714,7.245376,7.146313,6.9165406
468,gpcrs/ox2_hip_custcore,gpcrs/ox2_hip_custcore/set 2: 10,../large_fep_dataset/data/fep_benchmark_processed/gpcrs_ox2_hip_custcore_set_2:_10.sdf,../large_fep_dataset/data/fep_benchmark_processed/gpcrs_ox2_hip_custcore_protein.pdb,468,7.1913214,7.2824097,6.871562,6.193788,7.2622194,7.505819,6.2911263,6.8186646,6.9835267,7.3557177,6.9756155
469,gpcrs/ox2_hip_custcore,gpcrs/ox2_hip_custcore/set 2: 11,../large_fep_dataset/data/fep_benchmark_processed/gpcrs_ox2_hip_custcore_set_2:_11.sdf,../large_fep_dataset/data/fep_benchmark_processed/gpcrs_ox2_hip_custcore_protein.pdb,469,7.3403373,6.374401,6.096882,5.857201,6.7662406,6.5800967,5.852904,6.5289664,6.640578,6.6466603,6.468427
470,gpcrs/ox2_hip_custcore,gpcrs/ox2_hip_custcore/set 2: 12,../large_fep_dataset/data/fep_benchmark_processed/gpcrs_ox2_hip_custcore_set_2:_12.sdf,../large_fep_dataset/data/fep_benchmark_processed/gpcrs_ox2_hip_custcore_protein.pdb,470,7.322446,6.7814345,6.8824625,6.0086617,6.4308643,7.087472,7.3736243,7.083494,7.3086014,7.252758,6.9531813
471,gpcrs/ox2_hip_custcore,gpcrs/ox2_hip_custcore/set 2: 13,../large_fep_dataset/data/fep_benchmark_processed/gpcrs_ox2_hip_custcore_set_2:_13.sdf,../large_fep_dataset/data/fep_benchmark_processed/gpcrs_ox2_hip_custcore_protein.pdb,471,7.1527867,6.4968553,6.347761,5.5558763,6.846197,6.9330873,6.7526083,6.3598113,6.3657155,6.564635,6.537533
472,gpcrs/ox2_hip_custcore,gpcrs/ox2_hip_custcore/set 2: 14,../large_fep_dataset/data/fep_benchmark_processed/gpcrs_ox2_hip_custcore_set_2:_14.sdf,../large_fep_dataset/data/fep_benchmark_processed/gpcrs_ox2_hip_custcore_protein.pdb,472,7.2767735,6.3137007,6.448042,5.792356,7.3004518,7.0595813,6.8052464,6.6467113,6.8703213,6.31163,6.6824822
473,gpcrs/ox2_hip_custcore,gpcrs/ox2_hip_custcore/set 2: 15,../large_fep_dataset/data/fep_benchmark_processed/gpcrs_ox2_hip_custcore_set_2:_15.sdf,../large_fep_dataset/data/fep_benchmark_processed/gpcrs_ox2_hip_custcore_protein.pdb,473,7.3257003,6.8798347,7.0859876,6.6875386,7.1832137,6.8660984,6.7060437,6.3243117,7.220725,6.7898293,6.906928
474,gpcrs/ox2_hip_custcore,gpcrs/ox2_hip_custcore/set 2: 16,../large_fep_dataset/data/fep_benchmark_processed/gpcrs_ox2_hip_custcore_set_2:_16.sdf,../large_fep_dataset/data/fep_benchmark_processed/gpcrs_ox2_hip_custcore_protein.pdb,474,7.717993,6.8820944,6.9181104,6.4719467,7.4869957,7.5871396,6.979444,7.0573015,6.5721846,7.085144,7.075835
475,gpcrs/ox2_hip_custcore,gpcrs/ox2_hip_custcore/set 2: 17,../large_fep_dataset/data/fep_benchmark_processed/gpcrs_ox2_hip_custcore_set_2:_17.sdf,../large_fep_dataset/data/fep_benchmark_processed/gpcrs_ox2_hip_custcore_protein.pdb,475,7.16587,7.0030065,6.897604,6.3474107,7.5586867,7.381568,6.5865993,6.5623913,6.3966517,7.6387053,6.953849
476,gpcrs/ox2_hip_custcore,gpcrs/ox2_hip_custcore/set 2: 18,../large_fep_dataset/data/fep_benchmark_processed/gpcrs_ox2_hip_custcore_set_2:_18.sdf,../large_fep_dataset/data/fep_benchmark_processed/gpcrs_ox2_hip_custcore_protein.pdb,476,7.1691265,6.9609704,6.8763876,6.18938,7.3464766,6.872336,7.0009565,6.6034613,6.64056,6.9579325,6.861759
477,gpcrs/ox2_hip_custcore,gpcrs/ox2_hip_custcore/set 2: 19,../large_fep_dataset/data/fep_benchmark_processed/gpcrs_ox2_hip_custcore_set_2:_19.sdf,../large_fep_dataset/data/fep_benchmark_processed/gpcrs_ox2_hip_custcore_protein.pdb,477,6.8921995,5.691454,6.014384,6.245288,6.513645,6.9613624,6.709107,6.0371947,6.0955076,6.444393,6.3604536
478,gpcrs/ox2_hip_custcore,gpcrs/ox2_hip_custcore/set 2: 20,../large_fep_dataset/data/fep_benchmark_processed/gpcrs_ox2_hip_custcore_set_2:_20.sdf,../large_fep_dataset/data/fep_benchmark_processed/gpcrs_ox2_hip_custcore_protein.pdb,478,7.330374,6.151205,6.140913,5.747897,7.073491,7.0914164,6.8287153,6.3219175,7.247526,6.5913463,6.65248
479,gpcrs/ox2_hip_custcore,gpcrs/ox2_hip_custcore/set 2: 21,../large_fep_dataset/data/fep_benchmark_processed/gpcrs_ox2_hip_custcore_set_2:_21.sdf,../large_fep_dataset/data/fep_benchmark_processed/gpcrs_ox2_hip_custcore_protein.pdb,479,7.3290052,6.4735026,6.785519,6.2232137,7.1402316,6.910267,7.054086,6.1939907,6.557362,7.1770024,6.7844176
480,gpcrs/ox2_hip_custcore,gpcrs/ox2_hip_custcore/set 2: 22,../large_fep_dataset/data/fep_benchmark_processed/gpcrs_ox2_hip_custcore_set_2:_22.sdf,../large_fep_dataset/data/fep_benchmark_processed/gpcrs_ox2_hip_custcore_protein.pdb,480,7.5261917,6.1550884,6.729054,6.070441,6.71763,6.712909,6.1643405,6.2801013,6.515334,7.2974806,6.616857
481,gpcrs/ox2_hip_custcore,gpcrs/ox2_hip_custcore/set 2: 23,../large_fep_dataset/data/fep_benchmark_processed/gpcrs_ox2_hip_custcore_set_2:_23.sdf,../large_fep_dataset/data/fep_benchmark_processed/gpcrs_ox2_hip_custcore_protein.pdb,481,7.127881,6.3970942,6.629257,6.204807,7.1286454,6.9779024,6.778586,6.5111685,6.496878,6.768213,6.702044
482,gpcrs/ox2_hip_custcore,gpcrs/ox2_hip_custcore/set 2: 24,../large_fep_dataset/data/fep_benchmark_processed/gpcrs_ox2_hip_custcore_set_2:_24.sdf,../large_fep_dataset/data/fep_benchmark_processed/gpcrs_ox2_hip_custcore_protein.pdb,482,7.556194,6.92461,6.854098,6.210031,6.962263,7.204035,7.3221617,6.319377,6.8419023,7.2693396,6.946401
483,gpcrs/p2y1_meta_sub,gpcrs/p2y1_meta_sub/16,../large_fep_dataset/data/fep_benchmark_processed/gpcrs_p2y1_meta_sub_16.sdf,../large_fep_dataset/data/fep_benchmark_processed/gpcrs_p2y1_meta_sub_protein.pdb,483,5.8879538,6.3879933,5.8077564,5.641771,6.1473513,5.8187428,5.262508,5.9690366,5.7603254,5.365534,5.8048973
484,gpcrs/p2y1_meta_sub,gpcrs/p2y1_meta_sub/11a,../large_fep_dataset/data/fep_benchmark_processed/gpcrs_p2y1_meta_sub_11a.sdf,../large_fep_dataset/data/fep_benchmark_processed/gpcrs_p2y1_meta_sub_protein.pdb,484,5.422077,5.6253786,5.194623,5.2135797,4.5895467,5.3589787,4.8123565,4.836934,5.152112,5.6052723,5.181085
485,gpcrs/p2y1_meta_sub,gpcrs/p2y1_meta_sub/6e,../large_fep_dataset/data/fep_benchmark_processed/gpcrs_p2y1_meta_sub_6e.sdf,../large_fep_dataset/data/fep_benchmark_processed/gpcrs_p2y1_meta_sub_protein.pdb,485,5.4782114,5.3057623,5.7231345,4.660651,4.9434333,5.1906543,4.681439,4.3894935,5.5925527,5.3036675,5.1269
486,gpcrs/p2y1_meta_sub,gpcrs/p2y1_meta_sub/11c,../large_fep_dataset/data/fep_benchmark_processed/gpcrs_p2y1_meta_sub_11c.sdf,../large_fep_dataset/data/fep_benchmark_processed/gpcrs_p2y1_meta_sub_protein.pdb,486,6.0643215,6.027782,6.36968,6.1417274,6.0566516,6.0498652,5.717542,5.7462883,5.5615263,5.683436,5.941882
487,gpcrs/p2y1_meta_sub,gpcrs/p2y1_meta_sub/6b,../large_fep_dataset/data/fep_benchmark_processed/gpcrs_p2y1_meta_sub_6b.sdf,../large_fep_dataset/data/fep_benchmark_processed/gpcrs_p2y1_meta_sub_protein.pdb,487,5.83343,5.714222,5.517606,5.3787417,4.7501764,5.535487,4.98101,4.810173,5.2453485,5.73414,5.3500338
488,gpcrs/p2y1_meta_sub,gpcrs/p2y1_meta_sub/1,../large_fep_dataset/data/fep_benchmark_processed/gpcrs_p2y1_meta_sub_1.sdf,../large_fep_dataset/data/fep_benchmark_processed/gpcrs_p2y1_meta_sub_protein.pdb,488,5.985867,5.950697,5.8611426,5.7924414,5.411632,5.5074954,4.8386707,5.0163503,5.660166,5.7725806,5.579704
489,gpcrs/p2y1_meta_sub,gpcrs/p2y1_meta_sub/6a,../large_fep_dataset/data/fep_benchmark_processed/gpcrs_p2y1_meta_sub_6a.sdf,../large_fep_dataset/data/fep_benchmark_processed/gpcrs_p2y1_meta_sub_protein.pdb,489,6.1908956,5.6769705,5.5378456,4.8990602,5.0002837,5.5674148,4.7496777,4.7851043,5.4382944,5.7657495,5.3611293
490,gpcrs/p2y1_meta_sub,gpcrs/p2y1_meta_sub/6f,../large_fep_dataset/data/fep_benchmark_processed/gpcrs_p2y1_meta_sub_6f.sdf,../large_fep_dataset/data/fep_benchmark_processed/gpcrs_p2y1_meta_sub_protein.pdb,490,6.015253,5.5731564,5.8588305,5.0181904,5.2188725,5.7076774,4.616218,4.4513288,5.54438,5.629714,5.3633623
491,gpcrs/p2y1_meta_sub,gpcrs/p2y1_meta_sub/6h,../large_fep_dataset/data/fep_benchmark_processed/gpcrs_p2y1_meta_sub_6h.sdf,../large_fep_dataset/data/fep_benchmark_processed/gpcrs_p2y1_meta_sub_protein.pdb,491,5.5612116,5.4606676,5.642123,5.0865083,5.426249,5.52146,4.552277,4.4600563,5.3405895,5.5114083,5.256255
492,gpcrs/p2y1_meta_sub,gpcrs/p2y1_meta_sub/6d,../large_fep_dataset/data/fep_benchmark_processed/gpcrs_p2y1_meta_sub_6d.sdf,../large_fep_dataset/data/fep_benchmark_processed/gpcrs_p2y1_meta_sub_protein.pdb,492,6.011167,5.6860476,5.4082155,5.105896,4.9599385,5.547466,4.679024,4.493433,5.5034127,5.627902,5.302251
493,gpcrs/p2y1_meta_sub,gpcrs/p2y1_meta_sub/6i,../large_fep_dataset/data/fep_benchmark_processed/gpcrs_p2y1_meta_sub_6i.sdf,../large_fep_dataset/data/fep_benchmark_processed/gpcrs_p2y1_meta_sub_protein.pdb,493,6.5795875,5.784825,6.384737,5.7836123,6.1280994,6.121302,4.8826404,5.5274787,6.189304,5.9913683,5.937295
494,gpcrs/p2y1_meta_sub,gpcrs/p2y1_meta_sub/6g,../large_fep_dataset/data/fep_benchmark_processed/gpcrs_p2y1_meta_sub_6g.sdf,../large_fep_dataset/data/fep_benchmark_processed/gpcrs_p2y1_meta_sub_protein.pdb,494,5.4287214,5.552689,5.5629597,4.950645,5.4670515,5.3260674,4.384641,4.297698,5.549941,5.496887,5.2017303
495,gpcrs/p2y1_meta_sub,gpcrs/p2y1_meta_sub/6n,../large_fep_dataset/data/fep_benchmark_processed/gpcrs_p2y1_meta_sub_6n.sdf,../large_fep_dataset/data/fep_benchmark_processed/gpcrs_p2y1_meta_sub_protein.pdb,495,6.070807,5.513487,6.058383,5.9169903,5.77482,5.9112806,4.8533883,5.4725547,6.2391205,5.7915745,5.760241
496,gpcrs/p2y1_meta_sub,gpcrs/p2y1_meta_sub/6m,../large_fep_dataset/data/fep_benchmark_processed/gpcrs_p2y1_meta_sub_6m.sdf,../large_fep_dataset/data/fep_benchmark_processed/gpcrs_p2y1_meta_sub_protein.pdb,496,5.8369956,5.61396,5.8325047,5.4009986,6.4735785,5.4077024,5.467461,5.0597825,5.719131,5.38546,5.6197577
497,gpcrs/p2y1_meta_sub,gpcrs/p2y1_meta_sub/6p,../large_fep_dataset/data/fep_benchmark_processed/gpcrs_p2y1_meta_sub_6p.sdf,../large_fep_dataset/data/fep_benchmark_processed/gpcrs_p2y1_meta_sub_protein.pdb,497,5.826808,5.56498,5.7566614,6.027091,5.8356004,5.3888006,5.0495744,5.20519,6.476109,5.8156624,5.694648
498,gpcrs/p2y1_meta_sub,gpcrs/p2y1_meta_sub/6k,../large_fep_dataset/data/fep_benchmark_processed/gpcrs_p2y1_meta_sub_6k.sdf,../large_fep_dataset/data/fep_benchmark_processed/gpcrs_p2y1_meta_sub_protein.pdb,498,6.157201,5.7989984,6.26453,5.82631,6.4521217,6.025845,4.776503,4.9428606,6.2096686,6.017097,5.8471136
499,gpcrs/p2y1_meta_sub,gpcrs/p2y1_meta_sub/6o,../large_fep_dataset/data/fep_benchmark_processed/gpcrs_p2y1_meta_sub_6o.sdf,../large_fep_dataset/data/fep_benchmark_processed/gpcrs_p2y1_meta_sub_protein.pdb,499,5.8444014,6.0722084,6.0598445,5.2279973,5.55017,6.0671024,5.0870776,4.936647,5.5534296,5.813494,5.6212373
500,gpcrs/p2y1_meta_sub,gpcrs/p2y1_meta_sub/6q,../large_fep_dataset/data/fep_benchmark_processed/gpcrs_p2y1_meta_sub_6q.sdf,../large_fep_dataset/data/fep_benchmark_processed/gpcrs_p2y1_meta_sub_protein.pdb,500,6.0856194,5.7548184,5.7739906,5.576439,5.495455,5.1502914,4.42759,5.0814743,6.144677,5.283896,5.4774256
501,gpcrs/p2y1_meta_sub,gpcrs/p2y1_meta_sub/6l,../large_fep_dataset/data/fep_benchmark_processed/gpcrs_p2y1_meta_sub_6l.sdf,../large_fep_dataset/data/fep_benchmark_processed/gpcrs_p2y1_meta_sub_protein.pdb,501,6.24687,5.7110248,5.8491015,5.3033094,5.6313453,5.607704,4.8308306,4.660187,5.8750663,5.946976,5.5662413
502,gpcrs/p2y1_meta_sub,gpcrs/p2y1_meta_sub/6j,../large_fep_dataset/data/fep_benchmark_processed/gpcrs_p2y1_meta_sub_6j.sdf,../large_fep_dataset/data/fep_benchmark_processed/gpcrs_p2y1_meta_sub_protein.pdb,502,6.091078,5.7948427,5.5392556,5.194199,6.097108,5.234739,4.573714,4.788187,5.786099,5.573588,5.4672813
503,gpcrs/p2y1_ortho_sub,gpcrs/p2y1_ortho_sub/16,../large_fep_dataset/data/fep_benchmark_processed/gpcrs_p2y1_ortho_sub_16.sdf,../large_fep_dataset/data/fep_benchmark_processed/gpcrs_p2y1_ortho_sub_protein.pdb,503,6.3210516,5.910964,5.548054,5.98674,6.1269507,6.357672,5.4769955,6.1884584,6.087298,5.3372917,5.934148
504,gpcrs/p2y1_ortho_sub,gpcrs/p2y1_ortho_sub/11b,../large_fep_dataset/data/fep_benchmark_processed/gpcrs_p2y1_ortho_sub_11b.sdf,../large_fep_dataset/data/fep_benchmark_processed/gpcrs_p2y1_ortho_sub_protein.pdb,504,6.1844687,6.4104624,5.8783054,6.3293643,5.6972475,6.256707,5.88889,6.062083,5.7863884,5.775362,6.026928
505,gpcrs/p2y1_ortho_sub,gpcrs/p2y1_ortho_sub/17,../large_fep_dataset/data/fep_benchmark_processed/gpcrs_p2y1_ortho_sub_17.sdf,../large_fep_dataset/data/fep_benchmark_processed/gpcrs_p2y1_ortho_sub_protein.pdb,505,6.0370507,6.414266,5.6888423,6.652891,5.7725487,6.254511,5.512113,5.456424,5.63459,5.679419,5.910266
506,gpcrs/p2y1_ortho_sub,gpcrs/p2y1_ortho_sub/14,../large_fep_dataset/data/fep_benchmark_processed/gpcrs_p2y1_ortho_sub_14.sdf,../large_fep_dataset/data/fep_benchmark_processed/gpcrs_p2y1_ortho_sub_protein.pdb,506,6.1893907,6.1447415,5.255521,6.0620112,5.6710095,5.6530514,5.1232247,5.4003425,5.944083,5.990195,5.743357
507,gpcrs/p2y1_ortho_sub,gpcrs/p2y1_ortho_sub/11e,../large_fep_dataset/data/fep_benchmark_processed/gpcrs_p2y1_ortho_sub_11e.sdf,../large_fep_dataset/data/fep_benchmark_processed/gpcrs_p2y1_ortho_sub_protein.pdb,507,6.154402,6.3431897,6.2476487,6.694113,6.041705,6.4192543,5.785632,5.356699,6.010088,5.606475,6.0659204
508,gpcrs/p2y1_ortho_sub,gpcrs/p2y1_ortho_sub/11d,../large_fep_dataset/data/fep_benchmark_processed/gpcrs_p2y1_ortho_sub_11d.sdf,../large_fep_dataset/data/fep_benchmark_processed/gpcrs_p2y1_ortho_sub_protein.pdb,508,6.227701,6.4503813,6.0090947,6.2581053,5.7380476,6.317585,5.782581,5.7745657,5.848924,5.9137664,6.032075
509,gpcrs/p2y1_ortho_sub,gpcrs/p2y1_ortho_sub/11f,../large_fep_dataset/data/fep_benchmark_processed/gpcrs_p2y1_ortho_sub_11f.sdf,../large_fep_dataset/data/fep_benchmark_processed/gpcrs_p2y1_ortho_sub_protein.pdb,509,5.7954574,5.7881875,5.174495,5.8897343,5.1607513,5.7537313,5.5731406,5.1156707,5.298188,5.4969134,5.5046268
510,gpcrs/p2y1_ortho_sub,gpcrs/p2y1_ortho_sub/18,../large_fep_dataset/data/fep_benchmark_processed/gpcrs_p2y1_ortho_sub_18.sdf,../large_fep_dataset/data/fep_benchmark_processed/gpcrs_p2y1_ortho_sub_protein.pdb,510,6.4055457,6.329151,5.860625,6.4528155,5.9784675,6.3049836,5.4994254,5.7187104,5.7543035,5.6191173,5.9923143
511,gpcrs/p2y1_ortho_sub,gpcrs/p2y1_ortho_sub/12,../large_fep_dataset/data/fep_benchmark_processed/gpcrs_p2y1_ortho_sub_12.sdf,../large_fep_dataset/data/fep_benchmark_processed/gpcrs_p2y1_ortho_sub_protein.pdb,511,6.4621,6.0354457,5.434281,6.0348077,5.6718082,6.48291,5.615889,5.4195485,5.8856397,5.7015376,5.874397
512,gpcrs/p2y1_ortho_sub,gpcrs/p2y1_ortho_sub/11a,../large_fep_dataset/data/fep_benchmark_processed/gpcrs_p2y1_ortho_sub_11a.sdf,../large_fep_dataset/data/fep_benchmark_processed/gpcrs_p2y1_ortho_sub_protein.pdb,512,5.801036,5.775606,5.522864,5.9739747,4.86,5.1219544,5.2942095,5.038516,4.690458,5.4981284,5.3576746
513,gpcrs/p2y1_ortho_sub,gpcrs/p2y1_ortho_sub/19,../large_fep_dataset/data/fep_benchmark_processed/gpcrs_p2y1_ortho_sub_19.sdf,../large_fep_dataset/data/fep_benchmark_processed/gpcrs_p2y1_ortho_sub_protein.pdb,513,5.7071414,6.13464,5.293435,5.81806,5.791113,6.0088186,5.4907675,5.8466263,5.935448,5.427418,5.745347
514,gpcrs/p2y1_ortho_sub,gpcrs/p2y1_ortho_sub/13,../large_fep_dataset/data/fep_benchmark_processed/gpcrs_p2y1_ortho_sub_13.sdf,../large_fep_dataset/data/fep_benchmark_processed/gpcrs_p2y1_ortho_sub_protein.pdb,514,6.0941434,5.9633026,5.5487785,5.628971,5.8170867,6.0908213,5.6635823,5.469245,5.251383,5.8939734,5.742129
515,janssen_bace/bace_keranen_p2,janssen_bace/bace_keranen_p2/29,../large_fep_dataset/data/fep_benchmark_processed/janssen_bace_bace_keranen_p2_29.sdf,../large_fep_dataset/data/fep_benchmark_processed/janssen_bace_bace_keranen_p2_protein.pdb,515,6.3664293,6.457228,7.4295893,6.7950215,6.6063323,7.650949,6.86303,7.1198163,6.7938046,6.781558,6.8863754
516,janssen_bace/bace_keranen_p2,janssen_bace/bace_keranen_p2/30,../large_fep_dataset/data/fep_benchmark_processed/janssen_bace_bace_keranen_p2_30.sdf,../large_fep_dataset/data/fep_benchmark_processed/janssen_bace_bace_keranen_p2_protein.pdb,516,6.744059,6.512899,7.1536226,6.9576855,6.865079,6.9623795,6.132198,7.104374,6.825832,7.1816,6.8439727
517,janssen_bace/bace_keranen_p2,janssen_bace/bace_keranen_p2/31,../large_fep_dataset/data/fep_benchmark_processed/janssen_bace_bace_keranen_p2_31.sdf,../large_fep_dataset/data/fep_benchmark_processed/janssen_bace_bace_keranen_p2_protein.pdb,517,7.061205,7.2035966,7.618011,7.1995153,7.117135,7.3676677,6.6092386,7.2818666,7.2663608,7.6209435,7.2345533
518,janssen_bace/bace_keranen_p2,janssen_bace/bace_keranen_p2/32,../large_fep_dataset/data/fep_benchmark_processed/janssen_bace_bace_keranen_p2_32.sdf,../large_fep_dataset/data/fep_benchmark_processed/janssen_bace_bace_keranen_p2_protein.pdb,518,6.6741023,7.3807073,7.179249,7.109868,7.4501066,7.628666,6.769108,7.1548257,7.0091095,7.3701286,7.1725874
519,janssen_bace/bace_keranen_p2,janssen_bace/bace_keranen_p2/33,../large_fep_dataset/data/fep_benchmark_processed/janssen_bace_bace_keranen_p2_33.sdf,../large_fep_dataset/data/fep_benchmark_processed/janssen_bace_bace_keranen_p2_protein.pdb,519,7.132216,6.8781962,7.5853043,7.2470446,7.477834,7.310889,7.1713448,7.29684,7.264222,7.211248,7.257514
520,janssen_bace/bace_keranen_p2,janssen_bace/bace_keranen_p2/34,../large_fep_dataset/data/fep_benchmark_processed/janssen_bace_bace_keranen_p2_34.sdf,../large_fep_dataset/data/fep_benchmark_processed/janssen_bace_bace_keranen_p2_protein.pdb,520,7.0468645,6.9748063,6.8527694,6.949497,7.287926,7.1882396,6.749723,7.6572633,6.5553207,7.341306,7.0603724
521,janssen_bace/bace_keranen_p2,janssen_bace/bace_keranen_p2/35,../large_fep_dataset/data/fep_benchmark_processed/janssen_bace_bace_keranen_p2_35.sdf,../large_fep_dataset/data/fep_benchmark_processed/janssen_bace_bace_keranen_p2_protein.pdb,521,7.28924,6.903207,7.0021133,7.202126,7.204719,7.3731165,6.80407,7.455278,6.8008223,6.9711566,7.1005845
522,janssen_bace/bace_keranen_p2,janssen_bace/bace_keranen_p2/36 out,../large_fep_dataset/data/fep_benchmark_processed/janssen_bace_bace_keranen_p2_36_out.sdf,../large_fep_dataset/data/fep_benchmark_processed/janssen_bace_bace_keranen_p2_protein.pdb,522,6.787029,6.649144,7.6689706,6.981688,6.4916205,7.4763074,6.70278,7.457644,6.8665943,6.907174,6.998895
523,janssen_bace/bace_keranen_p2,janssen_bace/bace_keranen_p2/37 out,../large_fep_dataset/data/fep_benchmark_processed/janssen_bace_bace_keranen_p2_37_out.sdf,../large_fep_dataset/data/fep_benchmark_processed/janssen_bace_bace_keranen_p2_protein.pdb,523,6.8673058,6.688705,7.5397058,7.160848,6.775059,7.421807,6.783576,7.0278497,6.6731486,6.78111,6.9719114
524,janssen_bace/bace_keranen_p2,janssen_bace/bace_keranen_p2/39 out,../large_fep_dataset/data/fep_benchmark_processed/janssen_bace_bace_keranen_p2_39_out.sdf,../large_fep_dataset/data/fep_benchmark_processed/janssen_bace_bace_keranen_p2_protein.pdb,524,7.054901,6.6878214,7.186863,6.574756,6.9284687,6.556435,6.6449203,6.9845266,7.1167927,6.621006,6.835649
525,janssen_bace/bace_keranen_p2,janssen_bace/bace_keranen_p2/38 out,../large_fep_dataset/data/fep_benchmark_processed/janssen_bace_bace_keranen_p2_38_out.sdf,../large_fep_dataset/data/fep_benchmark_processed/janssen_bace_bace_keranen_p2_protein.pdb,525,6.603466,6.6917787,7.5156837,6.643184,6.9697633,7.470822,6.822939,6.9552574,7.299593,7.1157064,7.0088196
526,janssen_bace/bace_keranen_p2,janssen_bace/bace_keranen_p2/28 out,../large_fep_dataset/data/fep_benchmark_processed/janssen_bace_bace_keranen_p2_28_out.sdf,../large_fep_dataset/data/fep_benchmark_processed/janssen_bace_bace_keranen_p2_protein.pdb,526,7.2705436,6.717579,7.146557,7.049854,6.6696796,7.3692307,6.92979,7.41733,7.3001833,7.074207,7.0944953
527,janssen_bace/bace_ciordia_retro,janssen_bace/bace_ciordia_retro/1a,../large_fep_dataset/data/fep_benchmark_processed/janssen_bace_bace_ciordia_retro_1a.sdf,../large_fep_dataset/data/fep_benchmark_processed/janssen_bace_bace_ciordia_retro_protein.pdb,527,4.955954,4.3204446,4.8776774,4.7444606,4.5190263,4.9844604,4.3190794,4.43835,4.962294,4.4150066,4.653676
528,janssen_bace/bace_ciordia_retro,janssen_bace/bace_ciordia_retro/11,../large_fep_dataset/data/fep_benchmark_processed/janssen_bace_bace_ciordia_retro_11.sdf,../large_fep_dataset/data/fep_benchmark_processed/janssen_bace_bace_ciordia_retro_protein.pdb,528,6.5986924,5.875327,6.5262036,6.652172,5.7811356,6.5324616,5.9564433,6.033446,6.482115,6.287673,6.272567
529,janssen_bace/bace_ciordia_retro,janssen_bace/bace_ciordia_retro/12,../large_fep_dataset/data/fep_benchmark_processed/janssen_bace_bace_ciordia_retro_12.sdf,../large_fep_dataset/data/fep_benchmark_processed/janssen_bace_bace_ciordia_retro_protein.pdb,529,6.8900504,6.485722,6.949735,7.0796385,6.436762,7.277057,6.717975,6.5583177,7.22298,6.677101,6.829535
530,janssen_bace/bace_ciordia_retro,janssen_bace/bace_ciordia_retro/13,../large_fep_dataset/data/fep_benchmark_processed/janssen_bace_bace_ciordia_retro_13.sdf,../large_fep_dataset/data/fep_benchmark_processed/janssen_bace_bace_ciordia_retro_protein.pdb,530,6.9169703,6.827132,6.567241,7.07236,6.540806,7.2224174,7.230762,6.6438274,7.099921,6.768562,6.889
531,janssen_bace/bace_ciordia_retro,janssen_bace/bace_ciordia_retro/14,../large_fep_dataset/data/fep_benchmark_processed/janssen_bace_bace_ciordia_retro_14.sdf,../large_fep_dataset/data/fep_benchmark_processed/janssen_bace_bace_ciordia_retro_protein.pdb,531,6.9141836,6.562755,7.011464,6.949833,6.2056513,6.9340615,6.36073,6.47251,6.736116,6.6469297,6.6794233
532,janssen_bace/bace_ciordia_retro,janssen_bace/bace_ciordia_retro/15,../large_fep_dataset/data/fep_benchmark_processed/janssen_bace_bace_ciordia_retro_15.sdf,../large_fep_dataset/data/fep_benchmark_processed/janssen_bace_bace_ciordia_retro_protein.pdb,532,6.4466286,6.190939,6.78229,6.545869,6.153138,6.785759,6.367615,6.3172345,6.4439707,6.574164,6.4607606
533,janssen_bace/bace_ciordia_retro,janssen_bace/bace_ciordia_retro/16,../large_fep_dataset/data/fep_benchmark_processed/janssen_bace_bace_ciordia_retro_16.sdf,../large_fep_dataset/data/fep_benchmark_processed/janssen_bace_bace_ciordia_retro_protein.pdb,533,6.800543,6.3735375,6.8843837,6.7468367,6.578923,6.7035975,6.822817,6.351476,7.133981,6.2035546,6.6599646
534,janssen_bace/bace_ciordia_retro,janssen_bace/bace_ciordia_retro/17,../large_fep_dataset/data/fep_benchmark_processed/janssen_bace_bace_ciordia_retro_17.sdf,../large_fep_dataset/data/fep_benchmark_processed/janssen_bace_bace_ciordia_retro_protein.pdb,534,6.8911943,6.6817875,7.018435,6.89482,6.4577394,7.1158147,7.2051306,6.4846525,7.048779,6.216426,6.801478
535,janssen_bace/bace_ciordia_retro,janssen_bace/bace_ciordia_retro/18,../large_fep_dataset/data/fep_benchmark_processed/janssen_bace_bace_ciordia_retro_18.sdf,../large_fep_dataset/data/fep_benchmark_processed/janssen_bace_bace_ciordia_retro_protein.pdb,535,6.7786083,6.7211204,7.512474,7.023498,6.3043666,7.2199383,6.850487,6.9052243,6.9228597,6.8883185,6.912689
536,janssen_bace/bace_ciordia_retro,janssen_bace/bace_ciordia_retro/19,../large_fep_dataset/data/fep_benchmark_processed/janssen_bace_bace_ciordia_retro_19.sdf,../large_fep_dataset/data/fep_benchmark_processed/janssen_bace_bace_ciordia_retro_protein.pdb,536,6.6986995,6.5475163,6.9481745,6.828369,6.267392,7.1041355,6.9682064,6.5494213,6.845276,6.758096,6.7515287
537,janssen_bace/bace_ciordia_retro,janssen_bace/bace_ciordia_retro/20,../large_fep_dataset/data/fep_benchmark_processed/janssen_bace_bace_ciordia_retro_20.sdf,../large_fep_dataset/data/fep_benchmark_processed/janssen_bace_bace_ciordia_retro_protein.pdb,537,7.353793,6.8039446,7.4255385,7.293595,6.7335186,7.6248593,7.402541,6.719817,7.278367,6.782619,7.1418595
538,janssen_bace/bace_ciordia_retro,janssen_bace/bace_ciordia_retro/21,../large_fep_dataset/data/fep_benchmark_processed/janssen_bace_bace_ciordia_retro_21.sdf,../large_fep_dataset/data/fep_benchmark_processed/janssen_bace_bace_ciordia_retro_protein.pdb,538,7.014039,6.5236387,6.7658954,6.9236608,6.493226,7.2138357,6.9699917,6.597331,7.033679,6.37819,6.791349
539,janssen_bace/bace_ciordia_retro,janssen_bace/bace_ciordia_retro/22,../large_fep_dataset/data/fep_benchmark_processed/janssen_bace_bace_ciordia_retro_22.sdf,../large_fep_dataset/data/fep_benchmark_processed/janssen_bace_bace_ciordia_retro_protein.pdb,539,6.6128697,6.1041107,6.6249447,6.68,6.2459216,6.7464104,6.403532,6.5737762,6.826913,6.570731,6.5389204
540,janssen_bace/bace_ciordia_retro,janssen_bace/bace_ciordia_retro/23,../large_fep_dataset/data/fep_benchmark_processed/janssen_bace_bace_ciordia_retro_23.sdf,../large_fep_dataset/data/fep_benchmark_processed/janssen_bace_bace_ciordia_retro_protein.pdb,540,6.633691,6.5180106,6.678973,6.7724767,6.2903852,6.6209736,6.7473645,6.589998,6.82596,6.3236017,6.6001434
541,janssen_bace/bace_ciordia_retro,janssen_bace/bace_ciordia_retro/24,../large_fep_dataset/data/fep_benchmark_processed/janssen_bace_bace_ciordia_retro_24.sdf,../large_fep_dataset/data/fep_benchmark_processed/janssen_bace_bace_ciordia_retro_protein.pdb,541,6.356267,6.4729033,6.6061835,6.274582,5.997639,6.961196,6.707794,5.8305407,6.907502,6.4616766,6.457628
542,janssen_bace/bace_ciordia_retro,janssen_bace/bace_ciordia_retro/25,../large_fep_dataset/data/fep_benchmark_processed/janssen_bace_bace_ciordia_retro_25.sdf,../large_fep_dataset/data/fep_benchmark_processed/janssen_bace_bace_ciordia_retro_protein.pdb,542,6.674187,6.5045705,6.9716573,6.710441,6.523554,6.799057,6.813357,6.849927,6.6812224,6.7562566,6.728423
543,janssen_bace/bace_ciordia_retro,janssen_bace/bace_ciordia_retro/26,../large_fep_dataset/data/fep_benchmark_processed/janssen_bace_bace_ciordia_retro_26.sdf,../large_fep_dataset/data/fep_benchmark_processed/janssen_bace_bace_ciordia_retro_protein.pdb,543,6.7353764,6.2166533,6.999295,6.659315,6.18957,7.020452,7.090965,6.5783944,6.743018,6.6512284,6.688427
544,janssen_bace/bace_ciordia_retro,janssen_bace/bace_ciordia_retro/27,../large_fep_dataset/data/fep_benchmark_processed/janssen_bace_bace_ciordia_retro_27.sdf,../large_fep_dataset/data/fep_benchmark_processed/janssen_bace_bace_ciordia_retro_protein.pdb,544,6.861334,6.434554,7.0282097,7.074102,6.0885444,6.935483,6.820056,6.442422,7.0053377,6.4231524,6.711319
545,janssen_bace/bace_ciordia_retro,janssen_bace/bace_ciordia_retro/28,../large_fep_dataset/data/fep_benchmark_processed/janssen_bace_bace_ciordia_retro_28.sdf,../large_fep_dataset/data/fep_benchmark_processed/janssen_bace_bace_ciordia_retro_protein.pdb,545,6.750388,6.852866,6.323949,6.567275,6.279881,6.781321,6.39421,6.215607,6.624707,5.6930695,6.4483275
546,janssen_bace/bace_ciordia_retro,janssen_bace/bace_ciordia_retro/29,../large_fep_dataset/data/fep_benchmark_processed/janssen_bace_bace_ciordia_retro_29.sdf,../large_fep_dataset/data/fep_benchmark_processed/janssen_bace_bace_ciordia_retro_protein.pdb,546,6.851682,6.8044157,7.152422,6.2069497,6.12849,6.6185765,6.9742537,6.023777,6.563808,6.5002556,6.5824633
547,janssen_bace/bace_ciordia_retro,janssen_bace/bace_ciordia_retro/30,../large_fep_dataset/data/fep_benchmark_processed/janssen_bace_bace_ciordia_retro_30.sdf,../large_fep_dataset/data/fep_benchmark_processed/janssen_bace_bace_ciordia_retro_protein.pdb,547,6.444138,5.8866706,6.0324264,5.965319,5.1899204,5.8654284,6.6495113,6.0700426,6.1767797,6.159172,6.043941
548,janssen_bace/bace_ciordia_retro,janssen_bace/bace_ciordia_retro/31,../large_fep_dataset/data/fep_benchmark_processed/janssen_bace_bace_ciordia_retro_31.sdf,../large_fep_dataset/data/fep_benchmark_processed/janssen_bace_bace_ciordia_retro_protein.pdb,548,7.10926,6.1638975,6.527984,6.346254,6.068263,6.7675495,6.558907,6.515263,6.900506,6.5149,6.547278
549,janssen_bace/bace_ciordia_retro,janssen_bace/bace_ciordia_retro/32,../large_fep_dataset/data/fep_benchmark_processed/janssen_bace_bace_ciordia_retro_32.sdf,../large_fep_dataset/data/fep_benchmark_processed/janssen_bace_bace_ciordia_retro_protein.pdb,549,7.032584,6.1683807,6.50094,6.459165,5.844027,6.6336856,6.1876197,6.2544775,6.471525,6.3512335,6.390364
550,janssen_bace/bace_ciordia_retro,janssen_bace/bace_ciordia_retro/33,../large_fep_dataset/data/fep_benchmark_processed/janssen_bace_bace_ciordia_retro_33.sdf,../large_fep_dataset/data/fep_benchmark_processed/janssen_bace_bace_ciordia_retro_protein.pdb,550,6.5906196,6.296111,6.8979125,6.422792,6.031761,6.8640738,6.770076,6.5683866,6.768453,6.2186956,6.5428877
551,janssen_bace/bace_ciordia_retro,janssen_bace/bace_ciordia_retro/34,../large_fep_dataset/data/fep_benchmark_processed/janssen_bace_bace_ciordia_retro_34.sdf,../large_fep_dataset/data/fep_benchmark_processed/janssen_bace_bace_ciordia_retro_protein.pdb,551,6.974406,6.616486,7.0949206,6.9641294,6.7095957,7.1639156,7.2763605,6.7735853,6.7558327,6.5848956,6.8914123
552,janssen_bace/bace_ciordia_retro,janssen_bace/bace_ciordia_retro/35,../large_fep_dataset/data/fep_benchmark_processed/janssen_bace_bace_ciordia_retro_35.sdf,../large_fep_dataset/data/fep_benchmark_processed/janssen_bace_bace_ciordia_retro_protein.pdb,552,6.3545303,6.381093,6.884509,6.71212,6.814903,7.248462,7.0429287,6.5237494,7.167098,6.774301,6.7903695
553,janssen_bace/bace_ciordia_retro,janssen_bace/bace_ciordia_retro/36,../large_fep_dataset/data/fep_benchmark_processed/janssen_bace_bace_ciordia_retro_36.sdf,../large_fep_dataset/data/fep_benchmark_processed/janssen_bace_bace_ciordia_retro_protein.pdb,553,7.629524,7.525021,7.4580426,7.5368285,7.1967077,7.3466296,7.4450746,7.3172054,7.4026413,7.3008833,7.4158554
554,janssen_bace/bace_ciordia_retro,janssen_bace/bace_ciordia_retro/37,../large_fep_dataset/data/fep_benchmark_processed/janssen_bace_bace_ciordia_retro_37.sdf,../large_fep_dataset/data/fep_benchmark_processed/janssen_bace_bace_ciordia_retro_protein.pdb,554,7.347542,6.8698254,6.8864822,7.0162444,6.719696,7.412585,6.908897,6.4894996,7.075925,6.709553,6.943625
555,janssen_bace/bace_ciordia_retro,janssen_bace/bace_ciordia_retro/38,../large_fep_dataset/data/fep_benchmark_processed/janssen_bace_bace_ciordia_retro_38.sdf,../large_fep_dataset/data/fep_benchmark_processed/janssen_bace_bace_ciordia_retro_protein.pdb,555,7.159074,6.631125,7.3680716,6.970951,6.305538,7.2273426,6.96752,6.8185987,6.6574736,6.7020497,6.8807745
556,janssen_bace/bace_ciordia_retro,janssen_bace/bace_ciordia_retro/39,../large_fep_dataset/data/fep_benchmark_processed/janssen_bace_bace_ciordia_retro_39.sdf,../large_fep_dataset/data/fep_benchmark_processed/janssen_bace_bace_ciordia_retro_protein.pdb,556,6.92275,6.6516333,7.14652,6.542118,6.401286,6.926319,6.9182777,6.475709,6.747986,6.717755,6.7450356
557,janssen_bace/bace_ciordia_retro,janssen_bace/bace_ciordia_retro/40,../large_fep_dataset/data/fep_benchmark_processed/janssen_bace_bace_ciordia_retro_40.sdf,../large_fep_dataset/data/fep_benchmark_processed/janssen_bace_bace_ciordia_retro_protein.pdb,557,6.639917,6.9166307,6.769009,6.642198,6.330882,6.840853,6.7129564,6.8535733,6.4661293,6.499328,6.6671476
558,janssen_bace/bace_ciordia_retro,janssen_bace/bace_ciordia_retro/41,../large_fep_dataset/data/fep_benchmark_processed/janssen_bace_bace_ciordia_retro_41.sdf,../large_fep_dataset/data/fep_benchmark_processed/janssen_bace_bace_ciordia_retro_protein.pdb,558,7.104254,6.2151666,6.8041716,7.005126,6.1196337,7.0432315,6.9789047,6.1288223,6.8064675,6.9639797,6.716976
559,janssen_bace/bace_ciordia_retro,janssen_bace/bace_ciordia_retro/30_protonated,../large_fep_dataset/data/fep_benchmark_processed/janssen_bace_bace_ciordia_retro_30_protonated.sdf,../large_fep_dataset/data/fep_benchmark_processed/janssen_bace_bace_ciordia_retro_protein.pdb,559,6.84732,6.222112,6.078231,5.962602,5.5921764,6.1677856,6.663152,6.273077,6.5140395,6.0740695,6.2394567
560,janssen_bace/bace_p3_arg368_in,janssen_bace/bace_p3_arg368_in/8a,../large_fep_dataset/data/fep_benchmark_processed/janssen_bace_bace_p3_arg368_in_8a.sdf,../large_fep_dataset/data/fep_benchmark_processed/janssen_bace_bace_p3_arg368_in_protein.pdb,560,6.958947,7.674917,8.281726,7.3729596,7.2111,7.177513,7.8868604,7.3612714,6.8550506,7.0802965,7.386064
561,janssen_bace/bace_p3_arg368_in,janssen_bace/bace_p3_arg368_in/8b,../large_fep_dataset/data/fep_benchmark_processed/janssen_bace_bace_p3_arg368_in_8b.sdf,../large_fep_dataset/data/fep_benchmark_processed/janssen_bace_bace_p3_arg368_in_protein.pdb,561,7.3531833,7.894767,8.275805,8.031324,7.7982802,7.8240585,7.7657905,8.121768,7.541455,7.9396467,7.8546076
562,janssen_bace/bace_p3_arg368_in,janssen_bace/bace_p3_arg368_in/8c,../large_fep_dataset/data/fep_benchmark_processed/janssen_bace_bace_p3_arg368_in_8c.sdf,../large_fep_dataset/data/fep_benchmark_processed/janssen_bace_bace_p3_arg368_in_protein.pdb,562,7.382399,7.434788,8.094758,7.669602,7.6846385,7.6037617,7.653969,8.02127,7.5114293,7.621223,7.667784
563,janssen_bace/bace_p3_arg368_in,janssen_bace/bace_p3_arg368_in/8d,../large_fep_dataset/data/fep_benchmark_processed/janssen_bace_bace_p3_arg368_in_8d.sdf,../large_fep_dataset/data/fep_benchmark_processed/janssen_bace_bace_p3_arg368_in_protein.pdb,563,7.377448,7.2942176,8.133713,8.078369,7.421794,7.4112544,7.726649,7.8214083,7.02021,7.3691044,7.565417
564,janssen_bace/bace_p3_arg368_in,janssen_bace/bace_p3_arg368_in/8e,../large_fep_dataset/data/fep_benchmark_processed/janssen_bace_bace_p3_arg368_in_8e.sdf,../large_fep_dataset/data/fep_benchmark_processed/janssen_bace_bace_p3_arg368_in_protein.pdb,564,7.828889,7.468638,7.8581905,7.703102,7.3933663,7.7110724,7.8235,7.9657583,7.762444,7.5622625,7.7077227
565,janssen_bace/bace_p3_arg368_in,janssen_bace/bace_p3_arg368_in/8f,../large_fep_dataset/data/fep_benchmark_processed/janssen_bace_bace_p3_arg368_in_8f.sdf,../large_fep_dataset/data/fep_benchmark_processed/janssen_bace_bace_p3_arg368_in_protein.pdb,565,7.5142846,7.761198,7.876729,7.9166465,7.5349975,7.1981373,7.630806,7.7706037,7.0743947,7.713799,7.59916
566,janssen_bace/bace_p3_arg368_in,janssen_bace/bace_p3_arg368_in/8g,../large_fep_dataset/data/fep_benchmark_processed/janssen_bace_bace_p3_arg368_in_8g.sdf,../large_fep_dataset/data/fep_benchmark_processed/janssen_bace_bace_p3_arg368_in_protein.pdb,566,8.265172,7.7204647,8.564719,7.955497,8.185743,8.289668,8.409888,7.9445176,7.675164,7.657914,8.0668745
567,janssen_bace/bace_p3_arg368_in,janssen_bace/bace_p3_arg368_in/17a,../large_fep_dataset/data/fep_benchmark_processed/janssen_bace_bace_p3_arg368_in_17a.sdf,../large_fep_dataset/data/fep_benchmark_processed/janssen_bace_bace_p3_arg368_in_protein.pdb,567,7.0738416,7.523768,7.8936014,7.320181,7.2972956,7.3096995,7.985868,7.2559757,6.890084,6.9212923,7.3471613
568,janssen_bace/bace_p3_arg368_in,janssen_bace/bace_p3_arg368_in/17b,../large_fep_dataset/data/fep_benchmark_processed/janssen_bace_bace_p3_arg368_in_17b.sdf,../large_fep_dataset/data/fep_benchmark_processed/janssen_bace_bace_p3_arg368_in_protein.pdb,568,7.490945,7.803757,7.922704,7.8661556,8.186768,7.8994617,7.739022,7.9782143,7.6902423,7.9147005,7.8491974
569,janssen_bace/bace_p3_arg368_in,janssen_bace/bace_p3_arg368_in/17c,../large_fep_dataset/data/fep_benchmark_processed/janssen_bace_bace_p3_arg368_in_17c.sdf,../large_fep_dataset/data/fep_benchmark_processed/janssen_bace_bace_p3_arg368_in_protein.pdb,569,7.230118,7.68647,7.8020825,7.375448,7.799163,7.337776,7.667073,8.031389,7.288682,7.7317834,7.5949984
570,janssen_bace/bace_p3_arg368_in,janssen_bace/bace_p3_arg368_in/17d,../large_fep_dataset/data/fep_benchmark_processed/janssen_bace_bace_p3_arg368_in_17d.sdf,../large_fep_dataset/data/fep_benchmark_processed/janssen_bace_bace_p3_arg368_in_protein.pdb,570,7.59844,7.440148,7.674443,8.080603,8.0627575,7.580847,7.585463,7.659031,7.4378114,7.239503,7.635905
571,janssen_bace/bace_p3_arg368_in,janssen_bace/bace_p3_arg368_in/17e,../large_fep_dataset/data/fep_benchmark_processed/janssen_bace_bace_p3_arg368_in_17e.sdf,../large_fep_dataset/data/fep_benchmark_processed/janssen_bace_bace_p3_arg368_in_protein.pdb,571,8.006894,7.6335216,8.125884,7.4031014,7.519982,7.7433105,7.613097,7.9872766,7.2362714,7.5589423,7.6828284
572,janssen_bace/bace_p3_arg368_in,janssen_bace/bace_p3_arg368_in/17f,../large_fep_dataset/data/fep_benchmark_processed/janssen_bace_bace_p3_arg368_in_17f.sdf,../large_fep_dataset/data/fep_benchmark_processed/janssen_bace_bace_p3_arg368_in_protein.pdb,572,7.81112,7.562862,7.997723,7.938405,7.8224797,7.1615667,7.3934274,7.532023,6.9720607,7.6210976,7.581276
573,janssen_bace/bace_p3_arg368_in,janssen_bace/bace_p3_arg368_in/17g,../large_fep_dataset/data/fep_benchmark_processed/janssen_bace_bace_p3_arg368_in_17g.sdf,../large_fep_dataset/data/fep_benchmark_processed/janssen_bace_bace_p3_arg368_in_protein.pdb,573,8.068449,7.877517,8.52449,7.8722277,8.300608,8.02764,8.369728,8.042587,7.4807196,7.589117,8.015309
574,janssen_bace/bace_p3_arg368_in,janssen_bace/bace_p3_arg368_in/27a,../large_fep_dataset/data/fep_benchmark_processed/janssen_bace_bace_p3_arg368_in_27a.sdf,../large_fep_dataset/data/fep_benchmark_processed/janssen_bace_bace_p3_arg368_in_protein.pdb,574,6.935562,7.6010385,7.7983155,7.2117276,7.163742,7.1324377,7.8041368,7.1766014,6.530202,6.759902,7.211367
575,janssen_bace/bace_p3_arg368_in,janssen_bace/bace_p3_arg368_in/27b,../large_fep_dataset/data/fep_benchmark_processed/janssen_bace_bace_p3_arg368_in_27b.sdf,../large_fep_dataset/data/fep_benchmark_processed/janssen_bace_bace_p3_arg368_in_protein.pdb,575,7.422676,7.5989013,7.83941,7.8068767,8.019306,7.9058576,7.3534374,7.713448,7.421372,8.013233,7.709451
576,janssen_bace/bace_p3_arg368_in,janssen_bace/bace_p3_arg368_in/27c,../large_fep_dataset/data/fep_benchmark_processed/janssen_bace_bace_p3_arg368_in_27c.sdf,../large_fep_dataset/data/fep_benchmark_processed/janssen_bace_bace_p3_arg368_in_protein.pdb,576,7.2280645,7.5833936,7.6173596,7.3888493,7.6323023,7.2461753,7.5487485,7.954294,7.4347715,7.52773,7.516169
577,janssen_bace/bace_p3_arg368_in,janssen_bace/bace_p3_arg368_in/27d,../large_fep_dataset/data/fep_benchmark_processed/janssen_bace_bace_p3_arg368_in_27d.sdf,../large_fep_dataset/data/fep_benchmark_processed/janssen_bace_bace_p3_arg368_in_protein.pdb,577,7.551779,7.371086,7.542563,8.026999,7.9447293,7.697403,7.349814,7.534365,7.0296636,7.31508,7.536349
578,janssen_bace/bace_p3_arg368_in,janssen_bace/bace_p3_arg368_in/27e,../large_fep_dataset/data/fep_benchmark_processed/janssen_bace_bace_p3_arg368_in_27e.sdf,../large_fep_dataset/data/fep_benchmark_processed/janssen_bace_bace_p3_arg368_in_protein.pdb,578,8.200023,7.6506305,7.6888394,7.390025,7.291207,7.5546837,7.513087,7.8250856,7.197516,7.446694,7.575779
579,janssen_bace/bace_p3_arg368_in,janssen_bace/bace_p3_arg368_in/27f,../large_fep_dataset/data/fep_benchmark_processed/janssen_bace_bace_p3_arg368_in_27f.sdf,../large_fep_dataset/data/fep_benchmark_processed/janssen_bace_bace_p3_arg368_in_protein.pdb,579,7.6648827,7.1229634,7.9632716,7.609189,7.5405498,6.970176,7.2174525,7.409042,6.594111,7.4404106,7.3532043
580,janssen_bace/bace_p3_arg368_in,janssen_bace/bace_p3_arg368_in/27g,../large_fep_dataset/data/fep_benchmark_processed/janssen_bace_bace_p3_arg368_in_27g.sdf,../large_fep_dataset/data/fep_benchmark_processed/janssen_bace_bace_p3_arg368_in_protein.pdb,580,8.256208,7.9831753,8.550334,7.889545,8.076656,8.173249,8.192894,7.898665,7.324669,7.5525723,7.989797
581,janssen_bace/bace_ciordia_prospective,janssen_bace/bace_ciordia_prospective/spiro16,../large_fep_dataset/data/fep_benchmark_processed/janssen_bace_bace_ciordia_prospective_spiro16.sdf,../large_fep_dataset/data/fep_benchmark_processed/janssen_bace_bace_ciordia_prospective_protein.pdb,581,5.887314,6.325919,6.526526,5.3718176,6.8187284,6.8134246,6.2612643,6.4660907,6.2206206,6.8022075,6.349391
582,janssen_bace/bace_ciordia_prospective,janssen_bace/bace_ciordia_prospective/spiro5,../large_fep_dataset/data/fep_benchmark_processed/janssen_bace_bace_ciordia_prospective_spiro5.sdf,../large_fep_dataset/data/fep_benchmark_processed/janssen_bace_bace_ciordia_prospective_protein.pdb,582,6.1566215,6.158457,6.2175555,5.8268456,6.428195,6.462946,6.729865,6.025965,6.065458,6.403649,6.2475557
583,janssen_bace/bace_ciordia_prospective,janssen_bace/bace_ciordia_prospective/spiro2,../large_fep_dataset/data/fep_benchmark_processed/janssen_bace_bace_ciordia_prospective_spiro2.sdf,../large_fep_dataset/data/fep_benchmark_processed/janssen_bace_bace_ciordia_prospective_protein.pdb,583,6.0504494,5.7170734,6.7400246,5.4445906,6.2914352,6.558015,5.8787947,6.032287,6.06861,6.5758185,6.13571
584,janssen_bace/bace_ciordia_prospective,janssen_bace/bace_ciordia_prospective/spiro10,../large_fep_dataset/data/fep_benchmark_processed/janssen_bace_bace_ciordia_prospective_spiro10.sdf,../large_fep_dataset/data/fep_benchmark_processed/janssen_bace_bace_ciordia_prospective_protein.pdb,584,5.9428806,6.5104156,7.180328,6.0343037,6.427723,6.4282413,6.190151,6.229557,6.243764,6.352686,6.354005
585,janssen_bace/bace_ciordia_prospective,janssen_bace/bace_ciordia_prospective/spiro3,../large_fep_dataset/data/fep_benchmark_processed/janssen_bace_bace_ciordia_prospective_spiro3.sdf,../large_fep_dataset/data/fep_benchmark_processed/janssen_bace_bace_ciordia_prospective_protein.pdb,585,6.479769,6.2061343,6.382308,6.3072276,6.8776274,6.4756904,6.2247567,5.8090415,6.2668304,6.4062104,6.3435597
586,janssen_bace/bace_ciordia_prospective,janssen_bace/bace_ciordia_prospective/spiro6,../large_fep_dataset/data/fep_benchmark_processed/janssen_bace_bace_ciordia_prospective_spiro6.sdf,../large_fep_dataset/data/fep_benchmark_processed/janssen_bace_bace_ciordia_prospective_protein.pdb,586,6.05591,6.3990183,6.8087707,6.191589,6.763759,7.4782534,6.2255297,6.621165,6.4922466,6.649507,6.5685744
587,janssen_bace/bace_ciordia_prospective,janssen_bace/bace_ciordia_prospective/spiro4,../large_fep_dataset/data/fep_benchmark_processed/janssen_bace_bace_ciordia_prospective_spiro4.sdf,../large_fep_dataset/data/fep_benchmark_processed/janssen_bace_bace_ciordia_prospective_protein.pdb,587,5.874098,5.9719267,6.1008596,6.1305327,6.292514,6.396974,6.359801,5.9600224,5.855292,6.154046,6.1096067
588,janssen_bace/bace_ciordia_prospective,janssen_bace/bace_ciordia_prospective/spiro1,../large_fep_dataset/data/fep_benchmark_processed/janssen_bace_bace_ciordia_prospective_spiro1.sdf,../large_fep_dataset/data/fep_benchmark_processed/janssen_bace_bace_ciordia_prospective_protein.pdb,588,5.8479943,6.7006745,6.607011,5.694564,6.535173,6.535837,6.301453,6.2402153,6.5498066,6.6065965,6.3619323
589,janssen_bace/bace_ciordia_prospective,janssen_bace/bace_ciordia_prospective/spiro15,../large_fep_dataset/data/fep_benchmark_processed/janssen_bace_bace_ciordia_prospective_spiro15.sdf,../large_fep_dataset/data/fep_benchmark_processed/janssen_bace_bace_ciordia_prospective_protein.pdb,589,6.1807,6.0125055,6.8188996,6.176632,6.9317365,7.333605,6.705237,6.3347692,6.2693243,6.987532,6.5750947
590,mcs_docking/renin_customcore,mcs_docking/renin_customcore/b1i5k_xray,../large_fep_dataset/data/fep_benchmark_processed/mcs_docking_renin_customcore_b1i5k_xray.sdf,../large_fep_dataset/data/fep_benchmark_processed/mcs_docking_renin_customcore_protein.pdb,590,7.110285,7.3590775,6.38106,7.127435,6.929988,6.967386,7.465261,6.8776617,7.4977155,6.470191,7.0186057
591,mcs_docking/renin_customcore,mcs_docking/renin_customcore/b1i5j,../large_fep_dataset/data/fep_benchmark_processed/mcs_docking_renin_customcore_b1i5j.sdf,../large_fep_dataset/data/fep_benchmark_processed/mcs_docking_renin_customcore_protein.pdb,591,7.0954623,6.921729,7.151942,7.120485,6.6554346,7.052661,7.3430996,7.098014,7.000327,6.3352437,6.97744
592,mcs_docking/renin_customcore,mcs_docking/renin_customcore/b1i2n,../large_fep_dataset/data/fep_benchmark_processed/mcs_docking_renin_customcore_b1i2n.sdf,../large_fep_dataset/data/fep_benchmark_processed/mcs_docking_renin_customcore_protein.pdb,592,6.786794,6.741501,6.6821036,6.587985,6.878929,6.7619967,7.208104,7.022886,7.0980573,6.2034087,6.7971764
593,mcs_docking/renin_customcore,mcs_docking/renin_customcore/b1i5i,../large_fep_dataset/data/fep_benchmark_processed/mcs_docking_renin_customcore_b1i5i.sdf,../large_fep_dataset/data/fep_benchmark_processed/mcs_docking_renin_customcore_protein.pdb,593,6.958067,6.6892667,7.058853,6.8971014,6.567754,7.098653,7.41217,6.9392486,6.824865,6.166524,6.8612494
594,mcs_docking/renin_customcore,mcs_docking/renin_customcore/b1i5h,../large_fep_dataset/data/fep_benchmark_processed/mcs_docking_renin_customcore_b1i5h.sdf,../large_fep_dataset/data/fep_benchmark_processed/mcs_docking_renin_customcore_protein.pdb,594,7.1446085,6.938977,6.9690194,6.585303,6.8216343,7.105996,7.297662,6.646785,6.9043465,6.349219,6.876355
595,mcs_docking/renin_customcore,mcs_docking/renin_customcore/b1i5l,../large_fep_dataset/data/fep_benchmark_processed/mcs_docking_renin_customcore_b1i5l.sdf,../large_fep_dataset/data/fep_benchmark_processed/mcs_docking_renin_customcore_protein.pdb,595,7.07775,6.7323556,6.8770785,6.878434,6.8526382,6.931301,6.8592567,6.5972743,7.0396237,6.3076386,6.8153353
596,mcs_docking/renin_customcore,mcs_docking/renin_customcore/b1i5n,../large_fep_dataset/data/fep_benchmark_processed/mcs_docking_renin_customcore_b1i5n.sdf,../large_fep_dataset/data/fep_benchmark_processed/mcs_docking_renin_customcore_protein.pdb,596,7.0092,6.4206142,7.084144,6.9066925,7.1082945,7.358647,7.499295,6.9169292,7.5501094,6.5239353,7.037786
597,mcs_docking/renin_customcore,mcs_docking/renin_customcore/b1a2m,../large_fep_dataset/data/fep_benchmark_processed/mcs_docking_renin_customcore_b1a2m.sdf,../large_fep_dataset/data/fep_benchmark_processed/mcs_docking_renin_customcore_protein.pdb,597,5.955176,6.395331,6.4489408,6.019251,6.1505723,6.0999017,6.248057,6.220939,6.4977107,6.008372,6.2044253
598,mcs_docking/renin_customcore,mcs_docking/renin_customcore/b1i2o,../large_fep_dataset/data/fep_benchmark_processed/mcs_docking_renin_customcore_b1i2o.sdf,../large_fep_dataset/data/fep_benchmark_processed/mcs_docking_renin_customcore_protein.pdb,598,6.1994042,6.802633,6.753539,6.4762344,6.677477,6.7088237,6.1354356,6.3719306,6.6941156,6.114378,6.4933968
599,mcs_docking/renin_customcore,mcs_docking/renin_customcore/b1i5o,../large_fep_dataset/data/fep_benchmark_processed/mcs_docking_renin_customcore_b1i5o.sdf,../large_fep_dataset/data/fep_benchmark_processed/mcs_docking_renin_customcore_protein.pdb,599,7.4770317,7.1519356,7.202818,6.8815928,7.808604,7.482837,6.77289,7.404042,7.367551,6.766849,7.2316146
600,mcs_docking/renin_customcore,mcs_docking/renin_customcore/b1i4i,../large_fep_dataset/data/fep_benchmark_processed/mcs_docking_renin_customcore_b1i4i.sdf,../large_fep_dataset/data/fep_benchmark_processed/mcs_docking_renin_customcore_protein.pdb,600,7.9343295,7.2759266,7.5910177,6.817755,7.3936,7.497275,7.3674064,7.394229,7.1175685,6.589092,7.2978196
601,mcs_docking/renin_customcore,mcs_docking/renin_customcore/b1i4e,../large_fep_dataset/data/fep_benchmark_processed/mcs_docking_renin_customcore_b1i4e.sdf,../large_fep_dataset/data/fep_benchmark_processed/mcs_docking_renin_customcore_protein.pdb,601,6.5769186,6.259898,6.5335493,6.623872,6.7908397,7.0160947,7.332876,6.8806973,6.785693,5.94199,6.674243
602,mcs_docking/renin_customcore,mcs_docking/renin_customcore/b1i4g,../large_fep_dataset/data/fep_benchmark_processed/mcs_docking_renin_customcore_b1i4g.sdf,../large_fep_dataset/data/fep_benchmark_processed/mcs_docking_renin_customcore_protein.pdb,602,6.7468257,6.6720943,6.8057413,6.8862567,6.662226,6.708221,7.6424236,6.757998,7.011514,6.0981236,6.7991433
603,mcs_docking/renin_customcore,mcs_docking/renin_customcore/b1i1,../large_fep_dataset/data/fep_benchmark_processed/mcs_docking_renin_customcore_b1i1.sdf,../large_fep_dataset/data/fep_benchmark_processed/mcs_docking_renin_customcore_protein.pdb,603,5.708494,5.140491,5.922733,5.8965416,5.691201,6.2158446,5.932573,6.064211,5.9211397,6.1391873,5.8632417
604,mcs_docking/renin_customcore,mcs_docking/renin_customcore/b1i2a,../large_fep_dataset/data/fep_benchmark_processed/mcs_docking_renin_customcore_b1i2a.sdf,../large_fep_dataset/data/fep_benchmark_processed/mcs_docking_renin_customcore_protein.pdb,604,5.651351,5.9146395,6.5327067,6.113518,6.260895,6.6679707,5.9759636,6.2225156,6.3780513,5.908424,6.162604
605,mcs_docking/renin_customcore,mcs_docking/renin_customcore/b1i2e,../large_fep_dataset/data/fep_benchmark_processed/mcs_docking_renin_customcore_b1i2e.sdf,../large_fep_dataset/data/fep_benchmark_processed/mcs_docking_renin_customcore_protein.pdb,605,5.981829,6.478937,6.8946276,6.7339635,6.837703,6.9297895,6.5721436,6.3203926,6.478962,6.4877505,6.5716095
606,mcs_docking/renin_customcore,mcs_docking/renin_customcore/b1i2i,../large_fep_dataset/data/fep_benchmark_processed/mcs_docking_renin_customcore_b1i2i.sdf,../large_fep_dataset/data/fep_benchmark_processed/mcs_docking_renin_customcore_protein.pdb,606,6.2214155,6.642591,6.816512,6.1841455,6.536789,6.048024,7.0994473,6.4141817,6.7830424,6.50427,6.525041
607,mcs_docking/renin_customcore,mcs_docking/renin_customcore/b1i2j,../large_fep_dataset/data/fep_benchmark_processed/mcs_docking_renin_customcore_b1i2j.sdf,../large_fep_dataset/data/fep_benchmark_processed/mcs_docking_renin_customcore_protein.pdb,607,6.6863956,6.8034925,6.840367,7.2476954,7.133436,7.1665225,6.8121037,6.4675756,6.96383,6.697165,6.881858
608,mcs_docking/renin_customcore,mcs_docking/renin_customcore/b1i5c,../large_fep_dataset/data/fep_benchmark_processed/mcs_docking_renin_customcore_b1i5c.sdf,../large_fep_dataset/data/fep_benchmark_processed/mcs_docking_renin_customcore_protein.pdb,608,6.9632816,7.0363784,7.0185666,7.3679786,7.2587676,7.4169083,6.8836255,6.804286,7.2938423,6.8479342,7.089157
609,mcs_docking/renin_customcore,mcs_docking/renin_customcore/b1i5b,../large_fep_dataset/data/fep_benchmark_processed/mcs_docking_renin_customcore_b1i5b.sdf,../large_fep_dataset/data/fep_benchmark_processed/mcs_docking_renin_customcore_protein.pdb,609,6.6486435,7.1014524,7.0072823,7.3373256,7.4259267,7.5528517,7.184515,6.335316,7.083701,6.8719206,7.0548935
610,mcs_docking/renin_customcore,mcs_docking/renin_customcore/b1i2k,../large_fep_dataset/data/fep_benchmark_processed/mcs_docking_renin_customcore_b1i2k.sdf,../large_fep_dataset/data/fep_benchmark_processed/mcs_docking_renin_customcore_protein.pdb,610,6.477612,7.066316,6.915736,6.5144467,6.846378,6.9577394,6.8418093,6.586256,6.777913,6.692217,6.767642
611,mcs_docking/renin_customcore,mcs_docking/renin_customcore/b1i2h,../large_fep_dataset/data/fep_benchmark_processed/mcs_docking_renin_customcore_b1i2h.sdf,../large_fep_dataset/data/fep_benchmark_processed/mcs_docking_renin_customcore_protein.pdb,611,5.9071703,6.176358,6.3497453,6.366359,6.376067,6.4250107,6.282039,6.522045,6.4771514,6.0285306,6.2910476
612,mcs_docking/renin_customcore,mcs_docking/renin_customcore/b1i2g,../large_fep_dataset/data/fep_benchmark_processed/mcs_docking_renin_customcore_b1i2g.sdf,../large_fep_dataset/data/fep_benchmark_processed/mcs_docking_renin_customcore_protein.pdb,612,6.0847216,6.334257,6.857906,6.5451393,6.7518997,7.193457,6.5645337,6.4111066,6.7838593,6.2293463,6.5756226
613,mcs_docking/renin_customcore,mcs_docking/renin_customcore/b1i4b,../large_fep_dataset/data/fep_benchmark_processed/mcs_docking_renin_customcore_b1i4b.sdf,../large_fep_dataset/data/fep_benchmark_processed/mcs_docking_renin_customcore_protein.pdb,613,6.0611296,6.0631104,6.740714,6.3426523,6.8378477,6.4548316,6.5218844,6.5848584,6.411429,5.9217916,6.394025
614,mcs_docking/renin_customcore,mcs_docking/renin_customcore/b1i5a,../large_fep_dataset/data/fep_benchmark_processed/mcs_docking_renin_customcore_b1i5a.sdf,../large_fep_dataset/data/fep_benchmark_processed/mcs_docking_renin_customcore_protein.pdb,614,6.8390403,7.0406203,7.0798335,7.1890244,7.282157,7.3544264,7.243871,6.158006,7.227993,6.7498217,7.0164795
615,mcs_docking/renin_customcore,mcs_docking/renin_customcore/b1i2d,../large_fep_dataset/data/fep_benchmark_processed/mcs_docking_renin_customcore_b1i2d.sdf,../large_fep_dataset/data/fep_benchmark_processed/mcs_docking_renin_customcore_protein.pdb,615,6.120183,5.994852,6.8877687,6.0142837,6.4011803,6.447759,5.988011,6.1820607,5.864706,6.453887,6.235469
616,mcs_docking/renin_customcore,mcs_docking/renin_customcore/b1i4a,../large_fep_dataset/data/fep_benchmark_processed/mcs_docking_renin_customcore_b1i4a.sdf,../large_fep_dataset/data/fep_benchmark_processed/mcs_docking_renin_customcore_protein.pdb,616,5.8068614,5.946383,6.6557355,5.953261,5.97867,6.501177,5.9392886,6.2571697,6.4381256,5.9443827,6.142105
617,mcs_docking/renin_customcore,mcs_docking/renin_customcore/b1i5d,../large_fep_dataset/data/fep_benchmark_processed/mcs_docking_renin_customcore_b1i5d.sdf,../large_fep_dataset/data/fep_benchmark_processed/mcs_docking_renin_customcore_protein.pdb,617,7.608957,7.081688,7.132131,7.271368,7.1349874,7.486818,7.4778433,6.5990257,7.3095517,6.6807246,7.1783094
618,mcs_docking/renin_customcore,mcs_docking/renin_customcore/b1i2c,../large_fep_dataset/data/fep_benchmark_processed/mcs_docking_renin_customcore_b1i2c.sdf,../large_fep_dataset/data/fep_benchmark_processed/mcs_docking_renin_customcore_protein.pdb,618,5.848369,5.353712,5.6849594,5.9181023,6.4299307,5.9108696,5.9222984,5.80023,6.165936,5.6332307,5.8667636
619,mcs_docking/hne,mcs_docking/hne/6,../large_fep_dataset/data/fep_benchmark_processed/mcs_docking_hne_6.sdf,../large_fep_dataset/data/fep_benchmark_processed/mcs_docking_hne_protein.pdb,619,5.964921,7.327308,7.338787,6.8067236,6.815182,6.9090133,7.3556156,6.37303,7.393947,6.8904877,6.917502
620,mcs_docking/hne,mcs_docking/hne/14,../large_fep_dataset/data/fep_benchmark_processed/mcs_docking_hne_14.sdf,../large_fep_dataset/data/fep_benchmark_processed/mcs_docking_hne_protein.pdb,620,8.157558,8.391391,8.460594,8.1206455,7.9945245,8.328188,8.112524,8.116937,8.630469,7.683248,8.199609
621,mcs_docking/hne,mcs_docking/hne/15,../large_fep_dataset/data/fep_benchmark_processed/mcs_docking_hne_15.sdf,../large_fep_dataset/data/fep_benchmark_processed/mcs_docking_hne_protein.pdb,621,8.341201,8.246726,8.617133,8.218434,8.301611,8.26874,8.531206,8.327323,8.56866,8.276286,8.369731
622,mcs_docking/hne,mcs_docking/hne/16,../large_fep_dataset/data/fep_benchmark_processed/mcs_docking_hne_16.sdf,../large_fep_dataset/data/fep_benchmark_processed/mcs_docking_hne_protein.pdb,622,8.557319,8.699233,8.503771,8.439524,8.184161,8.4572735,8.612454,8.522583,8.591006,8.14319,8.471051
623,mcs_docking/hne,mcs_docking/hne/17,../large_fep_dataset/data/fep_benchmark_processed/mcs_docking_hne_17.sdf,../large_fep_dataset/data/fep_benchmark_processed/mcs_docking_hne_protein.pdb,623,8.146711,8.17691,8.471039,8.0986595,8.165699,8.345678,8.085979,8.176307,8.636875,7.7635713,8.206742
624,mcs_docking/hne,mcs_docking/hne/18,../large_fep_dataset/data/fep_benchmark_processed/mcs_docking_hne_18.sdf,../large_fep_dataset/data/fep_benchmark_processed/mcs_docking_hne_protein.pdb,624,8.441208,8.292295,8.636407,7.94549,8.246829,8.454796,8.31579,8.127483,8.530066,8.02386,8.301422
625,mcs_docking/hne,mcs_docking/hne/19,../large_fep_dataset/data/fep_benchmark_processed/mcs_docking_hne_19.sdf,../large_fep_dataset/data/fep_benchmark_processed/mcs_docking_hne_protein.pdb,625,8.712662,8.695263,8.563967,8.404606,8.488975,8.494943,8.7484255,8.532102,8.702877,8.482344,8.582616
626,mcs_docking/hne,mcs_docking/hne/20,../large_fep_dataset/data/fep_benchmark_processed/mcs_docking_hne_20.sdf,../large_fep_dataset/data/fep_benchmark_processed/mcs_docking_hne_protein.pdb,626,8.249133,8.028049,8.137425,7.623225,7.8702374,8.380003,7.956786,7.6959076,8.37302,7.913485,8.022728
627,mcs_docking/hne,mcs_docking/hne/21,../large_fep_dataset/data/fep_benchmark_processed/mcs_docking_hne_21.sdf,../large_fep_dataset/data/fep_benchmark_processed/mcs_docking_hne_protein.pdb,627,8.628614,8.830428,8.627445,8.29304,8.849022,8.601451,8.621042,8.192306,8.761843,8.546241,8.595143
628,mcs_docking/hne,mcs_docking/hne/22,../large_fep_dataset/data/fep_benchmark_processed/mcs_docking_hne_22.sdf,../large_fep_dataset/data/fep_benchmark_processed/mcs_docking_hne_protein.pdb,628,7.965871,8.156813,8.408553,7.486803,7.6612277,8.05551,7.890849,7.652,8.518658,7.8505397,7.9646826
629,mcs_docking/hne,mcs_docking/hne/23,../large_fep_dataset/data/fep_benchmark_processed/mcs_docking_hne_23.sdf,../large_fep_dataset/data/fep_benchmark_processed/mcs_docking_hne_protein.pdb,629,8.184406,8.286747,8.59489,7.6371365,8.044292,8.271416,8.694177,8.264487,8.592817,8.381003,8.295137
630,mcs_docking/hne,mcs_docking/hne/25,../large_fep_dataset/data/fep_benchmark_processed/mcs_docking_hne_25.sdf,../large_fep_dataset/data/fep_benchmark_processed/mcs_docking_hne_protein.pdb,630,8.20449,8.556521,8.415063,7.8869205,8.2838335,8.561431,8.481222,8.194822,8.582209,8.298269,8.346478
631,mcs_docking/hne,mcs_docking/hne/26,../large_fep_dataset/data/fep_benchmark_processed/mcs_docking_hne_26.sdf,../large_fep_dataset/data/fep_benchmark_processed/mcs_docking_hne_protein.pdb,631,8.201689,8.290698,8.308861,8.164065,7.788145,8.244964,8.1494055,7.8201904,8.416864,8.29575,8.168063
632,mcs_docking/hne,mcs_docking/hne/27,../large_fep_dataset/data/fep_benchmark_processed/mcs_docking_hne_27.sdf,../large_fep_dataset/data/fep_benchmark_processed/mcs_docking_hne_protein.pdb,632,8.265552,8.428507,8.255324,8.067057,8.32324,8.650401,8.718479,8.101389,8.615919,8.556695,8.398256
633,mcs_docking/hne,mcs_docking/hne/28,../large_fep_dataset/data/fep_benchmark_processed/mcs_docking_hne_28.sdf,../large_fep_dataset/data/fep_benchmark_processed/mcs_docking_hne_protein.pdb,633,8.546304,8.639244,8.825309,8.605866,8.349465,8.724902,8.85703,8.304842,8.992941,8.598415,8.644432
634,mcs_docking/hne,mcs_docking/hne/29,../large_fep_dataset/data/fep_benchmark_processed/mcs_docking_hne_29.sdf,../large_fep_dataset/data/fep_benchmark_processed/mcs_docking_hne_protein.pdb,634,8.71968,8.670156,8.904115,8.694237,8.965127,8.878105,9.075513,8.693967,8.987343,8.867929,8.845617
635,mcs_docking/hne,mcs_docking/hne/30,../large_fep_dataset/data/fep_benchmark_processed/mcs_docking_hne_30.sdf,../large_fep_dataset/data/fep_benchmark_processed/mcs_docking_hne_protein.pdb,635,8.602717,8.642323,8.876383,8.629254,8.9180565,8.877356,8.984834,8.623354,8.910071,8.668531,8.773288
636,mcs_docking/hne,mcs_docking/hne/21 neutral,../large_fep_dataset/data/fep_benchmark_processed/mcs_docking_hne_21_neutral.sdf,../large_fep_dataset/data/fep_benchmark_processed/mcs_docking_hne_protein.pdb,636,8.749521,8.770777,8.611071,8.4103565,8.812446,8.581337,8.61059,8.356811,8.761888,8.544357,8.620915
637,mcs_docking/hne,mcs_docking/hne/19 neutral,../large_fep_dataset/data/fep_benchmark_processed/mcs_docking_hne_19_neutral.sdf,../large_fep_dataset/data/fep_benchmark_processed/mcs_docking_hne_protein.pdb,637,8.7207775,8.632484,8.666908,8.007799,8.41974,8.472612,8.573223,8.583527,8.717148,8.515548,8.530977
638,mcs_docking/hne,mcs_docking/hne/16 neutral,../large_fep_dataset/data/fep_benchmark_processed/mcs_docking_hne_16_neutral.sdf,../large_fep_dataset/data/fep_benchmark_processed/mcs_docking_hne_protein.pdb,638,8.534851,8.595097,8.589222,8.281758,8.2606945,8.398835,8.509086,8.576698,8.685618,8.174877,8.460673
639,misc/hfaah,misc/hfaah/6MRG ligand,../large_fep_dataset/data/fep_benchmark_processed/misc_hfaah_6MRG_ligand.sdf,../large_fep_dataset/data/fep_benchmark_processed/misc_hfaah_protein.pdb,639,5.8662214,6.2614675,5.886734,6.0596247,6.413313,6.295312,5.3592744,6.1516366,5.3438997,5.394673,5.903216
640,misc/hfaah,misc/hfaah/fig 3,../large_fep_dataset/data/fep_benchmark_processed/misc_hfaah_fig_3.sdf,../large_fep_dataset/data/fep_benchmark_processed/misc_hfaah_protein.pdb,640,5.2366366,6.3935256,5.7950907,5.7079444,5.781091,5.8247256,5.8397775,6.0392003,6.039367,5.256005,5.7913365
641,misc/hfaah,misc/hfaah/2,../large_fep_dataset/data/fep_benchmark_processed/misc_hfaah_2.sdf,../large_fep_dataset/data/fep_benchmark_processed/misc_hfaah_protein.pdb,641,4.888525,6.114563,6.134323,5.4346566,5.644515,5.5979614,5.1904483,5.464167,5.9170127,4.8460135,5.5232186
642,misc/hfaah,misc/hfaah/4,../large_fep_dataset/data/fep_benchmark_processed/misc_hfaah_4.sdf,../large_fep_dataset/data/fep_benchmark_processed/misc_hfaah_protein.pdb,642,5.760409,6.6548986,6.5885963,5.472456,6.108496,6.2203674,5.4494576,5.7300477,6.032068,5.1901507,5.920695
643,misc/hfaah,misc/hfaah/6,../large_fep_dataset/data/fep_benchmark_processed/misc_hfaah_6.sdf,../large_fep_dataset/data/fep_benchmark_processed/misc_hfaah_protein.pdb,643,4.887344,5.8012843,5.782692,5.37713,5.785702,5.299529,5.6789947,5.884204,6.046869,5.3011417,5.584489
644,misc/hfaah,misc/hfaah/9,../large_fep_dataset/data/fep_benchmark_processed/misc_hfaah_9.sdf,../large_fep_dataset/data/fep_benchmark_processed/misc_hfaah_protein.pdb,644,5.7397566,6.2233133,6.4088125,5.761206,6.2940288,6.0991087,5.8982916,6.194524,6.644706,6.168527,6.1432276
645,misc/hfaah,misc/hfaah/11,../large_fep_dataset/data/fep_benchmark_processed/misc_hfaah_11.sdf,../large_fep_dataset/data/fep_benchmark_processed/misc_hfaah_protein.pdb,645,5.779708,6.506861,6.5921707,5.6499205,5.755812,6.3104787,5.770641,5.7961493,5.820511,5.46672,5.9448977
646,misc/hfaah,misc/hfaah/12,../large_fep_dataset/data/fep_benchmark_processed/misc_hfaah_12.sdf,../large_fep_dataset/data/fep_benchmark_processed/misc_hfaah_protein.pdb,646,5.187495,6.002145,5.9782143,5.557984,6.0768576,5.739771,5.6234426,5.896562,6.095178,5.545328,5.770297
647,misc/hfaah,misc/hfaah/15,../large_fep_dataset/data/fep_benchmark_processed/misc_hfaah_15.sdf,../large_fep_dataset/data/fep_benchmark_processed/misc_hfaah_protein.pdb,647,5.2930627,5.610503,5.7253227,5.504908,5.427072,5.300398,5.7428317,5.4443502,5.616187,4.9709544,5.463559
648,misc/hfaah,misc/hfaah/14,../large_fep_dataset/data/fep_benchmark_processed/misc_hfaah_14.sdf,../large_fep_dataset/data/fep_benchmark_processed/misc_hfaah_protein.pdb,648,4.765233,5.757425,6.094014,5.3355374,5.2273073,5.027679,5.157063,5.2475104,5.772741,4.9586315,5.334314
649,misc/hfaah,misc/hfaah/19,../large_fep_dataset/data/fep_benchmark_processed/misc_hfaah_19.sdf,../large_fep_dataset/data/fep_benchmark_processed/misc_hfaah_protein.pdb,649,5.733511,5.899184,5.6843777,5.2875857,5.2161345,5.5760055,5.0340266,5.257284,5.491601,4.824121,5.400383
650,misc/hfaah,misc/hfaah/20,../large_fep_dataset/data/fep_benchmark_processed/misc_hfaah_20.sdf,../large_fep_dataset/data/fep_benchmark_processed/misc_hfaah_protein.pdb,650,4.996644,5.762311,6.1063986,5.6118937,5.2369347,5.5027466,5.0469065,5.3413596,5.2597075,4.7251773,5.359008
651,misc/hfaah,misc/hfaah/22,../large_fep_dataset/data/fep_benchmark_processed/misc_hfaah_22.sdf,../large_fep_dataset/data/fep_benchmark_processed/misc_hfaah_protein.pdb,651,6.374598,6.995999,6.209669,5.9714975,6.108191,6.5018454,6.1299543,6.0066366,6.133765,5.24417,6.1676326
652,misc/hfaah,misc/hfaah/23,../large_fep_dataset/data/fep_benchmark_processed/misc_hfaah_23.sdf,../large_fep_dataset/data/fep_benchmark_processed/misc_hfaah_protein.pdb,652,6.0707326,6.488829,5.996571,6.7071877,6.314243,6.274547,5.980619,6.498779,5.710029,6.169866,6.2211404
653,misc/hfaah,misc/hfaah/24,../large_fep_dataset/data/fep_benchmark_processed/misc_hfaah_24.sdf,../large_fep_dataset/data/fep_benchmark_processed/misc_hfaah_protein.pdb,653,5.7066154,6.7000985,6.4645753,6.503128,6.008315,6.6415615,6.426079,6.2796063,6.0363593,6.261476,6.302781
654,misc/hfaah,misc/hfaah/25,../large_fep_dataset/data/fep_benchmark_processed/misc_hfaah_25.sdf,../large_fep_dataset/data/fep_benchmark_processed/misc_hfaah_protein.pdb,654,6.0397882,6.629769,6.5382013,6.0179143,6.5917687,6.3373504,5.841916,5.64137,5.9664807,5.1731305,6.077769
655,misc/hfaah,misc/hfaah/26,../large_fep_dataset/data/fep_benchmark_processed/misc_hfaah_26.sdf,../large_fep_dataset/data/fep_benchmark_processed/misc_hfaah_protein.pdb,655,6.2083907,6.626622,6.927261,6.2286754,6.57004,6.531555,5.854838,5.49889,6.1773977,5.0913386,6.171501
656,misc/hfaah,misc/hfaah/27,../large_fep_dataset/data/fep_benchmark_processed/misc_hfaah_27.sdf,../large_fep_dataset/data/fep_benchmark_processed/misc_hfaah_protein.pdb,656,6.3744674,6.650451,6.3180084,6.408531,6.711147,7.0859895,6.4994473,6.5072455,6.24003,6.3772106,6.5172524
657,misc/hfaah,misc/hfaah/28,../large_fep_dataset/data/fep_benchmark_processed/misc_hfaah_28.sdf,../large_fep_dataset/data/fep_benchmark_processed/misc_hfaah_protein.pdb,657,6.0506783,6.474363,6.390827,5.859926,5.872978,6.037183,5.5524144,6.0390077,6.195779,5.8376937,6.031085
658,misc/hfaah,misc/hfaah/29,../large_fep_dataset/data/fep_benchmark_processed/misc_hfaah_29.sdf,../large_fep_dataset/data/fep_benchmark_processed/misc_hfaah_protein.pdb,658,5.172542,6.076776,5.8663726,5.798476,5.7247624,5.713145,5.569516,6.1454434,5.9881167,5.376052,5.74312
659,misc/hfaah,misc/hfaah/30,../large_fep_dataset/data/fep_benchmark_processed/misc_hfaah_30.sdf,../large_fep_dataset/data/fep_benchmark_processed/misc_hfaah_protein.pdb,659,5.63611,6.4865823,6.251596,6.446635,6.193901,6.3442764,5.6916103,6.360431,6.0633855,6.2948256,6.1769357
660,misc/hfaah,misc/hfaah/31,../large_fep_dataset/data/fep_benchmark_processed/misc_hfaah_31.sdf,../large_fep_dataset/data/fep_benchmark_processed/misc_hfaah_protein.pdb,660,5.547309,6.329244,5.993427,5.722592,6.013135,5.970672,6.0311804,6.242795,6.1811767,5.7690296,5.980056
661,misc/hfaah,misc/hfaah/33 (Saha 2018),../large_fep_dataset/data/fep_benchmark_processed/misc_hfaah_33_(Saha_2018).sdf,../large_fep_dataset/data/fep_benchmark_processed/misc_hfaah_protein.pdb,661,5.8030896,6.55031,6.055784,5.871037,5.971797,6.142272,6.5573125,6.216458,6.2047005,6.318535,6.1691294
662,misc/hfaah,misc/hfaah/39,../large_fep_dataset/data/fep_benchmark_processed/misc_hfaah_39.sdf,../large_fep_dataset/data/fep_benchmark_processed/misc_hfaah_protein.pdb,662,5.958189,6.3354287,6.0218477,5.6576643,6.0991507,5.921662,6.3423915,6.140146,6.2051783,6.3478775,6.1029534
663,misc/hiv_prot_ekegren,misc/hiv_prot_ekegren/1,../large_fep_dataset/data/fep_benchmark_processed/misc_hiv_prot_ekegren_1.sdf,../large_fep_dataset/data/fep_benchmark_processed/misc_hiv_prot_ekegren_protein.pdb,663,8.701766,9.041466,9.348095,8.917911,8.165097,8.497866,8.918373,8.501928,8.9653,8.555096,8.76129
664,misc/hiv_prot_ekegren,misc/hiv_prot_ekegren/9,../large_fep_dataset/data/fep_benchmark_processed/misc_hiv_prot_ekegren_9.sdf,../large_fep_dataset/data/fep_benchmark_processed/misc_hiv_prot_ekegren_protein.pdb,664,9.218164,8.97153,9.537415,9.196746,8.3015375,8.893187,9.128075,8.584854,8.788287,8.271416,8.88912
665,misc/hiv_prot_ekegren,misc/hiv_prot_ekegren/10,../large_fep_dataset/data/fep_benchmark_processed/misc_hiv_prot_ekegren_10.sdf,../large_fep_dataset/data/fep_benchmark_processed/misc_hiv_prot_ekegren_protein.pdb,665,9.68015,9.402721,9.864211,9.415673,9.01606,9.771138,9.331127,8.773514,9.482448,8.777946,9.351499
666,misc/hiv_prot_ekegren,misc/hiv_prot_ekegren/11 (2cen),../large_fep_dataset/data/fep_benchmark_processed/misc_hiv_prot_ekegren_11_(2cen).sdf,../large_fep_dataset/data/fep_benchmark_processed/misc_hiv_prot_ekegren_protein.pdb,666,9.418363,9.407184,9.877365,9.449438,8.470935,9.451805,9.45552,8.637516,9.376897,8.824372,9.236939
667,misc/hiv_prot_ekegren,misc/hiv_prot_ekegren/12,../large_fep_dataset/data/fep_benchmark_processed/misc_hiv_prot_ekegren_12.sdf,../large_fep_dataset/data/fep_benchmark_processed/misc_hiv_prot_ekegren_protein.pdb,667,9.261936,9.280044,9.704651,9.324355,8.320584,9.2315,9.227814,8.837222,9.080143,8.701558,9.096981
668,misc/hiv_prot_ekegren,misc/hiv_prot_ekegren/13,../large_fep_dataset/data/fep_benchmark_processed/misc_hiv_prot_ekegren_13.sdf,../large_fep_dataset/data/fep_benchmark_processed/misc_hiv_prot_ekegren_protein.pdb,668,8.737841,8.265634,9.254694,8.164705,7.780327,8.533489,8.731658,7.618267,8.583073,8.108187,8.377788
669,misc/hiv_prot_ekegren,misc/hiv_prot_ekegren/14,../large_fep_dataset/data/fep_benchmark_processed/misc_hiv_prot_ekegren_14.sdf,../large_fep_dataset/data/fep_benchmark_processed/misc_hiv_prot_ekegren_protein.pdb,669,8.947884,8.213218,9.5036335,8.236594,8.18737,8.648957,8.522907,7.518772,8.44423,8.124206,8.434777
670,misc/hiv_prot_ekegren,misc/hiv_prot_ekegren/15,../large_fep_dataset/data/fep_benchmark_processed/misc_hiv_prot_ekegren_15.sdf,../large_fep_dataset/data/fep_benchmark_processed/misc_hiv_prot_ekegren_protein.pdb,670,9.02336,8.681165,9.546161,8.649485,8.2659445,8.9839325,8.369609,8.093088,8.930279,8.275084,8.681811
671,misc/hiv_prot_ekegren,misc/hiv_prot_ekegren/16,../large_fep_dataset/data/fep_benchmark_processed/misc_hiv_prot_ekegren_16.sdf,../large_fep_dataset/data/fep_benchmark_processed/misc_hiv_prot_ekegren_protein.pdb,671,8.92403,8.962986,9.480177,8.615871,8.557041,9.020434,8.615581,8.133669,8.969794,8.390722,8.767031
672,misc/hiv_prot_ekegren,misc/hiv_prot_ekegren/17,../large_fep_dataset/data/fep_benchmark_processed/misc_hiv_prot_ekegren_17.sdf,../large_fep_dataset/data/fep_benchmark_processed/misc_hiv_prot_ekegren_protein.pdb,672,8.400581,9.088264,9.057538,8.615843,8.120135,8.79663,8.599746,8.334052,8.508551,8.387585,8.590892
673,misc/hiv_prot_ekegren,misc/hiv_prot_ekegren/18,../large_fep_dataset/data/fep_benchmark_processed/misc_hiv_prot_ekegren_18.sdf,../large_fep_dataset/data/fep_benchmark_processed/misc_hiv_prot_ekegren_protein.pdb,673,9.376806,9.117523,9.445461,8.86135,8.494084,9.325799,9.051047,8.832814,9.002231,8.221901,8.972901
674,misc/hiv_prot_ekegren,misc/hiv_prot_ekegren/19,../large_fep_dataset/data/fep_benchmark_processed/misc_hiv_prot_ekegren_19.sdf,../large_fep_dataset/data/fep_benchmark_processed/misc_hiv_prot_ekegren_protein.pdb,674,8.698959,8.659055,9.069934,8.852607,7.64638,8.940149,8.461874,7.6900673,7.710084,8.092535,8.382165
675,misc/hiv_prot_ekegren,misc/hiv_prot_ekegren/20,../large_fep_dataset/data/fep_benchmark_processed/misc_hiv_prot_ekegren_20.sdf,../large_fep_dataset/data/fep_benchmark_processed/misc_hiv_prot_ekegren_protein.pdb,675,9.3406725,8.765897,9.658394,8.750765,8.548767,9.165909,9.235772,8.472042,8.505781,8.705606,8.914961
676,misc/cdk8_koehler,misc/cdk8_koehler/12,../large_fep_dataset/data/fep_benchmark_processed/misc_cdk8_koehler_12.sdf,../large_fep_dataset/data/fep_benchmark_processed/misc_cdk8_koehler_protein.pdb,676,7.359237,6.338173,6.0686255,7.0309453,7.3500123,6.687865,6.145797,7.106673,7.1360874,5.6851068,6.690852
677,misc/cdk8_koehler,misc/cdk8_koehler/13,../large_fep_dataset/data/fep_benchmark_processed/misc_cdk8_koehler_13.sdf,../large_fep_dataset/data/fep_benchmark_processed/misc_cdk8_koehler_protein.pdb,677,8.116213,8.029476,7.636031,7.7797503,8.190611,7.9542623,7.105341,7.7158546,7.877358,7.727961,7.813286
678,misc/cdk8_koehler,misc/cdk8_koehler/14,../large_fep_dataset/data/fep_benchmark_processed/misc_cdk8_koehler_14.sdf,../large_fep_dataset/data/fep_benchmark_processed/misc_cdk8_koehler_protein.pdb,678,7.464856,7.5982375,6.8392706,7.653257,8.161547,7.505306,6.8677483,7.566011,8.034952,6.9375315,7.4628716
679,misc/cdk8_koehler,misc/cdk8_koehler/15,../large_fep_dataset/data/fep_benchmark_processed/misc_cdk8_koehler_15.sdf,../large_fep_dataset/data/fep_benchmark_processed/misc_cdk8_koehler_protein.pdb,679,6.5988636,6.8927183,5.873443,7.240788,7.7309647,6.812291,6.550751,7.109196,7.3668666,6.19213,6.836801
680,misc/cdk8_koehler,misc/cdk8_koehler/16,../large_fep_dataset/data/fep_benchmark_processed/misc_cdk8_koehler_16.sdf,../large_fep_dataset/data/fep_benchmark_processed/misc_cdk8_koehler_protein.pdb,680,7.524442,7.445846,6.862377,7.458283,8.138889,7.369731,7.116291,7.261991,7.573043,7.2530303,7.400392
681,misc/cdk8_koehler,misc/cdk8_koehler/17,../large_fep_dataset/data/fep_benchmark_processed/misc_cdk8_koehler_17.sdf,../large_fep_dataset/data/fep_benchmark_processed/misc_cdk8_koehler_protein.pdb,681,7.8050056,7.751406,7.014099,8.0602865,8.17254,7.6442056,7.020957,7.635108,7.4480534,7.765101,7.6316767
682,misc/cdk8_koehler,misc/cdk8_koehler/19,../large_fep_dataset/data/fep_benchmark_processed/misc_cdk8_koehler_19.sdf,../large_fep_dataset/data/fep_benchmark_processed/misc_cdk8_koehler_protein.pdb,682,7.5833287,6.749206,7.0628414,7.215652,7.608373,6.789802,6.4238777,6.938921,7.4361315,6.300311,7.010844
683,misc/cdk8_koehler,misc/cdk8_koehler/20,../large_fep_dataset/data/fep_benchmark_processed/misc_cdk8_koehler_20.sdf,../large_fep_dataset/data/fep_benchmark_processed/misc_cdk8_koehler_protein.pdb,683,7.506479,6.712511,6.637166,7.1535096,7.696025,6.8725023,6.327902,7.0767303,6.7338276,6.2011175,6.891776
684,misc/cdk8_koehler,misc/cdk8_koehler/21,../large_fep_dataset/data/fep_benchmark_processed/misc_cdk8_koehler_21.sdf,../large_fep_dataset/data/fep_benchmark_processed/misc_cdk8_koehler_protein.pdb,684,8.02217,6.6633925,6.910281,7.3441935,8.148414,7.5096507,7.2367435,7.527824,7.59391,6.650153,7.3606734
685,misc/cdk8_koehler,misc/cdk8_koehler/22,../large_fep_dataset/data/fep_benchmark_processed/misc_cdk8_koehler_22.sdf,../large_fep_dataset/data/fep_benchmark_processed/misc_cdk8_koehler_protein.pdb,685,7.0420885,7.7177577,6.8965487,7.422458,8.047204,7.5228667,6.9793706,7.8497996,7.6537046,7.435476,7.4567275
686,misc/galectin3_extra,misc/galectin3_extra/18a,../large_fep_dataset/data/fep_benchmark_processed/misc_galectin3_extra_18a.sdf,../large_fep_dataset/data/fep_benchmark_processed/misc_galectin3_extra_protein.pdb,686,6.500652,6.52384,6.5154,7.0239267,6.628013,6.7363987,6.7052064,5.966138,6.6376653,6.0540805,6.529132
687,misc/galectin3_extra,misc/galectin3_extra/18b,../large_fep_dataset/data/fep_benchmark_processed/misc_galectin3_extra_18b.sdf,../large_fep_dataset/data/fep_benchmark_processed/misc_galectin3_extra_protein.pdb,687,6.5281434,6.371086,6.691405,6.302557,5.836554,6.5318923,6.8517804,5.9095545,6.742814,6.2847066,6.4050493
688,misc/galectin3_extra,misc/galectin3_extra/18d,../large_fep_dataset/data/fep_benchmark_processed/misc_galectin3_extra_18d.sdf,../large_fep_dataset/data/fep_benchmark_processed/misc_galectin3_extra_protein.pdb,688,5.86178,5.903948,6.4083796,6.115958,6.2138567,6.223856,6.3115454,5.8993278,6.5197515,6.061679,6.152008
689,misc/galectin3_extra,misc/galectin3_extra/18e,../large_fep_dataset/data/fep_benchmark_processed/misc_galectin3_extra_18e.sdf,../large_fep_dataset/data/fep_benchmark_processed/misc_galectin3_extra_protein.pdb,689,6.3388624,6.3736324,6.126432,6.3048444,5.5303698,6.7699223,6.3546715,6.050462,6.667929,6.190734,6.270786
690,misc/galectin3_extra,misc/galectin3_extra/18f,../large_fep_dataset/data/fep_benchmark_processed/misc_galectin3_extra_18f.sdf,../large_fep_dataset/data/fep_benchmark_processed/misc_galectin3_extra_protein.pdb,690,6.335725,6.3660936,5.929062,6.2585464,5.594774,6.2613187,6.0547686,5.7930856,6.8511415,6.280731,6.172525
691,misc/galectin3_extra,misc/galectin3_extra/18g,../large_fep_dataset/data/fep_benchmark_processed/misc_galectin3_extra_18g.sdf,../large_fep_dataset/data/fep_benchmark_processed/misc_galectin3_extra_protein.pdb,691,5.82494,6.0836177,6.222273,5.664617,5.911993,6.292737,6.3953743,5.6436315,6.2398586,6.421619,6.0700665
692,misc/galectin3_extra,misc/galectin3_extra/18h,../large_fep_dataset/data/fep_benchmark_processed/misc_galectin3_extra_18h.sdf,../large_fep_dataset/data/fep_benchmark_processed/misc_galectin3_extra_protein.pdb,692,6.624587,6.2460084,7.021538,6.2602344,6.031803,6.3395567,6.274834,5.8621845,7.061943,6.77663,6.449932
693,misc/galectin3_extra,misc/galectin3_extra/18i,../large_fep_dataset/data/fep_benchmark_processed/misc_galectin3_extra_18i.sdf,../large_fep_dataset/data/fep_benchmark_processed/misc_galectin3_extra_protein.pdb,693,7.2742968,6.6237493,7.160585,6.8382263,6.0452023,6.61176,6.291494,6.376109,6.8019996,6.748192,6.677161
694,misc/galectin3_extra,misc/galectin3_extra/17m,../large_fep_dataset/data/fep_benchmark_processed/misc_galectin3_extra_17m.sdf,../large_fep_dataset/data/fep_benchmark_processed/misc_galectin3_extra_protein.pdb,694,5.415553,5.016531,5.127595,5.267116,4.7542067,5.0936437,4.878153,5.213597,5.953456,4.8923445,5.1612196
695,misc/galectin3_extra,misc/galectin3_extra/17q,../large_fep_dataset/data/fep_benchmark_processed/misc_galectin3_extra_17q.sdf,../large_fep_dataset/data/fep_benchmark_processed/misc_galectin3_extra_protein.pdb,695,5.7861857,4.514742,5.2626324,5.0102077,4.2512813,4.0517945,4.848669,5.218624,5.474375,4.8343043,4.9252815
696,misc/galectin3_extra,misc/galectin3_extra/17r,../large_fep_dataset/data/fep_benchmark_processed/misc_galectin3_extra_17r.sdf,../large_fep_dataset/data/fep_benchmark_processed/misc_galectin3_extra_protein.pdb,696,5.4394846,4.634104,5.413322,4.7433934,4.3712945,4.166335,4.6820693,5.430247,5.3026466,5.0621977,4.9245095
697,misc/galectin3_extra,misc/galectin3_extra/17n,../large_fep_dataset/data/fep_benchmark_processed/misc_galectin3_extra_17n.sdf,../large_fep_dataset/data/fep_benchmark_processed/misc_galectin3_extra_protein.pdb,697,5.3840985,5.0319295,5.2933254,5.264063,4.299193,5.1491475,5.154223,5.578714,5.94514,4.9081197,5.200795
698,misc/galectin3_extra,misc/galectin3_extra/17p,../large_fep_dataset/data/fep_benchmark_processed/misc_galectin3_extra_17p.sdf,../large_fep_dataset/data/fep_benchmark_processed/misc_galectin3_extra_protein.pdb,698,5.5218244,5.547873,5.8549185,5.5718217,5.092501,5.357987,5.128671,5.5639663,5.8571725,4.9382343,5.4434967
699,misc/galectin3_extra,misc/galectin3_extra/17o,../large_fep_dataset/data/fep_benchmark_processed/misc_galectin3_extra_17o.sdf,../large_fep_dataset/data/fep_benchmark_processed/misc_galectin3_extra_protein.pdb,699,5.4209514,5.3226647,5.3179917,5.4382877,5.344789,5.443556,5.396746,5.50822,5.9198604,4.993737,5.4106803
700,misc/galectin3_extra,misc/galectin3_extra/17f,../large_fep_dataset/data/fep_benchmark_processed/misc_galectin3_extra_17f.sdf,../large_fep_dataset/data/fep_benchmark_processed/misc_galectin3_extra_protein.pdb,700,5.778948,5.367442,5.8780684,5.9200044,5.205394,6.3299794,6.3466706,5.8681073,6.317787,5.827899,5.8840303
701,misc/galectin3_extra,misc/galectin3_extra/17e,../large_fep_dataset/data/fep_benchmark_processed/misc_galectin3_extra_17e.sdf,../large_fep_dataset/data/fep_benchmark_processed/misc_galectin3_extra_protein.pdb,701,6.1894836,5.563101,6.0199084,6.146982,5.5745726,6.2972703,6.4541235,6.029436,6.6949005,5.987986,6.0957766
702,misc/galectin3_extra,misc/galectin3_extra/17g,../large_fep_dataset/data/fep_benchmark_processed/misc_galectin3_extra_17g.sdf,../large_fep_dataset/data/fep_benchmark_processed/misc_galectin3_extra_protein.pdb,702,6.4728765,5.970111,6.572612,6.2972426,5.588916,6.848949,6.8013706,6.121846,6.8453,6.4213595,6.394058
703,misc/galectin3_extra,misc/galectin3_extra/17a,../large_fep_dataset/data/fep_benchmark_processed/misc_galectin3_extra_17a.sdf,../large_fep_dataset/data/fep_benchmark_processed/misc_galectin3_extra_protein.pdb,703,5.0381846,5.0522637,5.203617,4.9572477,4.652744,5.122445,5.2880845,5.1398683,5.9815598,4.753415,5.118943
704,misc/galectin3_extra,misc/galectin3_extra/17j,../large_fep_dataset/data/fep_benchmark_processed/misc_galectin3_extra_17j.sdf,../large_fep_dataset/data/fep_benchmark_processed/misc_galectin3_extra_protein.pdb,704,5.277534,5.2253323,5.888898,5.585428,4.8120346,5.36325,5.3958745,5.6947637,6.1315627,5.2267017,5.460138
705,misc/galectin3_extra,misc/galectin3_extra/17l,../large_fep_dataset/data/fep_benchmark_processed/misc_galectin3_extra_17l.sdf,../large_fep_dataset/data/fep_benchmark_processed/misc_galectin3_extra_protein.pdb,705,5.2044973,5.152224,5.74163,5.6517105,5.0654283,5.4798594,5.527701,5.5364957,5.975624,5.3620386,5.469721
706,misc/galectin3_extra,misc/galectin3_extra/17c,../large_fep_dataset/data/fep_benchmark_processed/misc_galectin3_extra_17c.sdf,../large_fep_dataset/data/fep_benchmark_processed/misc_galectin3_extra_protein.pdb,706,5.835852,5.3765683,5.6988926,5.4922943,5.2125735,5.491013,5.781974,5.877607,6.4682884,5.692124,5.6927185
707,misc/galectin3_extra,misc/galectin3_extra/17k,../large_fep_dataset/data/fep_benchmark_processed/misc_galectin3_extra_17k.sdf,../large_fep_dataset/data/fep_benchmark_processed/misc_galectin3_extra_protein.pdb,707,5.766867,5.305012,6.1158915,6.04582,5.235276,5.350569,5.6194706,5.794962,5.893566,5.268545,5.6395974
708,misc/galectin3_extra,misc/galectin3_extra/17b,../large_fep_dataset/data/fep_benchmark_processed/misc_galectin3_extra_17b.sdf,../large_fep_dataset/data/fep_benchmark_processed/misc_galectin3_extra_protein.pdb,708,5.0996103,5.226804,5.6435733,5.4884424,4.99803,5.74692,5.6187835,5.3558493,6.4192357,4.9400325,5.453728
709,misc/galectin3_extra,misc/galectin3_extra/17h flip,../large_fep_dataset/data/fep_benchmark_processed/misc_galectin3_extra_17h_flip.sdf,../large_fep_dataset/data/fep_benchmark_processed/misc_galectin3_extra_protein.pdb,709,5.473852,5.494596,5.9386783,5.2277846,4.961523,5.669436,6.0761385,5.5995784,6.706521,5.2631903,5.64113
710,misc/galectin3_extra,misc/galectin3_extra/17i,../large_fep_dataset/data/fep_benchmark_processed/misc_galectin3_extra_17i.sdf,../large_fep_dataset/data/fep_benchmark_processed/misc_galectin3_extra_protein.pdb,710,5.3263907,5.4690356,5.766892,5.781611,4.8527937,4.996025,5.56373,5.491897,5.7937746,5.064664,5.4106812
711,misc/galectin3_extra,misc/galectin3_extra/17d,../large_fep_dataset/data/fep_benchmark_processed/misc_galectin3_extra_17d.sdf,../large_fep_dataset/data/fep_benchmark_processed/misc_galectin3_extra_protein.pdb,711,5.4994955,5.5532403,5.5973196,5.520428,5.1367097,5.5548253,5.663239,5.876354,6.422338,5.252563,5.607651
712,misc/btk_extra_flip,misc/btk_extra_flip/2,../large_fep_dataset/data/fep_benchmark_processed/misc_btk_extra_flip_2.sdf,../large_fep_dataset/data/fep_benchmark_processed/misc_btk_extra_flip_protein.pdb,712,4.9485774,5.219903,5.092784,6.074139,5.323705,5.348319,4.9501786,5.618335,4.714288,5.254547,5.2544775
713,misc/btk_extra_flip,misc/btk_extra_flip/7,../large_fep_dataset/data/fep_benchmark_processed/misc_btk_extra_flip_7.sdf,../large_fep_dataset/data/fep_benchmark_processed/misc_btk_extra_flip_protein.pdb,713,6.62079,7.162942,6.945133,7.246123,6.0489063,6.781659,6.185954,7.3594394,6.7565365,6.667241,6.7774725
714,misc/btk_extra_flip,misc/btk_extra_flip/8,../large_fep_dataset/data/fep_benchmark_processed/misc_btk_extra_flip_8.sdf,../large_fep_dataset/data/fep_benchmark_processed/misc_btk_extra_flip_protein.pdb,714,6.6181617,7.4126124,6.932451,6.565621,6.4681983,6.7789717,6.3810034,6.9402795,6.027305,6.8496423,6.697425
715,misc/btk_extra_flip,misc/btk_extra_flip/9 flip,../large_fep_dataset/data/fep_benchmark_processed/misc_btk_extra_flip_9_flip.sdf,../large_fep_dataset/data/fep_benchmark_processed/misc_btk_extra_flip_protein.pdb,715,6.705444,7.0776076,7.157702,6.466499,5.8680754,6.8613744,6.7501,7.2673645,6.795205,6.620004,6.7569375
716,misc/btk_extra_flip,misc/btk_extra_flip/10,../large_fep_dataset/data/fep_benchmark_processed/misc_btk_extra_flip_10.sdf,../large_fep_dataset/data/fep_benchmark_processed/misc_btk_extra_flip_protein.pdb,716,7.043489,7.810587,7.293084,7.1877027,7.2754045,7.275706,7.308098,7.111951,6.6380057,7.021074,7.1965103
717,misc/btk_extra_flip,misc/btk_extra_flip/11,../large_fep_dataset/data/fep_benchmark_processed/misc_btk_extra_flip_11.sdf,../large_fep_dataset/data/fep_benchmark_processed/misc_btk_extra_flip_protein.pdb,717,7.486999,8.141614,7.356159,6.9909234,7.201674,7.8767138,7.8369794,7.857167,6.817884,7.0903625,7.465647
718,opls_stress/cr_bace1,opls_stress/cr_bace1/4,../large_fep_dataset/data/fep_benchmark_processed/opls_stress_cr_bace1_4.sdf,../large_fep_dataset/data/fep_benchmark_processed/opls_stress_cr_bace1_protein.pdb,718,7.191172,6.774049,7.4314976,6.4163656,6.5795555,7.2387085,6.4860697,6.337912,7.005065,6.3670874,6.782748
719,opls_stress/cr_bace1,opls_stress/cr_bace1/1,../large_fep_dataset/data/fep_benchmark_processed/opls_stress_cr_bace1_1.sdf,../large_fep_dataset/data/fep_benchmark_processed/opls_stress_cr_bace1_protein.pdb,719,7.225679,6.8107457,7.215679,6.358866,7.1350226,7.0319095,6.671405,6.286577,6.5549474,6.449296,6.7740126
720,opls_stress/cr_bace1,opls_stress/cr_bace1/3,../large_fep_dataset/data/fep_benchmark_processed/opls_stress_cr_bace1_3.sdf,../large_fep_dataset/data/fep_benchmark_processed/opls_stress_cr_bace1_protein.pdb,720,6.8640447,6.300421,7.042521,6.6422777,6.89546,6.6178336,6.037144,6.615229,6.5725894,6.653731,6.6241255
721,opls_stress/cr_bace1,opls_stress/cr_bace1/7,../large_fep_dataset/data/fep_benchmark_processed/opls_stress_cr_bace1_7.sdf,../large_fep_dataset/data/fep_benchmark_processed/opls_stress_cr_bace1_protein.pdb,721,6.9345903,6.455713,7.0807867,6.302096,6.732608,6.6960287,6.9834886,6.7758355,6.741264,6.934499,6.763691
722,opls_stress/cr_bace1,opls_stress/cr_bace1/9R,../large_fep_dataset/data/fep_benchmark_processed/opls_stress_cr_bace1_9R.sdf,../large_fep_dataset/data/fep_benchmark_processed/opls_stress_cr_bace1_protein.pdb,722,7.0099516,6.5652285,7.033307,6.597774,7.0111623,6.8398356,6.5663157,6.8911223,6.5604763,6.6129255,6.7688093
723,opls_stress/cr_bace1,opls_stress/cr_bace1/5,../large_fep_dataset/data/fep_benchmark_processed/opls_stress_cr_bace1_5.sdf,../large_fep_dataset/data/fep_benchmark_processed/opls_stress_cr_bace1_protein.pdb,723,6.846292,6.4577317,7.050065,6.7457747,6.6242337,6.9971137,6.667733,6.3817334,6.784244,6.5730476,6.7127967
724,opls_stress/cr_bace1,opls_stress/cr_bace1/10,../large_fep_dataset/data/fep_benchmark_processed/opls_stress_cr_bace1_10.sdf,../large_fep_dataset/data/fep_benchmark_processed/opls_stress_cr_bace1_protein.pdb,724,6.363768,6.5179152,7.365779,6.4344773,6.562385,6.447692,6.304455,6.462375,6.6718254,6.448551,6.5579224
725,opls_stress/cr_bace1,opls_stress/cr_bace1/6,../large_fep_dataset/data/fep_benchmark_processed/opls_stress_cr_bace1_6.sdf,../large_fep_dataset/data/fep_benchmark_processed/opls_stress_cr_bace1_protein.pdb,725,7.44204,7.3871307,7.6619163,7.3102965,7.136457,7.5932446,7.5886855,7.3186584,7.220773,7.3860517,7.404525
726,opls_stress/cr_bace1,opls_stress/cr_bace1/2,../large_fep_dataset/data/fep_benchmark_processed/opls_stress_cr_bace1_2.sdf,../large_fep_dataset/data/fep_benchmark_processed/opls_stress_cr_bace1_protein.pdb,726,7.029051,6.6819344,7.1930213,6.7411437,6.808532,7.2364354,6.2783833,6.409088,6.449876,6.1441803,6.697164
727,opls_stress/cr_bace1,opls_stress/cr_bace1/9S,../large_fep_dataset/data/fep_benchmark_processed/opls_stress_cr_bace1_9S.sdf,../large_fep_dataset/data/fep_benchmark_processed/opls_stress_cr_bace1_protein.pdb,727,6.805822,6.4996657,7.008062,6.5226016,6.8075094,6.770565,6.733115,6.8368883,6.7824955,6.6325774,6.73993
728,opls_stress/cr_bace1,opls_stress/cr_bace1/8,../large_fep_dataset/data/fep_benchmark_processed/opls_stress_cr_bace1_8.sdf,../large_fep_dataset/data/fep_benchmark_processed/opls_stress_cr_bace1_protein.pdb,728,6.856187,6.358738,6.775433,6.54674,6.4688153,7.1798463,6.6241913,6.3456306,6.792228,6.0368495,6.598466
729,opls_stress/hc_bace1,opls_stress/hc_bace1/22256_26_0_ligand,../large_fep_dataset/data/fep_benchmark_processed/opls_stress_hc_bace1_22256_26_0_ligand.sdf,../large_fep_dataset/data/fep_benchmark_processed/opls_stress_hc_bace1_protein.pdb,729,7.074653,6.5247264,7.5662756,6.490011,7.305885,7.252115,7.195894,6.6803555,7.1109176,6.972659,7.0173483
730,opls_stress/hc_bace1,opls_stress/hc_bace1/22250_20_0_ligand,../large_fep_dataset/data/fep_benchmark_processed/opls_stress_hc_bace1_22250_20_0_ligand.sdf,../large_fep_dataset/data/fep_benchmark_processed/opls_stress_hc_bace1_protein.pdb,730,6.962942,6.287837,6.9240317,6.98619,6.7882223,6.8079653,7.064085,6.717705,6.9076133,6.815191,6.826178
731,opls_stress/hc_bace1,opls_stress/hc_bace1/22251_21_0_ligand,../large_fep_dataset/data/fep_benchmark_processed/opls_stress_hc_bace1_22251_21_0_ligand.sdf,../large_fep_dataset/data/fep_benchmark_processed/opls_stress_hc_bace1_protein.pdb,731,7.1076097,5.995149,6.837674,6.925589,6.6745434,6.7834597,7.045787,6.613873,7.0878725,6.837001,6.7908554
732,opls_stress/hc_bace1,opls_stress/hc_bace1/19677_19_0_ligand,../large_fep_dataset/data/fep_benchmark_processed/opls_stress_hc_bace1_19677_19_0_ligand.sdf,../large_fep_dataset/data/fep_benchmark_processed/opls_stress_hc_bace1_protein.pdb,732,7.2620173,6.284677,7.0952673,6.3943534,6.8474255,6.981198,6.75558,6.554978,6.949425,6.589929,6.7714853
733,opls_stress/hc_bace1,opls_stress/hc_bace1/22254_24_0_ligand,../large_fep_dataset/data/fep_benchmark_processed/opls_stress_hc_bace1_22254_24_0_ligand.sdf,../large_fep_dataset/data/fep_benchmark_processed/opls_stress_hc_bace1_protein.pdb,733,7.2063413,7.1003823,7.359149,7.409064,6.7534766,7.3278646,7.335647,6.8685875,6.8724265,6.743222,7.0976167
734,opls_stress/hc_bace1,opls_stress/hc_bace1/22252_22_0_ligand,../large_fep_dataset/data/fep_benchmark_processed/opls_stress_hc_bace1_22252_22_0_ligand.sdf,../large_fep_dataset/data/fep_benchmark_processed/opls_stress_hc_bace1_protein.pdb,734,6.922821,6.804162,6.8068843,7.0540805,6.3305955,7.1016626,7.1127605,6.552199,6.945027,6.895593,6.8525786
735,opls_stress/hc_bace1,opls_stress/hc_bace1/22253_23_0_ligand,../large_fep_dataset/data/fep_benchmark_processed/opls_stress_hc_bace1_22253_23_0_ligand.sdf,../large_fep_dataset/data/fep_benchmark_processed/opls_stress_hc_bace1_protein.pdb,735,6.906444,6.4167,6.955513,7.082232,6.401316,6.912294,6.9676466,6.4675326,6.8387556,6.773058,6.772149
736,opls_stress/fxa_yoshikawa_set,opls_stress/fxa_yoshikawa_set/5f,../large_fep_dataset/data/fep_benchmark_processed/opls_stress_fxa_yoshikawa_set_5f.sdf,../large_fep_dataset/data/fep_benchmark_processed/opls_stress_fxa_yoshikawa_set_protein.pdb,736,7.664092,7.3032985,7.9897227,7.746481,7.104747,7.2410207,7.4613323,7.5884643,7.515001,7.3478847,7.4962044
737,opls_stress/fxa_yoshikawa_set,opls_stress/fxa_yoshikawa_set/5g,../large_fep_dataset/data/fep_benchmark_processed/opls_stress_fxa_yoshikawa_set_5g.sdf,../large_fep_dataset/data/fep_benchmark_processed/opls_stress_fxa_yoshikawa_set_protein.pdb,737,7.468066,7.671726,7.062433,7.7987695,7.1471977,7.494568,7.4584365,7.5457087,7.28353,7.5662265,7.449666
738,opls_stress/fxa_yoshikawa_set,opls_stress/fxa_yoshikawa_set/5e,../large_fep_dataset/data/fep_benchmark_processed/opls_stress_fxa_yoshikawa_set_5e.sdf,../large_fep_dataset/data/fep_benchmark_processed/opls_stress_fxa_yoshikawa_set_protein.pdb,738,7.479446,7.225061,7.446718,7.8641415,7.2520733,7.619954,6.8879113,7.6973557,7.759529,7.409584,7.4641776
739,opls_stress/fxa_yoshikawa_set,opls_stress/fxa_yoshikawa_set/5i,../large_fep_dataset/data/fep_benchmark_processed/opls_stress_fxa_yoshikawa_set_5i.sdf,../large_fep_dataset/data/fep_benchmark_processed/opls_stress_fxa_yoshikawa_set_protein.pdb,739,7.690431,7.4555793,7.729895,7.87636,7.631816,7.482986,7.8019753,8.167051,7.665079,7.2480893,7.6749268
740,opls_stress/fxa_yoshikawa_set,opls_stress/fxa_yoshikawa_set/5b,../large_fep_dataset/data/fep_benchmark_processed/opls_stress_fxa_yoshikawa_set_5b.sdf,../large_fep_dataset/data/fep_benchmark_processed/opls_stress_fxa_yoshikawa_set_protein.pdb,740,7.5434523,7.1603465,7.443245,7.800665,7.3625617,7.284798,7.130051,7.5522485,7.6483483,7.4022555,7.4327965
741,opls_stress/fxa_yoshikawa_set,opls_stress/fxa_yoshikawa_set/5h,../large_fep_dataset/data/fep_benchmark_processed/opls_stress_fxa_yoshikawa_set_5h.sdf,../large_fep_dataset/data/fep_benchmark_processed/opls_stress_fxa_yoshikawa_set_protein.pdb,741,7.5741377,7.3376665,7.4901524,7.859231,7.0849543,7.3884892,7.8267636,7.907621,7.5109534,7.269584,7.524955
742,opls_stress/fxa_yoshikawa_set,opls_stress/fxa_yoshikawa_set/5a,../large_fep_dataset/data/fep_benchmark_processed/opls_stress_fxa_yoshikawa_set_5a.sdf,../large_fep_dataset/data/fep_benchmark_processed/opls_stress_fxa_yoshikawa_set_protein.pdb,742,7.192904,7.6312404,7.3687186,7.719793,7.1337843,7.486233,7.2937117,7.3636374,7.2534084,7.31908,7.3762503
743,opls_stress/fxa_yoshikawa_set,opls_stress/fxa_yoshikawa_set/5k,../large_fep_dataset/data/fep_benchmark_processed/opls_stress_fxa_yoshikawa_set_5k.sdf,../large_fep_dataset/data/fep_benchmark_processed/opls_stress_fxa_yoshikawa_set_protein.pdb,743,7.603433,7.010517,7.0760226,7.5983295,7.114235,7.1593184,6.609856,7.3087106,6.954413,6.8144407,7.1249275
744,opls_stress/fxa_yoshikawa_set,opls_stress/fxa_yoshikawa_set/5d,../large_fep_dataset/data/fep_benchmark_processed/opls_stress_fxa_yoshikawa_set_5d.sdf,../large_fep_dataset/data/fep_benchmark_processed/opls_stress_fxa_yoshikawa_set_protein.pdb,744,7.8895583,7.311441,7.7216883,7.767061,7.530007,7.3801303,7.481925,7.655012,7.557354,7.457959,7.5752134
745,opls_stress/fxa_yoshikawa_set,opls_stress/fxa_yoshikawa_set/5c,../large_fep_dataset/data/fep_benchmark_processed/opls_stress_fxa_yoshikawa_set_5c.sdf,../large_fep_dataset/data/fep_benchmark_processed/opls_stress_fxa_yoshikawa_set_protein.pdb,745,7.644261,7.2935634,7.6370654,7.744997,7.5886555,7.4464393,7.493058,7.808498,7.7306776,7.3812556,7.576847
746,opls_stress/fxa_yoshikawa_set,opls_stress/fxa_yoshikawa_set/8e,../large_fep_dataset/data/fep_benchmark_processed/opls_stress_fxa_yoshikawa_set_8e.sdf,../large_fep_dataset/data/fep_benchmark_processed/opls_stress_fxa_yoshikawa_set_protein.pdb,746,6.7673736,6.8520856,7.299115,7.1324434,6.342956,6.889488,6.7345333,7.453225,6.9658256,6.5566716,6.899372
747,opls_stress/fxa_yoshikawa_set,opls_stress/fxa_yoshikawa_set/8b,../large_fep_dataset/data/fep_benchmark_processed/opls_stress_fxa_yoshikawa_set_8b.sdf,../large_fep_dataset/data/fep_benchmark_processed/opls_stress_fxa_yoshikawa_set_protein.pdb,747,6.7952,7.1543536,7.339943,7.4805593,6.8506813,6.784043,7.198211,7.5302577,6.8645544,7.12131,7.111912
748,opls_stress/fxa_yoshikawa_set,opls_stress/fxa_yoshikawa_set/8d,../large_fep_dataset/data/fep_benchmark_processed/opls_stress_fxa_yoshikawa_set_8d.sdf,../large_fep_dataset/data/fep_benchmark_processed/opls_stress_fxa_yoshikawa_set_protein.pdb,748,7.0340934,7.103695,6.975377,7.2257814,6.35043,6.6702514,7.2698836,7.1639185,6.653306,6.7952213,6.9241953
749,opls_stress/fxa_yoshikawa_set,opls_stress/fxa_yoshikawa_set/8c,../large_fep_dataset/data/fep_benchmark_processed/opls_stress_fxa_yoshikawa_set_8c.sdf,../large_fep_dataset/data/fep_benchmark_processed/opls_stress_fxa_yoshikawa_set_protein.pdb,749,6.7686,6.8802133,7.1153564,7.495495,6.7634478,6.962569,7.0045996,7.5037303,6.731406,7.182317,7.040774
750,opls_stress/fxa_yoshikawa_set,opls_stress/fxa_yoshikawa_set/8g,../large_fep_dataset/data/fep_benchmark_processed/opls_stress_fxa_yoshikawa_set_8g.sdf,../large_fep_dataset/data/fep_benchmark_processed/opls_stress_fxa_yoshikawa_set_protein.pdb,750,6.737157,6.6344504,7.1740723,6.918474,6.447865,6.5539684,6.6478205,7.3550477,7.048639,6.229907,6.7747397
751,opls_stress/fxa_yoshikawa_set,opls_stress/fxa_yoshikawa_set/A_cor,../large_fep_dataset/data/fep_benchmark_processed/opls_stress_fxa_yoshikawa_set_A_cor.sdf,../large_fep_dataset/data/fep_benchmark_processed/opls_stress_fxa_yoshikawa_set_protein.pdb,751,6.640363,6.8851295,7.045537,7.234976,6.687981,6.7042236,7.0021605,7.4318514,6.9805827,6.720987,6.933379
752,opls_stress/fxa_yoshikawa_set,opls_stress/fxa_yoshikawa_set/8f,../large_fep_dataset/data/fep_benchmark_processed/opls_stress_fxa_yoshikawa_set_8f.sdf,../large_fep_dataset/data/fep_benchmark_processed/opls_stress_fxa_yoshikawa_set_protein.pdb,752,7.1604557,6.6960764,6.9913397,7.0639653,7.041541,6.352216,7.296111,7.248318,7.333152,6.3412156,6.9524393
753,opls_stress/fxa_yoshikawa_set,opls_stress/fxa_yoshikawa_set/8a,../large_fep_dataset/data/fep_benchmark_processed/opls_stress_fxa_yoshikawa_set_8a.sdf,../large_fep_dataset/data/fep_benchmark_processed/opls_stress_fxa_yoshikawa_set_protein.pdb,753,6.590763,6.748493,7.2650433,7.1994367,6.688058,6.635402,7.018964,7.579458,6.6833515,6.5503507,6.895932
754,opls_stress/fxa_yoshikawa_set,opls_stress/fxa_yoshikawa_set/8h,../large_fep_dataset/data/fep_benchmark_processed/opls_stress_fxa_yoshikawa_set_8h.sdf,../large_fep_dataset/data/fep_benchmark_processed/opls_stress_fxa_yoshikawa_set_protein.pdb,754,7.086791,7.0593615,7.300673,7.1439066,7.273897,6.7791886,7.1134796,7.447477,7.241948,7.350525,7.1797247
755,opls_stress/fxa_yoshikawa_set,opls_stress/fxa_yoshikawa_set/8i,../large_fep_dataset/data/fep_benchmark_processed/opls_stress_fxa_yoshikawa_set_8i.sdf,../large_fep_dataset/data/fep_benchmark_processed/opls_stress_fxa_yoshikawa_set_protein.pdb,755,6.9836802,7.348306,6.9860835,7.2924356,7.343783,6.741683,7.4087105,6.9865766,7.158585,7.3350463,7.158489
756,opls_stress/fxa_yoshikawa_set,opls_stress/fxa_yoshikawa_set/8j,../large_fep_dataset/data/fep_benchmark_processed/opls_stress_fxa_yoshikawa_set_8j.sdf,../large_fep_dataset/data/fep_benchmark_processed/opls_stress_fxa_yoshikawa_set_protein.pdb,756,6.974061,7.3737097,7.39092,7.317606,7.2644744,6.932755,7.377833,7.3972363,7.267869,7.1745296,7.2470994
757,opls_stress/fxa_yoshikawa_set,opls_stress/fxa_yoshikawa_set/8k,../large_fep_dataset/data/fep_benchmark_processed/opls_stress_fxa_yoshikawa_set_8k.sdf,../large_fep_dataset/data/fep_benchmark_processed/opls_stress_fxa_yoshikawa_set_protein.pdb,757,7.188456,7.7187295,7.46024,7.4790835,7.2412286,7.2076364,7.436738,7.5137672,7.0821395,6.986572,7.331459
758,opls_stress/fxa_yoshikawa_set,opls_stress/fxa_yoshikawa_set/8l,../large_fep_dataset/data/fep_benchmark_processed/opls_stress_fxa_yoshikawa_set_8l.sdf,../large_fep_dataset/data/fep_benchmark_processed/opls_stress_fxa_yoshikawa_set_protein.pdb,758,7.0299006,7.621689,7.384845,7.3947372,6.9690585,7.0413985,7.282856,7.4263024,7.044951,7.2665467,7.2462287
759,opls_stress/fxa_yoshikawa_set,opls_stress/fxa_yoshikawa_set/8m,../large_fep_dataset/data/fep_benchmark_processed/opls_stress_fxa_yoshikawa_set_8m.sdf,../large_fep_dataset/data/fep_benchmark_processed/opls_stress_fxa_yoshikawa_set_protein.pdb,759,7.189462,7.5119042,7.3268957,7.4601164,7.12482,7.4627733,7.813223,7.3956556,7.5575714,7.1266036,7.3969026
760,opls_stress/fxa_yoshikawa_set,opls_stress/fxa_yoshikawa_set/8n,../large_fep_dataset/data/fep_benchmark_processed/opls_stress_fxa_yoshikawa_set_8n.sdf,../large_fep_dataset/data/fep_benchmark_processed/opls_stress_fxa_yoshikawa_set_protein.pdb,760,6.9072027,7.1794243,7.04334,7.2781577,7.204778,6.9069953,6.818663,7.21616,7.1276617,7.1836605,7.086604
761,opls_stress/fxa_yoshikawa_set,opls_stress/fxa_yoshikawa_set/8o,../large_fep_dataset/data/fep_benchmark_processed/opls_stress_fxa_yoshikawa_set_8o.sdf,../large_fep_dataset/data/fep_benchmark_processed/opls_stress_fxa_yoshikawa_set_protein.pdb,761,6.370481,6.7029676,6.975612,6.90119,6.7136693,6.2719207,6.827198,7.3268886,7.1547117,6.626956,6.78716
762,opls_stress/fxa_yoshikawa_set,opls_stress/fxa_yoshikawa_set/8p,../large_fep_dataset/data/fep_benchmark_processed/opls_stress_fxa_yoshikawa_set_8p.sdf,../large_fep_dataset/data/fep_benchmark_processed/opls_stress_fxa_yoshikawa_set_protein.pdb,762,6.460443,6.9177155,7.0726333,7.312173,6.9985676,6.8411183,7.358042,7.5835514,6.804538,6.953393,7.0302176
763,opls_stress/cr_bace2,opls_stress/cr_bace2/22,../large_fep_dataset/data/fep_benchmark_processed/opls_stress_cr_bace2_22.sdf,../large_fep_dataset/data/fep_benchmark_processed/opls_stress_cr_bace2_protein.pdb,763,6.900094,6.9135184,7.305402,6.9494853,6.7102857,6.709658,6.6432805,6.797028,7.0900917,6.521987,6.854083
764,opls_stress/cr_bace2,opls_stress/cr_bace2/16,../large_fep_dataset/data/fep_benchmark_processed/opls_stress_cr_bace2_16.sdf,../large_fep_dataset/data/fep_benchmark_processed/opls_stress_cr_bace2_protein.pdb,764,7.2953534,7.216295,7.1828523,6.4559336,6.3933034,7.405844,6.6173997,6.626441,7.001511,6.7179966,6.8912935
765,opls_stress/cr_bace2,opls_stress/cr_bace2/11,../large_fep_dataset/data/fep_benchmark_processed/opls_stress_cr_bace2_11.sdf,../large_fep_dataset/data/fep_benchmark_processed/opls_stress_cr_bace2_protein.pdb,765,7.0554643,7.1630955,6.938576,6.2457156,6.435178,6.7807484,6.216594,6.3843603,7.1476264,6.0654755,6.643283
766,opls_stress/cr_bace2,opls_stress/cr_bace2/21,../large_fep_dataset/data/fep_benchmark_processed/opls_stress_cr_bace2_21.sdf,../large_fep_dataset/data/fep_benchmark_processed/opls_stress_cr_bace2_protein.pdb,766,7.006796,7.0634103,7.523429,6.611313,6.3149214,7.231827,6.7219024,6.6010575,7.0293303,6.198076,6.8302064
767,opls_stress/cr_bace2,opls_stress/cr_bace2/24,../large_fep_dataset/data/fep_benchmark_processed/opls_stress_cr_bace2_24.sdf,../large_fep_dataset/data/fep_benchmark_processed/opls_stress_cr_bace2_protein.pdb,767,7.0372677,6.394505,7.1973634,6.291682,6.2635846,7.148581,6.3880568,6.3073125,6.7947555,5.7616816,6.5584793
768,opls_stress/cr_bace2,opls_stress/cr_bace2/12,../large_fep_dataset/data/fep_benchmark_processed/opls_stress_cr_bace2_12.sdf,../large_fep_dataset/data/fep_benchmark_processed/opls_stress_cr_bace2_protein.pdb,768,7.209022,6.8746276,7.0861297,6.0504827,6.5962005,6.9421535,6.509912,6.4925046,6.832838,6.1045227,6.669839
769,opls_stress/cr_bace2,opls_stress/cr_bace2/20,../large_fep_dataset/data/fep_benchmark_processed/opls_stress_cr_bace2_20.sdf,../large_fep_dataset/data/fep_benchmark_processed/opls_stress_cr_bace2_protein.pdb,769,7.2215204,7.091201,7.231546,6.378426,6.466739,7.05583,6.474823,6.5409307,7.1436815,6.2730117,6.7877707
770,opls_stress/cr_bace2,opls_stress/cr_bace2/19,../large_fep_dataset/data/fep_benchmark_processed/opls_stress_cr_bace2_19.sdf,../large_fep_dataset/data/fep_benchmark_processed/opls_stress_cr_bace2_protein.pdb,770,7.3812594,7.249106,7.473658,6.451569,6.595674,7.4779096,6.825764,7.1446095,7.1687527,6.8470683,7.0615373
771,opls_stress/cr_bace2,opls_stress/cr_bace2/13,../large_fep_dataset/data/fep_benchmark_processed/opls_stress_cr_bace2_13.sdf,../large_fep_dataset/data/fep_benchmark_processed/opls_stress_cr_bace2_protein.pdb,771,7.066032,7.3214574,7.025494,6.2708664,6.7678623,7.0765257,6.5672855,6.760582,7.020175,6.499991,6.8376274
772,opls_stress/cr_bace2,opls_stress/cr_bace2/23,../large_fep_dataset/data/fep_benchmark_processed/opls_stress_cr_bace2_23.sdf,../large_fep_dataset/data/fep_benchmark_processed/opls_stress_cr_bace2_protein.pdb,772,6.5767684,7.0496073,7.3239694,6.3933916,6.5455422,7.2216887,6.556956,6.9035974,6.673819,6.136449,6.738179
773,opls_stress/cr_bace2,opls_stress/cr_bace2/15,../large_fep_dataset/data/fep_benchmark_processed/opls_stress_cr_bace2_15.sdf,../large_fep_dataset/data/fep_benchmark_processed/opls_stress_cr_bace2_protein.pdb,773,7.4737473,7.3319445,7.3955364,6.62202,6.663321,7.524209,6.894351,6.8940525,7.15545,6.7477145,7.070235
774,opls_stress/cr_bace2,opls_stress/cr_bace2/14,../large_fep_dataset/data/fep_benchmark_processed/opls_stress_cr_bace2_14.sdf,../large_fep_dataset/data/fep_benchmark_processed/opls_stress_cr_bace2_protein.pdb,774,7.150723,7.1311173,6.884982,6.2279096,6.514339,6.7936835,6.63532,6.468398,6.703214,6.0777383,6.658742
775,opls_stress/fxa_set3,opls_stress/fxa_set3/20814_6,../large_fep_dataset/data/fep_benchmark_processed/opls_stress_fxa_set3_20814_6.sdf,../large_fep_dataset/data/fep_benchmark_processed/opls_stress_fxa_set3_protein.pdb,775,7.8256106,8.292374,7.813544,7.918434,7.481984,7.727382,7.733384,8.053261,7.8415294,7.708872,7.839637
776,opls_stress/fxa_set3,opls_stress/fxa_set3/20539_10,../large_fep_dataset/data/fep_benchmark_processed/opls_stress_fxa_set3_20539_10.sdf,../large_fep_dataset/data/fep_benchmark_processed/opls_stress_fxa_set3_protein.pdb,776,7.5600424,8.188803,7.9500885,7.4954963,7.6572094,7.602153,7.681636,8.122096,7.7954726,7.7742815,7.7827287
777,opls_stress/fxa_set3,opls_stress/fxa_set3/20820_11,../large_fep_dataset/data/fep_benchmark_processed/opls_stress_fxa_set3_20820_11.sdf,../large_fep_dataset/data/fep_benchmark_processed/opls_stress_fxa_set3_protein.pdb,777,7.3196626,7.89953,7.3779736,7.410134,7.1753335,7.2515,7.368703,7.9982376,7.1960516,7.21444,7.4211564
778,opls_stress/fxa_set3,opls_stress/fxa_set3/20819_8,../large_fep_dataset/data/fep_benchmark_processed/opls_stress_fxa_set3_20819_8.sdf,../large_fep_dataset/data/fep_benchmark_processed/opls_stress_fxa_set3_protein.pdb,778,8.125143,7.86996,8.081101,7.8540955,7.635814,7.555409,7.73656,8.131705,7.8617196,7.4390798,7.8290586
779,opls_stress/fxa_set6,opls_stress/fxa_set6/21083,../large_fep_dataset/data/fep_benchmark_processed/opls_stress_fxa_set6_21083.sdf,../large_fep_dataset/data/fep_benchmark_processed/opls_stress_fxa_set6_protein.pdb,779,6.961915,7.289665,7.3368187,7.589132,7.57745,7.6714005,7.194328,6.941923,6.6676135,6.895105,7.212535
780,opls_stress/fxa_set6,opls_stress/fxa_set6/21084,../large_fep_dataset/data/fep_benchmark_processed/opls_stress_fxa_set6_21084.sdf,../large_fep_dataset/data/fep_benchmark_processed/opls_stress_fxa_set6_protein.pdb,780,7.5204577,7.4473996,7.7755127,7.6691046,7.79157,8.013772,7.940065,7.380537,7.106954,7.5337296,7.61791
781,opls_stress/fxa_set6,opls_stress/fxa_set6/21085,../large_fep_dataset/data/fep_benchmark_processed/opls_stress_fxa_set6_21085.sdf,../large_fep_dataset/data/fep_benchmark_processed/opls_stress_fxa_set6_protein.pdb,781,7.5472317,7.463802,7.74463,7.7071013,7.8539762,8.014879,8.097343,7.583691,7.708531,7.8333173,7.7554502
782,opls_stress/fxa_set6,opls_stress/fxa_set6/21086,../large_fep_dataset/data/fep_benchmark_processed/opls_stress_fxa_set6_21086.sdf,../large_fep_dataset/data/fep_benchmark_processed/opls_stress_fxa_set6_protein.pdb,782,7.418152,7.518421,7.4310417,7.93929,7.718958,8.102202,8.059977,7.710163,7.6274343,7.826499,7.735214
783,opls_stress/fxa_set6,opls_stress/fxa_set6/20524_2j95_cys,../large_fep_dataset/data/fep_benchmark_processed/opls_stress_fxa_set6_20524_2j95_cys.sdf,../large_fep_dataset/data/fep_benchmark_processed/opls_stress_fxa_set6_protein.pdb,783,7.4882317,7.573642,7.592177,7.748185,8.027149,8.110073,8.111613,7.4185863,7.4878798,7.839313,7.739685
784,opls_stress/fxa_set6,opls_stress/fxa_set6/21087,../large_fep_dataset/data/fep_benchmark_processed/opls_stress_fxa_set6_21087.sdf,../large_fep_dataset/data/fep_benchmark_processed/opls_stress_fxa_set6_protein.pdb,784,7.7920756,7.5693974,7.6303225,7.9051366,7.824809,8.147162,8.460096,7.7983046,7.806406,7.908546,7.8842263
785,opls_stress/fxa_set5,opls_stress/fxa_set5/20705_cys,../large_fep_dataset/data/fep_benchmark_processed/opls_stress_fxa_set5_20705_cys.sdf,../large_fep_dataset/data/fep_benchmark_processed/opls_stress_fxa_set5_protein.pdb,785,7.215186,6.9747815,7.246234,7.9157486,7.2436776,7.6751466,6.9935794,7.354132,7.8863606,7.537272,7.404212
786,opls_stress/fxa_set5,opls_stress/fxa_set5/21331,../large_fep_dataset/data/fep_benchmark_processed/opls_stress_fxa_set5_21331.sdf,../large_fep_dataset/data/fep_benchmark_processed/opls_stress_fxa_set5_protein.pdb,786,7.3414516,7.2237825,7.229445,7.747437,6.7912865,7.4459023,6.6757216,7.1641364,7.602225,7.448609,7.2669997
787,opls_stress/hc_bace2,opls_stress/hc_bace2/37_0_ligand,../large_fep_dataset/data/fep_benchmark_processed/opls_stress_hc_bace2_37_0_ligand.sdf,../large_fep_dataset/data/fep_benchmark_processed/opls_stress_hc_bace2_protein.pdb,787,6.722911,6.5805035,6.357311,6.286667,6.240309,6.7847505,6.7023273,6.112176,6.3071213,6.029251,6.412332
788,opls_stress/hc_bace2,opls_stress/hc_bace2/35_0_ligand,../large_fep_dataset/data/fep_benchmark_processed/opls_stress_hc_bace2_35_0_ligand.sdf,../large_fep_dataset/data/fep_benchmark_processed/opls_stress_hc_bace2_protein.pdb,788,6.875702,6.506598,7.1552267,6.889395,7.1350346,7.0769463,6.618018,6.578944,6.857271,7.0475707,6.8740706
789,opls_stress/hc_bace2,opls_stress/hc_bace2/39_0_ligand,../large_fep_dataset/data/fep_benchmark_processed/opls_stress_hc_bace2_39_0_ligand.sdf,../large_fep_dataset/data/fep_benchmark_processed/opls_stress_hc_bace2_protein.pdb,789,6.9208565,6.4175954,6.928572,6.764546,6.636721,7.03225,6.708319,6.4766793,7.026911,6.5364084,6.744886
790,opls_stress/hc_bace2,opls_stress/hc_bace2/34_0_ligand,../large_fep_dataset/data/fep_benchmark_processed/opls_stress_hc_bace2_34_0_ligand.sdf,../large_fep_dataset/data/fep_benchmark_processed/opls_stress_hc_bace2_protein.pdb,790,7.022114,6.491298,7.189937,6.4178085,6.740898,7.0215235,6.7493634,6.7901106,6.099463,6.750211,6.727273
791,opls_stress/hc_bace2,opls_stress/hc_bace2/40_0_ligand,../large_fep_dataset/data/fep_benchmark_processed/opls_stress_hc_bace2_40_0_ligand.sdf,../large_fep_dataset/data/fep_benchmark_processed/opls_stress_hc_bace2_protein.pdb,791,7.0135813,6.8305984,7.331128,7.00977,6.890494,7.20377,6.7470236,6.4633193,6.6145654,6.732538,6.8836794
792,opls_stress/hc_bace2,opls_stress/hc_bace2/30_0_ligand,../large_fep_dataset/data/fep_benchmark_processed/opls_stress_hc_bace2_30_0_ligand.sdf,../large_fep_dataset/data/fep_benchmark_processed/opls_stress_hc_bace2_protein.pdb,792,6.7677565,6.298028,6.4380236,6.495586,6.2284164,6.916612,6.545862,5.9443216,6.2969236,6.0713506,6.4002886
793,opls_stress/hc_bace2,opls_stress/hc_bace2/33_0_ligand,../large_fep_dataset/data/fep_benchmark_processed/opls_stress_hc_bace2_33_0_ligand.sdf,../large_fep_dataset/data/fep_benchmark_processed/opls_stress_hc_bace2_protein.pdb,793,6.9960384,6.408311,7.1165586,6.839975,7.050746,7.335848,6.656072,6.2523985,6.8941708,6.9602056,6.8510323
794,opls_stress/hc_bace2,opls_stress/hc_bace2/41_0_ligand,../large_fep_dataset/data/fep_benchmark_processed/opls_stress_hc_bace2_41_0_ligand.sdf,../large_fep_dataset/data/fep_benchmark_processed/opls_stress_hc_bace2_protein.pdb,794,6.6492767,6.613826,6.9262567,7.0667257,6.608248,7.0435753,6.9421945,6.407145,6.90748,6.593958,6.775869
795,opls_stress/hc_bace2,opls_stress/hc_bace2/42_0_ligand,../large_fep_dataset/data/fep_benchmark_processed/opls_stress_hc_bace2_42_0_ligand.sdf,../large_fep_dataset/data/fep_benchmark_processed/opls_stress_hc_bace2_protein.pdb,795,6.8891687,6.60585,6.644306,7.0413475,6.303219,6.948893,6.9497647,6.6509547,6.7071486,6.805901,6.7546554
796,opls_stress/hc_bace2,opls_stress/hc_bace2/44_0_ligand,../large_fep_dataset/data/fep_benchmark_processed/opls_stress_hc_bace2_44_0_ligand.sdf,../large_fep_dataset/data/fep_benchmark_processed/opls_stress_hc_bace2_protein.pdb,796,6.772058,6.1168227,6.375003,6.7247076,6.2677803,6.916294,6.5469837,6.3270245,6.254392,6.3349557,6.4636025
797,opls_stress/fxa_set4,opls_stress/fxa_set4/1s,../large_fep_dataset/data/fep_benchmark_processed/opls_stress_fxa_set4_1s.sdf,../large_fep_dataset/data/fep_benchmark_processed/opls_stress_fxa_set4_protein.pdb,797,7.4860773,7.497379,7.2128096,7.489227,7.2947135,8.146608,7.283202,7.9961967,7.383404,7.3737373,7.516336
798,opls_stress/fxa_set4,opls_stress/fxa_set4/21080_1j,../large_fep_dataset/data/fep_benchmark_processed/opls_stress_fxa_set4_21080_1j.sdf,../large_fep_dataset/data/fep_benchmark_processed/opls_stress_fxa_set4_protein.pdb,798,7.9523444,7.6613026,7.8561287,7.6579084,7.5293226,8.048585,7.5865965,8.1245985,7.9068375,7.726312,7.8049936
799,opls_stress/fxa_set4,opls_stress/fxa_set4/21030_1o,../large_fep_dataset/data/fep_benchmark_processed/opls_stress_fxa_set4_21030_1o.sdf,../large_fep_dataset/data/fep_benchmark_processed/opls_stress_fxa_set4_protein.pdb,799,7.701856,7.374924,7.857783,7.6073513,7.4148173,8.017654,7.706064,7.849006,7.4836593,7.503668,7.6516786
800,opls_stress/fxa_set4,opls_stress/fxa_set4/21028_1r,../large_fep_dataset/data/fep_benchmark_processed/opls_stress_fxa_set4_21028_1r.sdf,../large_fep_dataset/data/fep_benchmark_processed/opls_stress_fxa_set4_protein.pdb,800,7.8264008,7.593975,7.5609856,7.705681,7.43077,7.8588195,8.078987,8.179774,7.7638545,7.6275773,7.7626824
801,opls_stress/fxa_set4,opls_stress/fxa_set4/21027_1q,../large_fep_dataset/data/fep_benchmark_processed/opls_stress_fxa_set4_21027_1q.sdf,../large_fep_dataset/data/fep_benchmark_processed/opls_stress_fxa_set4_protein.pdb,801,8.154024,7.748096,7.7780247,7.691393,7.532976,8.087052,7.9073253,8.274442,7.786015,7.7004814,7.8659835
802,opls_stress/fxa_set4,opls_stress/fxa_set4/1t,../large_fep_dataset/data/fep_benchmark_processed/opls_stress_fxa_set4_1t.sdf,../large_fep_dataset/data/fep_benchmark_processed/opls_stress_fxa_set4_protein.pdb,802,7.5451913,7.392914,7.1984887,7.573473,7.190414,8.148597,7.291433,7.849427,7.3685937,7.2952924,7.485382
803,opls_stress/fxa_set4,opls_stress/fxa_set4/16352_1e,../large_fep_dataset/data/fep_benchmark_processed/opls_stress_fxa_set4_16352_1e.sdf,../large_fep_dataset/data/fep_benchmark_processed/opls_stress_fxa_set4_protein.pdb,803,8.179997,7.5125875,8.004896,7.548799,7.7916517,8.357452,7.7779374,8.026431,7.723055,7.7535253,7.867634
804,opls_stress/fxa_set4,opls_stress/fxa_set4/21081_1k,../large_fep_dataset/data/fep_benchmark_processed/opls_stress_fxa_set4_21081_1k.sdf,../large_fep_dataset/data/fep_benchmark_processed/opls_stress_fxa_set4_protein.pdb,804,7.9238315,7.7663503,7.8464437,7.609036,7.411751,8.252008,7.851712,8.214026,7.848802,7.6738887,7.839785
805,opls_stress/fxa_set4,opls_stress/fxa_set4/21031_1p,../large_fep_dataset/data/fep_benchmark_processed/opls_stress_fxa_set4_21031_1p.sdf,../large_fep_dataset/data/fep_benchmark_processed/opls_stress_fxa_set4_protein.pdb,805,7.4843717,7.3871155,7.7523947,7.7655945,7.5288053,8.06574,7.570393,8.042777,7.4750247,7.518538,7.6590753
806,opls_stress/fxa_set4,opls_stress/fxa_set4/16353_1d,../large_fep_dataset/data/fep_benchmark_processed/opls_stress_fxa_set4_16353_1d.sdf,../large_fep_dataset/data/fep_benchmark_processed/opls_stress_fxa_set4_protein.pdb,806,7.7966323,7.5885043,7.9757752,7.651346,7.633791,8.407058,7.988833,8.150217,7.6820636,7.869776,7.8743997
807,opls_stress/fxa_set4,opls_stress/fxa_set4/21082_1l,../large_fep_dataset/data/fep_benchmark_processed/opls_stress_fxa_set4_21082_1l.sdf,../large_fep_dataset/data/fep_benchmark_processed/opls_stress_fxa_set4_protein.pdb,807,8.437332,7.790802,7.862482,7.5596933,7.7989836,8.161938,7.604491,8.082074,7.7569084,7.7561426,7.8810844
808,opls_stress/chk1_set2,opls_stress/chk1_set2/17374_cys,../large_fep_dataset/data/fep_benchmark_processed/opls_stress_chk1_set2_17374_cys.sdf,../large_fep_dataset/data/fep_benchmark_processed/opls_stress_chk1_set2_protein.pdb,808,7.8460417,7.8539805,8.603711,7.2940493,7.8241506,8.299192,7.2918897,8.163098,8.389085,8.099084,7.966428
809,opls_stress/chk1_set2,opls_stress/chk1_set2/17509,../large_fep_dataset/data/fep_benchmark_processed/opls_stress_chk1_set2_17509.sdf,../large_fep_dataset/data/fep_benchmark_processed/opls_stress_chk1_set2_protein.pdb,809,7.3193626,7.457617,8.199128,7.4841385,7.452044,7.9752655,7.601049,7.985264,7.3373194,7.590172,7.640136
810,opls_stress/chk1_set3,opls_stress/chk1_set3/23882,../large_fep_dataset/data/fep_benchmark_processed/opls_stress_chk1_set3_23882.sdf,../large_fep_dataset/data/fep_benchmark_processed/opls_stress_chk1_set3_protein.pdb,810,6.906394,6.7384152,6.3920135,6.38688,6.823447,6.768943,6.642186,7.008746,7.3046136,7.0449386,6.8016577
811,opls_stress/chk1_set3,opls_stress/chk1_set3/23703_cys,../large_fep_dataset/data/fep_benchmark_processed/opls_stress_chk1_set3_23703_cys.sdf,../large_fep_dataset/data/fep_benchmark_processed/opls_stress_chk1_set3_protein.pdb,811,7.069227,7.57461,7.136344,6.3690815,6.8724527,6.9422836,7.0610814,7.188113,7.406989,7.311301,7.0931487
812,opls_stress/chk1_set3,opls_stress/chk1_set3/23864,../large_fep_dataset/data/fep_benchmark_processed/opls_stress_chk1_set3_23864.sdf,../large_fep_dataset/data/fep_benchmark_processed/opls_stress_chk1_set3_protein.pdb,812,6.9904165,7.3503284,6.8166986,6.9574413,7.188799,7.3596444,6.9011536,7.5312324,6.9415503,7.200546,7.1237807
813,opls_stress/chk1_set3,opls_stress/chk1_set3/23863,../large_fep_dataset/data/fep_benchmark_processed/opls_stress_chk1_set3_23863.sdf,../large_fep_dataset/data/fep_benchmark_processed/opls_stress_chk1_set3_protein.pdb,813,7.407409,7.3357563,6.905443,6.872954,7.064141,7.3557253,7.0407877,7.6361685,7.398107,7.072637,7.2089133
814,opls_stress/chk1_set7,opls_stress/chk1_set7/19997,../large_fep_dataset/data/fep_benchmark_processed/opls_stress_chk1_set7_19997.sdf,../large_fep_dataset/data/fep_benchmark_processed/opls_stress_chk1_set7_protein.pdb,814,8.164097,8.331964,8.334824,8.213576,8.591225,8.328807,8.046745,8.065912,8.162831,8.081952,8.232194
815,opls_stress/chk1_set7,opls_stress/chk1_set7/19998,../large_fep_dataset/data/fep_benchmark_processed/opls_stress_chk1_set7_19998.sdf,../large_fep_dataset/data/fep_benchmark_processed/opls_stress_chk1_set7_protein.pdb,815,8.168941,7.9459677,7.9887953,8.044916,8.219307,8.037463,7.8007216,7.6212955,7.5108275,7.829918,7.9168153
816,opls_stress/chk1_set7,opls_stress/chk1_set7/19934_cys,../large_fep_dataset/data/fep_benchmark_processed/opls_stress_chk1_set7_19934_cys.sdf,../large_fep_dataset/data/fep_benchmark_processed/opls_stress_chk1_set7_protein.pdb,816,8.225461,8.245792,8.300169,8.070703,8.725579,8.348175,8.221044,8.177915,8.2212515,8.207576,8.274366
817,opls_stress/chk1_set6,opls_stress/chk1_set6/23708_cys,../large_fep_dataset/data/fep_benchmark_processed/opls_stress_chk1_set6_23708_cys.sdf,../large_fep_dataset/data/fep_benchmark_processed/opls_stress_chk1_set6_protein.pdb,817,8.272425,8.416071,7.673966,8.06811,7.743358,7.7256083,7.7482696,7.8322616,7.8086395,7.6382413,7.8926954
818,opls_stress/chk1_set6,opls_stress/chk1_set6/13,../large_fep_dataset/data/fep_benchmark_processed/opls_stress_chk1_set6_13.sdf,../large_fep_dataset/data/fep_benchmark_processed/opls_stress_chk1_set6_protein.pdb,818,7.022694,8.279219,7.147211,6.782947,7.342152,7.5225,6.6163626,7.783885,7.2954173,6.5046606,7.229705
819,opls_stress/chk1_set6,opls_stress/chk1_set6/15,../large_fep_dataset/data/fep_benchmark_processed/opls_stress_chk1_set6_15.sdf,../large_fep_dataset/data/fep_benchmark_processed/opls_stress_chk1_set6_protein.pdb,819,6.7203727,8.04637,6.848942,6.4648213,7.320771,6.7829084,6.882289,7.0821157,6.6036053,6.4445677,6.9196763
820,opls_stress/chk1_set4,opls_stress/chk1_set4/23704_cys,../large_fep_dataset/data/fep_benchmark_processed/opls_stress_chk1_set4_23704_cys.sdf,../large_fep_dataset/data/fep_benchmark_processed/opls_stress_chk1_set4_protein.pdb,820,7.17472,6.8653073,6.975454,6.8969707,6.7465405,6.5822997,6.692786,7.3433223,7.519862,7.835083,7.063235
821,opls_stress/chk1_set4,opls_stress/chk1_set4/23873,../large_fep_dataset/data/fep_benchmark_processed/opls_stress_chk1_set4_23873.sdf,../large_fep_dataset/data/fep_benchmark_processed/opls_stress_chk1_set4_protein.pdb,821,7.422561,7.296452,7.329566,7.014161,7.465423,7.0681524,6.815208,7.3354545,7.4405484,7.9832015,7.317073
822,opls_stress/chk1_set5,opls_stress/chk1_set5/20315,../large_fep_dataset/data/fep_benchmark_processed/opls_stress_chk1_set5_20315.sdf,../large_fep_dataset/data/fep_benchmark_processed/opls_stress_chk1_set5_protein.pdb,822,7.62578,6.9985046,7.80713,7.2970214,7.4349785,7.451491,7.545942,7.111622,7.6080146,7.264732,7.4145217
823,opls_stress/chk1_set5,opls_stress/chk1_set5/19939_cys,../large_fep_dataset/data/fep_benchmark_processed/opls_stress_chk1_set5_19939_cys.sdf,../large_fep_dataset/data/fep_benchmark_processed/opls_stress_chk1_set5_protein.pdb,823,7.64704,7.389399,7.690272,7.363326,7.3849726,7.570233,7.54218,7.3958206,7.742377,7.2305794,7.4956193
824,opls_stress/chk1_set5,opls_stress/chk1_set5/19940,../large_fep_dataset/data/fep_benchmark_processed/opls_stress_chk1_set5_19940.sdf,../large_fep_dataset/data/fep_benchmark_processed/opls_stress_chk1_set5_protein.pdb,824,7.811073,7.7029185,7.64439,7.901659,7.628165,7.8365593,7.4578714,7.340462,7.828619,7.589469,7.674119
825,opls_stress/pb_bace3,opls_stress/pb_bace3/22316,../large_fep_dataset/data/fep_benchmark_processed/opls_stress_pb_bace3_22316.sdf,../large_fep_dataset/data/fep_benchmark_processed/opls_stress_pb_bace3_protein.pdb,825,7.2406588,7.213483,7.719583,7.4522815,7.3757157,7.248791,7.6028447,7.4052677,8.34336,7.051732,7.4653726
826,opls_stress/pb_bace3,opls_stress/pb_bace3/22320,../large_fep_dataset/data/fep_benchmark_processed/opls_stress_pb_bace3_22320.sdf,../large_fep_dataset/data/fep_benchmark_processed/opls_stress_pb_bace3_protein.pdb,826,6.9609313,7.318508,7.4317827,7.0309787,7.3483877,7.078146,7.782343,7.0959144,8.155408,7.3549905,7.3557386
827,opls_stress/pb_bace3,opls_stress/pb_bace3/22319,../large_fep_dataset/data/fep_benchmark_processed/opls_stress_pb_bace3_22319.sdf,../large_fep_dataset/data/fep_benchmark_processed/opls_stress_pb_bace3_protein.pdb,827,7.0459847,7.1448417,7.7245398,7.1628137,7.634292,7.294868,7.640615,7.58982,8.054754,7.364112,7.465664
828,opls_stress/pb_bace3,opls_stress/pb_bace3/19678_cys,../large_fep_dataset/data/fep_benchmark_processed/opls_stress_pb_bace3_19678_cys.sdf,../large_fep_dataset/data/fep_benchmark_processed/opls_stress_pb_bace3_protein.pdb,828,7.127683,7.2612047,7.658307,7.622393,7.798733,7.3292165,7.4799395,7.644008,8.230841,7.244047,7.5396376
829,opls_stress/chk1_set1,opls_stress/chk1_set1/19967,../large_fep_dataset/data/fep_benchmark_processed/opls_stress_chk1_set1_19967.sdf,../large_fep_dataset/data/fep_benchmark_processed/opls_stress_chk1_set1_protein.pdb,829,6.5761175,6.7447453,7.1297617,6.513589,6.523364,6.5420423,6.786021,6.4894986,6.9672403,6.6677465,6.6940126
830,opls_stress/chk1_set1,opls_stress/chk1_set1/17353_cys,../large_fep_dataset/data/fep_benchmark_processed/opls_stress_chk1_set1_17353_cys.sdf,../large_fep_dataset/data/fep_benchmark_processed/opls_stress_chk1_set1_protein.pdb,830,6.5231295,6.695597,6.513965,6.0153556,6.46447,6.3585277,6.8922305,6.5657196,6.1274242,6.626085,6.47825
831,opls_stress/chk1_set1,opls_stress/chk1_set1/19971,../large_fep_dataset/data/fep_benchmark_processed/opls_stress_chk1_set1_19971.sdf,../large_fep_dataset/data/fep_benchmark_processed/opls_stress_chk1_set1_protein.pdb,831,6.7584615,6.4189568,6.7505493,6.6224813,6.1311812,6.700247,7.0281267,7.4105954,5.9088483,7.082061,6.68115
832,merck/pfkfb3_automap,merck/pfkfb3_automap/43,../large_fep_dataset/data/fep_benchmark_processed/merck_pfkfb3_automap_43.sdf,../large_fep_dataset/data/fep_benchmark_processed/merck_pfkfb3_automap_protein.pdb,832,7.671059,7.295823,7.360903,7.245878,6.8416157,7.4917135,7.2148495,6.7905755,6.417526,6.918499,7.1248446
833,merck/pfkfb3_automap,merck/pfkfb3_automap/30 flip b,../large_fep_dataset/data/fep_benchmark_processed/merck_pfkfb3_automap_30_flip_b.sdf,../large_fep_dataset/data/fep_benchmark_processed/merck_pfkfb3_automap_protein.pdb,833,6.947476,6.3516154,6.2200947,6.1967325,7.2322836,6.1529794,6.7464204,6.758371,6.290035,6.5465946,6.5442605
834,merck/pfkfb3_automap,merck/pfkfb3_automap/65,../large_fep_dataset/data/fep_benchmark_processed/merck_pfkfb3_automap_65.sdf,../large_fep_dataset/data/fep_benchmark_processed/merck_pfkfb3_automap_protein.pdb,834,7.4296603,7.624652,7.6384044,7.687686,7.87004,7.615795,7.796553,7.815864,7.132832,7.4161067,7.6027594
835,merck/pfkfb3_automap,merck/pfkfb3_automap/49,../large_fep_dataset/data/fep_benchmark_processed/merck_pfkfb3_automap_49.sdf,../large_fep_dataset/data/fep_benchmark_processed/merck_pfkfb3_automap_protein.pdb,835,6.6258574,6.833807,6.9730234,6.853269,7.02769,7.1074963,6.347643,7.1274195,6.6707096,6.0981474,6.7665052
836,merck/pfkfb3_automap,merck/pfkfb3_automap/24,../large_fep_dataset/data/fep_benchmark_processed/merck_pfkfb3_automap_24.sdf,../large_fep_dataset/data/fep_benchmark_processed/merck_pfkfb3_automap_protein.pdb,836,6.70338,6.4530554,6.8561745,6.3652654,7.4889755,7.0094867,6.953771,6.6224046,6.3733835,6.4414663,6.7267365
837,merck/pfkfb3_automap,merck/pfkfb3_automap/67,../large_fep_dataset/data/fep_benchmark_processed/merck_pfkfb3_automap_67.sdf,../large_fep_dataset/data/fep_benchmark_processed/merck_pfkfb3_automap_protein.pdb,837,6.9617167,6.909194,7.347738,7.2070107,7.3921356,7.105647,7.844474,7.2249856,7.4158483,7.089393,7.2498145
838,merck/pfkfb3_automap,merck/pfkfb3_automap/62 flip,../large_fep_dataset/data/fep_benchmark_processed/merck_pfkfb3_automap_62_flip.sdf,../large_fep_dataset/data/fep_benchmark_processed/merck_pfkfb3_automap_protein.pdb,838,7.4008,7.233477,7.045428,7.8413453,7.125514,7.2309737,7.4965234,6.944076,7.229448,6.152606,7.1700187
839,merck/pfkfb3_automap,merck/pfkfb3_automap/56,../large_fep_dataset/data/fep_benchmark_processed/merck_pfkfb3_automap_56.sdf,../large_fep_dataset/data/fep_benchmark_processed/merck_pfkfb3_automap_protein.pdb,839,7.2716713,7.098601,7.2578835,7.11339,7.387608,7.4711018,7.358676,7.2293997,7.127029,6.813115,7.2128477
840,merck/pfkfb3_automap,merck/pfkfb3_automap/59,../large_fep_dataset/data/fep_benchmark_processed/merck_pfkfb3_automap_59.sdf,../large_fep_dataset/data/fep_benchmark_processed/merck_pfkfb3_automap_protein.pdb,840,6.72384,6.997969,7.316527,6.4744196,6.5259132,7.3202543,6.7005587,6.939251,6.814642,6.5536084,6.836699
841,merck/pfkfb3_automap,merck/pfkfb3_automap/38,../large_fep_dataset/data/fep_benchmark_processed/merck_pfkfb3_automap_38.sdf,../large_fep_dataset/data/fep_benchmark_processed/merck_pfkfb3_automap_protein.pdb,841,6.7022586,6.581321,6.4857554,6.918985,6.3927813,7.15991,6.918691,5.528685,6.317385,6.188998,6.519477
842,merck/pfkfb3_automap,merck/pfkfb3_automap/31,../large_fep_dataset/data/fep_benchmark_processed/merck_pfkfb3_automap_31.sdf,../large_fep_dataset/data/fep_benchmark_processed/merck_pfkfb3_automap_protein.pdb,842,7.0567226,7.011999,6.6917434,6.7018332,6.9630113,7.0121346,7.0693917,6.985073,6.635652,6.710872,6.8838434
843,merck/pfkfb3_automap,merck/pfkfb3_automap/48,../large_fep_dataset/data/fep_benchmark_processed/merck_pfkfb3_automap_48.sdf,../large_fep_dataset/data/fep_benchmark_processed/merck_pfkfb3_automap_protein.pdb,843,6.7432866,6.9268537,7.0146685,7.5039043,6.4548016,7.519988,7.3004456,6.957923,6.785199,6.3696895,6.957676
844,merck/pfkfb3_automap,merck/pfkfb3_automap/58,../large_fep_dataset/data/fep_benchmark_processed/merck_pfkfb3_automap_58.sdf,../large_fep_dataset/data/fep_benchmark_processed/merck_pfkfb3_automap_protein.pdb,844,7.2333126,7.372732,7.601751,6.909398,6.8560452,7.353644,6.763818,7.4261394,7.090126,6.810626,7.141759
845,merck/pfkfb3_automap,merck/pfkfb3_automap/41,../large_fep_dataset/data/fep_benchmark_processed/merck_pfkfb3_automap_41.sdf,../large_fep_dataset/data/fep_benchmark_processed/merck_pfkfb3_automap_protein.pdb,845,7.582029,7.104572,7.6225295,7.4808435,6.883354,7.458274,7.253757,7.234214,7.3330035,6.7340727,7.2686644
846,merck/pfkfb3_automap,merck/pfkfb3_automap/29,../large_fep_dataset/data/fep_benchmark_processed/merck_pfkfb3_automap_29.sdf,../large_fep_dataset/data/fep_benchmark_processed/merck_pfkfb3_automap_protein.pdb,846,6.45803,7.098921,6.7718453,6.652694,7.1871777,7.385188,6.9562726,6.736295,6.3179474,6.502547,6.8066916
847,merck/pfkfb3_automap,merck/pfkfb3_automap/54,../large_fep_dataset/data/fep_benchmark_processed/merck_pfkfb3_automap_54.sdf,../large_fep_dataset/data/fep_benchmark_processed/merck_pfkfb3_automap_protein.pdb,847,6.8541017,6.6064067,6.7709513,6.6052203,7.284014,7.004635,6.1087413,6.124477,6.4383245,6.2962604,6.609313
848,merck/pfkfb3_automap,merck/pfkfb3_automap/47,../large_fep_dataset/data/fep_benchmark_processed/merck_pfkfb3_automap_47.sdf,../large_fep_dataset/data/fep_benchmark_processed/merck_pfkfb3_automap_protein.pdb,848,6.918963,7.0629983,6.838065,7.5366306,6.9411144,7.573718,6.9411836,7.253013,7.1531277,6.660158,7.0878973
849,merck/pfkfb3_automap,merck/pfkfb3_automap/26,../large_fep_dataset/data/fep_benchmark_processed/merck_pfkfb3_automap_26.sdf,../large_fep_dataset/data/fep_benchmark_processed/merck_pfkfb3_automap_protein.pdb,849,6.698066,6.4437833,6.422101,6.3069444,7.1938787,6.919746,7.3251433,6.986895,6.1934175,6.408007,6.689798
850,merck/pfkfb3_automap,merck/pfkfb3_automap/55,../large_fep_dataset/data/fep_benchmark_processed/merck_pfkfb3_automap_55.sdf,../large_fep_dataset/data/fep_benchmark_processed/merck_pfkfb3_automap_protein.pdb,850,7.4098153,7.1867313,7.676468,7.116483,7.6427174,7.4750195,7.4929967,7.679358,7.1354218,6.9708104,7.378582
851,merck/pfkfb3_automap,merck/pfkfb3_automap/20,../large_fep_dataset/data/fep_benchmark_processed/merck_pfkfb3_automap_20.sdf,../large_fep_dataset/data/fep_benchmark_processed/merck_pfkfb3_automap_protein.pdb,851,7.046272,6.972919,7.094575,7.4733515,6.5440803,7.629531,7.500443,7.1367507,6.3459635,6.556652,7.0300536
852,merck/pfkfb3_automap,merck/pfkfb3_automap/57,../large_fep_dataset/data/fep_benchmark_processed/merck_pfkfb3_automap_57.sdf,../large_fep_dataset/data/fep_benchmark_processed/merck_pfkfb3_automap_protein.pdb,852,7.47187,6.6117454,7.553843,7.414884,7.202365,7.5085187,6.948099,7.2671165,7.7317557,7.2321377,7.294234
853,merck/pfkfb3_automap,merck/pfkfb3_automap/42,../large_fep_dataset/data/fep_benchmark_processed/merck_pfkfb3_automap_42.sdf,../large_fep_dataset/data/fep_benchmark_processed/merck_pfkfb3_automap_protein.pdb,853,6.7464395,6.696765,6.4161587,7.260475,6.5293274,7.294033,7.1813426,6.7818,6.281078,6.8073807,6.7994795
854,merck/pfkfb3_automap,merck/pfkfb3_automap/35,../large_fep_dataset/data/fep_benchmark_processed/merck_pfkfb3_automap_35.sdf,../large_fep_dataset/data/fep_benchmark_processed/merck_pfkfb3_automap_protein.pdb,854,6.9013424,6.6200914,7.09153,6.6369133,7.223862,7.269391,6.7727685,6.7992992,6.514397,6.150514,6.798011
855,merck/pfkfb3_automap,merck/pfkfb3_automap/44,../large_fep_dataset/data/fep_benchmark_processed/merck_pfkfb3_automap_44.sdf,../large_fep_dataset/data/fep_benchmark_processed/merck_pfkfb3_automap_protein.pdb,855,7.6286244,7.122727,6.804374,7.195685,6.668862,7.3993707,7.19647,6.7948017,6.4461975,6.922524,7.0179634
856,merck/pfkfb3_automap,merck/pfkfb3_automap/63,../large_fep_dataset/data/fep_benchmark_processed/merck_pfkfb3_automap_63.sdf,../large_fep_dataset/data/fep_benchmark_processed/merck_pfkfb3_automap_protein.pdb,856,7.6167736,7.713291,7.4256263,7.754387,7.318785,7.3924556,7.6356535,7.2812715,7.1907725,6.849722,7.4178743
857,merck/pfkfb3_automap,merck/pfkfb3_automap/69,../large_fep_dataset/data/fep_benchmark_processed/merck_pfkfb3_automap_69.sdf,../large_fep_dataset/data/fep_benchmark_processed/merck_pfkfb3_automap_protein.pdb,857,7.193441,7.390232,7.74096,7.3752074,7.688637,7.317741,7.767734,7.664084,7.157081,7.3635545,7.4658675
858,merck/pfkfb3_automap,merck/pfkfb3_automap/52,../large_fep_dataset/data/fep_benchmark_processed/merck_pfkfb3_automap_52.sdf,../large_fep_dataset/data/fep_benchmark_processed/merck_pfkfb3_automap_protein.pdb,858,7.0415406,6.9363728,7.3393435,7.2403092,7.1720862,7.02952,6.2006493,6.4654107,6.3224134,6.3521543,6.80998
859,merck/pfkfb3_automap,merck/pfkfb3_automap/19,../large_fep_dataset/data/fep_benchmark_processed/merck_pfkfb3_automap_19.sdf,../large_fep_dataset/data/fep_benchmark_processed/merck_pfkfb3_automap_protein.pdb,859,6.585942,6.103484,6.402682,6.641874,6.5531573,6.748915,6.8255367,6.3327723,6.4966087,6.4342713,6.5125246
860,merck/pfkfb3_automap,merck/pfkfb3_automap/68,../large_fep_dataset/data/fep_benchmark_processed/merck_pfkfb3_automap_68.sdf,../large_fep_dataset/data/fep_benchmark_processed/merck_pfkfb3_automap_protein.pdb,860,7.270358,6.952207,7.3508525,6.926124,7.503218,7.3290606,7.1428337,7.3970613,7.0045996,7.3911376,7.2267447
861,merck/pfkfb3_automap,merck/pfkfb3_automap/33,../large_fep_dataset/data/fep_benchmark_processed/merck_pfkfb3_automap_33.sdf,../large_fep_dataset/data/fep_benchmark_processed/merck_pfkfb3_automap_protein.pdb,861,6.8524656,6.4947214,6.627218,6.6143565,7.354857,7.035875,7.4380274,6.8502073,6.7112856,6.429035,6.840805
862,merck/pfkfb3_automap,merck/pfkfb3_automap/70,../large_fep_dataset/data/fep_benchmark_processed/merck_pfkfb3_automap_70.sdf,../large_fep_dataset/data/fep_benchmark_processed/merck_pfkfb3_automap_protein.pdb,862,7.1954784,7.0055647,7.353525,7.328787,7.4724894,7.405443,7.9608774,7.706575,7.2149386,6.700492,7.334417
863,merck/pfkfb3_automap,merck/pfkfb3_automap/53,../large_fep_dataset/data/fep_benchmark_processed/merck_pfkfb3_automap_53.sdf,../large_fep_dataset/data/fep_benchmark_processed/merck_pfkfb3_automap_protein.pdb,863,6.945378,7.0577273,6.94354,7.226385,6.749559,6.7512236,6.131644,6.4074144,6.926485,6.249163,6.738852
864,merck/pfkfb3_automap,merck/pfkfb3_automap/64,../large_fep_dataset/data/fep_benchmark_processed/merck_pfkfb3_automap_64.sdf,../large_fep_dataset/data/fep_benchmark_processed/merck_pfkfb3_automap_protein.pdb,864,7.491106,7.6569247,7.75891,7.753486,7.780947,7.670261,7.7324495,7.7205462,7.3904886,7.2957664,7.625089
865,merck/pfkfb3_automap,merck/pfkfb3_automap/39,../large_fep_dataset/data/fep_benchmark_processed/merck_pfkfb3_automap_39.sdf,../large_fep_dataset/data/fep_benchmark_processed/merck_pfkfb3_automap_protein.pdb,865,6.7538466,6.7611756,6.7568593,6.992804,7.152831,7.216715,6.751321,6.729081,6.023466,6.1864586,6.7324553
866,merck/pfkfb3_automap,merck/pfkfb3_automap/37,../large_fep_dataset/data/fep_benchmark_processed/merck_pfkfb3_automap_37.sdf,../large_fep_dataset/data/fep_benchmark_processed/merck_pfkfb3_automap_protein.pdb,866,6.539748,7.119703,6.5644736,6.861933,7.6620626,7.150992,7.8442864,6.945937,6.7963414,6.4932995,6.997878
867,merck/pfkfb3_automap,merck/pfkfb3_automap/23,../large_fep_dataset/data/fep_benchmark_processed/merck_pfkfb3_automap_23.sdf,../large_fep_dataset/data/fep_benchmark_processed/merck_pfkfb3_automap_protein.pdb,867,6.631851,6.499906,6.337851,6.517943,6.7380223,6.400528,6.9336324,6.5446444,6.366374,6.28075,6.5251503
868,merck/pfkfb3_automap,merck/pfkfb3_automap/60 adjust,../large_fep_dataset/data/fep_benchmark_processed/merck_pfkfb3_automap_60_adjust.sdf,../large_fep_dataset/data/fep_benchmark_processed/merck_pfkfb3_automap_protein.pdb,868,7.1656566,7.152351,7.540716,6.8718452,7.0304103,7.40168,7.6595335,6.759394,7.0580735,6.728445,7.1368113
869,merck/pfkfb3_automap,merck/pfkfb3_automap/34,../large_fep_dataset/data/fep_benchmark_processed/merck_pfkfb3_automap_34.sdf,../large_fep_dataset/data/fep_benchmark_processed/merck_pfkfb3_automap_protein.pdb,869,7.2190437,6.122447,6.231022,6.4031534,6.938401,6.9927216,7.155149,7.0154743,6.234012,6.677861,6.698928
870,merck/pfkfb3_automap,merck/pfkfb3_automap/36,../large_fep_dataset/data/fep_benchmark_processed/merck_pfkfb3_automap_36.sdf,../large_fep_dataset/data/fep_benchmark_processed/merck_pfkfb3_automap_protein.pdb,870,6.4779973,6.424323,5.8851223,5.7692003,6.7708955,6.3218327,6.087716,6.166596,5.5840936,6.0380454,6.152582
871,merck/pfkfb3_automap,merck/pfkfb3_automap/46,../large_fep_dataset/data/fep_benchmark_processed/merck_pfkfb3_automap_46.sdf,../large_fep_dataset/data/fep_benchmark_processed/merck_pfkfb3_automap_protein.pdb,871,7.7124414,6.69152,7.405572,7.704505,7.5696945,7.6214643,7.2225776,7.2131386,7.1756253,7.0026164,7.3319154
872,merck/shp2,merck/shp2/SHP099-1/Example 7,../large_fep_dataset/data/fep_benchmark_processed/merck_shp2_SHP099-1_Example_7.sdf,../large_fep_dataset/data/fep_benchmark_processed/merck_shp2_protein.pdb,872,5.9887543,6.069879,6.216786,6.1162124,6.1778364,6.692792,6.4201555,6.423197,5.800961,6.4836125,6.2390184
873,merck/shp2,merck/shp2/Example 22,../large_fep_dataset/data/fep_benchmark_processed/merck_shp2_Example_22.sdf,../large_fep_dataset/data/fep_benchmark_processed/merck_shp2_protein.pdb,873,6.761378,6.1223235,6.7232494,6.946972,7.09811,7.5644875,7.2287307,7.106084,6.527764,6.686964,6.876606
874,merck/shp2,merck/shp2/Example 29,../large_fep_dataset/data/fep_benchmark_processed/merck_shp2_Example_29.sdf,../large_fep_dataset/data/fep_benchmark_processed/merck_shp2_protein.pdb,874,6.3569746,6.132556,6.28122,6.0978894,6.1307783,6.814198,7.1326547,5.431296,6.6878,6.014505,6.307987
875,merck/shp2,merck/shp2/11,../large_fep_dataset/data/fep_benchmark_processed/merck_shp2_11.sdf,../large_fep_dataset/data/fep_benchmark_processed/merck_shp2_protein.pdb,875,6.189619,6.127165,6.3259745,6.4141755,5.8738647,6.323109,5.160143,6.5613475,5.782953,6.3006577,6.105901
876,merck/shp2,merck/shp2/4,../large_fep_dataset/data/fep_benchmark_processed/merck_shp2_4.sdf,../large_fep_dataset/data/fep_benchmark_processed/merck_shp2_protein.pdb,876,6.4547057,5.9283853,6.462197,5.930744,6.0615287,7.034154,6.4218636,6.207959,6.400524,5.5813084,6.248337
877,merck/shp2,merck/shp2/Example 2,../large_fep_dataset/data/fep_benchmark_processed/merck_shp2_Example_2.sdf,../large_fep_dataset/data/fep_benchmark_processed/merck_shp2_protein.pdb,877,6.542145,5.9614553,6.6583734,5.725948,6.678904,6.4105945,6.5478377,5.8065877,5.7199087,6.564458,6.261621
878,merck/shp2,merck/shp2/Example 14,../large_fep_dataset/data/fep_benchmark_processed/merck_shp2_Example_14.sdf,../large_fep_dataset/data/fep_benchmark_processed/merck_shp2_protein.pdb,878,4.929625,5.768545,5.5271935,5.941766,5.9811063,6.367565,5.7856646,5.850397,5.6586742,5.778036,5.7588577
879,merck/shp2,merck/shp2/Example 26,../large_fep_dataset/data/fep_benchmark_processed/merck_shp2_Example_26.sdf,../large_fep_dataset/data/fep_benchmark_processed/merck_shp2_protein.pdb,879,7.555625,7.0279756,7.2987885,7.085068,7.369831,7.452679,7.8719106,7.104531,7.1603427,7.1829314,7.310968
880,merck/shp2,merck/shp2/SHP836-2,../large_fep_dataset/data/fep_benchmark_processed/merck_shp2_SHP836-2.sdf,../large_fep_dataset/data/fep_benchmark_processed/merck_shp2_protein.pdb,880,6.010527,6.001458,6.4199724,5.881664,5.81962,6.6074896,6.28256,6.8465843,5.9704976,5.692163,6.153253
881,merck/shp2,merck/shp2/Example 6,../large_fep_dataset/data/fep_benchmark_processed/merck_shp2_Example_6.sdf,../large_fep_dataset/data/fep_benchmark_processed/merck_shp2_protein.pdb,881,7.648032,6.7251697,6.5392413,7.052069,7.403645,7.7278543,7.7478156,7.087253,6.7023034,7.20597,7.1839356
882,merck/shp2,merck/shp2/Example 1,../large_fep_dataset/data/fep_benchmark_processed/merck_shp2_Example_1.sdf,../large_fep_dataset/data/fep_benchmark_processed/merck_shp2_protein.pdb,882,6.672911,6.0990744,6.3134775,6.3677897,6.40162,7.1378384,6.708987,6.503607,5.721821,6.7175264,6.464465
883,merck/shp2,merck/shp2/3,../large_fep_dataset/data/fep_benchmark_processed/merck_shp2_3.sdf,../large_fep_dataset/data/fep_benchmark_processed/merck_shp2_protein.pdb,883,6.031173,5.9065356,6.222313,5.4912333,5.3488126,6.553086,6.0600986,6.168203,6.012645,5.333807,5.912791
884,merck/shp2,merck/shp2/Example 9,../large_fep_dataset/data/fep_benchmark_processed/merck_shp2_Example_9.sdf,../large_fep_dataset/data/fep_benchmark_processed/merck_shp2_protein.pdb,884,5.321325,6.1316175,6.2537594,5.8973866,6.0627503,6.818296,6.3421674,6.229894,5.5830574,5.7256637,6.0365915
885,merck/shp2,merck/shp2/Example 8,../large_fep_dataset/data/fep_benchmark_processed/merck_shp2_Example_8.sdf,../large_fep_dataset/data/fep_benchmark_processed/merck_shp2_protein.pdb,885,5.8210945,6.6500244,6.756258,6.0254173,6.07097,7.0093775,6.1075444,6.5654345,6.326037,6.3720274,6.3704185
886,merck/shp2,merck/shp2/7,../large_fep_dataset/data/fep_benchmark_processed/merck_shp2_7.sdf,../large_fep_dataset/data/fep_benchmark_processed/merck_shp2_protein.pdb,886,5.9658194,5.5255976,6.345013,6.027282,6.0500774,6.4452763,6.5086884,6.3287034,5.530361,5.749627,6.0476446
887,merck/shp2,merck/shp2/Example 24,../large_fep_dataset/data/fep_benchmark_processed/merck_shp2_Example_24.sdf,../large_fep_dataset/data/fep_benchmark_processed/merck_shp2_protein.pdb,887,6.715785,6.780845,6.5756392,6.3919277,6.955292,7.10799,6.7673945,6.3727756,6.2636485,6.9953723,6.6926675
888,merck/shp2,merck/shp2/Example 28,../large_fep_dataset/data/fep_benchmark_processed/merck_shp2_Example_28.sdf,../large_fep_dataset/data/fep_benchmark_processed/merck_shp2_protein.pdb,888,6.030596,6.0559444,5.535467,5.109163,5.4830375,5.8664956,6.2694545,5.456229,5.6254816,5.9294024,5.736127
889,merck/shp2,merck/shp2/10,../large_fep_dataset/data/fep_benchmark_processed/merck_shp2_10.sdf,../large_fep_dataset/data/fep_benchmark_processed/merck_shp2_protein.pdb,889,6.0359592,5.5126457,5.862326,6.144803,6.192621,6.670009,4.973745,6.0530357,5.609718,5.811559,5.8866415
890,merck/shp2,merck/shp2/Example 25,../large_fep_dataset/data/fep_benchmark_processed/merck_shp2_Example_25.sdf,../large_fep_dataset/data/fep_benchmark_processed/merck_shp2_protein.pdb,890,7.7258515,7.2474422,6.9105167,7.5581894,7.9059973,7.839808,8.091801,7.25538,6.5811896,7.34761,7.446378
891,merck/shp2,merck/shp2/Example 27,../large_fep_dataset/data/fep_benchmark_processed/merck_shp2_Example_27.sdf,../large_fep_dataset/data/fep_benchmark_processed/merck_shp2_protein.pdb,891,4.893036,6.15845,6.214468,5.6995583,5.725559,6.681115,6.2455187,6.9739866,5.4310284,5.600065,5.962279
892,merck/shp2,merck/shp2/6,../large_fep_dataset/data/fep_benchmark_processed/merck_shp2_6.sdf,../large_fep_dataset/data/fep_benchmark_processed/merck_shp2_protein.pdb,892,6.0789304,5.9192705,6.435204,6.031454,6.3461857,6.742342,6.4477534,6.682591,5.5629754,5.4505,6.1697206
893,merck/shp2,merck/shp2/Example 30,../large_fep_dataset/data/fep_benchmark_processed/merck_shp2_Example_30.sdf,../large_fep_dataset/data/fep_benchmark_processed/merck_shp2_protein.pdb,893,6.6716933,6.1896443,6.585874,6.6725993,6.645569,6.742259,7.013685,6.4315805,5.0191445,6.9292526,6.4901304
894,merck/shp2,merck/shp2/Example 5,../large_fep_dataset/data/fep_benchmark_processed/merck_shp2_Example_5.sdf,../large_fep_dataset/data/fep_benchmark_processed/merck_shp2_protein.pdb,894,7.3533525,6.5965366,7.3625417,7.199519,7.1363187,7.823603,6.885067,7.0637903,7.262478,7.166724,7.1849937
895,merck/shp2,merck/shp2/Example 4,../large_fep_dataset/data/fep_benchmark_processed/merck_shp2_Example_4.sdf,../large_fep_dataset/data/fep_benchmark_processed/merck_shp2_protein.pdb,895,6.4277596,6.013882,6.462844,5.7345643,6.220477,6.4352474,6.0268474,5.194636,5.5997868,5.736565,5.9852614
896,merck/shp2,merck/shp2/Example 23,../large_fep_dataset/data/fep_benchmark_processed/merck_shp2_Example_23.sdf,../large_fep_dataset/data/fep_benchmark_processed/merck_shp2_protein.pdb,896,6.594453,5.9757104,6.7669353,6.1204705,7.1707296,6.8811975,6.8486347,6.3941264,6.1887226,6.119545,6.5060525
897,merck/shp2,merck/shp2/Example 3,../large_fep_dataset/data/fep_benchmark_processed/merck_shp2_Example_3.sdf,../large_fep_dataset/data/fep_benchmark_processed/merck_shp2_protein.pdb,897,7.0299487,6.2412195,6.3431287,6.304003,6.2184277,6.631156,6.2205276,6.1746516,6.2990794,6.738469,6.4200616
898,merck/cmet,merck/cmet/CHEMBL3402753_200,../large_fep_dataset/data/fep_benchmark_processed/merck_cmet_CHEMBL3402753_200.sdf,../large_fep_dataset/data/fep_benchmark_processed/merck_cmet_protein.pdb,898,7.224244,7.505,7.771061,7.323643,7.3521113,7.443898,7.385958,7.185043,7.5533576,7.3806834,7.4125
899,merck/cmet,merck/cmet/CHEMBL3402747_3400,../large_fep_dataset/data/fep_benchmark_processed/merck_cmet_CHEMBL3402747_3400.sdf,../large_fep_dataset/data/fep_benchmark_processed/merck_cmet_protein.pdb,899,7.098577,6.972322,6.604,7.1513515,7.1120214,7.4007363,7.5933723,7.0123167,6.830181,6.36709,7.0141973
900,merck/cmet,merck/cmet/CHEMBL3402744_300,../large_fep_dataset/data/fep_benchmark_processed/merck_cmet_CHEMBL3402744_300.sdf,../large_fep_dataset/data/fep_benchmark_processed/merck_cmet_protein.pdb,900,7.1732,6.9759707,7.428692,6.853755,7.509174,7.3173237,6.318049,6.841752,6.9512086,7.1145086,7.0483637
901,merck/cmet,merck/cmet/CHEMBL3402745_200,../large_fep_dataset/data/fep_benchmark_processed/merck_cmet_CHEMBL3402745_200.sdf,../large_fep_dataset/data/fep_benchmark_processed/merck_cmet_protein.pdb,901,6.7504764,6.5584073,6.72133,7.04463,7.306973,7.2877016,5.9014916,7.001313,6.5276923,6.6349845,6.7735
902,merck/cmet,merck/cmet/CHEMBL3402750_400,../large_fep_dataset/data/fep_benchmark_processed/merck_cmet_CHEMBL3402750_400.sdf,../large_fep_dataset/data/fep_benchmark_processed/merck_cmet_protein.pdb,902,7.443515,6.5826764,6.8089156,6.826341,7.0290847,7.404143,7.3622327,6.9900546,6.8580403,7.093471,7.0398474
903,merck/cmet,merck/cmet/CHEMBL3402743_42,../large_fep_dataset/data/fep_benchmark_processed/merck_cmet_CHEMBL3402743_42.sdf,../large_fep_dataset/data/fep_benchmark_processed/merck_cmet_protein.pdb,903,7.478983,6.6464205,7.077296,7.1206093,7.1355295,7.2892356,6.5481887,7.2323527,5.77747,6.4747705,6.878085
904,merck/cmet,merck/cmet/CHEMBL3402752_30000,../large_fep_dataset/data/fep_benchmark_processed/merck_cmet_CHEMBL3402752_30000.sdf,../large_fep_dataset/data/fep_benchmark_processed/merck_cmet_protein.pdb,904,6.801324,6.7957125,7.0850825,7.382834,7.10241,7.309793,7.054499,6.9746346,7.194363,6.89166,7.0592318
905,merck/cmet,merck/cmet/CHEMBL3402755_4200,../large_fep_dataset/data/fep_benchmark_processed/merck_cmet_CHEMBL3402755_4200.sdf,../large_fep_dataset/data/fep_benchmark_processed/merck_cmet_protein.pdb,905,7.51529,7.1800785,7.296741,7.5466056,7.325875,7.9779253,7.5864553,6.902774,6.852503,6.9984183,7.318267
906,merck/cmet,merck/cmet/CHEMBL3402749_500,../large_fep_dataset/data/fep_benchmark_processed/merck_cmet_CHEMBL3402749_500.sdf,../large_fep_dataset/data/fep_benchmark_processed/merck_cmet_protein.pdb,906,7.1473284,6.8719053,6.6981754,6.88813,7.0475197,6.9200983,7.281549,7.0504236,7.204749,7.0046115,7.011449
907,merck/cmet,merck/cmet/CHEMBL3402765_11-charged-pKa-8.1,../large_fep_dataset/data/fep_benchmark_processed/merck_cmet_CHEMBL3402765_11-charged-pKa-8.1.sdf,../large_fep_dataset/data/fep_benchmark_processed/merck_cmet_protein.pdb,907,6.834596,6.7876225,7.3556843,6.9826546,7.471597,7.464739,6.618489,6.7055836,6.794859,6.83949,6.9855323
908,merck/cmet,merck/cmet/CHEMBL3402742_23,../large_fep_dataset/data/fep_benchmark_processed/merck_cmet_CHEMBL3402742_23.sdf,../large_fep_dataset/data/fep_benchmark_processed/merck_cmet_protein.pdb,908,7.0671086,6.4319587,5.7834363,6.4239736,6.4572544,6.4913597,6.9246473,7.2856965,6.5896807,5.8200493,6.5275164
909,merck/cmet,merck/cmet/CHEMBL3402754_40,../large_fep_dataset/data/fep_benchmark_processed/merck_cmet_CHEMBL3402754_40.sdf,../large_fep_dataset/data/fep_benchmark_processed/merck_cmet_protein.pdb,909,7.5145926,7.5409083,7.2775474,6.8599524,7.0495167,7.8893814,7.4005985,7.297467,7.1148343,7.46389,7.3408685
910,merck/cmet,merck/cmet/CHEMBL3402748_5300,../large_fep_dataset/data/fep_benchmark_processed/merck_cmet_CHEMBL3402748_5300.sdf,../large_fep_dataset/data/fep_benchmark_processed/merck_cmet_protein.pdb,910,6.1107607,6.653555,7.0151434,6.6685896,7.2566223,7.16623,6.6480317,6.7840514,6.9558873,6.9598866,6.8218756
911,merck/cmet,merck/cmet/CHEMBL3402741_400,../large_fep_dataset/data/fep_benchmark_processed/merck_cmet_CHEMBL3402741_400.sdf,../large_fep_dataset/data/fep_benchmark_processed/merck_cmet_protein.pdb,911,7.0707984,6.596852,6.732401,6.49679,6.8584266,6.021882,6.254749,7.0162864,6.3204346,5.491658,6.4860277
912,merck/cmet,merck/cmet/CHEMBL3402763_90,../large_fep_dataset/data/fep_benchmark_processed/merck_cmet_CHEMBL3402763_90.sdf,../large_fep_dataset/data/fep_benchmark_processed/merck_cmet_protein.pdb,912,7.0813184,6.9931235,5.91312,6.7029,6.566518,6.052947,6.294915,7.144709,6.4072785,5.7797084,6.493654
913,merck/cmet,merck/cmet/CHEMBL3402764_90,../large_fep_dataset/data/fep_benchmark_processed/merck_cmet_CHEMBL3402764_90.sdf,../large_fep_dataset/data/fep_benchmark_processed/merck_cmet_protein.pdb,913,7.0716276,6.0249424,7.207477,6.0730505,6.8619623,7.154922,6.7633066,7.040538,6.306402,6.2134447,6.671767
914,merck/cmet,merck/cmet/CHEMBL3402751_2100,../large_fep_dataset/data/fep_benchmark_processed/merck_cmet_CHEMBL3402751_2100.sdf,../large_fep_dataset/data/fep_benchmark_processed/merck_cmet_protein.pdb,914,6.838163,6.6872377,7.333955,7.301979,7.079864,7.554119,7.6272316,7.13055,7.2357903,7.0215364,7.181043
915,merck/cmet,merck/cmet/CHEMBL3402756_2.7 redocked,../large_fep_dataset/data/fep_benchmark_processed/merck_cmet_CHEMBL3402756_2.7_redocked.sdf,../large_fep_dataset/data/fep_benchmark_processed/merck_cmet_protein.pdb,915,7.556482,7.8212924,7.051058,7.2799945,7.617699,7.4255395,7.535175,7.497972,6.326641,7.1528664,7.3264723
916,merck/cmet,merck/cmet/CHEMBL3402762_1 redocked,../large_fep_dataset/data/fep_benchmark_processed/merck_cmet_CHEMBL3402762_1_redocked.sdf,../large_fep_dataset/data/fep_benchmark_processed/merck_cmet_protein.pdb,916,7.1200175,7.0231566,7.135928,7.429125,7.379457,7.486424,6.960445,7.003499,7.098012,7.396301,7.2032366
917,merck/cmet,merck/cmet/CHEMBL3402760_1 redocked,../large_fep_dataset/data/fep_benchmark_processed/merck_cmet_CHEMBL3402760_1_redocked.sdf,../large_fep_dataset/data/fep_benchmark_processed/merck_cmet_protein.pdb,917,7.263085,7.7239,7.0788655,7.286064,7.6914797,7.0129256,7.0120907,7.2380886,7.1636224,7.155818,7.2625933
918,merck/cmet,merck/cmet/CHEMBL3402757_6.5 redocked,../large_fep_dataset/data/fep_benchmark_processed/merck_cmet_CHEMBL3402757_6.5_redocked.sdf,../large_fep_dataset/data/fep_benchmark_processed/merck_cmet_protein.pdb,918,7.514313,7.7476377,6.815103,7.268148,7.5639715,7.358971,7.6284356,7.126551,6.547935,6.8277497,7.239882
919,merck/cmet,merck/cmet/CHEMBL3402761_1 redocked,../large_fep_dataset/data/fep_benchmark_processed/merck_cmet_CHEMBL3402761_1_redocked.sdf,../large_fep_dataset/data/fep_benchmark_processed/merck_cmet_protein.pdb,919,7.444788,7.427898,7.2523446,7.6118083,7.974695,7.616153,7.417622,7.0198975,7.963924,7.444925,7.517405
920,merck/cmet,merck/cmet/CHEMBL3402758_10 redocked,../large_fep_dataset/data/fep_benchmark_processed/merck_cmet_CHEMBL3402758_10_redocked.sdf,../large_fep_dataset/data/fep_benchmark_processed/merck_cmet_protein.pdb,920,7.170792,7.157167,6.688102,6.6686835,7.114524,6.761684,7.0919905,6.642233,6.3986554,6.38037,6.80742
921,merck/cmet,merck/cmet/CHEMBL3402759_5.7 redocked,../large_fep_dataset/data/fep_benchmark_processed/merck_cmet_CHEMBL3402759_5.7_redocked.sdf,../large_fep_dataset/data/fep_benchmark_processed/merck_cmet_protein.pdb,921,7.1609135,8.159082,7.228515,6.9923825,7.16402,6.8440986,7.5900464,6.928055,6.6325283,6.7247534,7.1424394
922,merck/eg5_extraprotomers,merck/eg5_extraprotomers/CHEMBL1078774,../large_fep_dataset/data/fep_benchmark_processed/merck_eg5_extraprotomers_CHEMBL1078774.sdf,../large_fep_dataset/data/fep_benchmark_processed/merck_eg5_extraprotomers_protein.pdb,922,6.874558,6.9445553,6.6808715,6.663123,6.945393,6.5426955,6.06325,6.4174824,7.558993,6.3722477,6.706317
923,merck/eg5_extraprotomers,merck/eg5_extraprotomers/CHEMBL1093087,../large_fep_dataset/data/fep_benchmark_processed/merck_eg5_extraprotomers_CHEMBL1093087.sdf,../large_fep_dataset/data/fep_benchmark_processed/merck_eg5_extraprotomers_protein.pdb,923,5.916422,5.9630632,5.815093,6.459942,6.261464,5.999585,6.4967465,5.6827774,6.3249836,6.424199,6.134427
924,merck/eg5_extraprotomers,merck/eg5_extraprotomers/CHEMBL1082249,../large_fep_dataset/data/fep_benchmark_processed/merck_eg5_extraprotomers_CHEMBL1082249.sdf,../large_fep_dataset/data/fep_benchmark_processed/merck_eg5_extraprotomers_protein.pdb,924,6.6521363,6.275615,7.463787,6.899321,6.930047,6.7629027,7.3302965,7.2229104,6.9231563,7.124322,6.9584494
925,merck/eg5_extraprotomers,merck/eg5_extraprotomers/CHEMBL1089393,../large_fep_dataset/data/fep_benchmark_processed/merck_eg5_extraprotomers_CHEMBL1089393.sdf,../large_fep_dataset/data/fep_benchmark_processed/merck_eg5_extraprotomers_protein.pdb,925,5.1931014,5.357103,5.6156573,5.5065775,5.8502984,5.2600374,4.9664435,5.4136934,5.847305,5.261982,5.42722
926,merck/eg5_extraprotomers,merck/eg5_extraprotomers/CHEMBL1078691,../large_fep_dataset/data/fep_benchmark_processed/merck_eg5_extraprotomers_CHEMBL1078691.sdf,../large_fep_dataset/data/fep_benchmark_processed/merck_eg5_extraprotomers_protein.pdb,926,6.8042746,6.576943,6.3335133,6.1746693,6.6573787,6.1773314,5.861329,6.4156604,7.047382,6.5908237,6.4639306
927,merck/eg5_extraprotomers,merck/eg5_extraprotomers/CHEMBL1086409,../large_fep_dataset/data/fep_benchmark_processed/merck_eg5_extraprotomers_CHEMBL1086409.sdf,../large_fep_dataset/data/fep_benchmark_processed/merck_eg5_extraprotomers_protein.pdb,927,5.3003044,5.6227713,6.2749953,5.8808546,6.3221755,6.0040874,6.5331655,5.642034,5.8613124,5.6302567,5.9071956
928,merck/eg5_extraprotomers,merck/eg5_extraprotomers/CHEMBL1082248,../large_fep_dataset/data/fep_benchmark_processed/merck_eg5_extraprotomers_CHEMBL1082248.sdf,../large_fep_dataset/data/fep_benchmark_processed/merck_eg5_extraprotomers_protein.pdb,928,6.42556,6.069959,6.7475986,6.6444116,6.701739,6.3816004,6.701068,6.846664,6.3692937,7.5104694,6.6398363
929,merck/eg5_extraprotomers,merck/eg5_extraprotomers/CHEMBL1084678,../large_fep_dataset/data/fep_benchmark_processed/merck_eg5_extraprotomers_CHEMBL1084678.sdf,../large_fep_dataset/data/fep_benchmark_processed/merck_eg5_extraprotomers_protein.pdb,929,7.171281,5.103823,7.282127,7.119589,6.6458845,7.1794143,6.4812207,6.3870406,6.71138,7.015664,6.709742
930,merck/eg5_extraprotomers,merck/eg5_extraprotomers/CHEMBL1084115,../large_fep_dataset/data/fep_benchmark_processed/merck_eg5_extraprotomers_CHEMBL1084115.sdf,../large_fep_dataset/data/fep_benchmark_processed/merck_eg5_extraprotomers_protein.pdb,930,6.654048,6.4193063,6.035688,6.527942,6.2690415,5.91277,5.903635,5.877011,6.261415,7.1439605,6.300482
931,merck/eg5_extraprotomers,merck/eg5_extraprotomers/CHEMBL1084431,../large_fep_dataset/data/fep_benchmark_processed/merck_eg5_extraprotomers_CHEMBL1084431.sdf,../large_fep_dataset/data/fep_benchmark_processed/merck_eg5_extraprotomers_protein.pdb,931,6.321126,6.973318,6.185275,7.0608864,6.809655,6.9050946,7.1405334,6.447392,6.863135,6.7819147,6.7488337
932,merck/eg5_extraprotomers,merck/eg5_extraprotomers/CHEMBL1085895,../large_fep_dataset/data/fep_benchmark_processed/merck_eg5_extraprotomers_CHEMBL1085895.sdf,../large_fep_dataset/data/fep_benchmark_processed/merck_eg5_extraprotomers_protein.pdb,932,6.729905,5.8851824,7.6266704,6.6152043,6.846003,7.11733,6.3235307,6.486906,6.2975297,6.181969,6.611023
933,merck/eg5_extraprotomers,merck/eg5_extraprotomers/CHEMBL1084677,../large_fep_dataset/data/fep_benchmark_processed/merck_eg5_extraprotomers_CHEMBL1084677.sdf,../large_fep_dataset/data/fep_benchmark_processed/merck_eg5_extraprotomers_protein.pdb,933,6.6724095,5.2280264,7.0100203,6.6706924,6.6578155,6.660126,7.183378,6.408849,6.7733173,6.8471766,6.611181
934,merck/eg5_extraprotomers,merck/eg5_extraprotomers/CHEMBL1077227,../large_fep_dataset/data/fep_benchmark_processed/merck_eg5_extraprotomers_CHEMBL1077227.sdf,../large_fep_dataset/data/fep_benchmark_processed/merck_eg5_extraprotomers_protein.pdb,934,5.9667177,6.4633784,5.683722,6.3785553,6.45376,6.330792,6.292262,5.92831,5.7564034,6.7368917,6.1990795
935,merck/eg5_extraprotomers,merck/eg5_extraprotomers/CHEMBL1086410,../large_fep_dataset/data/fep_benchmark_processed/merck_eg5_extraprotomers_CHEMBL1086410.sdf,../large_fep_dataset/data/fep_benchmark_processed/merck_eg5_extraprotomers_protein.pdb,935,5.4736166,5.966464,5.6987677,6.032682,6.7210464,5.4853806,6.085043,5.7076902,5.6871934,6.466664,5.9324546
936,merck/eg5_extraprotomers,merck/eg5_extraprotomers/CHEMBL1083517,../large_fep_dataset/data/fep_benchmark_processed/merck_eg5_extraprotomers_CHEMBL1083517.sdf,../large_fep_dataset/data/fep_benchmark_processed/merck_eg5_extraprotomers_protein.pdb,936,6.595063,5.9871974,6.7730827,6.972376,7.171211,7.0703664,6.6519947,5.845285,6.9273815,6.3616753,6.635564
937,merck/eg5_extraprotomers,merck/eg5_extraprotomers/CHEMBL1096003,../large_fep_dataset/data/fep_benchmark_processed/merck_eg5_extraprotomers_CHEMBL1096003.sdf,../large_fep_dataset/data/fep_benchmark_processed/merck_eg5_extraprotomers_protein.pdb,937,7.394069,6.4769197,7.147869,7.482169,6.8694224,6.9932733,7.2342978,7.0169706,7.3120937,7.2794623,7.120655
938,merck/eg5_extraprotomers,merck/eg5_extraprotomers/CHEMBL1077204,../large_fep_dataset/data/fep_benchmark_processed/merck_eg5_extraprotomers_CHEMBL1077204.sdf,../large_fep_dataset/data/fep_benchmark_processed/merck_eg5_extraprotomers_protein.pdb,938,6.774686,5.1995564,7.0385475,6.1535583,6.5954366,6.3612165,6.443076,6.1657176,6.434132,6.195998,6.3361926
939,merck/eg5_extraprotomers,merck/eg5_extraprotomers/CHEMBL1083836,../large_fep_dataset/data/fep_benchmark_processed/merck_eg5_extraprotomers_CHEMBL1083836.sdf,../large_fep_dataset/data/fep_benchmark_processed/merck_eg5_extraprotomers_protein.pdb,939,5.743166,5.892718,5.788984,5.9563136,6.360093,5.4248757,6.3797107,5.8606257,5.7012386,6.538486,5.9646215
940,merck/eg5_extraprotomers,merck/eg5_extraprotomers/CHEMBL1085666,../large_fep_dataset/data/fep_benchmark_processed/merck_eg5_extraprotomers_CHEMBL1085666.sdf,../large_fep_dataset/data/fep_benchmark_processed/merck_eg5_extraprotomers_protein.pdb,940,5.7138257,5.1536646,6.7117834,6.2828712,6.1338134,5.7419863,6.4748354,6.1865063,6.0647407,5.920913,6.0384936
941,merck/eg5_extraprotomers,merck/eg5_extraprotomers/CHEMBL1085692,../large_fep_dataset/data/fep_benchmark_processed/merck_eg5_extraprotomers_CHEMBL1085692.sdf,../large_fep_dataset/data/fep_benchmark_processed/merck_eg5_extraprotomers_protein.pdb,941,6.50045,6.5601687,7.175225,6.6406236,6.687862,6.84582,7.487764,7.1493897,7.057112,7.391126,6.9495544
942,merck/eg5_extraprotomers,merck/eg5_extraprotomers/CHEMBL1084143,../large_fep_dataset/data/fep_benchmark_processed/merck_eg5_extraprotomers_CHEMBL1084143.sdf,../large_fep_dataset/data/fep_benchmark_processed/merck_eg5_extraprotomers_protein.pdb,942,6.341052,6.7598796,6.459922,7.3579407,7.409301,6.0860057,6.8931284,6.3673544,6.983149,6.5861616,6.7243896
943,merck/eg5_extraprotomers,merck/eg5_extraprotomers/CHEMBL1096002,../large_fep_dataset/data/fep_benchmark_processed/merck_eg5_extraprotomers_CHEMBL1096002.sdf,../large_fep_dataset/data/fep_benchmark_processed/merck_eg5_extraprotomers_protein.pdb,943,7.0736003,5.729314,6.9900928,6.624602,6.417498,7.2002273,7.125848,7.4195495,6.0595417,7.528796,6.816906
944,merck/eg5_extraprotomers,merck/eg5_extraprotomers/CHEMBL1089056,../large_fep_dataset/data/fep_benchmark_processed/merck_eg5_extraprotomers_CHEMBL1089056.sdf,../large_fep_dataset/data/fep_benchmark_processed/merck_eg5_extraprotomers_protein.pdb,944,5.913905,5.9558983,5.900227,5.406722,6.4970617,5.479494,5.647288,5.6251745,5.9934964,6.0562997,5.8475575
945,merck/eg5_extraprotomers,merck/eg5_extraprotomers/CHEMBL1093088,../large_fep_dataset/data/fep_benchmark_processed/merck_eg5_extraprotomers_CHEMBL1093088.sdf,../large_fep_dataset/data/fep_benchmark_processed/merck_eg5_extraprotomers_protein.pdb,945,6.969268,6.506684,7.292597,7.788424,7.2803764,6.2381554,7.0921345,6.276368,7.623555,7.224573,7.029214
946,merck/eg5_extraprotomers,merck/eg5_extraprotomers/CHEMBL1084676,../large_fep_dataset/data/fep_benchmark_processed/merck_eg5_extraprotomers_CHEMBL1084676.sdf,../large_fep_dataset/data/fep_benchmark_processed/merck_eg5_extraprotomers_protein.pdb,946,6.929449,5.6775823,7.0867186,6.355498,6.949874,6.240238,6.801773,6.13445,6.745044,6.1754627,6.5096083
947,merck/eg5_extraprotomers,merck/eg5_extraprotomers/CHEMBL1084935,../large_fep_dataset/data/fep_benchmark_processed/merck_eg5_extraprotomers_CHEMBL1084935.sdf,../large_fep_dataset/data/fep_benchmark_processed/merck_eg5_extraprotomers_protein.pdb,947,5.6760116,6.014468,6.2364755,6.049645,6.68883,6.688259,6.6381264,6.2238197,6.66351,7.0616145,6.394076
948,merck/eg5_extraprotomers,merck/eg5_extraprotomers/CHEMBL1078998,../large_fep_dataset/data/fep_benchmark_processed/merck_eg5_extraprotomers_CHEMBL1078998.sdf,../large_fep_dataset/data/fep_benchmark_processed/merck_eg5_extraprotomers_protein.pdb,948,6.229519,6.1140404,5.8466783,6.4444795,6.1215253,5.746571,6.1421566,5.777435,5.9574776,6.410734,6.079061
949,merck/eg5_extraprotomers,merck/eg5_extraprotomers/CHEMBL1088740,../large_fep_dataset/data/fep_benchmark_processed/merck_eg5_extraprotomers_CHEMBL1088740.sdf,../large_fep_dataset/data/fep_benchmark_processed/merck_eg5_extraprotomers_protein.pdb,949,5.4472017,5.5842953,5.484425,4.6699963,5.640955,4.929004,4.9911857,5.5092616,5.7730336,5.3240786,5.3353434
950,merck/eg5_extraprotomers,merck/eg5_extraprotomers/CHEMBL1084143_1,../large_fep_dataset/data/fep_benchmark_processed/merck_eg5_extraprotomers_CHEMBL1084143_1.sdf,../large_fep_dataset/data/fep_benchmark_processed/merck_eg5_extraprotomers_protein.pdb,950,6.700798,6.784318,6.6964755,7.126693,7.0567603,6.1060467,6.502368,6.528538,6.58876,6.321269,6.6412024
951,merck/eg5_extraprotomers,merck/eg5_extraprotomers/CHEMBL1096003_1,../large_fep_dataset/data/fep_benchmark_processed/merck_eg5_extraprotomers_CHEMBL1096003_1.sdf,../large_fep_dataset/data/fep_benchmark_processed/merck_eg5_extraprotomers_protein.pdb,951,7.1968436,6.454925,7.200643,7.508476,6.8452797,6.9133487,7.655201,7.186615,7.4790597,7.0869656,7.1527357
952,merck/eg5_extraprotomers,merck/eg5_extraprotomers/CHEMBL1096002_1,../large_fep_dataset/data/fep_benchmark_processed/merck_eg5_extraprotomers_CHEMBL1096002_1.sdf,../large_fep_dataset/data/fep_benchmark_processed/merck_eg5_extraprotomers_protein.pdb,952,6.6283336,6.030305,6.897706,6.7810206,6.7373004,6.482447,6.917993,6.913468,5.956242,6.951303,6.629612
953,merck/eg5_extraprotomers,merck/eg5_extraprotomers/CHEMBL1084676_1,../large_fep_dataset/data/fep_benchmark_processed/merck_eg5_extraprotomers_CHEMBL1084676_1.sdf,../large_fep_dataset/data/fep_benchmark_processed/merck_eg5_extraprotomers_protein.pdb,953,6.899598,5.463097,6.9791117,6.3713174,6.806484,6.3318396,6.2660656,6.2183104,7.038373,5.7568445,6.413104
954,merck/eg5_extraprotomers,merck/eg5_extraprotomers/CHEMBL1084677_1,../large_fep_dataset/data/fep_benchmark_processed/merck_eg5_extraprotomers_CHEMBL1084677_1.sdf,../large_fep_dataset/data/fep_benchmark_processed/merck_eg5_extraprotomers_protein.pdb,954,6.727298,5.3769445,7.288302,6.481519,6.777267,6.9332047,6.892069,6.751662,7.5695996,6.2385354,6.70364
955,merck/eg5_extraprotomers,merck/eg5_extraprotomers/CHEMBL1084935_1,../large_fep_dataset/data/fep_benchmark_processed/merck_eg5_extraprotomers_CHEMBL1084935_1.sdf,../large_fep_dataset/data/fep_benchmark_processed/merck_eg5_extraprotomers_protein.pdb,955,5.5422416,6.0847993,6.281821,5.8697915,6.7326217,6.612973,6.4823246,6.4870377,6.163902,6.5495396,6.2807055
956,merck/syk_4puz_fullmap,merck/syk_4puz_fullmap/CHEMBL3265014,../large_fep_dataset/data/fep_benchmark_processed/merck_syk_4puz_fullmap_CHEMBL3265014.sdf,../large_fep_dataset/data/fep_benchmark_processed/merck_syk_4puz_fullmap_protein.pdb,956,6.5683174,6.597013,6.1584725,6.425489,6.307625,6.0723367,6.464711,6.9897075,7.3283496,6.7249665,6.563699
957,merck/syk_4puz_fullmap,merck/syk_4puz_fullmap/CHEMBL3265036,../large_fep_dataset/data/fep_benchmark_processed/merck_syk_4puz_fullmap_CHEMBL3265036.sdf,../large_fep_dataset/data/fep_benchmark_processed/merck_syk_4puz_fullmap_protein.pdb,957,6.988045,5.9607425,6.6144223,6.6285644,6.7882733,6.3121257,6.40139,6.981596,7.0314946,6.591699,6.6298356
958,merck/syk_4puz_fullmap,merck/syk_4puz_fullmap/CHEMBL3265020,../large_fep_dataset/data/fep_benchmark_processed/merck_syk_4puz_fullmap_CHEMBL3265020.sdf,../large_fep_dataset/data/fep_benchmark_processed/merck_syk_4puz_fullmap_protein.pdb,958,6.919293,6.400362,6.092566,6.937735,6.5999484,6.465277,6.1132383,6.9945297,6.6665797,6.128938,6.5318465
959,merck/syk_4puz_fullmap,merck/syk_4puz_fullmap/CHEMBL3265023,../large_fep_dataset/data/fep_benchmark_processed/merck_syk_4puz_fullmap_CHEMBL3265023.sdf,../large_fep_dataset/data/fep_benchmark_processed/merck_syk_4puz_fullmap_protein.pdb,959,7.2056503,6.1949387,6.493414,6.871487,6.62976,6.6074166,6.4700317,7.1241207,7.31841,6.61509,6.7530317
960,merck/syk_4puz_fullmap,merck/syk_4puz_fullmap/CHEMBL3265033,../large_fep_dataset/data/fep_benchmark_processed/merck_syk_4puz_fullmap_CHEMBL3265033.sdf,../large_fep_dataset/data/fep_benchmark_processed/merck_syk_4puz_fullmap_protein.pdb,960,7.202131,7.225921,7.035716,7.074911,6.6232085,6.4000754,6.839282,7.4365573,7.6670494,7.204848,7.07097
961,merck/syk_4puz_fullmap,merck/syk_4puz_fullmap/CHEMBL3265027,../large_fep_dataset/data/fep_benchmark_processed/merck_syk_4puz_fullmap_CHEMBL3265027.sdf,../large_fep_dataset/data/fep_benchmark_processed/merck_syk_4puz_fullmap_protein.pdb,961,6.750486,6.5490017,5.930657,6.904223,6.5652666,6.127623,5.924409,6.859528,6.9181366,5.8288875,6.4358215
962,merck/syk_4puz_fullmap,merck/syk_4puz_fullmap/CHEMBL3265028,../large_fep_dataset/data/fep_benchmark_processed/merck_syk_4puz_fullmap_CHEMBL3265028.sdf,../large_fep_dataset/data/fep_benchmark_processed/merck_syk_4puz_fullmap_protein.pdb,962,8.085559,6.403584,6.2687325,6.767629,7.103381,6.362564,5.9456677,7.294165,7.2775936,6.7435145,6.8252397
963,merck/syk_4puz_fullmap,merck/syk_4puz_fullmap/CHEMBL3265032,../large_fep_dataset/data/fep_benchmark_processed/merck_syk_4puz_fullmap_CHEMBL3265032.sdf,../large_fep_dataset/data/fep_benchmark_processed/merck_syk_4puz_fullmap_protein.pdb,963,6.681889,6.0414577,6.4690056,6.621975,6.749215,5.8942037,6.2408133,6.905469,7.329621,6.105575,6.5039225
964,merck/syk_4puz_fullmap,merck/syk_4puz_fullmap/CHEMBL3265031,../large_fep_dataset/data/fep_benchmark_processed/merck_syk_4puz_fullmap_CHEMBL3265031.sdf,../large_fep_dataset/data/fep_benchmark_processed/merck_syk_4puz_fullmap_protein.pdb,964,6.8729043,6.6060505,6.983901,7.1483235,6.9083285,6.3209968,6.496198,6.7802906,6.6892776,7.1103263,6.7916594
965,merck/syk_4puz_fullmap,merck/syk_4puz_fullmap/CHEMBL3265037,../large_fep_dataset/data/fep_benchmark_processed/merck_syk_4puz_fullmap_CHEMBL3265037.sdf,../large_fep_dataset/data/fep_benchmark_processed/merck_syk_4puz_fullmap_protein.pdb,965,7.3702307,6.598587,6.948005,7.1931176,7.280584,7.0972433,6.773976,7.552575,7.3643355,6.712474,7.0891123
966,merck/syk_4puz_fullmap,merck/syk_4puz_fullmap/CHEMBL3265026,../large_fep_dataset/data/fep_benchmark_processed/merck_syk_4puz_fullmap_CHEMBL3265026.sdf,../large_fep_dataset/data/fep_benchmark_processed/merck_syk_4puz_fullmap_protein.pdb,966,6.950223,5.8942423,6.7556505,6.7032576,6.422599,6.0320897,6.105679,6.930314,6.9671245,6.3284535,6.5089636
967,merck/syk_4puz_fullmap,merck/syk_4puz_fullmap/CHEMBL3265012,../large_fep_dataset/data/fep_benchmark_processed/merck_syk_4puz_fullmap_CHEMBL3265012.sdf,../large_fep_dataset/data/fep_benchmark_processed/merck_syk_4puz_fullmap_protein.pdb,967,7.4934907,6.8593698,6.0201015,6.7257404,6.0198298,6.1987615,6.4930854,7.2938404,7.115869,6.8050313,6.702512
968,merck/syk_4puz_fullmap,merck/syk_4puz_fullmap/CHEMBL3265029,../large_fep_dataset/data/fep_benchmark_processed/merck_syk_4puz_fullmap_CHEMBL3265029.sdf,../large_fep_dataset/data/fep_benchmark_processed/merck_syk_4puz_fullmap_protein.pdb,968,6.3989716,6.17016,5.6252112,6.704264,6.760447,6.028816,6.1088104,6.6601524,7.156857,6.201792,6.3815484
969,merck/syk_4puz_fullmap,merck/syk_4puz_fullmap/CHEMBL3265035,../large_fep_dataset/data/fep_benchmark_processed/merck_syk_4puz_fullmap_CHEMBL3265035.sdf,../large_fep_dataset/data/fep_benchmark_processed/merck_syk_4puz_fullmap_protein.pdb,969,6.4230504,5.9855757,6.2062883,6.6119943,6.2752995,6.0363045,5.9015718,6.7464833,6.903064,6.16165,6.3251286
970,merck/syk_4puz_fullmap,merck/syk_4puz_fullmap/CHEMBL3265024,../large_fep_dataset/data/fep_benchmark_processed/merck_syk_4puz_fullmap_CHEMBL3265024.sdf,../large_fep_dataset/data/fep_benchmark_processed/merck_syk_4puz_fullmap_protein.pdb,970,7.2385,7.118708,7.303345,7.0117755,6.8032794,7.2466135,6.692559,7.3698654,7.346652,6.9832807,7.111458
971,merck/syk_4puz_fullmap,merck/syk_4puz_fullmap/CHEMBL3265018,../large_fep_dataset/data/fep_benchmark_processed/merck_syk_4puz_fullmap_CHEMBL3265018.sdf,../large_fep_dataset/data/fep_benchmark_processed/merck_syk_4puz_fullmap_protein.pdb,971,7.3197937,5.9621086,6.382756,7.060606,6.898143,6.912919,6.256199,7.2554026,7.5387573,6.5882235,6.8174906
972,merck/syk_4puz_fullmap,merck/syk_4puz_fullmap/CHEMBL3265008,../large_fep_dataset/data/fep_benchmark_processed/merck_syk_4puz_fullmap_CHEMBL3265008.sdf,../large_fep_dataset/data/fep_benchmark_processed/merck_syk_4puz_fullmap_protein.pdb,972,6.1771083,6.6291537,6.376881,6.8183093,5.8915944,6.4060125,6.349281,7.0606375,7.0494466,6.9994454,6.5757875
973,merck/syk_4puz_fullmap,merck/syk_4puz_fullmap/CHEMBL3265016,../large_fep_dataset/data/fep_benchmark_processed/merck_syk_4puz_fullmap_CHEMBL3265016.sdf,../large_fep_dataset/data/fep_benchmark_processed/merck_syk_4puz_fullmap_protein.pdb,973,6.7055635,6.260161,6.1153417,6.6339574,6.384582,6.3194036,6.093839,6.730284,6.4997215,6.085706,6.382856
974,merck/syk_4puz_fullmap,merck/syk_4puz_fullmap/CHEMBL3265025 flip,../large_fep_dataset/data/fep_benchmark_processed/merck_syk_4puz_fullmap_CHEMBL3265025_flip.sdf,../large_fep_dataset/data/fep_benchmark_processed/merck_syk_4puz_fullmap_protein.pdb,974,7.5736375,7.362784,6.922073,7.0274353,6.9233637,6.8530974,6.9301853,7.1846285,7.691822,7.1518664,7.162089
975,merck/syk_4puz_fullmap,merck/syk_4puz_fullmap/CHEMBL3265013,../large_fep_dataset/data/fep_benchmark_processed/merck_syk_4puz_fullmap_CHEMBL3265013.sdf,../large_fep_dataset/data/fep_benchmark_processed/merck_syk_4puz_fullmap_protein.pdb,975,7.1581945,6.6171713,5.961729,6.7124424,6.322318,6.0985646,6.894927,6.9132895,7.0945687,6.780415,6.655362
976,merck/syk_4puz_fullmap,merck/syk_4puz_fullmap/CHEMBL3259820,../large_fep_dataset/data/fep_benchmark_processed/merck_syk_4puz_fullmap_CHEMBL3259820.sdf,../large_fep_dataset/data/fep_benchmark_processed/merck_syk_4puz_fullmap_protein.pdb,976,6.8802686,6.278776,5.8384604,6.178333,5.902559,6.0652237,6.1269083,6.7920322,6.9962816,6.2804255,6.3339267
977,merck/syk_4puz_fullmap,merck/syk_4puz_fullmap/CHEMBL3265006,../large_fep_dataset/data/fep_benchmark_processed/merck_syk_4puz_fullmap_CHEMBL3265006.sdf,../large_fep_dataset/data/fep_benchmark_processed/merck_syk_4puz_fullmap_protein.pdb,977,6.7483706,6.346595,6.2499714,6.4474087,6.4838905,5.7076364,6.4301834,6.8629637,6.453103,6.726028,6.4456153
978,merck/syk_4puz_fullmap,merck/syk_4puz_fullmap/CHEMBL3265030_n,../large_fep_dataset/data/fep_benchmark_processed/merck_syk_4puz_fullmap_CHEMBL3265030_n.sdf,../large_fep_dataset/data/fep_benchmark_processed/merck_syk_4puz_fullmap_protein.pdb,978,7.1308174,6.526925,6.4320426,7.333291,6.898946,6.722981,6.511964,6.9581876,7.0936933,6.9535575,6.8562403
979,merck/syk_4puz_fullmap,merck/syk_4puz_fullmap/CHEMBL3265022,../large_fep_dataset/data/fep_benchmark_processed/merck_syk_4puz_fullmap_CHEMBL3265022.sdf,../large_fep_dataset/data/fep_benchmark_processed/merck_syk_4puz_fullmap_protein.pdb,979,7.2578416,6.0243406,6.3598404,6.667864,6.7029443,6.200249,6.445873,7.094883,7.2787824,6.6099844,6.66426
980,merck/syk_4puz_fullmap,merck/syk_4puz_fullmap/CHEMBL3265019,../large_fep_dataset/data/fep_benchmark_processed/merck_syk_4puz_fullmap_CHEMBL3265019.sdf,../large_fep_dataset/data/fep_benchmark_processed/merck_syk_4puz_fullmap_protein.pdb,980,7.644891,6.8492103,7.0436573,7.233121,6.613348,7.10982,7.02266,7.1064463,7.65614,6.855289,7.1134577
981,merck/syk_4puz_fullmap,merck/syk_4puz_fullmap/CHEMBL3265009,../large_fep_dataset/data/fep_benchmark_processed/merck_syk_4puz_fullmap_CHEMBL3265009.sdf,../large_fep_dataset/data/fep_benchmark_processed/merck_syk_4puz_fullmap_protein.pdb,981,6.727081,6.8397884,6.4483914,6.387631,6.2834654,6.3325205,6.7650456,6.8474684,7.3053317,6.6502585,6.658698
982,merck/syk_4puz_fullmap,merck/syk_4puz_fullmap/CHEMBL3265021,../large_fep_dataset/data/fep_benchmark_processed/merck_syk_4puz_fullmap_CHEMBL3265021.sdf,../large_fep_dataset/data/fep_benchmark_processed/merck_syk_4puz_fullmap_protein.pdb,982,7.543621,6.663244,6.532463,6.967024,7.103695,7.0295696,6.5507355,7.352569,7.135512,6.948169,6.98266
983,merck/syk_4puz_fullmap,merck/syk_4puz_fullmap/CHEMBL3265005,../large_fep_dataset/data/fep_benchmark_processed/merck_syk_4puz_fullmap_CHEMBL3265005.sdf,../large_fep_dataset/data/fep_benchmark_processed/merck_syk_4puz_fullmap_protein.pdb,983,6.493386,6.3253264,6.406261,6.478609,6.259305,6.402558,6.405725,6.9894404,6.663491,6.5333242,6.495742
984,merck/syk_4puz_fullmap,merck/syk_4puz_fullmap/CHEMBL3265017,../large_fep_dataset/data/fep_benchmark_processed/merck_syk_4puz_fullmap_CHEMBL3265017.sdf,../large_fep_dataset/data/fep_benchmark_processed/merck_syk_4puz_fullmap_protein.pdb,984,7.5004716,6.3410687,6.284768,6.9960537,6.8052053,6.6419744,6.3421116,7.3529296,7.2382402,6.6194754,6.812229
985,merck/syk_4puz_fullmap,merck/syk_4puz_fullmap/CHEMBL3265010,../large_fep_dataset/data/fep_benchmark_processed/merck_syk_4puz_fullmap_CHEMBL3265010.sdf,../large_fep_dataset/data/fep_benchmark_processed/merck_syk_4puz_fullmap_protein.pdb,985,6.760729,6.493667,6.4190645,6.8209963,5.938558,6.4017067,6.4382854,7.2262936,6.939537,6.8574996,6.6296334
986,merck/syk_4puz_fullmap,merck/syk_4puz_fullmap/CHEMBL3265034,../large_fep_dataset/data/fep_benchmark_processed/merck_syk_4puz_fullmap_CHEMBL3265034.sdf,../large_fep_dataset/data/fep_benchmark_processed/merck_syk_4puz_fullmap_protein.pdb,986,7.15383,6.5400987,6.859444,6.612979,6.894867,6.313952,5.8777995,6.956332,7.5191016,6.6426234,6.7371025
987,merck/syk_4puz_fullmap,merck/syk_4puz_fullmap/CHEMBL3265011 flip,../large_fep_dataset/data/fep_benchmark_processed/merck_syk_4puz_fullmap_CHEMBL3265011_flip.sdf,../large_fep_dataset/data/fep_benchmark_processed/merck_syk_4puz_fullmap_protein.pdb,987,6.249728,7.2200136,7.07365,6.8650265,6.4480433,6.5788703,6.7005143,6.944134,6.9171805,6.7164617,6.7713623
988,merck/syk_4puz_fullmap,merck/syk_4puz_fullmap/CHEMBL3265015 flip,../large_fep_dataset/data/fep_benchmark_processed/merck_syk_4puz_fullmap_CHEMBL3265015_flip.sdf,../large_fep_dataset/data/fep_benchmark_processed/merck_syk_4puz_fullmap_protein.pdb,988,6.9687877,6.8017287,5.897565,6.7304626,6.2172065,6.421803,6.950655,7.126365,7.0552325,6.2299595,6.6399765
989,merck/syk_4puz_fullmap,merck/syk_4puz_fullmap/CHEMBL3265002,../large_fep_dataset/data/fep_benchmark_processed/merck_syk_4puz_fullmap_CHEMBL3265002.sdf,../large_fep_dataset/data/fep_benchmark_processed/merck_syk_4puz_fullmap_protein.pdb,989,7.3593907,5.9928718,6.455189,6.5841565,6.263266,6.525498,6.4556556,6.304362,6.1631308,6.193669,6.429719
990,merck/syk_4puz_fullmap,merck/syk_4puz_fullmap/docked CHEMBL3264998,../large_fep_dataset/data/fep_benchmark_processed/merck_syk_4puz_fullmap_docked_CHEMBL3264998.sdf,../large_fep_dataset/data/fep_benchmark_processed/merck_syk_4puz_fullmap_protein.pdb,990,6.847561,6.636742,6.302257,6.899494,6.6632223,6.6913714,6.313969,6.4697537,6.0751123,6.833863,6.5733347
991,merck/syk_4puz_fullmap,merck/syk_4puz_fullmap/CHEMBL3264997,../large_fep_dataset/data/fep_benchmark_processed/merck_syk_4puz_fullmap_CHEMBL3264997.sdf,../large_fep_dataset/data/fep_benchmark_processed/merck_syk_4puz_fullmap_protein.pdb,991,7.637206,7.142205,6.206105,6.46637,6.767602,6.7489367,6.5958834,6.8171725,6.1998296,7.0776515,6.765896
992,merck/syk_4puz_fullmap,merck/syk_4puz_fullmap/docked CHEMBL3264994,../large_fep_dataset/data/fep_benchmark_processed/merck_syk_4puz_fullmap_docked_CHEMBL3264994.sdf,../large_fep_dataset/data/fep_benchmark_processed/merck_syk_4puz_fullmap_protein.pdb,992,7.27125,6.757934,5.925375,6.380362,7.087827,6.554758,6.631368,6.1326084,6.381024,6.522482,6.564499
993,merck/syk_4puz_fullmap,merck/syk_4puz_fullmap/CHEMBL3264995,../large_fep_dataset/data/fep_benchmark_processed/merck_syk_4puz_fullmap_CHEMBL3264995.sdf,../large_fep_dataset/data/fep_benchmark_processed/merck_syk_4puz_fullmap_protein.pdb,993,7.415351,6.6766553,6.760504,6.6677737,7.2181993,6.971549,6.8857045,6.9294376,6.2996774,7.0978465,6.89227
994,merck/syk_4puz_fullmap,merck/syk_4puz_fullmap/docked CHEMBL3265004,../large_fep_dataset/data/fep_benchmark_processed/merck_syk_4puz_fullmap_docked_CHEMBL3265004.sdf,../large_fep_dataset/data/fep_benchmark_processed/merck_syk_4puz_fullmap_protein.pdb,994,7.2596583,6.4771943,6.713575,7.1061673,6.572907,6.655154,6.72386,6.65378,6.4282207,6.809393,6.739991
995,merck/syk_4puz_fullmap,merck/syk_4puz_fullmap/CHEMBL3265001,../large_fep_dataset/data/fep_benchmark_processed/merck_syk_4puz_fullmap_CHEMBL3265001.sdf,../large_fep_dataset/data/fep_benchmark_processed/merck_syk_4puz_fullmap_protein.pdb,995,7.880398,6.530506,6.8238807,6.6286116,7.2814426,7.392525,7.267513,7.267203,6.839845,7.4107723,7.1322694
996,merck/syk_4puz_fullmap,merck/syk_4puz_fullmap/CHEMBL3264996,../large_fep_dataset/data/fep_benchmark_processed/merck_syk_4puz_fullmap_CHEMBL3264996.sdf,../large_fep_dataset/data/fep_benchmark_processed/merck_syk_4puz_fullmap_protein.pdb,996,6.7614903,6.5744977,6.3498144,6.150512,6.3815393,6.4756966,6.0201864,5.909257,5.7292404,6.0948396,6.2447076
997,merck/syk_4puz_fullmap,merck/syk_4puz_fullmap/docked CHEMBL3264999 adjust,../large_fep_dataset/data/fep_benchmark_processed/merck_syk_4puz_fullmap_docked_CHEMBL3264999_adjust.sdf,../large_fep_dataset/data/fep_benchmark_processed/merck_syk_4puz_fullmap_protein.pdb,997,7.438214,7.0482664,6.651731,6.6870427,6.6258235,7.1113815,6.665627,6.7625957,6.559176,6.7117605,6.826162
998,merck/syk_4puz_fullmap,merck/syk_4puz_fullmap/redocked CHEMBL3265000 ground state,../large_fep_dataset/data/fep_benchmark_processed/merck_syk_4puz_fullmap_redocked_CHEMBL3265000_ground_state.sdf,../large_fep_dataset/data/fep_benchmark_processed/merck_syk_4puz_fullmap_protein.pdb,998,6.680412,6.899015,6.833913,6.5917215,6.9767714,6.9722714,6.9515014,7.024951,6.861753,6.972897,6.8765206
999,merck/syk_4puz_fullmap,merck/syk_4puz_fullmap/redocked CHEMBL3265000,../large_fep_dataset/data/fep_benchmark_processed/merck_syk_4puz_fullmap_redocked_CHEMBL3265000.sdf,../large_fep_dataset/data/fep_benchmark_processed/merck_syk_4puz_fullmap_protein.pdb,999,6.550957,6.7016344,6.8447948,6.54074,6.7116365,6.8192763,6.659455,6.7818766,6.5664706,7.001562,6.7178397
1000,merck/syk_4puz_fullmap,merck/syk_4puz_fullmap/CHEMBL3265003 tautomer 1,../large_fep_dataset/data/fep_benchmark_processed/merck_syk_4puz_fullmap_CHEMBL3265003_tautomer_1.sdf,../large_fep_dataset/data/fep_benchmark_processed/merck_syk_4puz_fullmap_protein.pdb,1000,7.231325,5.9277215,6.3461823,6.2466345,6.240157,6.597632,6.4440994,6.6315036,6.2281194,6.3255258,6.4218903
1001,merck/syk_4puz_fullmap,merck/syk_4puz_fullmap/CHEMBL3265003 tautomer 2,../large_fep_dataset/data/fep_benchmark_processed/merck_syk_4puz_fullmap_CHEMBL3265003_tautomer_2.sdf,../large_fep_dataset/data/fep_benchmark_processed/merck_syk_4puz_fullmap_protein.pdb,1001,7.312668,6.084879,6.5816345,6.501597,6.285236,6.716887,6.325074,6.7160783,6.3423257,6.5456314,6.5412016
1002,merck/hif2a_automap,merck/hif2a_automap/338,../large_fep_dataset/data/fep_benchmark_processed/merck_hif2a_automap_338.sdf,../large_fep_dataset/data/fep_benchmark_processed/merck_hif2a_automap_protein.pdb,1002,8.040215,7.53134,7.697105,7.768745,7.676263,7.74538,7.633782,7.382601,7.8368692,7.275346,7.658765
1003,merck/hif2a_automap,merck/hif2a_automap/43,../large_fep_dataset/data/fep_benchmark_processed/merck_hif2a_automap_43.sdf,../large_fep_dataset/data/fep_benchmark_processed/merck_hif2a_automap_protein.pdb,1003,7.462879,6.957139,6.692769,7.1595726,7.7486415,7.179332,6.993619,7.325575,7.4525485,6.72785,7.169992
1004,merck/hif2a_automap,merck/hif2a_automap/235,../large_fep_dataset/data/fep_benchmark_processed/merck_hif2a_automap_235.sdf,../large_fep_dataset/data/fep_benchmark_processed/merck_hif2a_automap_protein.pdb,1004,7.034019,7.5043187,7.8734784,7.3533134,7.397889,7.9815407,7.111645,7.594265,7.426556,6.722154,7.3999176
1005,merck/hif2a_automap,merck/hif2a_automap/234,../large_fep_dataset/data/fep_benchmark_processed/merck_hif2a_automap_234.sdf,../large_fep_dataset/data/fep_benchmark_processed/merck_hif2a_automap_protein.pdb,1005,7.8164916,7.8401055,7.739349,8.204566,7.8085303,8.051308,7.455913,8.318994,8.070828,7.663938,7.897002
1006,merck/hif2a_automap,merck/hif2a_automap/30,../large_fep_dataset/data/fep_benchmark_processed/merck_hif2a_automap_30.sdf,../large_fep_dataset/data/fep_benchmark_processed/merck_hif2a_automap_protein.pdb,1006,7.5155034,7.3323774,7.5804286,7.5830913,7.721721,6.99629,7.145903,7.057006,7.1789236,7.129397,7.3240647
1007,merck/hif2a_automap,merck/hif2a_automap/1,../large_fep_dataset/data/fep_benchmark_processed/merck_hif2a_automap_1.sdf,../large_fep_dataset/data/fep_benchmark_processed/merck_hif2a_automap_protein.pdb,1007,7.7081437,7.5733905,7.2480965,7.631761,7.565737,7.625809,6.9252944,7.7650805,7.861513,7.264234,7.516906
1008,merck/hif2a_automap,merck/hif2a_automap/237,../large_fep_dataset/data/fep_benchmark_processed/merck_hif2a_automap_237.sdf,../large_fep_dataset/data/fep_benchmark_processed/merck_hif2a_automap_protein.pdb,1008,6.9929857,7.33573,7.628819,7.356345,7.5337114,7.5084023,6.989974,7.4817243,7.5724945,7.3929596,7.3793154
1009,merck/hif2a_automap,merck/hif2a_automap/227,../large_fep_dataset/data/fep_benchmark_processed/merck_hif2a_automap_227.sdf,../large_fep_dataset/data/fep_benchmark_processed/merck_hif2a_automap_protein.pdb,1009,7.4017663,7.3500633,7.799507,7.442934,7.708341,8.066572,7.2135468,7.485514,7.6798205,7.2273755,7.5375443
1010,merck/hif2a_automap,merck/hif2a_automap/266,../large_fep_dataset/data/fep_benchmark_processed/merck_hif2a_automap_266.sdf,../large_fep_dataset/data/fep_benchmark_processed/merck_hif2a_automap_protein.pdb,1010,7.158324,7.2356153,7.13772,7.035138,6.9529886,7.3785458,6.641196,7.168535,6.898523,7.4231324,7.1029716
1011,merck/hif2a_automap,merck/hif2a_automap/206,../large_fep_dataset/data/fep_benchmark_processed/merck_hif2a_automap_206.sdf,../large_fep_dataset/data/fep_benchmark_processed/merck_hif2a_automap_protein.pdb,1011,7.5254307,7.0695662,7.2954297,7.471376,7.509556,7.4518156,7.354528,7.629625,7.856175,7.3826976,7.4546204
1012,merck/hif2a_automap,merck/hif2a_automap/67,../large_fep_dataset/data/fep_benchmark_processed/merck_hif2a_automap_67.sdf,../large_fep_dataset/data/fep_benchmark_processed/merck_hif2a_automap_protein.pdb,1012,6.346361,7.0459986,6.88901,7.3135405,7.298578,7.6113997,7.465184,7.065814,7.0267315,7.1133523,7.1175966
1013,merck/hif2a_automap,merck/hif2a_automap/156,../large_fep_dataset/data/fep_benchmark_processed/merck_hif2a_automap_156.sdf,../large_fep_dataset/data/fep_benchmark_processed/merck_hif2a_automap_protein.pdb,1013,7.655394,7.333392,7.114819,7.6861863,7.622984,7.921608,7.0617027,7.12474,7.567276,6.923767,7.401187
1014,merck/hif2a_automap,merck/hif2a_automap/31,../large_fep_dataset/data/fep_benchmark_processed/merck_hif2a_automap_31.sdf,../large_fep_dataset/data/fep_benchmark_processed/merck_hif2a_automap_protein.pdb,1014,7.0545273,7.3594084,6.450495,7.2461214,7.272134,7.086903,6.6425147,6.3441706,6.7294307,6.548025,6.8733726
1015,merck/hif2a_automap,merck/hif2a_automap/289,../large_fep_dataset/data/fep_benchmark_processed/merck_hif2a_automap_289.sdf,../large_fep_dataset/data/fep_benchmark_processed/merck_hif2a_automap_protein.pdb,1015,8.084639,7.260964,7.8956957,7.410689,7.106511,7.4980345,7.2140636,7.198806,7.249914,7.2472568,7.4166574
1016,merck/hif2a_automap,merck/hif2a_automap/61,../large_fep_dataset/data/fep_benchmark_processed/merck_hif2a_automap_61.sdf,../large_fep_dataset/data/fep_benchmark_processed/merck_hif2a_automap_protein.pdb,1016,7.34383,7.8323574,7.3703704,7.234667,7.370516,7.31982,7.096364,7.655278,8.092658,6.6810803,7.399694
1017,merck/hif2a_automap,merck/hif2a_automap/167,../large_fep_dataset/data/fep_benchmark_processed/merck_hif2a_automap_167.sdf,../large_fep_dataset/data/fep_benchmark_processed/merck_hif2a_automap_protein.pdb,1017,7.37419,7.5133553,7.615248,7.360511,7.978317,7.8682833,7.374498,7.864272,7.8027186,7.510018,7.6261406
1018,merck/hif2a_automap,merck/hif2a_automap/165,../large_fep_dataset/data/fep_benchmark_processed/merck_hif2a_automap_165.sdf,../large_fep_dataset/data/fep_benchmark_processed/merck_hif2a_automap_protein.pdb,1018,7.887384,7.830067,7.565119,7.609275,7.8454905,7.741767,7.1006203,7.8291817,7.8891225,7.3614454,7.665947
1019,merck/hif2a_automap,merck/hif2a_automap/41,../large_fep_dataset/data/fep_benchmark_processed/merck_hif2a_automap_41.sdf,../large_fep_dataset/data/fep_benchmark_processed/merck_hif2a_automap_protein.pdb,1019,7.6598144,7.2383165,6.9327984,6.6741133,7.4649076,7.0267816,6.267587,7.6792746,7.7801085,7.216345,7.194005
1020,merck/hif2a_automap,merck/hif2a_automap/7b,../large_fep_dataset/data/fep_benchmark_processed/merck_hif2a_automap_7b.sdf,../large_fep_dataset/data/fep_benchmark_processed/merck_hif2a_automap_protein.pdb,1020,7.344632,7.7250776,6.868683,6.685057,6.853856,6.921159,7.252028,7.6578503,7.9307547,6.9696965,7.2208796
1021,merck/hif2a_automap,merck/hif2a_automap/54,../large_fep_dataset/data/fep_benchmark_processed/merck_hif2a_automap_54.sdf,../large_fep_dataset/data/fep_benchmark_processed/merck_hif2a_automap_protein.pdb,1021,7.568929,7.7263074,7.209659,6.8977532,6.669697,7.367369,6.3957663,7.6942163,7.9821377,7.500872,7.301271
1022,merck/hif2a_automap,merck/hif2a_automap/215,../large_fep_dataset/data/fep_benchmark_processed/merck_hif2a_automap_215.sdf,../large_fep_dataset/data/fep_benchmark_processed/merck_hif2a_automap_protein.pdb,1022,7.4943385,7.570904,7.4776607,7.6078224,7.8846707,7.6707973,7.565679,7.9980993,7.7287364,7.4903007,7.6489005
1023,merck/hif2a_automap,merck/hif2a_automap/57,../large_fep_dataset/data/fep_benchmark_processed/merck_hif2a_automap_57.sdf,../large_fep_dataset/data/fep_benchmark_processed/merck_hif2a_automap_protein.pdb,1023,7.598143,7.3111205,7.401688,8.053459,7.8650703,8.02808,7.540974,7.717168,8.0078945,7.387847,7.6911445
1024,merck/hif2a_automap,merck/hif2a_automap/42,../large_fep_dataset/data/fep_benchmark_processed/merck_hif2a_automap_42.sdf,../large_fep_dataset/data/fep_benchmark_processed/merck_hif2a_automap_protein.pdb,1024,7.802445,7.05148,7.20294,7.413368,7.9518013,7.3017654,6.631966,7.805285,7.7071457,7.285219,7.4153414
1025,merck/hif2a_automap,merck/hif2a_automap/252,../large_fep_dataset/data/fep_benchmark_processed/merck_hif2a_automap_252.sdf,../large_fep_dataset/data/fep_benchmark_processed/merck_hif2a_automap_protein.pdb,1025,7.836709,7.6111364,7.7269354,7.78408,7.9319944,7.880022,7.758146,7.8699713,7.6507864,7.3170204,7.7366805
1026,merck/hif2a_automap,merck/hif2a_automap/336,../large_fep_dataset/data/fep_benchmark_processed/merck_hif2a_automap_336.sdf,../large_fep_dataset/data/fep_benchmark_processed/merck_hif2a_automap_protein.pdb,1026,8.190528,7.283033,7.770401,7.4999676,7.2628627,7.7855406,7.400681,7.158648,6.9977236,6.9637094,7.4313097
1027,merck/hif2a_automap,merck/hif2a_automap/290,../large_fep_dataset/data/fep_benchmark_processed/merck_hif2a_automap_290.sdf,../large_fep_dataset/data/fep_benchmark_processed/merck_hif2a_automap_protein.pdb,1027,7.5052357,7.760272,7.518857,6.877158,7.3095016,7.6854033,7.1534123,7.46645,7.7520003,7.163967,7.419226
1028,merck/hif2a_automap,merck/hif2a_automap/155,../large_fep_dataset/data/fep_benchmark_processed/merck_hif2a_automap_155.sdf,../large_fep_dataset/data/fep_benchmark_processed/merck_hif2a_automap_protein.pdb,1028,7.8823366,7.52113,7.317051,7.8416,8.041158,7.767952,7.08969,7.5315976,7.9092517,7.1416235,7.6043386
1029,merck/hif2a_automap,merck/hif2a_automap/164,../large_fep_dataset/data/fep_benchmark_processed/merck_hif2a_automap_164.sdf,../large_fep_dataset/data/fep_benchmark_processed/merck_hif2a_automap_protein.pdb,1029,7.69755,7.813556,7.307209,7.30803,7.4859843,7.436939,7.0320315,7.946558,7.699042,7.4045753,7.5131483
1030,merck/hif2a_automap,merck/hif2a_automap/7a,../large_fep_dataset/data/fep_benchmark_processed/merck_hif2a_automap_7a.sdf,../large_fep_dataset/data/fep_benchmark_processed/merck_hif2a_automap_protein.pdb,1030,7.4892178,7.5835896,7.0916705,7.12417,7.1792803,7.4384704,6.854936,7.5588784,7.8616433,6.7762995,7.2958155
1031,merck/hif2a_automap,merck/hif2a_automap/224,../large_fep_dataset/data/fep_benchmark_processed/merck_hif2a_automap_224.sdf,../large_fep_dataset/data/fep_benchmark_processed/merck_hif2a_automap_protein.pdb,1031,6.331655,6.9307203,7.157116,6.7186203,6.9291625,7.3994737,7.207611,6.3495755,6.5002866,7.101069,6.862529
1032,merck/hif2a_automap,merck/hif2a_automap/84,../large_fep_dataset/data/fep_benchmark_processed/merck_hif2a_automap_84.sdf,../large_fep_dataset/data/fep_benchmark_processed/merck_hif2a_automap_protein.pdb,1032,7.791334,7.405854,6.437753,6.284086,7.0085874,7.0013003,6.4268823,7.308848,7.4782043,6.6810017,6.982385
1033,merck/hif2a_automap,merck/hif2a_automap/254,../large_fep_dataset/data/fep_benchmark_processed/merck_hif2a_automap_254.sdf,../large_fep_dataset/data/fep_benchmark_processed/merck_hif2a_automap_protein.pdb,1033,7.5703707,7.106279,7.2668085,7.02628,7.6614,7.458323,7.163973,7.574758,7.6441035,6.8359537,7.3308244
1034,merck/hif2a_automap,merck/hif2a_automap/23,../large_fep_dataset/data/fep_benchmark_processed/merck_hif2a_automap_23.sdf,../large_fep_dataset/data/fep_benchmark_processed/merck_hif2a_automap_protein.pdb,1034,7.5801196,7.2991624,6.6764455,6.5844126,7.512924,6.8292828,6.937795,7.3755474,7.5643115,6.840122,7.120012
1035,merck/hif2a_automap,merck/hif2a_automap/251,../large_fep_dataset/data/fep_benchmark_processed/merck_hif2a_automap_251.sdf,../large_fep_dataset/data/fep_benchmark_processed/merck_hif2a_automap_protein.pdb,1035,7.2286224,7.3810782,6.6836104,6.217579,7.0061097,6.990555,6.756458,7.296448,7.48812,7.186639,7.0235224
1036,merck/hif2a_automap,merck/hif2a_automap/256,../large_fep_dataset/data/fep_benchmark_processed/merck_hif2a_automap_256.sdf,../large_fep_dataset/data/fep_benchmark_processed/merck_hif2a_automap_protein.pdb,1036,7.5690536,7.6318307,7.252942,7.2022853,7.1225476,7.531846,7.485756,7.8707986,7.6165805,7.367578,7.4651213
1037,merck/hif2a_automap,merck/hif2a_automap/50,../large_fep_dataset/data/fep_benchmark_processed/merck_hif2a_automap_50.sdf,../large_fep_dataset/data/fep_benchmark_processed/merck_hif2a_automap_protein.pdb,1037,7.660378,7.9046965,7.1671,6.5415263,6.9511127,7.16212,7.1619787,6.9793015,7.638055,7.0282817,7.2194557
1038,merck/hif2a_automap,merck/hif2a_automap/231,../large_fep_dataset/data/fep_benchmark_processed/merck_hif2a_automap_231.sdf,../large_fep_dataset/data/fep_benchmark_processed/merck_hif2a_automap_protein.pdb,1038,8.111443,7.490279,7.3169694,8.055393,7.573987,7.8271446,7.383826,7.5248876,7.2514215,7.2495008,7.578486
1039,merck/hif2a_automap,merck/hif2a_automap/15,../large_fep_dataset/data/fep_benchmark_processed/merck_hif2a_automap_15.sdf,../large_fep_dataset/data/fep_benchmark_processed/merck_hif2a_automap_protein.pdb,1039,7.497416,7.454159,7.4861917,7.4453025,7.698989,7.833667,7.352012,7.666299,7.7714148,7.493645,7.5699096
1040,merck/hif2a_automap,merck/hif2a_automap/124,../large_fep_dataset/data/fep_benchmark_processed/merck_hif2a_automap_124.sdf,../large_fep_dataset/data/fep_benchmark_processed/merck_hif2a_automap_protein.pdb,1040,7.3939323,6.7917247,6.717245,6.7067156,6.6922107,7.3011904,6.9262238,6.490289,7.403985,6.306982,6.8730497
1041,merck/hif2a_automap,merck/hif2a_automap/25,../large_fep_dataset/data/fep_benchmark_processed/merck_hif2a_automap_25.sdf,../large_fep_dataset/data/fep_benchmark_processed/merck_hif2a_automap_protein.pdb,1041,7.1138954,7.4979577,6.9986305,6.7246656,6.5152526,7.222648,6.4696856,7.520322,7.435481,6.8833523,7.038189
1042,merck/hif2a_automap,merck/hif2a_automap/163,../large_fep_dataset/data/fep_benchmark_processed/merck_hif2a_automap_163.sdf,../large_fep_dataset/data/fep_benchmark_processed/merck_hif2a_automap_protein.pdb,1042,7.7136364,7.6871185,7.624787,7.794162,7.733589,7.8878727,7.487624,7.9498434,8.019982,7.531078,7.7429686
1043,merck/tnks2_fullmap,merck/tnks2_fullmap/1a,../large_fep_dataset/data/fep_benchmark_processed/merck_tnks2_fullmap_1a.sdf,../large_fep_dataset/data/fep_benchmark_processed/merck_tnks2_fullmap_protein.pdb,1043,6.2177024,6.9542623,6.5225024,6.6187506,6.4527473,6.451004,6.5767293,6.460696,6.3040648,6.509312,6.5067773
1044,merck/tnks2_fullmap,merck/tnks2_fullmap/1b,../large_fep_dataset/data/fep_benchmark_processed/merck_tnks2_fullmap_1b.sdf,../large_fep_dataset/data/fep_benchmark_processed/merck_tnks2_fullmap_protein.pdb,1044,7.234315,6.924621,7.1581354,7.3919835,6.829704,6.9443164,7.4083567,6.9305816,6.4213014,6.791576,7.003489
1045,merck/tnks2_fullmap,merck/tnks2_fullmap/3a,../large_fep_dataset/data/fep_benchmark_processed/merck_tnks2_fullmap_3a.sdf,../large_fep_dataset/data/fep_benchmark_processed/merck_tnks2_fullmap_protein.pdb,1045,7.3353834,7.136686,7.3568864,6.652034,6.944316,6.8497715,6.6406946,6.9396234,6.4910808,6.6132913,6.895977
1046,merck/tnks2_fullmap,merck/tnks2_fullmap/3b,../large_fep_dataset/data/fep_benchmark_processed/merck_tnks2_fullmap_3b.sdf,../large_fep_dataset/data/fep_benchmark_processed/merck_tnks2_fullmap_protein.pdb,1046,7.3416185,6.8870745,7.1657643,6.5946445,6.955888,6.8399615,6.7589717,6.653345,6.7153244,6.8298073,6.87424
1047,merck/tnks2_fullmap,merck/tnks2_fullmap/5f,../large_fep_dataset/data/fep_benchmark_processed/merck_tnks2_fullmap_5f.sdf,../large_fep_dataset/data/fep_benchmark_processed/merck_tnks2_fullmap_protein.pdb,1047,7.1612773,7.1468234,8.042656,7.4918137,6.9637184,7.172016,7.0691094,7.6177945,7.13582,7.5711393,7.337217
1048,merck/tnks2_fullmap,merck/tnks2_fullmap/5l,../large_fep_dataset/data/fep_benchmark_processed/merck_tnks2_fullmap_5l.sdf,../large_fep_dataset/data/fep_benchmark_processed/merck_tnks2_fullmap_protein.pdb,1048,7.224525,6.9787507,8.099576,7.519057,7.613516,7.4610133,6.900624,7.5775523,7.200877,7.436282,7.4011774
1049,merck/tnks2_fullmap,merck/tnks2_fullmap/5g,../large_fep_dataset/data/fep_benchmark_processed/merck_tnks2_fullmap_5g.sdf,../large_fep_dataset/data/fep_benchmark_processed/merck_tnks2_fullmap_protein.pdb,1049,7.4909697,6.954124,7.6260567,7.204065,6.812556,7.10608,6.631994,7.0916247,7.2298326,7.4397755,7.1587076
1050,merck/tnks2_fullmap,merck/tnks2_fullmap/5e,../large_fep_dataset/data/fep_benchmark_processed/merck_tnks2_fullmap_5e.sdf,../large_fep_dataset/data/fep_benchmark_processed/merck_tnks2_fullmap_protein.pdb,1050,6.908572,6.048162,7.297669,6.441217,6.6247087,7.0238657,5.944592,6.575295,6.586766,6.7049017,6.615575
1051,merck/tnks2_fullmap,merck/tnks2_fullmap/5i,../large_fep_dataset/data/fep_benchmark_processed/merck_tnks2_fullmap_5i.sdf,../large_fep_dataset/data/fep_benchmark_processed/merck_tnks2_fullmap_protein.pdb,1051,7.2481103,7.3073134,7.878071,7.1139865,6.70438,6.8001046,6.976883,7.225118,7.0314994,8.044734,7.23302
1052,merck/tnks2_fullmap,merck/tnks2_fullmap/5b,../large_fep_dataset/data/fep_benchmark_processed/merck_tnks2_fullmap_5b.sdf,../large_fep_dataset/data/fep_benchmark_processed/merck_tnks2_fullmap_protein.pdb,1052,7.1225333,6.871003,7.3711753,7.3265204,7.24453,6.498867,6.879482,6.9869633,7.042273,6.80563,7.014899
1053,merck/tnks2_fullmap,merck/tnks2_fullmap/5h,../large_fep_dataset/data/fep_benchmark_processed/merck_tnks2_fullmap_5h.sdf,../large_fep_dataset/data/fep_benchmark_processed/merck_tnks2_fullmap_protein.pdb,1053,7.049583,7.026492,7.5070186,7.3588033,6.550568,7.296869,6.9384794,6.743787,7.3732758,7.3578873,7.120276
1054,merck/tnks2_fullmap,merck/tnks2_fullmap/5a,../large_fep_dataset/data/fep_benchmark_processed/merck_tnks2_fullmap_5a.sdf,../large_fep_dataset/data/fep_benchmark_processed/merck_tnks2_fullmap_protein.pdb,1054,6.978436,6.828508,7.798789,6.830523,6.817116,6.511,6.4950047,6.9776845,6.5653224,6.987368,6.878975
1055,merck/tnks2_fullmap,merck/tnks2_fullmap/5k,../large_fep_dataset/data/fep_benchmark_processed/merck_tnks2_fullmap_5k.sdf,../large_fep_dataset/data/fep_benchmark_processed/merck_tnks2_fullmap_protein.pdb,1055,7.5036726,7.4346423,8.404043,7.2415404,7.1482816,7.7627244,7.0171285,7.3714943,6.9364066,7.7336793,7.455362
1056,merck/tnks2_fullmap,merck/tnks2_fullmap/5p,../large_fep_dataset/data/fep_benchmark_processed/merck_tnks2_fullmap_5p.sdf,../large_fep_dataset/data/fep_benchmark_processed/merck_tnks2_fullmap_protein.pdb,1056,6.7858458,6.48678,7.092334,6.939799,6.4538474,7.2948685,6.931419,6.2592497,7.16282,6.604996,6.801196
1057,merck/tnks2_fullmap,merck/tnks2_fullmap/5j,../large_fep_dataset/data/fep_benchmark_processed/merck_tnks2_fullmap_5j.sdf,../large_fep_dataset/data/fep_benchmark_processed/merck_tnks2_fullmap_protein.pdb,1057,7.471902,6.311361,7.8259397,7.5142546,7.3487883,7.2533836,6.808377,6.6717205,6.9099126,7.2983027,7.141394
1058,merck/tnks2_fullmap,merck/tnks2_fullmap/5d,../large_fep_dataset/data/fep_benchmark_processed/merck_tnks2_fullmap_5d.sdf,../large_fep_dataset/data/fep_benchmark_processed/merck_tnks2_fullmap_protein.pdb,1058,6.952128,6.603609,7.534685,6.846644,6.895784,7.042626,6.7557383,6.5577955,6.729492,7.3106666,6.9229164
1059,merck/tnks2_fullmap,merck/tnks2_fullmap/5m,../large_fep_dataset/data/fep_benchmark_processed/merck_tnks2_fullmap_5m.sdf,../large_fep_dataset/data/fep_benchmark_processed/merck_tnks2_fullmap_protein.pdb,1059,7.585643,7.379986,8.001662,6.960006,6.8050675,7.5483713,6.9444666,7.3677597,6.9348307,7.8082066,7.3336
1060,merck/tnks2_fullmap,merck/tnks2_fullmap/5n,../large_fep_dataset/data/fep_benchmark_processed/merck_tnks2_fullmap_5n.sdf,../large_fep_dataset/data/fep_benchmark_processed/merck_tnks2_fullmap_protein.pdb,1060,6.6699653,6.651303,7.278683,6.8647256,6.7598157,7.604745,6.8116693,6.222069,7.2304306,6.4864445,6.857985
1061,merck/tnks2_fullmap,merck/tnks2_fullmap/5c,../large_fep_dataset/data/fep_benchmark_processed/merck_tnks2_fullmap_5c.sdf,../large_fep_dataset/data/fep_benchmark_processed/merck_tnks2_fullmap_protein.pdb,1061,7.17479,6.4994125,7.6922035,7.413123,7.216115,6.526834,6.428821,6.8190503,7.260592,7.012515,7.004346
1062,merck/tnks2_fullmap,merck/tnks2_fullmap/7,../large_fep_dataset/data/fep_benchmark_processed/merck_tnks2_fullmap_7.sdf,../large_fep_dataset/data/fep_benchmark_processed/merck_tnks2_fullmap_protein.pdb,1062,7.1255665,6.4233675,6.5630627,6.7836075,6.5142117,6.9484115,7.3132033,6.6444077,6.2476187,6.881747,6.7445197
1063,merck/tnks2_fullmap,merck/tnks2_fullmap/8a neutral,../large_fep_dataset/data/fep_benchmark_processed/merck_tnks2_fullmap_8a_neutral.sdf,../large_fep_dataset/data/fep_benchmark_processed/merck_tnks2_fullmap_protein.pdb,1063,7.3507295,7.6268682,7.366729,7.065245,7.3209286,7.470368,7.3054543,6.790642,7.3832946,7.2826242,7.2962885
1064,merck/tnks2_fullmap,merck/tnks2_fullmap/8b neutral,../large_fep_dataset/data/fep_benchmark_processed/merck_tnks2_fullmap_8b_neutral.sdf,../large_fep_dataset/data/fep_benchmark_processed/merck_tnks2_fullmap_protein.pdb,1064,7.44826,7.752662,7.892467,7.164984,7.303542,7.787808,7.416529,7.523309,7.1203465,7.4336543,7.484357
1065,merck/tnks2_fullmap,merck/tnks2_fullmap/8c adjust,../large_fep_dataset/data/fep_benchmark_processed/merck_tnks2_fullmap_8c_adjust.sdf,../large_fep_dataset/data/fep_benchmark_processed/merck_tnks2_fullmap_protein.pdb,1065,7.765695,7.4343104,7.693808,7.7261147,7.0650396,8.245891,7.8170333,7.5869164,7.25888,7.414982,7.600867
1066,merck/tnks2_fullmap,merck/tnks2_fullmap/8d,../large_fep_dataset/data/fep_benchmark_processed/merck_tnks2_fullmap_8d.sdf,../large_fep_dataset/data/fep_benchmark_processed/merck_tnks2_fullmap_protein.pdb,1066,7.857098,7.309521,7.9452343,7.2826,7.3994675,8.304156,7.697622,7.7333903,6.9050236,7.262655,7.569677
1067,merck/tnks2_fullmap,merck/tnks2_fullmap/8e adjust neutral,../large_fep_dataset/data/fep_benchmark_processed/merck_tnks2_fullmap_8e_adjust_neutral.sdf,../large_fep_dataset/data/fep_benchmark_processed/merck_tnks2_fullmap_protein.pdb,1067,7.901901,7.8862534,8.171991,7.5885015,7.3554163,8.337199,7.8396297,7.749008,7.4761324,7.5146904,7.7820725
1068,merck/tnks2_fullmap,merck/tnks2_fullmap/8f neutral,../large_fep_dataset/data/fep_benchmark_processed/merck_tnks2_fullmap_8f_neutral.sdf,../large_fep_dataset/data/fep_benchmark_processed/merck_tnks2_fullmap_protein.pdb,1068,7.8733983,7.5707297,8.225575,7.1374435,7.333582,7.9806232,7.7252836,7.7198806,7.1989245,7.573445,7.633889
1069,merck/tnks2_fullmap,merck/tnks2_fullmap/8d neutral equitorial,../large_fep_dataset/data/fep_benchmark_processed/merck_tnks2_fullmap_8d_neutral_equitorial.sdf,../large_fep_dataset/data/fep_benchmark_processed/merck_tnks2_fullmap_protein.pdb,1069,7.8476744,7.370949,8.135442,7.28657,7.5365586,7.909789,7.670931,7.7173223,7.115437,7.394901,7.5985575
1070,merck/tnks2_fullmap,merck/tnks2_fullmap/8c neutral equitorial,../large_fep_dataset/data/fep_benchmark_processed/merck_tnks2_fullmap_8c_neutral_equitorial.sdf,../large_fep_dataset/data/fep_benchmark_processed/merck_tnks2_fullmap_protein.pdb,1070,7.961676,7.555082,7.972043,7.7659936,7.3405824,8.238353,7.9880056,7.5670633,7.4189777,7.4525332,7.726031
1071,merck/tnks2_fullmap,merck/tnks2_fullmap/5o adjust,../large_fep_dataset/data/fep_benchmark_processed/merck_tnks2_fullmap_5o_adjust.sdf,../large_fep_dataset/data/fep_benchmark_processed/merck_tnks2_fullmap_protein.pdb,1071,7.1347156,7.3596783,7.6851044,6.7893705,6.6635017,8.034082,7.0517316,7.10505,7.541463,7.0939865,7.2458677
1072,merck/tnks2_fullmap,merck/tnks2_fullmap/8f,../large_fep_dataset/data/fep_benchmark_processed/merck_tnks2_fullmap_8f.sdf,../large_fep_dataset/data/fep_benchmark_processed/merck_tnks2_fullmap_protein.pdb,1072,7.649468,7.328512,7.996128,6.813782,7.231049,7.9699035,7.175615,7.8265743,7.186565,7.522557,7.470015
1073,merck/tnks2_fullmap,merck/tnks2_fullmap/8b,../large_fep_dataset/data/fep_benchmark_processed/merck_tnks2_fullmap_8b.sdf,../large_fep_dataset/data/fep_benchmark_processed/merck_tnks2_fullmap_protein.pdb,1073,7.4155283,7.6820054,7.63134,7.118438,7.480691,7.577761,6.9524508,7.383067,7.2544565,7.490604,7.3986344
1074,merck/tnks2_fullmap,merck/tnks2_fullmap/8e,../large_fep_dataset/data/fep_benchmark_processed/merck_tnks2_fullmap_8e.sdf,../large_fep_dataset/data/fep_benchmark_processed/merck_tnks2_fullmap_protein.pdb,1074,7.665425,7.2005982,7.842135,7.3624854,7.071827,8.107126,7.780251,7.835101,7.3031073,7.480142,7.5648193
1075,merck/tnks2_fullmap,merck/tnks2_fullmap/8a,../large_fep_dataset/data/fep_benchmark_processed/merck_tnks2_fullmap_8a.sdf,../large_fep_dataset/data/fep_benchmark_processed/merck_tnks2_fullmap_protein.pdb,1075,7.428572,7.434697,7.6160054,7.203981,7.174663,7.482354,7.656924,6.942419,7.1089096,7.291665,7.3340187
1076,merck/cdk8_5cei_new_helix_loop_extra,merck/cdk8_5cei_new_helix_loop_extra/43,../large_fep_dataset/data/fep_benchmark_processed/merck_cdk8_5cei_new_helix_loop_extra_43.sdf,../large_fep_dataset/data/fep_benchmark_processed/merck_cdk8_5cei_new_helix_loop_extra_protein.pdb,1076,7.775102,6.7196383,8.008463,7.505396,7.856527,7.483409,7.6310678,7.7056174,7.846504,7.558322,7.609004
1077,merck/cdk8_5cei_new_helix_loop_extra,merck/cdk8_5cei_new_helix_loop_extra/22,../large_fep_dataset/data/fep_benchmark_processed/merck_cdk8_5cei_new_helix_loop_extra_22.sdf,../large_fep_dataset/data/fep_benchmark_processed/merck_cdk8_5cei_new_helix_loop_extra_protein.pdb,1077,5.9912996,6.697671,6.837516,6.277332,7.1117043,6.3650737,7.1996226,7.0027623,7.885664,7.2431426,6.8611784
1078,merck/cdk8_5cei_new_helix_loop_extra,merck/cdk8_5cei_new_helix_loop_extra/30,../large_fep_dataset/data/fep_benchmark_processed/merck_cdk8_5cei_new_helix_loop_extra_30.sdf,../large_fep_dataset/data/fep_benchmark_processed/merck_cdk8_5cei_new_helix_loop_extra_protein.pdb,1078,7.1282506,7.082367,7.9299006,7.015616,7.329059,7.2727423,7.525752,7.433142,7.5393705,7.2233253,7.347953
1079,merck/cdk8_5cei_new_helix_loop_extra,merck/cdk8_5cei_new_helix_loop_extra/21,../large_fep_dataset/data/fep_benchmark_processed/merck_cdk8_5cei_new_helix_loop_extra_21.sdf,../large_fep_dataset/data/fep_benchmark_processed/merck_cdk8_5cei_new_helix_loop_extra_protein.pdb,1079,6.821238,7.0391884,6.8398,6.261754,7.130282,7.1064873,7.0844994,6.7635546,7.5920095,6.849676,6.9488487
1080,merck/cdk8_5cei_new_helix_loop_extra,merck/cdk8_5cei_new_helix_loop_extra/24,../large_fep_dataset/data/fep_benchmark_processed/merck_cdk8_5cei_new_helix_loop_extra_24.sdf,../large_fep_dataset/data/fep_benchmark_processed/merck_cdk8_5cei_new_helix_loop_extra_protein.pdb,1080,6.353338,6.1750183,7.419184,6.3757796,7.2782354,6.201281,6.9754887,7.301745,7.2839212,6.403161,6.7767158
1081,merck/cdk8_5cei_new_helix_loop_extra,merck/cdk8_5cei_new_helix_loop_extra/38,../large_fep_dataset/data/fep_benchmark_processed/merck_cdk8_5cei_new_helix_loop_extra_38.sdf,../large_fep_dataset/data/fep_benchmark_processed/merck_cdk8_5cei_new_helix_loop_extra_protein.pdb,1081,7.7978578,6.572765,8.051556,7.058317,7.9059277,7.4068637,7.9603643,7.56659,7.614071,7.450093,7.5384407
1082,merck/cdk8_5cei_new_helix_loop_extra,merck/cdk8_5cei_new_helix_loop_extra/31,../large_fep_dataset/data/fep_benchmark_processed/merck_cdk8_5cei_new_helix_loop_extra_31.sdf,../large_fep_dataset/data/fep_benchmark_processed/merck_cdk8_5cei_new_helix_loop_extra_protein.pdb,1082,6.9265857,7.1503067,7.951081,6.698404,7.516021,7.1457324,7.587768,6.8353148,7.345246,7.033344,7.2189803
1083,merck/cdk8_5cei_new_helix_loop_extra,merck/cdk8_5cei_new_helix_loop_extra/41,../large_fep_dataset/data/fep_benchmark_processed/merck_cdk8_5cei_new_helix_loop_extra_41.sdf,../large_fep_dataset/data/fep_benchmark_processed/merck_cdk8_5cei_new_helix_loop_extra_protein.pdb,1083,6.8398294,7.011445,7.0533557,6.6295757,6.546432,6.5710807,7.027851,7.2066207,7.220839,6.8857994,6.899283
1084,merck/cdk8_5cei_new_helix_loop_extra,merck/cdk8_5cei_new_helix_loop_extra/29,../large_fep_dataset/data/fep_benchmark_processed/merck_cdk8_5cei_new_helix_loop_extra_29.sdf,../large_fep_dataset/data/fep_benchmark_processed/merck_cdk8_5cei_new_helix_loop_extra_protein.pdb,1084,6.6331034,6.771248,7.3255196,6.5704865,6.733262,6.5938525,7.457443,7.2733107,7.4309297,6.9717345,6.9760895
1085,merck/cdk8_5cei_new_helix_loop_extra,merck/cdk8_5cei_new_helix_loop_extra/26,../large_fep_dataset/data/fep_benchmark_processed/merck_cdk8_5cei_new_helix_loop_extra_26.sdf,../large_fep_dataset/data/fep_benchmark_processed/merck_cdk8_5cei_new_helix_loop_extra_protein.pdb,1085,7.391176,6.603265,7.656112,6.6578503,6.830146,6.7296414,6.810992,6.977522,7.7419147,6.7154603,7.0114083
1086,merck/cdk8_5cei_new_helix_loop_extra,merck/cdk8_5cei_new_helix_loop_extra/20,../large_fep_dataset/data/fep_benchmark_processed/merck_cdk8_5cei_new_helix_loop_extra_20.sdf,../large_fep_dataset/data/fep_benchmark_processed/merck_cdk8_5cei_new_helix_loop_extra_protein.pdb,1086,6.3260775,6.7769375,7.0926943,7.4172006,7.4932475,6.9226665,7.068492,7.090548,7.9323883,6.639596,7.075985
1087,merck/cdk8_5cei_new_helix_loop_extra,merck/cdk8_5cei_new_helix_loop_extra/35,../large_fep_dataset/data/fep_benchmark_processed/merck_cdk8_5cei_new_helix_loop_extra_35.sdf,../large_fep_dataset/data/fep_benchmark_processed/merck_cdk8_5cei_new_helix_loop_extra_protein.pdb,1087,6.948059,6.9813633,7.95708,7.005307,7.1333604,7.2958374,7.510668,6.8777637,7.4996343,6.946598,7.215567
1088,merck/cdk8_5cei_new_helix_loop_extra,merck/cdk8_5cei_new_helix_loop_extra/40,../large_fep_dataset/data/fep_benchmark_processed/merck_cdk8_5cei_new_helix_loop_extra_40.sdf,../large_fep_dataset/data/fep_benchmark_processed/merck_cdk8_5cei_new_helix_loop_extra_protein.pdb,1088,6.5758305,6.4053597,7.79522,6.3220162,7.163142,6.808614,7.0408983,7.232483,7.2049108,6.4076223,6.8956094
1089,merck/cdk8_5cei_new_helix_loop_extra,merck/cdk8_5cei_new_helix_loop_extra/19,../large_fep_dataset/data/fep_benchmark_processed/merck_cdk8_5cei_new_helix_loop_extra_19.sdf,../large_fep_dataset/data/fep_benchmark_processed/merck_cdk8_5cei_new_helix_loop_extra_protein.pdb,1089,6.416561,6.6965346,7.545298,6.6620064,7.047737,6.835702,6.9963903,7.3512144,7.7826905,6.756926,7.0091066
1090,merck/cdk8_5cei_new_helix_loop_extra,merck/cdk8_5cei_new_helix_loop_extra/33,../large_fep_dataset/data/fep_benchmark_processed/merck_cdk8_5cei_new_helix_loop_extra_33.sdf,../large_fep_dataset/data/fep_benchmark_processed/merck_cdk8_5cei_new_helix_loop_extra_protein.pdb,1090,7.251618,6.874089,7.7260437,7.2008433,7.268642,7.00318,7.6703897,7.4290333,7.800403,7.3594785,7.3583727
1091,merck/cdk8_5cei_new_helix_loop_extra,merck/cdk8_5cei_new_helix_loop_extra/27,../large_fep_dataset/data/fep_benchmark_processed/merck_cdk8_5cei_new_helix_loop_extra_27.sdf,../large_fep_dataset/data/fep_benchmark_processed/merck_cdk8_5cei_new_helix_loop_extra_protein.pdb,1091,6.5320582,6.2239914,7.3199134,6.7262397,6.7665744,6.15763,6.565805,7.039041,7.3211484,6.5532618,6.7205667
1092,merck/cdk8_5cei_new_helix_loop_extra,merck/cdk8_5cei_new_helix_loop_extra/13,../large_fep_dataset/data/fep_benchmark_processed/merck_cdk8_5cei_new_helix_loop_extra_13.sdf,../large_fep_dataset/data/fep_benchmark_processed/merck_cdk8_5cei_new_helix_loop_extra_protein.pdb,1092,6.7702956,7.50695,7.5665054,6.5967216,7.600634,6.425711,7.6789207,7.4242005,7.096841,6.585932,7.125272
1093,merck/cdk8_5cei_new_helix_loop_extra,merck/cdk8_5cei_new_helix_loop_extra/39,../large_fep_dataset/data/fep_benchmark_processed/merck_cdk8_5cei_new_helix_loop_extra_39.sdf,../large_fep_dataset/data/fep_benchmark_processed/merck_cdk8_5cei_new_helix_loop_extra_protein.pdb,1093,6.90978,6.846091,8.055316,6.0900607,6.9922647,6.6481905,6.943372,6.9948044,7.3415337,6.73339,6.95548
1094,merck/cdk8_5cei_new_helix_loop_extra,merck/cdk8_5cei_new_helix_loop_extra/32,../large_fep_dataset/data/fep_benchmark_processed/merck_cdk8_5cei_new_helix_loop_extra_32.sdf,../large_fep_dataset/data/fep_benchmark_processed/merck_cdk8_5cei_new_helix_loop_extra_protein.pdb,1094,6.5460296,6.7686186,7.5601544,6.471032,6.853432,6.4568624,6.958973,7.2181015,7.2643175,6.5253086,6.8622828
1095,merck/cdk8_5cei_new_helix_loop_extra,merck/cdk8_5cei_new_helix_loop_extra/37,../large_fep_dataset/data/fep_benchmark_processed/merck_cdk8_5cei_new_helix_loop_extra_37.sdf,../large_fep_dataset/data/fep_benchmark_processed/merck_cdk8_5cei_new_helix_loop_extra_protein.pdb,1095,6.98398,7.0331945,7.67059,6.6029334,7.3082447,6.9233513,7.7355394,7.2651243,7.338932,6.8801546,7.174205
1096,merck/cdk8_5cei_new_helix_loop_extra,merck/cdk8_5cei_new_helix_loop_extra/23,../large_fep_dataset/data/fep_benchmark_processed/merck_cdk8_5cei_new_helix_loop_extra_23.sdf,../large_fep_dataset/data/fep_benchmark_processed/merck_cdk8_5cei_new_helix_loop_extra_protein.pdb,1096,7.008908,6.585085,7.0819497,6.4310703,7.172904,6.4936295,7.0119247,6.7539434,7.2591896,7.341064,6.913966
1097,merck/cdk8_5cei_new_helix_loop_extra,merck/cdk8_5cei_new_helix_loop_extra/15,../large_fep_dataset/data/fep_benchmark_processed/merck_cdk8_5cei_new_helix_loop_extra_15.sdf,../large_fep_dataset/data/fep_benchmark_processed/merck_cdk8_5cei_new_helix_loop_extra_protein.pdb,1097,6.6405516,6.595126,7.4006214,6.436705,7.0810547,6.428563,6.542767,6.991358,7.246137,6.435595,6.7798476
1098,merck/cdk8_5cei_new_helix_loop_extra,merck/cdk8_5cei_new_helix_loop_extra/34,../large_fep_dataset/data/fep_benchmark_processed/merck_cdk8_5cei_new_helix_loop_extra_34.sdf,../large_fep_dataset/data/fep_benchmark_processed/merck_cdk8_5cei_new_helix_loop_extra_protein.pdb,1098,7.066918,6.7547626,7.949594,6.8416696,7.5635405,7.1375103,7.498795,7.532345,7.6576924,7.5421834,7.3545012
1099,merck/cdk8_5cei_new_helix_loop_extra,merck/cdk8_5cei_new_helix_loop_extra/25,../large_fep_dataset/data/fep_benchmark_processed/merck_cdk8_5cei_new_helix_loop_extra_25.sdf,../large_fep_dataset/data/fep_benchmark_processed/merck_cdk8_5cei_new_helix_loop_extra_protein.pdb,1099,6.499228,7.052228,7.3440185,6.011616,6.5194874,5.9243436,7.0518785,7.026326,7.4453936,6.7011647,6.7575684
1100,merck/cdk8_5cei_new_helix_loop_extra,merck/cdk8_5cei_new_helix_loop_extra/14,../large_fep_dataset/data/fep_benchmark_processed/merck_cdk8_5cei_new_helix_loop_extra_14.sdf,../large_fep_dataset/data/fep_benchmark_processed/merck_cdk8_5cei_new_helix_loop_extra_protein.pdb,1100,6.1955695,6.7405505,5.9875517,6.294164,5.9649997,5.6089363,6.734821,6.4075065,6.6503434,5.8801036,6.2464547
1101,merck/cdk8_5cei_new_helix_loop_extra,merck/cdk8_5cei_new_helix_loop_extra/36,../large_fep_dataset/data/fep_benchmark_processed/merck_cdk8_5cei_new_helix_loop_extra_36.sdf,../large_fep_dataset/data/fep_benchmark_processed/merck_cdk8_5cei_new_helix_loop_extra_protein.pdb,1101,6.8767586,6.92677,7.907325,6.548345,7.0857787,7.3512983,7.5061336,6.7084327,7.5255527,7.091525,7.1527915
1102,merck/cdk8_5cei_new_helix_loop_extra,merck/cdk8_5cei_new_helix_loop_extra/18 flipped,../large_fep_dataset/data/fep_benchmark_processed/merck_cdk8_5cei_new_helix_loop_extra_18_flipped.sdf,../large_fep_dataset/data/fep_benchmark_processed/merck_cdk8_5cei_new_helix_loop_extra_protein.pdb,1102,6.596784,6.557288,7.239321,6.538756,7.3504877,6.670666,6.903081,7.4005837,7.5439653,6.261032,6.9061966
1103,merck/cdk8_5cei_new_helix_loop_extra,merck/cdk8_5cei_new_helix_loop_extra/16 flipped,../large_fep_dataset/data/fep_benchmark_processed/merck_cdk8_5cei_new_helix_loop_extra_16_flipped.sdf,../large_fep_dataset/data/fep_benchmark_processed/merck_cdk8_5cei_new_helix_loop_extra_protein.pdb,1103,6.2954855,6.419741,6.810716,6.3098817,6.2164817,6.0126266,6.6001134,6.314649,6.4981594,5.54711,6.3024964
1104,merck/cdk8_5cei_new_helix_loop_extra,merck/cdk8_5cei_new_helix_loop_extra/17 flipped,../large_fep_dataset/data/fep_benchmark_processed/merck_cdk8_5cei_new_helix_loop_extra_17_flipped.sdf,../large_fep_dataset/data/fep_benchmark_processed/merck_cdk8_5cei_new_helix_loop_extra_protein.pdb,1104,6.6191945,5.968256,7.2231464,6.3981667,6.986905,6.3661447,6.7268662,7.081143,7.0222673,6.3215613,6.6713653
1105,merck/cdk8_5cei_new_helix_loop_extra,merck/cdk8_5cei_new_helix_loop_extra/44 flipped,../large_fep_dataset/data/fep_benchmark_processed/merck_cdk8_5cei_new_helix_loop_extra_44_flipped.sdf,../large_fep_dataset/data/fep_benchmark_processed/merck_cdk8_5cei_new_helix_loop_extra_protein.pdb,1105,6.7022233,6.1652093,7.670354,6.837609,7.3416405,7.111752,7.433023,6.828565,7.8950396,6.944691,7.09301
1106,merck/cdk8_5cei_new_helix_loop_extra,merck/cdk8_5cei_new_helix_loop_extra/45 flipped,../large_fep_dataset/data/fep_benchmark_processed/merck_cdk8_5cei_new_helix_loop_extra_45_flipped.sdf,../large_fep_dataset/data/fep_benchmark_processed/merck_cdk8_5cei_new_helix_loop_extra_protein.pdb,1106,7.024274,6.7080016,7.5391426,6.892358,7.2391896,7.212381,7.257169,6.959941,7.67045,7.046488,7.154939
1107,merck/cdk8_5cei_new_helix_loop_extra,merck/cdk8_5cei_new_helix_loop_extra/42 flipped,../large_fep_dataset/data/fep_benchmark_processed/merck_cdk8_5cei_new_helix_loop_extra_42_flipped.sdf,../large_fep_dataset/data/fep_benchmark_processed/merck_cdk8_5cei_new_helix_loop_extra_protein.pdb,1107,7.2051167,6.804868,7.9507008,7.1161294,7.372637,7.2513,7.499713,7.2360797,7.8276906,6.927745,7.3191977
1108,waterset/urokinase,"waterset/urokinase/10302 (1GJ7, no water pose)","../large_fep_dataset/data/fep_benchmark_processed/waterset_urokinase_10302_(1GJ7,_no_water_pose).sdf",../large_fep_dataset/data/fep_benchmark_processed/waterset_urokinase_protein.pdb,1108,6.8688745,6.513742,6.9010916,6.1609745,6.3432746,6.369462,6.4097943,6.3458824,6.134401,5.4654574,6.351295
1109,waterset/urokinase,waterset/urokinase/11417 (no water pose),../large_fep_dataset/data/fep_benchmark_processed/waterset_urokinase_11417_(no_water_pose).sdf,../large_fep_dataset/data/fep_benchmark_processed/waterset_urokinase_protein.pdb,1109,6.879145,6.5481677,6.73215,6.1002564,6.3800645,6.443796,6.317649,6.565459,5.8596416,5.6946044,6.3520937
1110,waterset/urokinase,waterset/urokinase/7806 (no water pose),../large_fep_dataset/data/fep_benchmark_processed/waterset_urokinase_7806_(no_water_pose).sdf,../large_fep_dataset/data/fep_benchmark_processed/waterset_urokinase_protein.pdb,1110,6.560596,5.9877543,6.184865,5.654106,5.862933,5.543735,5.953422,6.386719,5.721721,5.4605937,5.931645
1111,waterset/urokinase,waterset/urokinase/8696 (no water pose),../large_fep_dataset/data/fep_benchmark_processed/waterset_urokinase_8696_(no_water_pose).sdf,../large_fep_dataset/data/fep_benchmark_processed/waterset_urokinase_protein.pdb,1111,6.963631,6.548741,6.4398427,6.038642,6.202527,6.0135655,6.211498,6.6558485,5.967395,5.612131,6.2653823
1112,waterset/scyt_dehyd,waterset/scyt_dehyd/3d,../large_fep_dataset/data/fep_benchmark_processed/waterset_scyt_dehyd_3d.sdf,../large_fep_dataset/data/fep_benchmark_processed/waterset_scyt_dehyd_protein.pdb,1112,7.0878425,7.095935,6.5316,6.3964663,6.8857446,7.183794,6.932677,7.438738,7.2621183,7.2849727,7.0099883
1113,waterset/scyt_dehyd,waterset/scyt_dehyd/8d,../large_fep_dataset/data/fep_benchmark_processed/waterset_scyt_dehyd_8d.sdf,../large_fep_dataset/data/fep_benchmark_processed/waterset_scyt_dehyd_protein.pdb,1113,7.5782814,7.4280615,6.366661,6.8620405,7.70864,7.6439285,7.2399154,7.617565,7.7220607,7.2543592,7.3421507
1114,waterset/scyt_dehyd,waterset/scyt_dehyd/2d,../large_fep_dataset/data/fep_benchmark_processed/waterset_scyt_dehyd_2d.sdf,../large_fep_dataset/data/fep_benchmark_processed/waterset_scyt_dehyd_protein.pdb,1114,8.108248,7.732532,7.252177,7.1729918,7.9829087,7.6182027,7.53149,7.941969,7.9189253,7.229637,7.648908
1115,waterset/scyt_dehyd,waterset/scyt_dehyd/4d,../large_fep_dataset/data/fep_benchmark_processed/waterset_scyt_dehyd_4d.sdf,../large_fep_dataset/data/fep_benchmark_processed/waterset_scyt_dehyd_protein.pdb,1115,7.868887,8.187643,7.225533,7.615152,7.908873,7.609491,8.102237,7.9200644,8.124683,7.459731,7.8022294
1116,waterset/scyt_dehyd,waterset/scyt_dehyd/5d,../large_fep_dataset/data/fep_benchmark_processed/waterset_scyt_dehyd_5d.sdf,../large_fep_dataset/data/fep_benchmark_processed/waterset_scyt_dehyd_protein.pdb,1116,7.8083453,7.316832,6.6785884,7.575616,8.0282755,7.784517,7.2863097,7.3379416,7.4528556,7.2132483,7.4482527
1117,waterset/scyt_dehyd,waterset/scyt_dehyd/6d,../large_fep_dataset/data/fep_benchmark_processed/waterset_scyt_dehyd_6d.sdf,../large_fep_dataset/data/fep_benchmark_processed/waterset_scyt_dehyd_protein.pdb,1117,8.365681,7.5477557,7.041238,7.705063,7.7551656,7.494928,7.347935,7.552857,7.7287064,6.9230714,7.5462394
1118,waterset/scyt_dehyd,waterset/scyt_dehyd/7d,../large_fep_dataset/data/fep_benchmark_processed/waterset_scyt_dehyd_7d.sdf,../large_fep_dataset/data/fep_benchmark_processed/waterset_scyt_dehyd_protein.pdb,1118,8.279703,7.8632636,7.336925,8.048086,7.7899528,8.124728,7.970668,8.216157,8.0449915,7.771939,7.944642
1119,waterset/brd41_ASH106,waterset/brd41_ASH106/cmpd 5 (1-Butenyl),../large_fep_dataset/data/fep_benchmark_processed/waterset_brd41_ASH106_cmpd_5_(1-Butenyl).sdf,../large_fep_dataset/data/fep_benchmark_processed/waterset_brd41_ASH106_protein.pdb,1119,6.032405,5.7751727,6.055318,5.4735174,5.405709,5.595652,5.9469657,5.8422503,5.9688916,5.7083974,5.780428
1120,waterset/brd41_ASH106,waterset/brd41_ASH106/cmpd 2 (methyl),../large_fep_dataset/data/fep_benchmark_processed/waterset_brd41_ASH106_cmpd_2_(methyl).sdf,../large_fep_dataset/data/fep_benchmark_processed/waterset_brd41_ASH106_protein.pdb,1120,5.876771,5.9721575,6.2066526,5.5769153,5.8606515,5.7947354,6.2391424,6.0889645,6.211588,5.838155,5.9665728
1121,waterset/brd41_ASH106,waterset/brd41_ASH106/cmpd 3 (Allyl),../large_fep_dataset/data/fep_benchmark_processed/waterset_brd41_ASH106_cmpd_3_(Allyl).sdf,../large_fep_dataset/data/fep_benchmark_processed/waterset_brd41_ASH106_protein.pdb,1121,5.7018023,6.062633,5.7735467,5.4793763,5.302767,5.522358,5.8940787,5.9955864,6.1962357,5.542731,5.7471113
1122,waterset/brd41_ASH106,waterset/brd41_ASH106/cmpd 9 (methoxyethyl),../large_fep_dataset/data/fep_benchmark_processed/waterset_brd41_ASH106_cmpd_9_(methoxyethyl).sdf,../large_fep_dataset/data/fep_benchmark_processed/waterset_brd41_ASH106_protein.pdb,1122,5.823027,5.784757,6.0962152,5.5650225,5.5409484,5.6275644,6.533051,6.460431,6.13811,5.805183,5.937431
1123,waterset/brd41_ASH106,waterset/brd41_ASH106/cmpd 6 (ethyl),../large_fep_dataset/data/fep_benchmark_processed/waterset_brd41_ASH106_cmpd_6_(ethyl).sdf,../large_fep_dataset/data/fep_benchmark_processed/waterset_brd41_ASH106_protein.pdb,1123,5.3405914,5.7856617,6.2656446,5.9153414,5.124452,5.684146,5.6619253,6.3248262,6.067279,5.4942183,5.7664084
1124,waterset/brd41_ASH106,waterset/brd41_ASH106/cmpd 8 (n-Butyl),../large_fep_dataset/data/fep_benchmark_processed/waterset_brd41_ASH106_cmpd_8_(n-Butyl).sdf,../large_fep_dataset/data/fep_benchmark_processed/waterset_brd41_ASH106_protein.pdb,1124,5.8118453,6.02938,6.328296,5.6927085,5.8496127,6.1714926,6.1125436,6.218061,6.647087,5.998162,6.085919
1125,waterset/brd41_ASH106,waterset/brd41_ASH106/cmpd 7 (n-propyl),../large_fep_dataset/data/fep_benchmark_processed/waterset_brd41_ASH106_cmpd_7_(n-propyl).sdf,../large_fep_dataset/data/fep_benchmark_processed/waterset_brd41_ASH106_protein.pdb,1125,5.8097076,6.254034,6.0174303,5.6815314,5.6411657,5.627314,6.1275496,6.5551906,6.204012,5.8335075,5.9751444
1126,waterset/brd41_ASH106,waterset/brd41_ASH106/cmpd 4 (Crotyl),../large_fep_dataset/data/fep_benchmark_processed/waterset_brd41_ASH106_cmpd_4_(Crotyl).sdf,../large_fep_dataset/data/fep_benchmark_processed/waterset_brd41_ASH106_protein.pdb,1126,5.845785,6.2915325,6.1158843,5.533439,5.1888027,6.0485864,6.1884212,6.102269,6.3334327,5.9741597,5.9622316
1127,waterset/hsp90_woodhead,waterset/hsp90_woodhead/4,../large_fep_dataset/data/fep_benchmark_processed/waterset_hsp90_woodhead_4.sdf,../large_fep_dataset/data/fep_benchmark_processed/waterset_hsp90_woodhead_protein.pdb,1127,7.312664,7.5518947,6.520007,7.1477685,7.4161196,7.242204,8.270801,7.2657256,6.6768284,6.8604736,7.226449
1128,waterset/hsp90_woodhead,waterset/hsp90_woodhead/1,../large_fep_dataset/data/fep_benchmark_processed/waterset_hsp90_woodhead_1.sdf,../large_fep_dataset/data/fep_benchmark_processed/waterset_hsp90_woodhead_protein.pdb,1128,8.01695,8.119182,6.6929517,7.7857456,6.880809,7.917143,8.328627,7.867221,7.6591945,7.9447637,7.7212586
1129,waterset/hsp90_woodhead,waterset/hsp90_woodhead/3,../large_fep_dataset/data/fep_benchmark_processed/waterset_hsp90_woodhead_3.sdf,../large_fep_dataset/data/fep_benchmark_processed/waterset_hsp90_woodhead_protein.pdb,1129,7.635795,7.698953,6.8342514,7.8605666,7.8130956,7.1442595,7.9819593,7.1392045,6.9228573,7.863868,7.4894814
1130,waterset/hsp90_woodhead,waterset/hsp90_woodhead/2,../large_fep_dataset/data/fep_benchmark_processed/waterset_hsp90_woodhead_2.sdf,../large_fep_dataset/data/fep_benchmark_processed/waterset_hsp90_woodhead_protein.pdb,1130,7.3219166,6.4998417,6.1765285,6.205135,5.9974275,6.3467603,6.332829,6.721062,7.712436,6.088713,6.540265
1131,waterset/throm_nozob_hip75,waterset/throm_nozob_hip75/2d pose 2,../large_fep_dataset/data/fep_benchmark_processed/waterset_throm_nozob_hip75_2d_pose_2.sdf,../large_fep_dataset/data/fep_benchmark_processed/waterset_throm_nozob_hip75_protein.pdb,1131,6.267228,6.434256,6.99617,6.470502,6.6882463,6.2363477,6.06026,6.2558274,6.1902876,6.104838,6.3703966
1132,waterset/throm_nozob_hip75,waterset/throm_nozob_hip75/2c pose 2,../large_fep_dataset/data/fep_benchmark_processed/waterset_throm_nozob_hip75_2c_pose_2.sdf,../large_fep_dataset/data/fep_benchmark_processed/waterset_throm_nozob_hip75_protein.pdb,1132,6.544522,6.584333,6.942482,6.4154096,6.7663074,6.4669995,6.5862412,6.2877836,6.117847,6.495115,6.520704
1133,waterset/throm_nozob_hip75,waterset/throm_nozob_hip75/7b,../large_fep_dataset/data/fep_benchmark_processed/waterset_throm_nozob_hip75_7b.sdf,../large_fep_dataset/data/fep_benchmark_processed/waterset_throm_nozob_hip75_protein.pdb,1133,6.151774,6.9060955,6.730834,6.900008,6.9419484,7.16178,6.412407,7.039093,6.9727106,6.5621514,6.77788
1134,waterset/throm_nozob_hip75,waterset/throm_nozob_hip75/7c pose 1,../large_fep_dataset/data/fep_benchmark_processed/waterset_throm_nozob_hip75_7c_pose_1.sdf,../large_fep_dataset/data/fep_benchmark_processed/waterset_throm_nozob_hip75_protein.pdb,1134,6.3090925,7.1047125,6.1012015,6.1308923,6.741075,6.7526584,5.7262893,7.280558,7.0688324,6.1755843,6.53909
1135,waterset/throm_nozob_hip75,waterset/throm_nozob_hip75/7f,../large_fep_dataset/data/fep_benchmark_processed/waterset_throm_nozob_hip75_7f.sdf,../large_fep_dataset/data/fep_benchmark_processed/waterset_throm_nozob_hip75_protein.pdb,1135,6.249263,6.317934,6.177732,6.149325,6.811671,6.1736746,6.2259007,6.210129,6.2119665,6.716901,6.3244495
1136,waterset/throm_nozob_hip75,waterset/throm_nozob_hip75/2b pose 1,../large_fep_dataset/data/fep_benchmark_processed/waterset_throm_nozob_hip75_2b_pose_1.sdf,../large_fep_dataset/data/fep_benchmark_processed/waterset_throm_nozob_hip75_protein.pdb,1136,6.3596277,6.572228,6.2551527,6.2737913,6.5803533,6.5133476,6.1070166,6.4571776,6.7287207,6.016605,6.386402
1137,waterset/throm_nozob_hip75,waterset/throm_nozob_hip75/1a pose 2,../large_fep_dataset/data/fep_benchmark_processed/waterset_throm_nozob_hip75_1a_pose_2.sdf,../large_fep_dataset/data/fep_benchmark_processed/waterset_throm_nozob_hip75_protein.pdb,1137,6.335005,6.68391,6.555637,6.6709237,6.785734,6.738218,6.103553,6.2771044,5.573192,6.1756563,6.3898935
1138,waterset/throm_nozob_hip75,waterset/throm_nozob_hip75/7e pose 1,../large_fep_dataset/data/fep_benchmark_processed/waterset_throm_nozob_hip75_7e_pose_1.sdf,../large_fep_dataset/data/fep_benchmark_processed/waterset_throm_nozob_hip75_protein.pdb,1138,5.7219653,6.440473,5.9522367,6.078736,6.8114543,6.1094766,5.8071556,6.15834,6.529108,6.2787423,6.1887693
1139,waterset/throm_nozob_hip75,waterset/throm_nozob_hip75/6a pose 1,../large_fep_dataset/data/fep_benchmark_processed/waterset_throm_nozob_hip75_6a_pose_1.sdf,../large_fep_dataset/data/fep_benchmark_processed/waterset_throm_nozob_hip75_protein.pdb,1139,7.480235,8.050721,7.946191,8.080015,7.3577175,8.109052,7.9715667,8.117196,8.282803,7.679661,7.907515
1140,waterset/throm_nozob_hip75,waterset/throm_nozob_hip75/5,../large_fep_dataset/data/fep_benchmark_processed/waterset_throm_nozob_hip75_5.sdf,../large_fep_dataset/data/fep_benchmark_processed/waterset_throm_nozob_hip75_protein.pdb,1140,6.2867923,6.559065,5.9306135,6.26807,6.430013,6.087141,5.9371076,6.471284,6.1091266,5.5938807,6.1673093
1141,waterset/throm_nozob_hip75,waterset/throm_nozob_hip75/1c pose 2,../large_fep_dataset/data/fep_benchmark_processed/waterset_throm_nozob_hip75_1c_pose_2.sdf,../large_fep_dataset/data/fep_benchmark_processed/waterset_throm_nozob_hip75_protein.pdb,1141,7.342391,7.3375793,7.1749864,7.255489,6.948862,7.0649824,7.0198693,6.9768777,6.9339447,6.939033,7.099402
1142,waterset/throm_nozob_hip75,waterset/throm_nozob_hip75/2a pose 2,../large_fep_dataset/data/fep_benchmark_processed/waterset_throm_nozob_hip75_2a_pose_2.sdf,../large_fep_dataset/data/fep_benchmark_processed/waterset_throm_nozob_hip75_protein.pdb,1142,6.491578,7.2704463,7.2750854,6.434019,6.251791,6.4700937,6.229695,6.0927906,5.8633285,6.2765765,6.4655395
1143,waterset/throm_nozob_hip75,waterset/throm_nozob_hip75/7a pose 2,../large_fep_dataset/data/fep_benchmark_processed/waterset_throm_nozob_hip75_7a_pose_2.sdf,../large_fep_dataset/data/fep_benchmark_processed/waterset_throm_nozob_hip75_protein.pdb,1143,6.7583513,7.2096877,6.817207,6.823345,6.999269,7.080143,6.729226,7.0849705,7.382772,6.9885197,6.987349
1144,waterset/throm_nozob_hip75,waterset/throm_nozob_hip75/3b pose 1,../large_fep_dataset/data/fep_benchmark_processed/waterset_throm_nozob_hip75_3b_pose_1.sdf,../large_fep_dataset/data/fep_benchmark_processed/waterset_throm_nozob_hip75_protein.pdb,1144,7.0427136,7.0062113,6.67557,6.6421843,6.7915645,6.649594,6.291042,6.980406,6.1140437,6.5397234,6.6733055
1145,waterset/throm_nozob_hip75,waterset/throm_nozob_hip75/6d pose 2,../large_fep_dataset/data/fep_benchmark_processed/waterset_throm_nozob_hip75_6d_pose_2.sdf,../large_fep_dataset/data/fep_benchmark_processed/waterset_throm_nozob_hip75_protein.pdb,1145,7.2203784,7.479813,6.782153,7.732496,6.7835536,7.6606183,7.1209035,6.8223557,7.993689,7.5257535,7.312172
1146,waterset/throm_nozob_hip75,waterset/throm_nozob_hip75/6c pose 1,../large_fep_dataset/data/fep_benchmark_processed/waterset_throm_nozob_hip75_6c_pose_1.sdf,../large_fep_dataset/data/fep_benchmark_processed/waterset_throm_nozob_hip75_protein.pdb,1146,7.4734335,7.2664156,7.6896496,7.906349,7.00966,7.5757537,7.413808,7.2310467,7.861281,7.1396046,7.4567003
1147,waterset/throm_nozob_hip75,waterset/throm_nozob_hip75/3a xtal pose,../large_fep_dataset/data/fep_benchmark_processed/waterset_throm_nozob_hip75_3a_xtal_pose.sdf,../large_fep_dataset/data/fep_benchmark_processed/waterset_throm_nozob_hip75_protein.pdb,1147,6.587544,6.6065207,6.944723,6.7299414,6.617538,6.618662,6.1321163,7.031789,6.1865983,6.6358175,6.6091247
1148,waterset/throm_nozob_hip75,waterset/throm_nozob_hip75/1b pose 2,../large_fep_dataset/data/fep_benchmark_processed/waterset_throm_nozob_hip75_1b_pose_2.sdf,../large_fep_dataset/data/fep_benchmark_processed/waterset_throm_nozob_hip75_protein.pdb,1148,6.356132,7.021918,6.4706,6.834101,6.8169713,6.8387504,6.3595057,6.6540337,6.120582,6.2661695,6.5738764
1149,waterset/throm_nozob_hip75,waterset/throm_nozob_hip75/6b pose 2,../large_fep_dataset/data/fep_benchmark_processed/waterset_throm_nozob_hip75_6b_pose_2.sdf,../large_fep_dataset/data/fep_benchmark_processed/waterset_throm_nozob_hip75_protein.pdb,1149,6.6318417,7.6908736,7.01213,7.7139025,6.778395,7.6108418,7.1414385,7.362552,7.9503517,7.3092155,7.320155
1150,waterset/throm_nozob_hip75,waterset/throm_nozob_hip75/6e pose 1,../large_fep_dataset/data/fep_benchmark_processed/waterset_throm_nozob_hip75_6e_pose_1.sdf,../large_fep_dataset/data/fep_benchmark_processed/waterset_throm_nozob_hip75_protein.pdb,1150,7.342468,8.348386,7.956905,8.043643,7.3767924,8.008258,7.7484508,7.875648,8.015496,7.328563,7.804461
1151,waterset/throm_nozob_hip75,waterset/throm_nozob_hip75/1d pose 2,../large_fep_dataset/data/fep_benchmark_processed/waterset_throm_nozob_hip75_1d_pose_2.sdf,../large_fep_dataset/data/fep_benchmark_processed/waterset_throm_nozob_hip75_protein.pdb,1151,7.571785,7.3145685,6.5451965,6.9907236,7.386193,7.3444004,6.818407,7.235274,6.7489896,6.5012383,7.045677
1152,waterset/taf12,waterset/taf12/cmpd 5 (1-Butenyl),../large_fep_dataset/data/fep_benchmark_processed/waterset_taf12_cmpd_5_(1-Butenyl).sdf,../large_fep_dataset/data/fep_benchmark_processed/waterset_taf12_protein.pdb,1152,6.2461886,6.7271786,6.366896,6.845481,6.5801954,6.688274,6.6179533,7.2437134,7.1930156,6.032047,6.6540947
1153,waterset/taf12,waterset/taf12/cmpd 2 (methyl),../large_fep_dataset/data/fep_benchmark_processed/waterset_taf12_cmpd_2_(methyl).sdf,../large_fep_dataset/data/fep_benchmark_processed/waterset_taf12_protein.pdb,1153,6.7308173,6.2274427,5.6885095,6.5083475,5.8136177,6.6167126,6.3658786,6.225827,6.544154,5.9505568,6.2671866
1154,waterset/taf12,waterset/taf12/cmpd 3 (Allyl),../large_fep_dataset/data/fep_benchmark_processed/waterset_taf12_cmpd_3_(Allyl).sdf,../large_fep_dataset/data/fep_benchmark_processed/waterset_taf12_protein.pdb,1154,6.337213,6.8070445,6.4153666,6.278767,6.078704,6.7856445,6.4477997,6.87845,7.0113993,5.5227523,6.456314
1155,waterset/taf12,waterset/taf12/cmpd 9 (methoxyethyl),../large_fep_dataset/data/fep_benchmark_processed/waterset_taf12_cmpd_9_(methoxyethyl).sdf,../large_fep_dataset/data/fep_benchmark_processed/waterset_taf12_protein.pdb,1155,6.191591,6.1371527,6.3227067,6.331836,6.381997,6.3840694,6.639999,6.7854595,6.7627363,6.324319,6.426187
1156,waterset/taf12,waterset/taf12/cmpd 6 (ethyl),../large_fep_dataset/data/fep_benchmark_processed/waterset_taf12_cmpd_6_(ethyl).sdf,../large_fep_dataset/data/fep_benchmark_processed/waterset_taf12_protein.pdb,1156,5.931387,6.3884683,6.5344763,6.921636,5.9575667,6.7721267,6.3833466,6.6857753,6.9369483,5.4379663,6.3949695
1157,waterset/taf12,waterset/taf12/cmpd 8 (n-Butyl),../large_fep_dataset/data/fep_benchmark_processed/waterset_taf12_cmpd_8_(n-Butyl).sdf,../large_fep_dataset/data/fep_benchmark_processed/waterset_taf12_protein.pdb,1157,6.5924473,6.6894007,6.64078,6.911351,6.655573,6.8844223,6.577016,7.430894,7.3554277,6.272406,6.800972
1158,waterset/taf12,waterset/taf12/cmpd 7 (n-propyl),../large_fep_dataset/data/fep_benchmark_processed/waterset_taf12_cmpd_7_(n-propyl).sdf,../large_fep_dataset/data/fep_benchmark_processed/waterset_taf12_protein.pdb,1158,6.644446,6.598941,6.195104,7.12496,6.2140985,6.666056,6.738737,7.004985,6.926699,5.8673525,6.5981383
1159,waterset/taf12,waterset/taf12/cmpd 4 (Crotyl),../large_fep_dataset/data/fep_benchmark_processed/waterset_taf12_cmpd_4_(Crotyl).sdf,../large_fep_dataset/data/fep_benchmark_processed/waterset_taf12_protein.pdb,1159,6.346928,7.1641498,6.5918117,6.331232,6.122704,6.639291,6.509878,7.0143585,7.1661186,6.250075,6.613654
1160,waterset/chk1,waterset/chk1/21 (Xtal),../large_fep_dataset/data/fep_benchmark_processed/waterset_chk1_21_(Xtal).sdf,../large_fep_dataset/data/fep_benchmark_processed/waterset_chk1_protein.pdb,1160,8.404499,7.6560445,8.75411,8.316548,7.7710137,7.7942724,7.9636416,7.9849315,7.9363,7.7444816,8.032585
1161,waterset/chk1,waterset/chk1/22,../large_fep_dataset/data/fep_benchmark_processed/waterset_chk1_22.sdf,../large_fep_dataset/data/fep_benchmark_processed/waterset_chk1_protein.pdb,1161,8.144212,7.5295,8.601534,8.291264,7.8728633,7.4236164,7.7340736,8.084756,7.700551,7.753998,7.9136367
1162,waterset/chk1,waterset/chk1/24 pose 2,../large_fep_dataset/data/fep_benchmark_processed/waterset_chk1_24_pose_2.sdf,../large_fep_dataset/data/fep_benchmark_processed/waterset_chk1_protein.pdb,1162,8.305425,8.153178,7.947122,7.5333366,6.6767793,7.792198,8.379637,7.8428435,7.801176,6.860085,7.729178
1163,waterset/chk1,waterset/chk1/14 docked,../large_fep_dataset/data/fep_benchmark_processed/waterset_chk1_14_docked.sdf,../large_fep_dataset/data/fep_benchmark_processed/waterset_chk1_protein.pdb,1163,7.7714634,7.876736,8.399301,7.5696945,7.438097,7.699459,7.981811,7.8736467,7.6496787,7.510363,7.7770247
1164,waterset/chk1,waterset/chk1/18 docked,../large_fep_dataset/data/fep_benchmark_processed/waterset_chk1_18_docked.sdf,../large_fep_dataset/data/fep_benchmark_processed/waterset_chk1_protein.pdb,1164,6.7879815,7.228378,8.023728,7.3256283,6.902218,7.2497163,7.0644784,7.8495216,7.033986,7.065117,7.253076
1165,waterset/chk1,waterset/chk1/13 docked,../large_fep_dataset/data/fep_benchmark_processed/waterset_chk1_13_docked.sdf,../large_fep_dataset/data/fep_benchmark_processed/waterset_chk1_protein.pdb,1165,6.6747894,7.497221,7.9345512,7.1231575,6.7713766,6.990226,7.6540685,7.6819773,7.0470014,6.4858956,7.186026
1166,waterset/chk1,waterset/chk1/20,../large_fep_dataset/data/fep_benchmark_processed/waterset_chk1_20.sdf,../large_fep_dataset/data/fep_benchmark_processed/waterset_chk1_protein.pdb,1166,6.8111734,6.7652535,7.1396956,6.8024144,6.26572,6.3875246,7.0246906,7.2804394,7.024944,6.913166,6.841502
1167,waterset/chk1,waterset/chk1/12 docked,../large_fep_dataset/data/fep_benchmark_processed/waterset_chk1_12_docked.sdf,../large_fep_dataset/data/fep_benchmark_processed/waterset_chk1_protein.pdb,1167,6.9056067,7.9101653,7.7767167,7.4582353,7.296091,6.979881,7.5079117,8.07393,7.449772,6.96702,7.4325323
1168,waterset/chk1,waterset/chk1/16 docked,../large_fep_dataset/data/fep_benchmark_processed/waterset_chk1_16_docked.sdf,../large_fep_dataset/data/fep_benchmark_processed/waterset_chk1_protein.pdb,1168,7.540419,7.499215,8.263472,7.46326,7.3914595,7.276889,7.5631833,7.7529235,7.480098,7.282464,7.551338
1169,waterset/chk1,waterset/chk1/19,../large_fep_dataset/data/fep_benchmark_processed/waterset_chk1_19.sdf,../large_fep_dataset/data/fep_benchmark_processed/waterset_chk1_protein.pdb,1169,7.6202345,7.524448,8.304218,7.457601,7.7955866,7.125346,7.6510115,7.6371946,7.2437944,7.507612,7.586705
1170,waterset/chk1,waterset/chk1/17 torsion adjust,../large_fep_dataset/data/fep_benchmark_processed/waterset_chk1_17_torsion_adjust.sdf,../large_fep_dataset/data/fep_benchmark_processed/waterset_chk1_protein.pdb,1170,7.432672,7.2705245,8.070138,7.140358,7.6097746,7.766408,7.376377,7.389829,8.129002,7.0285444,7.5213623
1171,waterset/chk1,waterset/chk1/15 docked,../large_fep_dataset/data/fep_benchmark_processed/waterset_chk1_15_docked.sdf,../large_fep_dataset/data/fep_benchmark_processed/waterset_chk1_protein.pdb,1171,7.5039873,7.7341576,7.845919,7.1608005,6.706199,7.363058,7.3358903,7.6943116,7.8143096,6.8571463,7.4015784
1172,waterset/chk1,waterset/chk1/11 docked,../large_fep_dataset/data/fep_benchmark_processed/waterset_chk1_11_docked.sdf,../large_fep_dataset/data/fep_benchmark_processed/waterset_chk1_protein.pdb,1172,7.306825,7.7581725,8.254014,7.9573917,7.5809274,7.6166778,7.652444,8.2177725,8.02762,7.480511,7.7852354
1173,waterset/hsp90_kung,waterset/hsp90_kung/cmpd 16,../large_fep_dataset/data/fep_benchmark_processed/waterset_hsp90_kung_cmpd_16.sdf,../large_fep_dataset/data/fep_benchmark_processed/waterset_hsp90_kung_protein.pdb,1173,8.118894,7.5758457,7.453746,7.5348873,7.4179263,7.193468,7.3983526,7.665628,7.646705,7.2344537,7.5239906
1174,waterset/hsp90_kung,waterset/hsp90_kung/cmpd 9,../large_fep_dataset/data/fep_benchmark_processed/waterset_hsp90_kung_cmpd_9.sdf,../large_fep_dataset/data/fep_benchmark_processed/waterset_hsp90_kung_protein.pdb,1174,7.465243,7.0013165,6.917995,6.947891,7.1753035,7.7189775,7.479478,7.676405,7.1185684,7.194101,7.2695274
1175,waterset/hsp90_kung,waterset/hsp90_kung/cmpd 13,../large_fep_dataset/data/fep_benchmark_processed/waterset_hsp90_kung_cmpd_13.sdf,../large_fep_dataset/data/fep_benchmark_processed/waterset_hsp90_kung_protein.pdb,1175,8.357734,7.7718368,8.027103,7.668794,7.957334,7.7508554,7.940575,7.4747944,7.247892,7.5782924,7.7775216
1176,waterset/hsp90_kung,waterset/hsp90_kung/cmpd 14,../large_fep_dataset/data/fep_benchmark_processed/waterset_hsp90_kung_cmpd_14.sdf,../large_fep_dataset/data/fep_benchmark_processed/waterset_hsp90_kung_protein.pdb,1176,7.1673346,7.3173275,6.942957,6.831555,7.3510923,7.4524455,7.4421015,7.045456,6.6002316,6.624549,7.0775056
1177,waterset/hsp90_kung,waterset/hsp90_kung/cmpd 15,../large_fep_dataset/data/fep_benchmark_processed/waterset_hsp90_kung_cmpd_15.sdf,../large_fep_dataset/data/fep_benchmark_processed/waterset_hsp90_kung_protein.pdb,1177,7.622728,6.8172503,6.882359,7.4828486,7.1852903,7.6064663,7.4425483,7.1317935,7.547854,7.127175,7.284631
1178,waterset/hsp90_kung,waterset/hsp90_kung/cmpd 7,../large_fep_dataset/data/fep_benchmark_processed/waterset_hsp90_kung_cmpd_7.sdf,../large_fep_dataset/data/fep_benchmark_processed/waterset_hsp90_kung_protein.pdb,1178,6.8149076,6.869706,6.2754016,7.261453,6.967369,7.5203786,6.9609427,6.233979,7.6096406,6.628375,6.914215
1179,waterset/hsp90_kung,waterset/hsp90_kung/cmpd 17,../large_fep_dataset/data/fep_benchmark_processed/waterset_hsp90_kung_cmpd_17.sdf,../large_fep_dataset/data/fep_benchmark_processed/waterset_hsp90_kung_protein.pdb,1179,8.616519,6.7870855,7.6010885,7.1072435,7.552668,7.661918,7.643792,7.4588857,7.595974,7.149642,7.517482
1180,waterset/hsp90_kung,waterset/hsp90_kung/cmpd 11,../large_fep_dataset/data/fep_benchmark_processed/waterset_hsp90_kung_cmpd_11.sdf,../large_fep_dataset/data/fep_benchmark_processed/waterset_hsp90_kung_protein.pdb,1180,7.47467,7.4877644,6.6618466,7.4378934,7.02176,7.5894156,7.63848,6.9407916,7.192796,6.8600082,7.2305427
1181,waterset/hsp90_kung,waterset/hsp90_kung/cmpd 12,../large_fep_dataset/data/fep_benchmark_processed/waterset_hsp90_kung_cmpd_12.sdf,../large_fep_dataset/data/fep_benchmark_processed/waterset_hsp90_kung_protein.pdb,1181,8.120457,7.3045015,6.75856,7.6090493,7.231575,7.772388,8.00302,7.030199,7.420539,7.1783934,7.442868
1182,waterset/hsp90_kung,waterset/hsp90_kung/cmpd 10,../large_fep_dataset/data/fep_benchmark_processed/waterset_hsp90_kung_cmpd_10.sdf,../large_fep_dataset/data/fep_benchmark_processed/waterset_hsp90_kung_protein.pdb,1182,7.3764834,7.47489,7.0885224,6.19743,7.49917,6.9931912,7.5535994,7.0295815,6.910341,6.827158,7.0950365
1183,waterset/hsp90_kung,waterset/hsp90_kung/cmpd 8,../large_fep_dataset/data/fep_benchmark_processed/waterset_hsp90_kung_cmpd_8.sdf,../large_fep_dataset/data/fep_benchmark_processed/waterset_hsp90_kung_protein.pdb,1183,6.7966757,6.4797745,6.19941,6.877384,6.788035,7.1314096,7.0430527,6.611497,7.34424,6.740574,6.8012056
