Unnamed: 0,group_id,unique_id,sdf_file,pdb_file,graph_id,preds_0,preds_1,preds_2,preds_3,preds_4,preds_5,preds_6,preds_7,preds_8,preds_9,preds
0,bayer_macrocycles/wagner_brd4,bayer_macrocycles/wagner_brd4/61a,../large_fep_dataset/data/fep_benchmark_processed/bayer_macrocycles_wagner_brd4_61a.sdf,../large_fep_dataset/data/fep_benchmark_processed/bayer_macrocycles_wagner_brd4_protein.pdb,0,9.116877,8.504365,8.605278,8.556706,8.438922,8.563644,8.393708,8.462591,8.7265005,8.588193,8.595678
1,bayer_macrocycles/wagner_brd4,bayer_macrocycles/wagner_brd4/25e,../large_fep_dataset/data/fep_benchmark_processed/bayer_macrocycles_wagner_brd4_25e.sdf,../large_fep_dataset/data/fep_benchmark_processed/bayer_macrocycles_wagner_brd4_protein.pdb,1,7.9553976,7.791902,7.7895346,7.6317196,7.594574,7.6914964,7.59681,8.04434,7.6019607,8.081878,7.7779617
2,bayer_macrocycles/wagner_brd4,bayer_macrocycles/wagner_brd4/11,../large_fep_dataset/data/fep_benchmark_processed/bayer_macrocycles_wagner_brd4_11.sdf,../large_fep_dataset/data/fep_benchmark_processed/bayer_macrocycles_wagner_brd4_protein.pdb,2,5.1410947,5.746265,6.4232416,4.997697,5.1955643,5.5124245,5.3392005,5.46384,5.1710544,5.7140803,5.470446
3,bayer_macrocycles/ftase_extraligs_custcore_stereo,"bayer_macrocycles/ftase_extraligs_custcore_stereo/lig 2, deprot","../large_fep_dataset/data/fep_benchmark_processed/bayer_macrocycles_ftase_extraligs_custcore_stereo_lig_2,_deprot.sdf",../large_fep_dataset/data/fep_benchmark_processed/bayer_macrocycles_ftase_extraligs_custcore_stereo_protein.pdb,3,8.414975,9.0509,8.756356,8.505866,8.59096,9.006282,9.094185,8.859099,8.452009,8.524891,8.725553
4,bayer_macrocycles/ftase_extraligs_custcore_stereo,"bayer_macrocycles/ftase_extraligs_custcore_stereo/lig 66, deprot","../large_fep_dataset/data/fep_benchmark_processed/bayer_macrocycles_ftase_extraligs_custcore_stereo_lig_66,_deprot.sdf",../large_fep_dataset/data/fep_benchmark_processed/bayer_macrocycles_ftase_extraligs_custcore_stereo_protein.pdb,4,8.774867,8.695003,8.882755,8.888517,8.693797,8.661059,8.746179,8.77393,8.6526985,8.856416,8.762522
5,bayer_macrocycles/ftase_extraligs_custcore_stereo,"bayer_macrocycles/ftase_extraligs_custcore_stereo/lig 68, deprot","../large_fep_dataset/data/fep_benchmark_processed/bayer_macrocycles_ftase_extraligs_custcore_stereo_lig_68,_deprot.sdf",../large_fep_dataset/data/fep_benchmark_processed/bayer_macrocycles_ftase_extraligs_custcore_stereo_protein.pdb,5,8.432272,8.671913,8.733622,8.64301,8.421956,8.49679,8.46417,8.744613,8.653531,8.603294,8.586517
6,bayer_macrocycles/ftase_extraligs_custcore_stereo,bayer_macrocycles/ftase_extraligs_custcore_stereo/lig 51 stereo,../large_fep_dataset/data/fep_benchmark_processed/bayer_macrocycles_ftase_extraligs_custcore_stereo_lig_51_stereo.sdf,../large_fep_dataset/data/fep_benchmark_processed/bayer_macrocycles_ftase_extraligs_custcore_stereo_protein.pdb,6,7.5077376,8.06931,8.382123,8.299628,7.719539,7.6865907,7.6978717,7.8064246,8.162458,8.037537,7.9369226
7,bayer_macrocycles/ftase_extraligs_custcore_stereo,bayer_macrocycles/ftase_extraligs_custcore_stereo/lig 49 stereo,../large_fep_dataset/data/fep_benchmark_processed/bayer_macrocycles_ftase_extraligs_custcore_stereo_lig_49_stereo.sdf,../large_fep_dataset/data/fep_benchmark_processed/bayer_macrocycles_ftase_extraligs_custcore_stereo_protein.pdb,7,7.720157,8.195372,8.418915,7.8450704,7.712015,7.6855655,8.149399,7.927569,8.268191,8.06857,7.999083
8,jacs_set/ptp1b,jacs_set/ptp1b/23477,../large_fep_dataset/data/fep_benchmark_processed/jacs_set_ptp1b_23477.sdf,../large_fep_dataset/data/fep_benchmark_processed/jacs_set_ptp1b_protein.pdb,8,5.8817286,6.733326,6.463523,6.4896264,6.851965,6.416821,6.322975,6.2615914,6.8040833,6.5866423,6.481229
9,jacs_set/ptp1b,jacs_set/ptp1b/23484,../large_fep_dataset/data/fep_benchmark_processed/jacs_set_ptp1b_23484.sdf,../large_fep_dataset/data/fep_benchmark_processed/jacs_set_ptp1b_protein.pdb,9,6.297483,6.933403,6.855126,6.7226467,7.4272256,6.935746,7.0245733,6.570144,7.1866465,7.1091824,6.906218
10,jacs_set/ptp1b,jacs_set/ptp1b/23467,../large_fep_dataset/data/fep_benchmark_processed/jacs_set_ptp1b_23467.sdf,../large_fep_dataset/data/fep_benchmark_processed/jacs_set_ptp1b_protein.pdb,10,5.5126452,5.9141803,5.597153,5.676971,5.873493,5.8730445,5.651975,5.7391677,5.90918,5.7515125,5.7499323
11,jacs_set/ptp1b,jacs_set/ptp1b/20667,../large_fep_dataset/data/fep_benchmark_processed/jacs_set_ptp1b_20667.sdf,../large_fep_dataset/data/fep_benchmark_processed/jacs_set_ptp1b_protein.pdb,11,7.7611594,8.031642,7.8290415,7.831999,7.8480196,7.4014277,7.974597,7.7203474,8.067568,8.400918,7.886672
12,jacs_set/ptp1b,jacs_set/ptp1b/23469,../large_fep_dataset/data/fep_benchmark_processed/jacs_set_ptp1b_23469.sdf,../large_fep_dataset/data/fep_benchmark_processed/jacs_set_ptp1b_protein.pdb,12,5.839851,6.3813605,6.225102,6.301421,6.210292,6.229244,6.125389,5.949444,6.181647,6.1984262,6.164218
13,jacs_set/ptp1b,jacs_set/ptp1b/23483,../large_fep_dataset/data/fep_benchmark_processed/jacs_set_ptp1b_23483.sdf,../large_fep_dataset/data/fep_benchmark_processed/jacs_set_ptp1b_protein.pdb,13,6.7902355,7.2273364,7.080798,6.883959,7.4776435,7.0591016,7.3672624,6.8802953,7.546876,7.969788,7.2283297
14,jacs_set/ptp1b,jacs_set/ptp1b/23480,../large_fep_dataset/data/fep_benchmark_processed/jacs_set_ptp1b_23480.sdf,../large_fep_dataset/data/fep_benchmark_processed/jacs_set_ptp1b_protein.pdb,14,6.8301573,7.36574,6.8966746,7.0471506,6.952484,7.2294555,6.9699755,6.667992,7.3031144,7.611466,7.0874205
15,jacs_set/ptp1b,jacs_set/ptp1b/23474,../large_fep_dataset/data/fep_benchmark_processed/jacs_set_ptp1b_23474.sdf,../large_fep_dataset/data/fep_benchmark_processed/jacs_set_ptp1b_protein.pdb,15,6.376125,6.603371,7.161537,6.30431,6.6047373,6.6376624,6.274715,6.6654296,6.77969,6.7638807,6.6171455
16,jacs_set/ptp1b,jacs_set/ptp1b/23473,../large_fep_dataset/data/fep_benchmark_processed/jacs_set_ptp1b_23473.sdf,../large_fep_dataset/data/fep_benchmark_processed/jacs_set_ptp1b_protein.pdb,16,5.4696527,6.0554967,5.8693395,5.476653,5.668221,5.6987786,5.8784804,5.595663,5.8078485,5.7144914,5.723463
17,jacs_set/ptp1b,jacs_set/ptp1b/23471,../large_fep_dataset/data/fep_benchmark_processed/jacs_set_ptp1b_23471.sdf,../large_fep_dataset/data/fep_benchmark_processed/jacs_set_ptp1b_protein.pdb,17,6.136036,6.18646,6.151341,6.1932845,6.4971147,6.4318933,6.063714,5.861225,6.140839,6.255903,6.191781
18,jacs_set/ptp1b,jacs_set/ptp1b/20669,../large_fep_dataset/data/fep_benchmark_processed/jacs_set_ptp1b_20669.sdf,../large_fep_dataset/data/fep_benchmark_processed/jacs_set_ptp1b_protein.pdb,18,5.769445,6.2692814,6.282885,5.9555635,5.927631,6.0805283,6.0502696,5.964227,5.9123406,6.158477,6.037065
19,jacs_set/ptp1b,jacs_set/ptp1b/23476,../large_fep_dataset/data/fep_benchmark_processed/jacs_set_ptp1b_23476.sdf,../large_fep_dataset/data/fep_benchmark_processed/jacs_set_ptp1b_protein.pdb,19,6.103322,6.57565,7.1688395,6.474922,6.5467343,6.709049,6.4749126,6.604174,6.9852257,6.6402164,6.6283045
20,jacs_set/ptp1b,jacs_set/ptp1b/23466,../large_fep_dataset/data/fep_benchmark_processed/jacs_set_ptp1b_23466.sdf,../large_fep_dataset/data/fep_benchmark_processed/jacs_set_ptp1b_protein.pdb,20,5.7972226,6.025052,5.9024534,5.8441954,5.820879,6.074652,5.9480157,6.234299,5.9334064,5.9783974,5.9558573
21,jacs_set/ptp1b,jacs_set/ptp1b/23472,../large_fep_dataset/data/fep_benchmark_processed/jacs_set_ptp1b_23472.sdf,../large_fep_dataset/data/fep_benchmark_processed/jacs_set_ptp1b_protein.pdb,21,6.224792,6.535729,6.8370147,6.591452,6.796829,6.314481,6.4371257,6.9074974,6.6155457,6.265789,6.552626
22,jacs_set/ptp1b,jacs_set/ptp1b/23482,../large_fep_dataset/data/fep_benchmark_processed/jacs_set_ptp1b_23482.sdf,../large_fep_dataset/data/fep_benchmark_processed/jacs_set_ptp1b_protein.pdb,22,6.695628,7.271145,7.112777,7.2289405,7.5432777,6.8819785,6.8623605,7.028113,7.3861666,7.6515684,7.166196
23,jacs_set/ptp1b,jacs_set/ptp1b/23486,../large_fep_dataset/data/fep_benchmark_processed/jacs_set_ptp1b_23486.sdf,../large_fep_dataset/data/fep_benchmark_processed/jacs_set_ptp1b_protein.pdb,23,6.990042,7.584552,7.006795,7.26768,7.389627,7.440084,7.4102144,7.4170113,7.859455,7.8712053,7.423667
24,jacs_set/ptp1b,jacs_set/ptp1b/23470,../large_fep_dataset/data/fep_benchmark_processed/jacs_set_ptp1b_23470.sdf,../large_fep_dataset/data/fep_benchmark_processed/jacs_set_ptp1b_protein.pdb,24,6.436393,6.538732,6.9356427,6.5409727,6.9992046,6.6389637,6.575073,6.1929197,6.5897465,6.347139,6.5794783
25,jacs_set/ptp1b,jacs_set/ptp1b/23468,../large_fep_dataset/data/fep_benchmark_processed/jacs_set_ptp1b_23468.sdf,../large_fep_dataset/data/fep_benchmark_processed/jacs_set_ptp1b_protein.pdb,25,6.13062,6.421147,6.3519907,6.283368,6.6673355,6.2657204,6.368786,6.171265,6.197965,6.330493,6.318869
26,jacs_set/ptp1b,jacs_set/ptp1b/23485,../large_fep_dataset/data/fep_benchmark_processed/jacs_set_ptp1b_23485.sdf,../large_fep_dataset/data/fep_benchmark_processed/jacs_set_ptp1b_protein.pdb,26,6.517915,7.3100924,7.334872,6.7765326,7.2667165,7.4951477,7.6337166,7.2159095,7.622073,6.853443,7.2026415
27,jacs_set/ptp1b,jacs_set/ptp1b/23330,../large_fep_dataset/data/fep_benchmark_processed/jacs_set_ptp1b_23330.sdf,../large_fep_dataset/data/fep_benchmark_processed/jacs_set_ptp1b_protein.pdb,27,6.374551,6.793213,6.765753,6.618828,6.7219934,6.7146306,6.3919306,6.2135906,6.91866,6.873258,6.6386404
28,jacs_set/ptp1b,jacs_set/ptp1b/20670,../large_fep_dataset/data/fep_benchmark_processed/jacs_set_ptp1b_20670.sdf,../large_fep_dataset/data/fep_benchmark_processed/jacs_set_ptp1b_protein.pdb,28,6.1149783,6.758245,7.174524,6.5964775,6.8149824,6.92894,6.4541454,6.5520177,7.14607,6.796314,6.7336693
29,jacs_set/ptp1b,jacs_set/ptp1b/23479,../large_fep_dataset/data/fep_benchmark_processed/jacs_set_ptp1b_23479.sdf,../large_fep_dataset/data/fep_benchmark_processed/jacs_set_ptp1b_protein.pdb,29,6.0384865,7.33905,6.9796333,6.624867,7.012137,7.1278152,7.339777,6.7345195,7.444516,7.5682125,7.0209017
30,jacs_set/ptp1b,jacs_set/ptp1b/23475,../large_fep_dataset/data/fep_benchmark_processed/jacs_set_ptp1b_23475.sdf,../large_fep_dataset/data/fep_benchmark_processed/jacs_set_ptp1b_protein.pdb,30,6.085582,6.5892897,7.114632,6.4871264,6.700509,6.985056,6.3861957,6.396511,6.912139,6.9607334,6.6617775
31,jacs_set/mcl1_extra_flips,jacs_set/mcl1_extra_flips/23,../large_fep_dataset/data/fep_benchmark_processed/jacs_set_mcl1_extra_flips_23.sdf,../large_fep_dataset/data/fep_benchmark_processed/jacs_set_mcl1_extra_flips_protein.pdb,31,5.060961,5.7505436,5.345149,5.673724,6.1344075,5.4876547,4.8047485,5.5769606,5.276221,6.3036275,5.5414
32,jacs_set/mcl1_extra_flips,jacs_set/mcl1_extra_flips/26,../large_fep_dataset/data/fep_benchmark_processed/jacs_set_mcl1_extra_flips_26.sdf,../large_fep_dataset/data/fep_benchmark_processed/jacs_set_mcl1_extra_flips_protein.pdb,32,5.1597834,6.0841293,5.7653656,6.085505,6.2245545,5.7357697,5.156068,5.527909,5.6411147,5.576234,5.695643
33,jacs_set/mcl1_extra_flips,jacs_set/mcl1_extra_flips/27,../large_fep_dataset/data/fep_benchmark_processed/jacs_set_mcl1_extra_flips_27.sdf,../large_fep_dataset/data/fep_benchmark_processed/jacs_set_mcl1_extra_flips_protein.pdb,33,5.2433777,5.494945,5.5818653,5.5908637,5.7452755,5.3726206,5.1370697,5.0040894,5.489243,5.590132,5.4249487
34,jacs_set/mcl1_extra_flips,jacs_set/mcl1_extra_flips/28,../large_fep_dataset/data/fep_benchmark_processed/jacs_set_mcl1_extra_flips_28.sdf,../large_fep_dataset/data/fep_benchmark_processed/jacs_set_mcl1_extra_flips_protein.pdb,34,5.379087,5.600629,5.7803316,5.6590567,6.083485,5.440485,5.254585,5.3408046,5.9259863,6.3809695,5.6845427
35,jacs_set/mcl1_extra_flips,jacs_set/mcl1_extra_flips/29,../large_fep_dataset/data/fep_benchmark_processed/jacs_set_mcl1_extra_flips_29.sdf,../large_fep_dataset/data/fep_benchmark_processed/jacs_set_mcl1_extra_flips_protein.pdb,35,5.7981024,5.664384,5.625926,5.9799886,5.4456444,5.795508,5.2529664,5.140941,5.8490562,5.929272,5.648179
36,jacs_set/mcl1_extra_flips,jacs_set/mcl1_extra_flips/30 flip,../large_fep_dataset/data/fep_benchmark_processed/jacs_set_mcl1_extra_flips_30_flip.sdf,../large_fep_dataset/data/fep_benchmark_processed/jacs_set_mcl1_extra_flips_protein.pdb,36,5.048676,6.064888,5.928712,5.821283,5.609804,5.72277,5.343162,5.5496783,5.952258,6.093919,5.7135153
37,jacs_set/mcl1_extra_flips,jacs_set/mcl1_extra_flips/31,../large_fep_dataset/data/fep_benchmark_processed/jacs_set_mcl1_extra_flips_31.sdf,../large_fep_dataset/data/fep_benchmark_processed/jacs_set_mcl1_extra_flips_protein.pdb,37,5.400092,5.957719,5.5017023,6.0447497,5.6107297,5.4181685,5.134759,5.3188143,5.885452,5.4358106,5.5707994
38,jacs_set/mcl1_extra_flips,jacs_set/mcl1_extra_flips/32,../large_fep_dataset/data/fep_benchmark_processed/jacs_set_mcl1_extra_flips_32.sdf,../large_fep_dataset/data/fep_benchmark_processed/jacs_set_mcl1_extra_flips_protein.pdb,38,5.1730604,6.1425223,5.777281,5.661182,5.9476686,5.376336,4.937755,5.465636,5.7837462,5.7628365,5.6028023
39,jacs_set/mcl1_extra_flips,jacs_set/mcl1_extra_flips/33,../large_fep_dataset/data/fep_benchmark_processed/jacs_set_mcl1_extra_flips_33.sdf,../large_fep_dataset/data/fep_benchmark_processed/jacs_set_mcl1_extra_flips_protein.pdb,39,5.832185,6.4124827,5.967353,5.981939,5.899126,5.8463106,5.4897685,6.1322503,6.232427,6.131565,5.992541
40,jacs_set/mcl1_extra_flips,jacs_set/mcl1_extra_flips/34,../large_fep_dataset/data/fep_benchmark_processed/jacs_set_mcl1_extra_flips_34.sdf,../large_fep_dataset/data/fep_benchmark_processed/jacs_set_mcl1_extra_flips_protein.pdb,40,6.079568,6.300184,5.693062,6.003703,6.0305586,5.4957247,5.0747733,5.3510523,5.85938,5.72413,5.761213
41,jacs_set/mcl1_extra_flips,jacs_set/mcl1_extra_flips/35,../large_fep_dataset/data/fep_benchmark_processed/jacs_set_mcl1_extra_flips_35.sdf,../large_fep_dataset/data/fep_benchmark_processed/jacs_set_mcl1_extra_flips_protein.pdb,41,5.603356,6.6746736,6.3628116,6.382852,6.3434143,6.2153735,5.9124317,6.091768,6.1084437,6.4045887,6.209971
42,jacs_set/mcl1_extra_flips,jacs_set/mcl1_extra_flips/36,../large_fep_dataset/data/fep_benchmark_processed/jacs_set_mcl1_extra_flips_36.sdf,../large_fep_dataset/data/fep_benchmark_processed/jacs_set_mcl1_extra_flips_protein.pdb,42,5.483917,6.4117947,6.338016,6.349348,6.17712,5.9867477,6.3364387,6.067308,6.9529595,6.444575,6.2548227
43,jacs_set/mcl1_extra_flips,jacs_set/mcl1_extra_flips/37,../large_fep_dataset/data/fep_benchmark_processed/jacs_set_mcl1_extra_flips_37.sdf,../large_fep_dataset/data/fep_benchmark_processed/jacs_set_mcl1_extra_flips_protein.pdb,43,6.0353003,6.3877645,6.470886,6.2675886,6.2971334,5.975669,5.8862123,6.3569016,6.17116,6.47636,6.232498
44,jacs_set/mcl1_extra_flips,jacs_set/mcl1_extra_flips/38 flip,../large_fep_dataset/data/fep_benchmark_processed/jacs_set_mcl1_extra_flips_38_flip.sdf,../large_fep_dataset/data/fep_benchmark_processed/jacs_set_mcl1_extra_flips_protein.pdb,44,5.4740705,6.0707235,5.768332,5.982541,5.8493905,5.6689343,5.268146,5.3039985,5.995261,6.0374804,5.7418876
45,jacs_set/mcl1_extra_flips,jacs_set/mcl1_extra_flips/39,../large_fep_dataset/data/fep_benchmark_processed/jacs_set_mcl1_extra_flips_39.sdf,../large_fep_dataset/data/fep_benchmark_processed/jacs_set_mcl1_extra_flips_protein.pdb,45,5.7692065,6.032979,5.989052,5.976946,5.498426,5.7758408,5.3856187,5.39077,6.0758696,5.903318,5.779803
46,jacs_set/mcl1_extra_flips,jacs_set/mcl1_extra_flips/40 flip,../large_fep_dataset/data/fep_benchmark_processed/jacs_set_mcl1_extra_flips_40_flip.sdf,../large_fep_dataset/data/fep_benchmark_processed/jacs_set_mcl1_extra_flips_protein.pdb,46,5.7521772,5.970352,6.021211,5.4709854,5.836851,5.945669,5.9851623,5.4766536,5.4956436,5.985211,5.7939916
47,jacs_set/mcl1_extra_flips,jacs_set/mcl1_extra_flips/41 flip,../large_fep_dataset/data/fep_benchmark_processed/jacs_set_mcl1_extra_flips_41_flip.sdf,../large_fep_dataset/data/fep_benchmark_processed/jacs_set_mcl1_extra_flips_protein.pdb,47,5.9655743,6.0113964,6.569827,6.2160106,6.269214,5.788284,5.8265305,6.161685,5.8664417,5.7504373,6.0425406
48,jacs_set/mcl1_extra_flips,jacs_set/mcl1_extra_flips/42,../large_fep_dataset/data/fep_benchmark_processed/jacs_set_mcl1_extra_flips_42.sdf,../large_fep_dataset/data/fep_benchmark_processed/jacs_set_mcl1_extra_flips_protein.pdb,48,5.460185,6.0214767,5.4758663,6.0483303,6.010015,5.757238,5.3901286,5.591557,5.5335646,6.122201,5.741056
49,jacs_set/mcl1_extra_flips,jacs_set/mcl1_extra_flips/43 flip,../large_fep_dataset/data/fep_benchmark_processed/jacs_set_mcl1_extra_flips_43_flip.sdf,../large_fep_dataset/data/fep_benchmark_processed/jacs_set_mcl1_extra_flips_protein.pdb,49,5.5598125,6.088203,5.623512,6.0439615,5.8639026,5.8433123,5.321837,5.606869,5.6426687,6.16838,5.776246
50,jacs_set/mcl1_extra_flips,jacs_set/mcl1_extra_flips/44,../large_fep_dataset/data/fep_benchmark_processed/jacs_set_mcl1_extra_flips_44.sdf,../large_fep_dataset/data/fep_benchmark_processed/jacs_set_mcl1_extra_flips_protein.pdb,50,5.851698,6.4027567,6.259326,6.553254,6.486759,6.4963126,5.875236,6.207688,6.6040945,6.2556243,6.299275
51,jacs_set/mcl1_extra_flips,jacs_set/mcl1_extra_flips/45,../large_fep_dataset/data/fep_benchmark_processed/jacs_set_mcl1_extra_flips_45.sdf,../large_fep_dataset/data/fep_benchmark_processed/jacs_set_mcl1_extra_flips_protein.pdb,51,6.186465,6.60464,6.3006864,6.436189,6.33304,5.949292,5.5587363,5.773139,6.309126,6.4996285,6.1950946
52,jacs_set/mcl1_extra_flips,jacs_set/mcl1_extra_flips/46 flip,../large_fep_dataset/data/fep_benchmark_processed/jacs_set_mcl1_extra_flips_46_flip.sdf,../large_fep_dataset/data/fep_benchmark_processed/jacs_set_mcl1_extra_flips_protein.pdb,52,5.435816,6.611928,6.11134,6.2305946,5.842928,5.7703443,5.5193434,5.8167396,6.1622005,5.9640503,5.9465284
53,jacs_set/mcl1_extra_flips,jacs_set/mcl1_extra_flips/47 flip,../large_fep_dataset/data/fep_benchmark_processed/jacs_set_mcl1_extra_flips_47_flip.sdf,../large_fep_dataset/data/fep_benchmark_processed/jacs_set_mcl1_extra_flips_protein.pdb,53,5.879771,6.2032676,6.062492,5.9568534,6.0572724,5.861042,5.29737,5.22918,5.7161856,5.5599775,5.7823415
54,jacs_set/mcl1_extra_flips,jacs_set/mcl1_extra_flips/48 flip,../large_fep_dataset/data/fep_benchmark_processed/jacs_set_mcl1_extra_flips_48_flip.sdf,../large_fep_dataset/data/fep_benchmark_processed/jacs_set_mcl1_extra_flips_protein.pdb,54,5.3647947,5.566003,5.592639,5.958405,5.9242864,5.6820817,5.6305995,4.9672947,5.4400897,5.850889,5.597708
55,jacs_set/mcl1_extra_flips,jacs_set/mcl1_extra_flips/49,../large_fep_dataset/data/fep_benchmark_processed/jacs_set_mcl1_extra_flips_49.sdf,../large_fep_dataset/data/fep_benchmark_processed/jacs_set_mcl1_extra_flips_protein.pdb,55,6.2221327,6.388878,6.5564556,6.4486,6.097683,6.7040677,6.4839797,6.5171933,6.819599,6.8847322,6.512332
56,jacs_set/mcl1_extra_flips,jacs_set/mcl1_extra_flips/50,../large_fep_dataset/data/fep_benchmark_processed/jacs_set_mcl1_extra_flips_50.sdf,../large_fep_dataset/data/fep_benchmark_processed/jacs_set_mcl1_extra_flips_protein.pdb,56,6.5437136,6.401292,6.974972,6.7222867,6.1521316,6.2254963,6.8406334,6.8756666,6.7333984,6.969878,6.6439466
57,jacs_set/mcl1_extra_flips,jacs_set/mcl1_extra_flips/51,../large_fep_dataset/data/fep_benchmark_processed/jacs_set_mcl1_extra_flips_51.sdf,../large_fep_dataset/data/fep_benchmark_processed/jacs_set_mcl1_extra_flips_protein.pdb,57,6.1380644,6.067629,6.391702,6.609783,6.629806,6.5312386,6.2764626,6.3531046,6.5184374,6.5555725,6.40718
58,jacs_set/mcl1_extra_flips,jacs_set/mcl1_extra_flips/52,../large_fep_dataset/data/fep_benchmark_processed/jacs_set_mcl1_extra_flips_52.sdf,../large_fep_dataset/data/fep_benchmark_processed/jacs_set_mcl1_extra_flips_protein.pdb,58,6.1867394,6.6243577,6.857277,6.5186157,6.5435333,6.820171,6.4177504,6.0955887,6.658142,6.84071,6.5562887
59,jacs_set/mcl1_extra_flips,jacs_set/mcl1_extra_flips/53,../large_fep_dataset/data/fep_benchmark_processed/jacs_set_mcl1_extra_flips_53.sdf,../large_fep_dataset/data/fep_benchmark_processed/jacs_set_mcl1_extra_flips_protein.pdb,59,6.622614,6.807552,7.202784,6.9075212,6.6495943,6.8392367,6.8350577,6.4526925,6.911965,6.966866,6.8195887
60,jacs_set/mcl1_extra_flips,jacs_set/mcl1_extra_flips/54,../large_fep_dataset/data/fep_benchmark_processed/jacs_set_mcl1_extra_flips_54.sdf,../large_fep_dataset/data/fep_benchmark_processed/jacs_set_mcl1_extra_flips_protein.pdb,60,5.912468,6.5000467,5.870367,6.4197583,6.352142,6.499879,6.3353205,6.0305896,6.3246527,6.3848047,6.263003
61,jacs_set/mcl1_extra_flips,jacs_set/mcl1_extra_flips/56,../large_fep_dataset/data/fep_benchmark_processed/jacs_set_mcl1_extra_flips_56.sdf,../large_fep_dataset/data/fep_benchmark_processed/jacs_set_mcl1_extra_flips_protein.pdb,61,6.5511813,7.1824193,6.806024,6.7866488,6.3621597,6.9265156,6.277768,6.574304,6.5645156,6.8953004,6.692683
62,jacs_set/mcl1_extra_flips,jacs_set/mcl1_extra_flips/57,../large_fep_dataset/data/fep_benchmark_processed/jacs_set_mcl1_extra_flips_57.sdf,../large_fep_dataset/data/fep_benchmark_processed/jacs_set_mcl1_extra_flips_protein.pdb,62,6.13571,6.5579147,5.9352093,6.3917007,6.541406,6.4939,5.962503,6.0015974,6.172651,6.193185,6.2385774
63,jacs_set/mcl1_extra_flips,jacs_set/mcl1_extra_flips/58,../large_fep_dataset/data/fep_benchmark_processed/jacs_set_mcl1_extra_flips_58.sdf,../large_fep_dataset/data/fep_benchmark_processed/jacs_set_mcl1_extra_flips_protein.pdb,63,7.085631,7.3481293,7.1386743,7.2211757,7.2336326,7.486986,6.870554,6.7803073,7.2753196,7.3564744,7.1796885
64,jacs_set/mcl1_extra_flips,jacs_set/mcl1_extra_flips/60,../large_fep_dataset/data/fep_benchmark_processed/jacs_set_mcl1_extra_flips_60.sdf,../large_fep_dataset/data/fep_benchmark_processed/jacs_set_mcl1_extra_flips_protein.pdb,64,5.9958243,6.179462,6.2638097,6.0630426,6.117114,6.052506,6.1929126,6.5694304,5.8955765,6.7129984,6.204268
65,jacs_set/mcl1_extra_flips,jacs_set/mcl1_extra_flips/61,../large_fep_dataset/data/fep_benchmark_processed/jacs_set_mcl1_extra_flips_61.sdf,../large_fep_dataset/data/fep_benchmark_processed/jacs_set_mcl1_extra_flips_protein.pdb,65,6.449434,6.6385393,6.837649,6.6313934,6.2059946,6.4925447,7.4099193,6.845291,6.589564,7.0645466,6.716488
66,jacs_set/mcl1_extra_flips,jacs_set/mcl1_extra_flips/62,../large_fep_dataset/data/fep_benchmark_processed/jacs_set_mcl1_extra_flips_62.sdf,../large_fep_dataset/data/fep_benchmark_processed/jacs_set_mcl1_extra_flips_protein.pdb,66,5.767352,6.075016,5.883011,6.140118,6.5049214,6.2949347,5.717823,6.191856,6.3423233,6.735003,6.165236
67,jacs_set/mcl1_extra_flips,jacs_set/mcl1_extra_flips/63,../large_fep_dataset/data/fep_benchmark_processed/jacs_set_mcl1_extra_flips_63.sdf,../large_fep_dataset/data/fep_benchmark_processed/jacs_set_mcl1_extra_flips_protein.pdb,67,6.986336,6.986701,7.2793126,6.8827024,6.68069,6.977581,6.7853856,6.6193256,6.598585,7.2005076,6.899713
68,jacs_set/mcl1_extra_flips,jacs_set/mcl1_extra_flips/64,../large_fep_dataset/data/fep_benchmark_processed/jacs_set_mcl1_extra_flips_64.sdf,../large_fep_dataset/data/fep_benchmark_processed/jacs_set_mcl1_extra_flips_protein.pdb,68,5.8187847,6.381532,5.6812797,6.3883824,6.255653,6.0864635,5.4366345,5.819611,6.070309,6.59728,6.0535927
69,jacs_set/mcl1_extra_flips,jacs_set/mcl1_extra_flips/65,../large_fep_dataset/data/fep_benchmark_processed/jacs_set_mcl1_extra_flips_65.sdf,../large_fep_dataset/data/fep_benchmark_processed/jacs_set_mcl1_extra_flips_protein.pdb,69,6.458305,6.366409,6.672031,6.4291673,6.1497035,6.52317,6.8473654,6.4663277,6.479714,6.982195,6.537439
70,jacs_set/mcl1_extra_flips,jacs_set/mcl1_extra_flips/66,../large_fep_dataset/data/fep_benchmark_processed/jacs_set_mcl1_extra_flips_66.sdf,../large_fep_dataset/data/fep_benchmark_processed/jacs_set_mcl1_extra_flips_protein.pdb,70,5.862355,5.784691,5.6849513,6.0878634,6.3529778,5.972082,5.5477767,5.550977,6.104047,6.4303846,5.93781
71,jacs_set/mcl1_extra_flips,jacs_set/mcl1_extra_flips/67,../large_fep_dataset/data/fep_benchmark_processed/jacs_set_mcl1_extra_flips_67.sdf,../large_fep_dataset/data/fep_benchmark_processed/jacs_set_mcl1_extra_flips_protein.pdb,71,5.7591186,6.274535,6.648942,6.5507846,6.4816995,6.0487847,6.2733855,6.4266777,6.2357903,6.117146,6.281686
72,jacs_set/mcl1_extra_flips,jacs_set/mcl1_extra_flips/68,../large_fep_dataset/data/fep_benchmark_processed/jacs_set_mcl1_extra_flips_68.sdf,../large_fep_dataset/data/fep_benchmark_processed/jacs_set_mcl1_extra_flips_protein.pdb,72,5.9122906,6.3655257,6.220563,6.508512,6.2125177,6.3742266,5.593062,5.8382254,6.412791,5.7932887,6.1231008
73,jacs_set/cdk2,jacs_set/cdk2/17,../large_fep_dataset/data/fep_benchmark_processed/jacs_set_cdk2_17.sdf,../large_fep_dataset/data/fep_benchmark_processed/jacs_set_cdk2_protein.pdb,73,5.2250094,5.766227,5.7128043,5.6418195,6.055861,6.033805,5.4638996,6.0231094,5.662216,5.17181,5.675656
74,jacs_set/cdk2,jacs_set/cdk2/28,../large_fep_dataset/data/fep_benchmark_processed/jacs_set_cdk2_28.sdf,../large_fep_dataset/data/fep_benchmark_processed/jacs_set_cdk2_protein.pdb,74,6.6596084,6.79059,7.28007,6.968343,6.793529,7.474778,6.295085,7.3629727,7.0621595,6.6557517,6.934289
75,jacs_set/cdk2,jacs_set/cdk2/22,../large_fep_dataset/data/fep_benchmark_processed/jacs_set_cdk2_22.sdf,../large_fep_dataset/data/fep_benchmark_processed/jacs_set_cdk2_protein.pdb,75,5.3116894,5.813046,6.0244884,5.9097104,5.9436793,6.100316,5.635158,5.8163996,6.107773,5.400019,5.8062277
76,jacs_set/cdk2,jacs_set/cdk2/30,../large_fep_dataset/data/fep_benchmark_processed/jacs_set_cdk2_30.sdf,../large_fep_dataset/data/fep_benchmark_processed/jacs_set_cdk2_protein.pdb,76,6.222931,5.9755564,6.3157983,6.3594937,6.042383,6.5632725,5.516799,6.7014523,6.4248915,6.289665,6.2412243
77,jacs_set/cdk2,jacs_set/cdk2/1h1r,../large_fep_dataset/data/fep_benchmark_processed/jacs_set_cdk2_1h1r.sdf,../large_fep_dataset/data/fep_benchmark_processed/jacs_set_cdk2_protein.pdb,77,5.1410236,5.6775355,5.5871897,5.284076,5.6419063,5.630493,5.3644357,5.902796,5.5234027,5.1938314,5.49467
78,jacs_set/cdk2,jacs_set/cdk2/1h1s,../large_fep_dataset/data/fep_benchmark_processed/jacs_set_cdk2_1h1s.sdf,../large_fep_dataset/data/fep_benchmark_processed/jacs_set_cdk2_protein.pdb,78,6.639574,6.8995757,7.4864616,6.8384533,6.617911,7.127397,6.3023844,6.90622,6.906947,6.7921424,6.8517065
79,jacs_set/cdk2,jacs_set/cdk2/21,../large_fep_dataset/data/fep_benchmark_processed/jacs_set_cdk2_21.sdf,../large_fep_dataset/data/fep_benchmark_processed/jacs_set_cdk2_protein.pdb,79,5.4337454,5.7229447,5.8617735,5.70305,5.457243,6.455993,5.6226296,5.865679,6.1780386,5.7570386,5.805814
80,jacs_set/cdk2,jacs_set/cdk2/1oiy,../large_fep_dataset/data/fep_benchmark_processed/jacs_set_cdk2_1oiy.sdf,../large_fep_dataset/data/fep_benchmark_processed/jacs_set_cdk2_protein.pdb,80,6.150971,6.507826,6.4733634,6.4141226,6.3107996,6.2964683,5.808709,6.5552263,6.164566,6.194404,6.2876453
81,jacs_set/cdk2,jacs_set/cdk2/1oiu,../large_fep_dataset/data/fep_benchmark_processed/jacs_set_cdk2_1oiu.sdf,../large_fep_dataset/data/fep_benchmark_processed/jacs_set_cdk2_protein.pdb,81,6.0848184,6.411611,6.488547,6.106316,6.1215463,6.622197,5.9323397,6.844619,6.0312796,6.321579,6.296485
82,jacs_set/cdk2,jacs_set/cdk2/31,../large_fep_dataset/data/fep_benchmark_processed/jacs_set_cdk2_31.sdf,../large_fep_dataset/data/fep_benchmark_processed/jacs_set_cdk2_protein.pdb,82,6.2250347,6.4175754,6.334911,5.8189406,5.7345796,6.55022,5.512703,6.5932426,6.72167,5.875886,6.178476
83,jacs_set/cdk2,jacs_set/cdk2/29,../large_fep_dataset/data/fep_benchmark_processed/jacs_set_cdk2_29.sdf,../large_fep_dataset/data/fep_benchmark_processed/jacs_set_cdk2_protein.pdb,83,6.6948485,6.6928368,7.273058,6.729915,6.586771,7.222543,5.946973,7.5378466,6.4991646,7.0539412,6.82379
84,jacs_set/cdk2,jacs_set/cdk2/26,../large_fep_dataset/data/fep_benchmark_processed/jacs_set_cdk2_26.sdf,../large_fep_dataset/data/fep_benchmark_processed/jacs_set_cdk2_protein.pdb,84,5.9563603,6.1661644,6.198439,6.0859222,6.2377315,6.146768,5.1783924,6.527088,6.4303513,6.180992,6.1108212
85,jacs_set/cdk2,jacs_set/cdk2/1oi9,../large_fep_dataset/data/fep_benchmark_processed/jacs_set_cdk2_1oi9.sdf,../large_fep_dataset/data/fep_benchmark_processed/jacs_set_cdk2_protein.pdb,85,6.5220976,6.643441,6.6794095,6.400993,6.817275,6.450918,5.519152,6.5439606,6.7766223,5.7401776,6.4094057
86,jacs_set/cdk2,jacs_set/cdk2/20,../large_fep_dataset/data/fep_benchmark_processed/jacs_set_cdk2_20.sdf,../large_fep_dataset/data/fep_benchmark_processed/jacs_set_cdk2_protein.pdb,86,5.7047863,6.2618513,6.0227213,6.1728883,5.747622,6.4117813,5.750503,6.1589046,6.4507194,5.9904594,6.0672235
87,jacs_set/cdk2,jacs_set/cdk2/32,../large_fep_dataset/data/fep_benchmark_processed/jacs_set_cdk2_32.sdf,../large_fep_dataset/data/fep_benchmark_processed/jacs_set_cdk2_protein.pdb,87,6.350634,6.749177,6.8461876,7.200863,6.1008496,7.24423,6.25272,6.853873,6.6696577,6.60322,6.6871414
88,jacs_set/cdk2,jacs_set/cdk2/1h1q,../large_fep_dataset/data/fep_benchmark_processed/jacs_set_cdk2_1h1q.sdf,../large_fep_dataset/data/fep_benchmark_processed/jacs_set_cdk2_protein.pdb,88,5.926496,5.9611692,6.211373,6.042396,6.067614,6.669295,5.4492025,6.4427457,6.1795025,5.834505,6.078429
89,jacs_set/jnk1_manual_flips,jacs_set/jnk1_manual_flips/18626-1,../large_fep_dataset/data/fep_benchmark_processed/jacs_set_jnk1_manual_flips_18626-1.sdf,../large_fep_dataset/data/fep_benchmark_processed/jacs_set_jnk1_manual_flips_protein.pdb,89,6.895261,7.2610064,6.598438,7.1285243,6.9893613,7.2387133,6.7578416,7.038197,6.8470354,7.0775785,6.9831953
90,jacs_set/jnk1_manual_flips,jacs_set/jnk1_manual_flips/18628-1_flip,../large_fep_dataset/data/fep_benchmark_processed/jacs_set_jnk1_manual_flips_18628-1_flip.sdf,../large_fep_dataset/data/fep_benchmark_processed/jacs_set_jnk1_manual_flips_protein.pdb,90,6.5773263,6.2997713,6.614408,6.3640757,5.970471,7.1196313,6.0411773,6.429023,6.5798,6.8857737,6.4881463
91,jacs_set/jnk1_manual_flips,jacs_set/jnk1_manual_flips/18629-1,../large_fep_dataset/data/fep_benchmark_processed/jacs_set_jnk1_manual_flips_18629-1.sdf,../large_fep_dataset/data/fep_benchmark_processed/jacs_set_jnk1_manual_flips_protein.pdb,91,6.883452,6.8774056,6.5213284,7.016528,6.5169287,7.097654,6.5851073,6.546685,6.7129464,7.0423174,6.7800355
92,jacs_set/jnk1_manual_flips,jacs_set/jnk1_manual_flips/18636-1,../large_fep_dataset/data/fep_benchmark_processed/jacs_set_jnk1_manual_flips_18636-1.sdf,../large_fep_dataset/data/fep_benchmark_processed/jacs_set_jnk1_manual_flips_protein.pdb,92,7.1699715,7.2578993,6.907604,7.215633,6.7690334,7.0785728,6.781048,6.951513,6.7583313,6.715906,6.9605513
93,jacs_set/jnk1_manual_flips,jacs_set/jnk1_manual_flips/17124-1,../large_fep_dataset/data/fep_benchmark_processed/jacs_set_jnk1_manual_flips_17124-1.sdf,../large_fep_dataset/data/fep_benchmark_processed/jacs_set_jnk1_manual_flips_protein.pdb,93,7.700384,7.97912,6.664568,7.0436897,6.5793667,6.6984076,6.900971,7.2570963,7.078419,7.3087597,7.1210775
94,jacs_set/jnk1_manual_flips,jacs_set/jnk1_manual_flips/18627-1,../large_fep_dataset/data/fep_benchmark_processed/jacs_set_jnk1_manual_flips_18627-1.sdf,../large_fep_dataset/data/fep_benchmark_processed/jacs_set_jnk1_manual_flips_protein.pdb,94,6.407283,7.122198,6.141457,7.7767754,6.9231067,6.8429136,6.5490146,6.9660006,7.035312,6.7910414,6.8555098
95,jacs_set/jnk1_manual_flips,jacs_set/jnk1_manual_flips/18638-1,../large_fep_dataset/data/fep_benchmark_processed/jacs_set_jnk1_manual_flips_18638-1.sdf,../large_fep_dataset/data/fep_benchmark_processed/jacs_set_jnk1_manual_flips_protein.pdb,95,7.228492,7.6994643,6.9405417,6.933093,6.5692587,6.9978895,6.526651,7.094174,7.18379,7.339944,7.0513296
96,jacs_set/jnk1_manual_flips,jacs_set/jnk1_manual_flips/18659-1,../large_fep_dataset/data/fep_benchmark_processed/jacs_set_jnk1_manual_flips_18659-1.sdf,../large_fep_dataset/data/fep_benchmark_processed/jacs_set_jnk1_manual_flips_protein.pdb,96,7.2207217,6.7741823,6.120958,6.58638,6.572086,6.46792,6.0088234,6.6758347,6.8534813,7.017696,6.629808
97,jacs_set/jnk1_manual_flips,jacs_set/jnk1_manual_flips/18639-1,../large_fep_dataset/data/fep_benchmark_processed/jacs_set_jnk1_manual_flips_18639-1.sdf,../large_fep_dataset/data/fep_benchmark_processed/jacs_set_jnk1_manual_flips_protein.pdb,97,7.482147,7.3502307,6.8490453,7.3040853,6.6791763,6.5244093,6.9518657,6.899003,6.3756785,7.163369,6.957901
98,jacs_set/jnk1_manual_flips,jacs_set/jnk1_manual_flips/18634-1,../large_fep_dataset/data/fep_benchmark_processed/jacs_set_jnk1_manual_flips_18634-1.sdf,../large_fep_dataset/data/fep_benchmark_processed/jacs_set_jnk1_manual_flips_protein.pdb,98,7.3512497,7.146187,6.239482,6.737395,6.4661603,6.445148,6.586069,6.8266234,6.6586385,7.027964,6.748492
99,jacs_set/jnk1_manual_flips,jacs_set/jnk1_manual_flips/18630-1,../large_fep_dataset/data/fep_benchmark_processed/jacs_set_jnk1_manual_flips_18630-1.sdf,../large_fep_dataset/data/fep_benchmark_processed/jacs_set_jnk1_manual_flips_protein.pdb,99,6.6406074,6.8800426,6.080342,7.1849537,6.5459795,6.770745,6.2833076,6.5935163,6.566794,6.916858,6.646314
100,jacs_set/jnk1_manual_flips,jacs_set/jnk1_manual_flips/18637-1,../large_fep_dataset/data/fep_benchmark_processed/jacs_set_jnk1_manual_flips_18637-1.sdf,../large_fep_dataset/data/fep_benchmark_processed/jacs_set_jnk1_manual_flips_protein.pdb,100,7.361772,7.7187915,6.3794913,7.43326,6.635405,6.7220416,7.136915,6.9673424,6.691135,7.3519936,7.039815
101,jacs_set/jnk1_manual_flips,jacs_set/jnk1_manual_flips/18658-1,../large_fep_dataset/data/fep_benchmark_processed/jacs_set_jnk1_manual_flips_18658-1.sdf,../large_fep_dataset/data/fep_benchmark_processed/jacs_set_jnk1_manual_flips_protein.pdb,101,7.13739,7.2543077,6.0063915,6.6037145,6.7267404,6.217783,6.1896234,6.716911,6.9866433,7.1326284,6.6972136
102,jacs_set/jnk1_manual_flips,jacs_set/jnk1_manual_flips/18632-1,../large_fep_dataset/data/fep_benchmark_processed/jacs_set_jnk1_manual_flips_18632-1.sdf,../large_fep_dataset/data/fep_benchmark_processed/jacs_set_jnk1_manual_flips_protein.pdb,102,6.884385,7.2952023,6.2054105,6.8424144,6.7065687,6.882532,6.396397,6.71125,6.984809,6.936359,6.784533
103,jacs_set/jnk1_manual_flips,jacs_set/jnk1_manual_flips/18633-1,../large_fep_dataset/data/fep_benchmark_processed/jacs_set_jnk1_manual_flips_18633-1.sdf,../large_fep_dataset/data/fep_benchmark_processed/jacs_set_jnk1_manual_flips_protein.pdb,103,6.652361,7.1468544,6.057136,7.0064034,6.687045,6.5595875,6.246425,6.627355,6.6826797,6.906287,6.6572137
104,jacs_set/jnk1_manual_flips,jacs_set/jnk1_manual_flips/18635-1,../large_fep_dataset/data/fep_benchmark_processed/jacs_set_jnk1_manual_flips_18635-1.sdf,../large_fep_dataset/data/fep_benchmark_processed/jacs_set_jnk1_manual_flips_protein.pdb,104,6.720556,7.1728563,6.859568,7.245573,6.631902,6.9870033,6.4634743,6.5829287,6.8100038,6.9800096,6.8453875
105,jacs_set/jnk1_manual_flips,jacs_set/jnk1_manual_flips/18631-1,../large_fep_dataset/data/fep_benchmark_processed/jacs_set_jnk1_manual_flips_18631-1.sdf,../large_fep_dataset/data/fep_benchmark_processed/jacs_set_jnk1_manual_flips_protein.pdb,105,6.885995,6.560559,6.089382,6.558373,6.605923,6.376555,6.0687075,6.514124,6.505511,6.8720126,6.5037146
106,jacs_set/jnk1_manual_flips,jacs_set/jnk1_manual_flips/18660-1,../large_fep_dataset/data/fep_benchmark_processed/jacs_set_jnk1_manual_flips_18660-1.sdf,../large_fep_dataset/data/fep_benchmark_processed/jacs_set_jnk1_manual_flips_protein.pdb,106,7.8482113,7.076712,6.2785907,6.7364326,6.422349,7.1643677,6.310796,6.859687,7.033234,7.637448,6.936783
107,jacs_set/jnk1_manual_flips,jacs_set/jnk1_manual_flips/18625-1,../large_fep_dataset/data/fep_benchmark_processed/jacs_set_jnk1_manual_flips_18625-1.sdf,../large_fep_dataset/data/fep_benchmark_processed/jacs_set_jnk1_manual_flips_protein.pdb,107,6.5261126,6.7118325,6.581919,6.8287477,6.614126,7.08944,6.6631613,6.9528613,6.4666543,6.887392,6.732225
108,jacs_set/jnk1_manual_flips,jacs_set/jnk1_manual_flips/18624-1,../large_fep_dataset/data/fep_benchmark_processed/jacs_set_jnk1_manual_flips_18624-1.sdf,../large_fep_dataset/data/fep_benchmark_processed/jacs_set_jnk1_manual_flips_protein.pdb,108,6.2528496,6.267867,6.251809,6.3472853,6.009098,7.066559,6.2591405,6.4187884,6.443669,6.718677,6.4035745
109,jacs_set/jnk1_manual_flips,jacs_set/jnk1_manual_flips/18652-1,../large_fep_dataset/data/fep_benchmark_processed/jacs_set_jnk1_manual_flips_18652-1.sdf,../large_fep_dataset/data/fep_benchmark_processed/jacs_set_jnk1_manual_flips_protein.pdb,109,7.321372,7.5229073,7.1682143,7.5259137,7.055401,6.795582,6.3752265,7.076666,6.5770726,7.480994,7.0899343
110,jacs_set/thrombin_core,jacs_set/thrombin_core/6a,../large_fep_dataset/data/fep_benchmark_processed/jacs_set_thrombin_core_6a.sdf,../large_fep_dataset/data/fep_benchmark_processed/jacs_set_thrombin_core_protein.pdb,110,7.5305285,6.9099283,6.7220306,6.5805206,6.227807,7.2506514,6.9581466,6.629699,7.2623324,7.7827325,6.985438
111,jacs_set/thrombin_core,jacs_set/thrombin_core/3a,../large_fep_dataset/data/fep_benchmark_processed/jacs_set_thrombin_core_3a.sdf,../large_fep_dataset/data/fep_benchmark_processed/jacs_set_thrombin_core_protein.pdb,111,5.242382,6.2835116,5.5289106,5.1910806,5.2846127,5.3051324,4.818812,5.4763346,5.665906,6.2552705,5.5051956
112,jacs_set/thrombin_core,jacs_set/thrombin_core/1d,../large_fep_dataset/data/fep_benchmark_processed/jacs_set_thrombin_core_1d.sdf,../large_fep_dataset/data/fep_benchmark_processed/jacs_set_thrombin_core_protein.pdb,112,5.805439,6.5655694,6.2176595,5.782936,5.506521,6.889564,5.6399064,5.9669137,6.613674,6.8240323,6.181222
113,jacs_set/thrombin_core,jacs_set/thrombin_core/6e,../large_fep_dataset/data/fep_benchmark_processed/jacs_set_thrombin_core_6e.sdf,../large_fep_dataset/data/fep_benchmark_processed/jacs_set_thrombin_core_protein.pdb,113,7.5660186,7.167736,6.9920225,6.497099,6.180992,7.157075,6.7147813,6.4861484,7.352382,7.9796596,7.009392
114,jacs_set/thrombin_core,jacs_set/thrombin_core/6b,../large_fep_dataset/data/fep_benchmark_processed/jacs_set_thrombin_core_6b.sdf,../large_fep_dataset/data/fep_benchmark_processed/jacs_set_thrombin_core_protein.pdb,114,6.775854,6.2901793,6.2580967,6.137153,5.334759,6.5728273,6.498046,6.495509,6.414673,7.4833684,6.426047
115,jacs_set/thrombin_core,jacs_set/thrombin_core/1b,../large_fep_dataset/data/fep_benchmark_processed/jacs_set_thrombin_core_1b.sdf,../large_fep_dataset/data/fep_benchmark_processed/jacs_set_thrombin_core_protein.pdb,115,5.342058,5.4888134,5.1617346,4.8773875,4.9759297,5.4744368,5.435253,5.28283,5.5613194,6.3211875,5.3920946
116,jacs_set/thrombin_core,jacs_set/thrombin_core/1a,../large_fep_dataset/data/fep_benchmark_processed/jacs_set_thrombin_core_1a.sdf,../large_fep_dataset/data/fep_benchmark_processed/jacs_set_thrombin_core_protein.pdb,116,5.8407826,6.176437,5.581113,5.15765,5.6261244,5.2246866,5.199266,5.416555,5.6743703,6.549383,5.6446366
117,jacs_set/thrombin_core,jacs_set/thrombin_core/5,../large_fep_dataset/data/fep_benchmark_processed/jacs_set_thrombin_core_5.sdf,../large_fep_dataset/data/fep_benchmark_processed/jacs_set_thrombin_core_protein.pdb,117,4.7533283,5.4020643,5.389139,4.715134,5.1769166,4.7874374,4.690976,5.1753354,5.666498,6.016228,5.1773057
118,jacs_set/thrombin_core,jacs_set/thrombin_core/3b,../large_fep_dataset/data/fep_benchmark_processed/jacs_set_thrombin_core_3b.sdf,../large_fep_dataset/data/fep_benchmark_processed/jacs_set_thrombin_core_protein.pdb,118,5.771858,6.6864305,5.75419,5.800639,5.48346,5.5507574,6.0365133,5.832913,6.065864,6.656928,5.963956
119,jacs_set/thrombin_core,jacs_set/thrombin_core/7a,../large_fep_dataset/data/fep_benchmark_processed/jacs_set_thrombin_core_7a.sdf,../large_fep_dataset/data/fep_benchmark_processed/jacs_set_thrombin_core_protein.pdb,119,5.5606723,6.7977567,5.933849,5.659179,5.3566213,5.350625,6.2719865,5.4184737,6.0072427,6.3640985,5.8720503
120,jacs_set/thrombin_core,jacs_set/thrombin_core/1c,../large_fep_dataset/data/fep_benchmark_processed/jacs_set_thrombin_core_1c.sdf,../large_fep_dataset/data/fep_benchmark_processed/jacs_set_thrombin_core_protein.pdb,120,6.4694624,6.1348743,5.6896257,5.4526687,5.8898406,6.378064,5.8725452,5.760626,6.386016,6.7570796,6.079081
121,jacs_set/tyk2,jacs_set/tyk2/jmc_23,../large_fep_dataset/data/fep_benchmark_processed/jacs_set_tyk2_jmc_23.sdf,../large_fep_dataset/data/fep_benchmark_processed/jacs_set_tyk2_protein.pdb,121,8.238939,8.46886,8.446525,7.9581704,8.438337,8.28123,8.201335,8.829541,7.672748,8.1073675,8.264306
122,jacs_set/tyk2,jacs_set/tyk2/ejm_47,../large_fep_dataset/data/fep_benchmark_processed/jacs_set_tyk2_ejm_47.sdf,../large_fep_dataset/data/fep_benchmark_processed/jacs_set_tyk2_protein.pdb,122,7.0615387,7.5853467,7.6032023,7.456074,6.910506,7.118089,7.5851784,7.4911313,6.600403,6.923418,7.2334886
123,jacs_set/tyk2,jacs_set/tyk2/ejm_49,../large_fep_dataset/data/fep_benchmark_processed/jacs_set_tyk2_ejm_49.sdf,../large_fep_dataset/data/fep_benchmark_processed/jacs_set_tyk2_protein.pdb,123,6.8239436,6.9821477,7.3130975,6.2442265,7.051729,6.780224,6.6014957,7.113929,6.80919,6.8745303,6.8594513
124,jacs_set/tyk2,jacs_set/tyk2/ejm_31,../large_fep_dataset/data/fep_benchmark_processed/jacs_set_tyk2_ejm_31.sdf,../large_fep_dataset/data/fep_benchmark_processed/jacs_set_tyk2_protein.pdb,124,6.5216384,6.4766884,7.1099706,6.26185,7.1761613,7.086322,6.7698555,7.399997,6.730004,7.2167296,6.8749223
125,jacs_set/tyk2,jacs_set/tyk2/ejm_45,../large_fep_dataset/data/fep_benchmark_processed/jacs_set_tyk2_ejm_45.sdf,../large_fep_dataset/data/fep_benchmark_processed/jacs_set_tyk2_protein.pdb,125,7.5613823,7.4466376,7.9085984,7.4072223,8.04067,7.290579,7.4538393,7.6769276,7.010768,8.258372,7.6054993
126,jacs_set/tyk2,jacs_set/tyk2/ejm_44,../large_fep_dataset/data/fep_benchmark_processed/jacs_set_tyk2_ejm_44.sdf,../large_fep_dataset/data/fep_benchmark_processed/jacs_set_tyk2_protein.pdb,126,6.7199774,6.771153,7.0728054,6.4609556,6.87021,6.887246,7.0434227,7.0262275,6.4993954,6.4714184,6.782281
127,jacs_set/tyk2,jacs_set/tyk2/ejm_43,../large_fep_dataset/data/fep_benchmark_processed/jacs_set_tyk2_ejm_43.sdf,../large_fep_dataset/data/fep_benchmark_processed/jacs_set_tyk2_protein.pdb,127,6.754496,6.550308,6.843288,6.748868,6.912587,7.0564103,6.8546686,7.2841854,6.6225624,6.602088,6.822946
128,jacs_set/tyk2,jacs_set/tyk2/ejm_50,../large_fep_dataset/data/fep_benchmark_processed/jacs_set_tyk2_ejm_50.sdf,../large_fep_dataset/data/fep_benchmark_processed/jacs_set_tyk2_protein.pdb,128,7.0668116,6.703746,6.608009,6.54977,6.8992205,6.8479066,6.572946,7.5220785,6.7002616,6.9447656,6.8415513
129,jacs_set/tyk2,jacs_set/tyk2/ejm_42,../large_fep_dataset/data/fep_benchmark_processed/jacs_set_tyk2_ejm_42.sdf,../large_fep_dataset/data/fep_benchmark_processed/jacs_set_tyk2_protein.pdb,129,6.1844864,6.421533,6.7381425,5.8378525,6.26949,6.473242,6.4390297,7.413187,6.430791,6.981524,6.5189276
130,jacs_set/tyk2,jacs_set/tyk2/ejm_55,../large_fep_dataset/data/fep_benchmark_processed/jacs_set_tyk2_ejm_55.sdf,../large_fep_dataset/data/fep_benchmark_processed/jacs_set_tyk2_protein.pdb,130,6.774451,6.528806,6.47478,5.9243965,6.7376776,7.1597357,6.918584,7.3348355,6.711986,6.8476343,6.7412887
131,jacs_set/tyk2,jacs_set/tyk2/ejm_48,../large_fep_dataset/data/fep_benchmark_processed/jacs_set_tyk2_ejm_48.sdf,../large_fep_dataset/data/fep_benchmark_processed/jacs_set_tyk2_protein.pdb,131,6.986723,7.4113617,7.4888654,7.366838,6.928641,6.9826775,7.3150053,7.419373,6.574906,6.8592634,7.1333656
132,jacs_set/tyk2,jacs_set/tyk2/ejm_54,../large_fep_dataset/data/fep_benchmark_processed/jacs_set_tyk2_ejm_54.sdf,../large_fep_dataset/data/fep_benchmark_processed/jacs_set_tyk2_protein.pdb,132,6.4751325,7.1261845,6.346382,6.343565,6.9319077,6.821647,6.867577,7.288836,6.9730444,7.31147,6.8485746
133,jacs_set/tyk2,jacs_set/tyk2/jmc_28,../large_fep_dataset/data/fep_benchmark_processed/jacs_set_tyk2_jmc_28.sdf,../large_fep_dataset/data/fep_benchmark_processed/jacs_set_tyk2_protein.pdb,133,7.701925,8.128984,7.9077916,7.592763,8.012538,7.3421144,8.171392,7.9060183,7.370775,7.650528,7.778483
134,jacs_set/tyk2,jacs_set/tyk2/jmc_27,../large_fep_dataset/data/fep_benchmark_processed/jacs_set_tyk2_jmc_27.sdf,../large_fep_dataset/data/fep_benchmark_processed/jacs_set_tyk2_protein.pdb,134,7.811148,7.8358116,7.9548235,7.5604186,7.834003,7.691989,7.810228,8.416439,7.421857,7.4409256,7.7777643
135,jacs_set/tyk2,jacs_set/tyk2/jmc_30,../large_fep_dataset/data/fep_benchmark_processed/jacs_set_tyk2_jmc_30.sdf,../large_fep_dataset/data/fep_benchmark_processed/jacs_set_tyk2_protein.pdb,135,7.8332477,8.10977,8.432736,7.6500936,8.235545,7.8298006,7.8226585,8.109863,7.5233927,7.6399293,7.9187036
136,jacs_set/tyk2,jacs_set/tyk2/ejm_46,../large_fep_dataset/data/fep_benchmark_processed/jacs_set_tyk2_ejm_46.sdf,../large_fep_dataset/data/fep_benchmark_processed/jacs_set_tyk2_protein.pdb,136,7.761593,8.046287,8.219491,7.8918996,8.046137,7.966832,8.446716,8.739749,7.3207088,7.9812493,8.042067
137,jacs_set/p38,jacs_set/p38/2j,../large_fep_dataset/data/fep_benchmark_processed/jacs_set_p38_2j.sdf,../large_fep_dataset/data/fep_benchmark_processed/jacs_set_p38_protein.pdb,137,7.8830314,7.4399185,8.107282,8.094898,7.511373,7.911182,7.4144883,7.5134473,7.9044776,8.033084,7.7813177
138,jacs_set/p38,jacs_set/p38/2gg,../large_fep_dataset/data/fep_benchmark_processed/jacs_set_p38_2gg.sdf,../large_fep_dataset/data/fep_benchmark_processed/jacs_set_p38_protein.pdb,138,7.856976,7.5845823,7.8290925,7.2454495,7.413606,6.983967,7.0770836,7.5417657,7.7790475,7.549769,7.4861336
139,jacs_set/p38,jacs_set/p38/2q,../large_fep_dataset/data/fep_benchmark_processed/jacs_set_p38_2q.sdf,../large_fep_dataset/data/fep_benchmark_processed/jacs_set_p38_protein.pdb,139,7.5470824,7.8586364,7.6420417,7.498285,7.6543145,7.845086,8.032669,7.640513,7.741533,7.6983504,7.715851
140,jacs_set/p38,jacs_set/p38/2t,../large_fep_dataset/data/fep_benchmark_processed/jacs_set_p38_2t.sdf,../large_fep_dataset/data/fep_benchmark_processed/jacs_set_p38_protein.pdb,140,8.184271,8.118419,8.163669,7.706833,8.268016,7.8955617,8.175085,8.137809,8.012481,7.942464,8.060461
141,jacs_set/p38,jacs_set/p38/2g,../large_fep_dataset/data/fep_benchmark_processed/jacs_set_p38_2g.sdf,../large_fep_dataset/data/fep_benchmark_processed/jacs_set_p38_protein.pdb,141,7.576182,7.6538687,7.4298277,8.03481,7.467777,8.180892,7.2309923,7.430209,7.952376,7.5743566,7.6531286
142,jacs_set/p38,jacs_set/p38/2l,../large_fep_dataset/data/fep_benchmark_processed/jacs_set_p38_2l.sdf,../large_fep_dataset/data/fep_benchmark_processed/jacs_set_p38_protein.pdb,142,7.7180796,7.984056,8.2409115,8.108517,7.640803,8.468301,7.8989124,8.0443945,7.7047734,8.066738,7.987549
143,jacs_set/p38,jacs_set/p38/2ee,../large_fep_dataset/data/fep_benchmark_processed/jacs_set_p38_2ee.sdf,../large_fep_dataset/data/fep_benchmark_processed/jacs_set_p38_protein.pdb,143,7.388287,7.5059843,7.3459353,7.6795106,7.2907314,7.4082932,7.4410176,7.773328,7.271783,7.987355,7.509223
144,jacs_set/p38,jacs_set/p38/2aa,../large_fep_dataset/data/fep_benchmark_processed/jacs_set_p38_2aa.sdf,../large_fep_dataset/data/fep_benchmark_processed/jacs_set_p38_protein.pdb,144,7.713132,7.548736,7.428412,7.676104,8.024683,7.360934,7.42545,7.256413,6.673879,7.498772,7.4606514
145,jacs_set/p38,jacs_set/p38/2o,../large_fep_dataset/data/fep_benchmark_processed/jacs_set_p38_2o.sdf,../large_fep_dataset/data/fep_benchmark_processed/jacs_set_p38_protein.pdb,145,7.9389806,8.106274,8.227214,8.012201,7.588018,8.424751,8.336564,7.6734056,7.7932453,8.076839,8.017749
146,jacs_set/p38,jacs_set/p38/3flw,../large_fep_dataset/data/fep_benchmark_processed/jacs_set_p38_3flw.sdf,../large_fep_dataset/data/fep_benchmark_processed/jacs_set_p38_protein.pdb,146,7.4839144,7.4133787,7.235765,7.6146135,7.4509993,7.4774623,7.095411,7.6858377,6.935626,7.41191,7.3804917
147,jacs_set/p38,jacs_set/p38/2u,../large_fep_dataset/data/fep_benchmark_processed/jacs_set_p38_2u.sdf,../large_fep_dataset/data/fep_benchmark_processed/jacs_set_p38_protein.pdb,147,7.9573407,8.298025,7.9656143,7.837197,7.637436,8.274276,8.463121,7.456066,7.9320283,8.101502,7.992261
148,jacs_set/p38,jacs_set/p38/2p,../large_fep_dataset/data/fep_benchmark_processed/jacs_set_p38_2p.sdf,../large_fep_dataset/data/fep_benchmark_processed/jacs_set_p38_protein.pdb,148,8.066676,8.100616,8.269887,7.90404,7.564107,8.351772,8.19741,7.7766347,7.801452,8.044612,8.007721
149,jacs_set/p38,jacs_set/p38/2h,../large_fep_dataset/data/fep_benchmark_processed/jacs_set_p38_2h.sdf,../large_fep_dataset/data/fep_benchmark_processed/jacs_set_p38_protein.pdb,149,7.63942,7.7288933,7.803108,8.04236,6.9855704,7.0586987,6.800815,7.29052,7.9922934,7.5694036,7.491108
150,jacs_set/p38,jacs_set/p38/3fmk,../large_fep_dataset/data/fep_benchmark_processed/jacs_set_p38_3fmk.sdf,../large_fep_dataset/data/fep_benchmark_processed/jacs_set_p38_protein.pdb,150,7.7410297,7.9369364,6.945431,7.4356403,7.305701,7.531505,7.721441,7.9145947,7.768394,7.743487,7.604416
151,jacs_set/p38,jacs_set/p38/2i,../large_fep_dataset/data/fep_benchmark_processed/jacs_set_p38_2i.sdf,../large_fep_dataset/data/fep_benchmark_processed/jacs_set_p38_protein.pdb,151,7.591735,7.50418,7.5834017,8.2752075,7.424081,8.0944395,7.004483,7.0215387,7.809295,8.044976,7.635333
152,jacs_set/p38,jacs_set/p38/2f,../large_fep_dataset/data/fep_benchmark_processed/jacs_set_p38_2f.sdf,../large_fep_dataset/data/fep_benchmark_processed/jacs_set_p38_protein.pdb,152,7.6563134,7.252617,7.649231,8.119451,7.4430227,8.235086,7.2584915,7.8575087,7.5218472,7.5719547,7.6565523
153,jacs_set/p38,jacs_set/p38/2x,../large_fep_dataset/data/fep_benchmark_processed/jacs_set_p38_2x.sdf,../large_fep_dataset/data/fep_benchmark_processed/jacs_set_p38_protein.pdb,153,7.3838754,7.4373474,7.51163,7.511627,7.2504463,7.5930653,7.3285365,7.7488456,7.6863394,7.70155,7.515326
154,jacs_set/p38,jacs_set/p38/2ff,../large_fep_dataset/data/fep_benchmark_processed/jacs_set_p38_2ff.sdf,../large_fep_dataset/data/fep_benchmark_processed/jacs_set_p38_protein.pdb,154,7.972539,7.912031,7.5794406,7.9322085,7.653964,7.761721,7.989232,7.949246,8.028143,8.113787,7.889231
155,jacs_set/p38,jacs_set/p38/2k,../large_fep_dataset/data/fep_benchmark_processed/jacs_set_p38_2k.sdf,../large_fep_dataset/data/fep_benchmark_processed/jacs_set_p38_protein.pdb,155,7.623806,7.879911,7.674807,8.024705,7.591061,8.294303,7.587337,7.935303,8.093201,7.7756524,7.8480086
156,jacs_set/p38,jacs_set/p38/2n,../large_fep_dataset/data/fep_benchmark_processed/jacs_set_p38_2n.sdf,../large_fep_dataset/data/fep_benchmark_processed/jacs_set_p38_protein.pdb,156,7.6126723,7.995729,7.8717895,8.205142,7.4563904,8.36046,8.374076,8.126402,7.940759,8.107561,8.005098
157,jacs_set/p38,jacs_set/p38/3flq,../large_fep_dataset/data/fep_benchmark_processed/jacs_set_p38_3flq.sdf,../large_fep_dataset/data/fep_benchmark_processed/jacs_set_p38_protein.pdb,157,7.720647,7.6584272,7.866888,7.7134137,7.501315,7.6141047,7.7552233,7.517518,7.355131,7.945743,7.6648407
158,jacs_set/p38,jacs_set/p38/3fln,../large_fep_dataset/data/fep_benchmark_processed/jacs_set_p38_3fln.sdf,../large_fep_dataset/data/fep_benchmark_processed/jacs_set_p38_protein.pdb,158,7.5595903,7.7593136,7.816749,7.8527503,7.5934486,7.822908,7.5213685,7.836552,7.856681,7.7914906,7.741085
159,jacs_set/p38,jacs_set/p38/2e,../large_fep_dataset/data/fep_benchmark_processed/jacs_set_p38_2e.sdf,../large_fep_dataset/data/fep_benchmark_processed/jacs_set_p38_protein.pdb,159,7.530315,7.399683,7.501069,7.711444,7.178472,7.7920246,7.17162,7.595117,7.4227266,7.4699416,7.4772406
160,jacs_set/p38,jacs_set/p38/3fmh,../large_fep_dataset/data/fep_benchmark_processed/jacs_set_p38_3fmh.sdf,../large_fep_dataset/data/fep_benchmark_processed/jacs_set_p38_protein.pdb,160,7.92147,7.838893,6.904673,7.5011754,7.22523,7.499542,7.952943,7.7000575,7.899177,7.918907,7.6362066
161,jacs_set/p38,jacs_set/p38/2c,../large_fep_dataset/data/fep_benchmark_processed/jacs_set_p38_2c.sdf,../large_fep_dataset/data/fep_benchmark_processed/jacs_set_p38_protein.pdb,161,7.7228217,7.0022106,7.214734,7.5748544,6.914826,7.729475,6.5851088,7.2524014,7.665795,7.3830366,7.304526
162,jacs_set/p38,jacs_set/p38/2y,../large_fep_dataset/data/fep_benchmark_processed/jacs_set_p38_2y.sdf,../large_fep_dataset/data/fep_benchmark_processed/jacs_set_p38_protein.pdb,162,7.5892863,7.183952,7.103403,7.2083497,7.3212485,7.063557,7.06542,7.2032814,6.929599,7.204448,7.1872544
163,jacs_set/p38,jacs_set/p38/2s,../large_fep_dataset/data/fep_benchmark_processed/jacs_set_p38_2s.sdf,../large_fep_dataset/data/fep_benchmark_processed/jacs_set_p38_protein.pdb,163,7.5397453,7.93638,8.280248,8.018416,8.0337925,8.35418,8.389641,8.203401,8.092245,7.951903,8.079996
164,jacs_set/p38,jacs_set/p38/2m,../large_fep_dataset/data/fep_benchmark_processed/jacs_set_p38_2m.sdf,../large_fep_dataset/data/fep_benchmark_processed/jacs_set_p38_protein.pdb,164,7.6800895,8.045848,8.09834,7.896126,7.783687,8.433251,8.078148,7.7580667,7.9239297,7.866704,7.9564195
165,jacs_set/p38,jacs_set/p38/2bb,../large_fep_dataset/data/fep_benchmark_processed/jacs_set_p38_2bb.sdf,../large_fep_dataset/data/fep_benchmark_processed/jacs_set_p38_protein.pdb,165,7.5985923,7.7548475,7.6857514,7.0677176,7.268531,6.9792047,7.5096116,7.4507637,6.939546,7.529881,7.3784456
166,jacs_set/p38,jacs_set/p38/2v,../large_fep_dataset/data/fep_benchmark_processed/jacs_set_p38_2v.sdf,../large_fep_dataset/data/fep_benchmark_processed/jacs_set_p38_protein.pdb,166,6.5911303,6.77332,6.4766703,6.827061,6.87985,7.0655637,6.7473884,7.329072,6.6888366,7.356351,6.8735237
167,jacs_set/p38,jacs_set/p38/2r,../large_fep_dataset/data/fep_benchmark_processed/jacs_set_p38_2r.sdf,../large_fep_dataset/data/fep_benchmark_processed/jacs_set_p38_protein.pdb,167,7.640378,7.92839,7.971053,7.7620163,8.052044,8.475946,8.15038,7.5434003,7.8073077,7.8914948,7.9222403
168,jacs_set/p38,jacs_set/p38/3flz,../large_fep_dataset/data/fep_benchmark_processed/jacs_set_p38_3flz.sdf,../large_fep_dataset/data/fep_benchmark_processed/jacs_set_p38_protein.pdb,168,7.32774,6.999156,7.3477125,7.740844,6.9717717,7.689364,6.8641405,7.1882944,7.500741,7.0800457,7.270982
169,jacs_set/p38,jacs_set/p38/2z,../large_fep_dataset/data/fep_benchmark_processed/jacs_set_p38_2z.sdf,../large_fep_dataset/data/fep_benchmark_processed/jacs_set_p38_protein.pdb,169,7.451143,7.4336867,7.312581,7.2621365,7.086213,7.209618,7.2433934,7.7331586,7.079709,7.9972696,7.380891
170,jacs_set/p38,jacs_set/p38/3fly,../large_fep_dataset/data/fep_benchmark_processed/jacs_set_p38_3fly.sdf,../large_fep_dataset/data/fep_benchmark_processed/jacs_set_p38_protein.pdb,170,7.409618,7.4020276,7.1825967,7.812091,7.1570873,7.4667983,7.067385,7.6649756,7.5368514,7.9091825,7.4608603
171,jacs_set/bace,jacs_set/bace/CAT-13n,../large_fep_dataset/data/fep_benchmark_processed/jacs_set_bace_CAT-13n.sdf,../large_fep_dataset/data/fep_benchmark_processed/jacs_set_bace_protein.pdb,171,6.3555346,6.9460754,5.9908895,6.598176,5.813607,6.253846,6.6200128,5.9238925,6.5983014,6.4361897,6.353652
172,jacs_set/bace,jacs_set/bace/CAT-13e,../large_fep_dataset/data/fep_benchmark_processed/jacs_set_bace_CAT-13e.sdf,../large_fep_dataset/data/fep_benchmark_processed/jacs_set_bace_protein.pdb,172,6.4512553,6.87382,7.2968655,6.8991923,6.573232,6.3895273,6.8882065,6.5476446,6.897458,6.2290444,6.704624
173,jacs_set/bace,jacs_set/bace/CAT-4a,../large_fep_dataset/data/fep_benchmark_processed/jacs_set_bace_CAT-4a.sdf,../large_fep_dataset/data/fep_benchmark_processed/jacs_set_bace_protein.pdb,173,5.119989,5.1779804,5.2181854,5.5159907,5.5023546,5.2031713,5.397462,5.1958256,5.239401,5.1819077,5.2752266
174,jacs_set/bace,jacs_set/bace/CAT-4m,../large_fep_dataset/data/fep_benchmark_processed/jacs_set_bace_CAT-4m.sdf,../large_fep_dataset/data/fep_benchmark_processed/jacs_set_bace_protein.pdb,174,6.0889482,5.818362,6.1999426,6.5110354,5.865396,6.0673614,6.0916924,6.2969127,5.9168906,6.0167646,6.087331
175,jacs_set/bace,jacs_set/bace/CAT-17b,../large_fep_dataset/data/fep_benchmark_processed/jacs_set_bace_CAT-17b.sdf,../large_fep_dataset/data/fep_benchmark_processed/jacs_set_bace_protein.pdb,175,6.672233,6.7703233,6.79027,6.383775,6.048405,5.675874,7.1641526,6.4756474,6.312269,5.9441123,6.423707
176,jacs_set/bace,jacs_set/bace/CAT-13j,../large_fep_dataset/data/fep_benchmark_processed/jacs_set_bace_CAT-13j.sdf,../large_fep_dataset/data/fep_benchmark_processed/jacs_set_bace_protein.pdb,176,5.7860785,6.338063,5.956866,6.436713,5.8673825,5.86454,6.3808866,5.610517,6.1625323,6.050682,6.045426
177,jacs_set/bace,jacs_set/bace/CAT-13d,../large_fep_dataset/data/fep_benchmark_processed/jacs_set_bace_CAT-13d.sdf,../large_fep_dataset/data/fep_benchmark_processed/jacs_set_bace_protein.pdb,177,6.702641,6.952073,6.7385564,6.780048,6.5866103,6.239364,6.9412785,6.5422435,7.0482187,6.260118,6.6791153
178,jacs_set/bace,jacs_set/bace/CAT-13b,../large_fep_dataset/data/fep_benchmark_processed/jacs_set_bace_CAT-13b.sdf,../large_fep_dataset/data/fep_benchmark_processed/jacs_set_bace_protein.pdb,178,6.1709867,6.667536,6.259658,5.93476,6.273057,5.996266,6.514138,6.1854873,6.365159,6.263496,6.263054
179,jacs_set/bace,jacs_set/bace/CAT-13a,../large_fep_dataset/data/fep_benchmark_processed/jacs_set_bace_CAT-13a.sdf,../large_fep_dataset/data/fep_benchmark_processed/jacs_set_bace_protein.pdb,179,6.3425984,6.3807817,6.079829,6.338473,6.224498,5.8713117,6.6483135,6.528862,6.3915334,6.0537033,6.28599
180,jacs_set/bace,jacs_set/bace/CAT-13h,../large_fep_dataset/data/fep_benchmark_processed/jacs_set_bace_CAT-13h.sdf,../large_fep_dataset/data/fep_benchmark_processed/jacs_set_bace_protein.pdb,180,6.821581,6.7934084,6.9477124,6.9002867,6.7210507,6.4310822,7.153081,6.8214,7.1055675,6.5991006,6.8294272
181,jacs_set/bace,jacs_set/bace/CAT-13o,../large_fep_dataset/data/fep_benchmark_processed/jacs_set_bace_CAT-13o.sdf,../large_fep_dataset/data/fep_benchmark_processed/jacs_set_bace_protein.pdb,181,6.9684176,7.0870504,6.728067,7.193637,6.8215413,6.6831245,6.8088226,6.5317583,6.9835854,7.2561507,6.9062157
182,jacs_set/bace,jacs_set/bace/CAT-13g,../large_fep_dataset/data/fep_benchmark_processed/jacs_set_bace_CAT-13g.sdf,../large_fep_dataset/data/fep_benchmark_processed/jacs_set_bace_protein.pdb,182,6.5478735,6.73253,6.898524,6.6316295,6.37267,6.2216115,6.4732795,6.153711,6.200012,6.2617955,6.4493637
183,jacs_set/bace,jacs_set/bace/CAT-4k,../large_fep_dataset/data/fep_benchmark_processed/jacs_set_bace_CAT-4k.sdf,../large_fep_dataset/data/fep_benchmark_processed/jacs_set_bace_protein.pdb,183,5.874283,5.533781,5.5428414,5.750385,5.552924,5.429863,5.4194584,5.491412,5.5449924,5.537852,5.56778
184,jacs_set/bace,jacs_set/bace/CAT-17g,../large_fep_dataset/data/fep_benchmark_processed/jacs_set_bace_CAT-17g.sdf,../large_fep_dataset/data/fep_benchmark_processed/jacs_set_bace_protein.pdb,184,6.9532447,6.7969713,6.864327,6.91548,6.3821054,6.6616526,6.752674,6.916289,6.820184,6.5819106,6.7644835
185,jacs_set/bace,jacs_set/bace/CAT-4l,../large_fep_dataset/data/fep_benchmark_processed/jacs_set_bace_CAT-4l.sdf,../large_fep_dataset/data/fep_benchmark_processed/jacs_set_bace_protein.pdb,185,6.215011,6.457696,5.931042,6.2974415,5.6790032,5.6646876,5.9128127,6.126433,5.8444276,6.4982023,6.062676
186,jacs_set/bace,jacs_set/bace/CAT-4j,../large_fep_dataset/data/fep_benchmark_processed/jacs_set_bace_CAT-4j.sdf,../large_fep_dataset/data/fep_benchmark_processed/jacs_set_bace_protein.pdb,186,5.7700915,5.9863143,5.5933256,6.059714,5.491664,5.505659,5.590302,6.027335,5.583485,5.790561,5.7398453
187,jacs_set/bace,jacs_set/bace/CAT-4n,../large_fep_dataset/data/fep_benchmark_processed/jacs_set_bace_CAT-4n.sdf,../large_fep_dataset/data/fep_benchmark_processed/jacs_set_bace_protein.pdb,187,6.5896683,6.6930056,6.241651,6.657439,6.1581764,5.898956,6.938459,6.431904,6.1409473,6.194991,6.39452
188,jacs_set/bace,jacs_set/bace/CAT-13i,../large_fep_dataset/data/fep_benchmark_processed/jacs_set_bace_CAT-13i.sdf,../large_fep_dataset/data/fep_benchmark_processed/jacs_set_bace_protein.pdb,188,6.1781893,6.564448,6.6278057,6.6718674,6.2843084,6.820272,6.7725053,6.765342,6.5583024,6.0736384,6.531668
189,jacs_set/bace,jacs_set/bace/CAT-17f,../large_fep_dataset/data/fep_benchmark_processed/jacs_set_bace_CAT-17f.sdf,../large_fep_dataset/data/fep_benchmark_processed/jacs_set_bace_protein.pdb,189,6.699438,6.8799047,6.809957,7.0173163,6.3079515,6.4661446,7.0281286,6.7601275,6.625963,6.0908794,6.6685815
190,jacs_set/bace,jacs_set/bace/CAT-4p,../large_fep_dataset/data/fep_benchmark_processed/jacs_set_bace_CAT-4p.sdf,../large_fep_dataset/data/fep_benchmark_processed/jacs_set_bace_protein.pdb,190,6.5499854,7.164532,6.4015903,6.720723,6.455366,6.336034,6.883358,6.340922,6.6168556,6.6148643,6.6084228
191,jacs_set/bace,jacs_set/bace/CAT-13c,../large_fep_dataset/data/fep_benchmark_processed/jacs_set_bace_CAT-13c.sdf,../large_fep_dataset/data/fep_benchmark_processed/jacs_set_bace_protein.pdb,191,6.3262043,6.5662293,6.6799636,6.0808563,6.1377683,6.108977,6.458206,6.138035,6.5271077,6.4420476,6.3465395
192,jacs_set/bace,jacs_set/bace/CAT-24,../large_fep_dataset/data/fep_benchmark_processed/jacs_set_bace_CAT-24.sdf,../large_fep_dataset/data/fep_benchmark_processed/jacs_set_bace_protein.pdb,192,7.6194496,7.402053,7.9150157,7.5690126,7.227505,7.9330077,8.067748,7.7790713,7.147725,7.2573457,7.591794
193,jacs_set/bace,jacs_set/bace/CAT-4i,../large_fep_dataset/data/fep_benchmark_processed/jacs_set_bace_CAT-4i.sdf,../large_fep_dataset/data/fep_benchmark_processed/jacs_set_bace_protein.pdb,193,5.726821,5.7202954,5.577964,5.7557616,5.6628323,5.4932127,5.923571,5.8177104,5.5486975,5.565961,5.679283
194,jacs_set/bace,jacs_set/bace/CAT-4c,../large_fep_dataset/data/fep_benchmark_processed/jacs_set_bace_CAT-4c.sdf,../large_fep_dataset/data/fep_benchmark_processed/jacs_set_bace_protein.pdb,194,5.319082,5.4166527,5.531189,5.671794,4.979733,5.1295333,5.794652,5.0236015,5.0318274,5.625377,5.3523436
195,jacs_set/bace,jacs_set/bace/CAT-17i,../large_fep_dataset/data/fep_benchmark_processed/jacs_set_bace_CAT-17i.sdf,../large_fep_dataset/data/fep_benchmark_processed/jacs_set_bace_protein.pdb,195,6.430687,6.221875,6.3311553,6.5481157,5.9308753,5.9085507,6.5436373,6.441194,6.2388153,5.9746966,6.2569604
196,jacs_set/bace,jacs_set/bace/CAT-13k,../large_fep_dataset/data/fep_benchmark_processed/jacs_set_bace_CAT-13k.sdf,../large_fep_dataset/data/fep_benchmark_processed/jacs_set_bace_protein.pdb,196,6.068708,6.5986757,6.201816,6.652241,6.160488,6.205006,6.690764,6.346399,6.418806,6.250102,6.3593006
197,jacs_set/bace,jacs_set/bace/CAT-17a,../large_fep_dataset/data/fep_benchmark_processed/jacs_set_bace_CAT-17a.sdf,../large_fep_dataset/data/fep_benchmark_processed/jacs_set_bace_protein.pdb,197,7.3491945,7.0445967,7.313783,7.133661,6.5565095,6.3484445,7.315573,7.043865,7.3113594,6.733737,7.015073
198,jacs_set/bace,jacs_set/bace/CAT-17c,../large_fep_dataset/data/fep_benchmark_processed/jacs_set_bace_CAT-17c.sdf,../large_fep_dataset/data/fep_benchmark_processed/jacs_set_bace_protein.pdb,198,6.6516476,6.82371,6.620198,6.7662277,6.205669,6.632057,6.618037,6.805162,6.8429155,6.02305,6.598867
199,jacs_set/bace,jacs_set/bace/CAT-4o,../large_fep_dataset/data/fep_benchmark_processed/jacs_set_bace_CAT-4o.sdf,../large_fep_dataset/data/fep_benchmark_processed/jacs_set_bace_protein.pdb,199,6.5155816,6.8289633,6.0695496,6.4237466,6.2622857,6.0844126,6.396395,6.444939,6.304916,6.6086926,6.3939486
200,jacs_set/bace,jacs_set/bace/CAT-17d,../large_fep_dataset/data/fep_benchmark_processed/jacs_set_bace_CAT-17d.sdf,../large_fep_dataset/data/fep_benchmark_processed/jacs_set_bace_protein.pdb,200,6.3807025,6.038068,6.1848164,6.1163816,5.7301083,5.913981,6.20836,6.3203177,6.185535,6.0196815,6.1097946
201,jacs_set/bace,jacs_set/bace/CAT-4b,../large_fep_dataset/data/fep_benchmark_processed/jacs_set_bace_CAT-4b.sdf,../large_fep_dataset/data/fep_benchmark_processed/jacs_set_bace_protein.pdb,201,5.6493015,6.2328906,5.8859477,6.190759,6.0292783,5.4649277,6.351339,5.251136,5.646435,6.001363,5.8703375
202,jacs_set/bace,jacs_set/bace/CAT-13f,../large_fep_dataset/data/fep_benchmark_processed/jacs_set_bace_CAT-13f.sdf,../large_fep_dataset/data/fep_benchmark_processed/jacs_set_bace_protein.pdb,202,6.500755,6.7809215,7.2477207,6.988074,6.6969104,6.4747963,6.885996,6.617633,6.885621,6.244576,6.7323008
203,jacs_set/bace,jacs_set/bace/CAT-4d,../large_fep_dataset/data/fep_benchmark_processed/jacs_set_bace_CAT-4d.sdf,../large_fep_dataset/data/fep_benchmark_processed/jacs_set_bace_protein.pdb,203,5.952261,6.1104884,6.095085,6.281134,6.178664,6.207664,6.172811,5.7654285,5.7212787,5.653469,6.0138283
204,jacs_set/bace,jacs_set/bace/CAT-13m,../large_fep_dataset/data/fep_benchmark_processed/jacs_set_bace_CAT-13m.sdf,../large_fep_dataset/data/fep_benchmark_processed/jacs_set_bace_protein.pdb,204,6.269516,6.7091084,6.2633457,6.887694,5.9767647,6.5796337,6.84524,6.448543,6.5814247,6.5995164,6.516079
205,jacs_set/bace,jacs_set/bace/CAT-17h,../large_fep_dataset/data/fep_benchmark_processed/jacs_set_bace_CAT-17h.sdf,../large_fep_dataset/data/fep_benchmark_processed/jacs_set_bace_protein.pdb,205,7.088933,7.4869657,6.888228,7.0367227,6.492028,6.7019362,7.1754055,6.9736533,7.18506,6.5355525,6.9564476
206,jacs_set/bace,jacs_set/bace/CAT-17e,../large_fep_dataset/data/fep_benchmark_processed/jacs_set_bace_CAT-17e.sdf,../large_fep_dataset/data/fep_benchmark_processed/jacs_set_bace_protein.pdb,206,6.947957,6.9007244,7.1980953,6.8873425,6.454549,6.293761,7.449592,6.8424067,6.7249346,6.9309063,6.863027
207,charge_annhil/jnk1,charge_annhil/jnk1/6a,../large_fep_dataset/data/fep_benchmark_processed/charge_annhil_jnk1_6a.sdf,../large_fep_dataset/data/fep_benchmark_processed/charge_annhil_jnk1_protein.pdb,207,5.375751,5.7824483,5.5957828,6.5393724,5.8409634,7.024963,6.719405,6.307416,5.899864,6.7503295,6.183629
208,charge_annhil/jnk1,charge_annhil/jnk1/19a_neu,../large_fep_dataset/data/fep_benchmark_processed/charge_annhil_jnk1_19a_neu.sdf,../large_fep_dataset/data/fep_benchmark_processed/charge_annhil_jnk1_protein.pdb,208,5.8383136,5.708108,5.260576,6.2524095,5.2827134,6.900183,6.3275113,6.54656,5.9971986,7.1768327,6.1290407
209,charge_annhil/jnk1,charge_annhil/jnk1/19b_neu,../large_fep_dataset/data/fep_benchmark_processed/charge_annhil_jnk1_19b_neu.sdf,../large_fep_dataset/data/fep_benchmark_processed/charge_annhil_jnk1_protein.pdb,209,5.153713,4.8726563,5.171703,6.049469,5.539485,6.7113953,5.91161,6.1907415,5.5022316,6.4388466,5.754185
210,charge_annhil/jnk1,charge_annhil/jnk1/19b_charg,../large_fep_dataset/data/fep_benchmark_processed/charge_annhil_jnk1_19b_charg.sdf,../large_fep_dataset/data/fep_benchmark_processed/charge_annhil_jnk1_protein.pdb,210,5.130552,4.6558924,5.02761,5.9960165,5.3123565,6.4731584,6.0498285,5.9765077,5.5556097,6.413987,5.659152
211,charge_annhil/jnk1,charge_annhil/jnk1/19a_charg,../large_fep_dataset/data/fep_benchmark_processed/charge_annhil_jnk1_19a_charg.sdf,../large_fep_dataset/data/fep_benchmark_processed/charge_annhil_jnk1_protein.pdb,211,5.5372343,5.9324956,5.0021234,5.943443,5.517035,6.762511,6.5155296,6.4880195,6.47595,6.7903066,6.0964646
212,charge_annhil/egfr,charge_annhil/egfr/21,../large_fep_dataset/data/fep_benchmark_processed/charge_annhil_egfr_21.sdf,../large_fep_dataset/data/fep_benchmark_processed/charge_annhil_egfr_protein.pdb,212,7.0383973,7.337081,7.4722953,7.178089,7.1608644,7.2682714,7.3537164,7.314969,7.2329006,7.4202437,7.2776833
213,charge_annhil/egfr,charge_annhil/egfr/27neu,../large_fep_dataset/data/fep_benchmark_processed/charge_annhil_egfr_27neu.sdf,../large_fep_dataset/data/fep_benchmark_processed/charge_annhil_egfr_protein.pdb,213,7.594872,7.479695,7.557605,7.260975,7.5415645,7.421576,7.253693,7.38268,7.574904,7.465679,7.453325
214,charge_annhil/egfr,charge_annhil/egfr/27chargR,../large_fep_dataset/data/fep_benchmark_processed/charge_annhil_egfr_27chargR.sdf,../large_fep_dataset/data/fep_benchmark_processed/charge_annhil_egfr_protein.pdb,214,7.604522,7.482684,7.685414,7.308461,7.392529,7.540883,7.2357864,7.064651,7.7730446,7.6379714,7.4725943
215,charge_annhil/egfr,charge_annhil/egfr/27chargS,../large_fep_dataset/data/fep_benchmark_processed/charge_annhil_egfr_27chargS.sdf,../large_fep_dataset/data/fep_benchmark_processed/charge_annhil_egfr_protein.pdb,215,7.6314936,7.450674,7.561231,7.278197,7.384134,7.6128354,7.2211366,7.1733413,7.8101277,7.6736755,7.4796844
216,charge_annhil/egfr,charge_annhil/egfr/28neu,../large_fep_dataset/data/fep_benchmark_processed/charge_annhil_egfr_28neu.sdf,../large_fep_dataset/data/fep_benchmark_processed/charge_annhil_egfr_protein.pdb,216,7.4456196,7.369863,7.4814186,7.5206738,7.6079473,7.6288557,7.0655575,7.1627426,7.1400514,8.000647,7.442338
217,charge_annhil/egfr,charge_annhil/egfr/28charg,../large_fep_dataset/data/fep_benchmark_processed/charge_annhil_egfr_28charg.sdf,../large_fep_dataset/data/fep_benchmark_processed/charge_annhil_egfr_protein.pdb,217,7.786334,7.881514,7.5264874,7.5053434,7.8221097,8.157555,7.1370735,7.4828434,7.648798,8.078585,7.7026644
218,charge_annhil/egfr,charge_annhil/egfr/29neu,../large_fep_dataset/data/fep_benchmark_processed/charge_annhil_egfr_29neu.sdf,../large_fep_dataset/data/fep_benchmark_processed/charge_annhil_egfr_protein.pdb,218,7.7829123,7.774021,7.826272,7.5357943,7.683641,8.067602,7.5707774,7.765576,7.2885046,8.090435,7.738553
219,charge_annhil/egfr,charge_annhil/egfr/29charg,../large_fep_dataset/data/fep_benchmark_processed/charge_annhil_egfr_29charg.sdf,../large_fep_dataset/data/fep_benchmark_processed/charge_annhil_egfr_protein.pdb,219,8.11689,7.945829,7.548263,7.605196,7.7139673,7.7711177,7.5437098,7.8820167,7.7365346,8.053337,7.791686
220,charge_annhil/egfr,charge_annhil/egfr/30neu,../large_fep_dataset/data/fep_benchmark_processed/charge_annhil_egfr_30neu.sdf,../large_fep_dataset/data/fep_benchmark_processed/charge_annhil_egfr_protein.pdb,220,7.4039283,7.456627,7.6066732,7.3496094,7.4580684,7.233942,7.306832,7.4222856,7.2734876,7.5075383,7.4019
221,charge_annhil/egfr,charge_annhil/egfr/30charg,../large_fep_dataset/data/fep_benchmark_processed/charge_annhil_egfr_30charg.sdf,../large_fep_dataset/data/fep_benchmark_processed/charge_annhil_egfr_protein.pdb,221,7.506329,7.860682,7.8574414,7.562724,7.3202705,7.6560388,7.4569144,7.570166,7.712336,7.7088084,7.6211715
222,charge_annhil/ptp1b,charge_annhil/ptp1b/26charg,../large_fep_dataset/data/fep_benchmark_processed/charge_annhil_ptp1b_26charg.sdf,../large_fep_dataset/data/fep_benchmark_processed/charge_annhil_ptp1b_protein.pdb,222,6.717577,7.097746,7.5706787,6.672875,6.8102694,7.4154572,7.024624,6.735429,7.126361,7.096732,7.0267744
223,charge_annhil/ptp1b,charge_annhil/ptp1b/26neu,../large_fep_dataset/data/fep_benchmark_processed/charge_annhil_ptp1b_26neu.sdf,../large_fep_dataset/data/fep_benchmark_processed/charge_annhil_ptp1b_protein.pdb,223,6.6427402,6.76598,7.4841824,6.670433,6.895615,7.1162195,6.8122053,6.4461126,7.176362,6.8579774,6.8867826
224,charge_annhil/ptp1b,charge_annhil/ptp1b/27,../large_fep_dataset/data/fep_benchmark_processed/charge_annhil_ptp1b_27.sdf,../large_fep_dataset/data/fep_benchmark_processed/charge_annhil_ptp1b_protein.pdb,224,6.5886846,7.420175,6.6814575,6.803393,7.0714393,7.524859,7.052478,6.662662,7.443068,7.55031,7.079853
225,charge_annhil/ptp1b,charge_annhil/ptp1b/32,../large_fep_dataset/data/fep_benchmark_processed/charge_annhil_ptp1b_32.sdf,../large_fep_dataset/data/fep_benchmark_processed/charge_annhil_ptp1b_protein.pdb,225,7.8414445,8.014682,7.885546,7.897476,7.850548,7.532178,7.863263,7.677302,8.17798,8.535012,7.9275427
226,charge_annhil/irak4_s2,charge_annhil/irak4_s2/17charg,../large_fep_dataset/data/fep_benchmark_processed/charge_annhil_irak4_s2_17charg.sdf,../large_fep_dataset/data/fep_benchmark_processed/charge_annhil_irak4_s2_protein.pdb,226,6.570905,6.793467,6.940556,6.578422,7.0136385,6.1961427,6.3325744,6.516795,6.68999,6.8978004,6.653029
227,charge_annhil/irak4_s2,charge_annhil/irak4_s2/17neu,../large_fep_dataset/data/fep_benchmark_processed/charge_annhil_irak4_s2_17neu.sdf,../large_fep_dataset/data/fep_benchmark_processed/charge_annhil_irak4_s2_protein.pdb,227,6.836981,6.9248457,7.4335175,6.772321,7.037818,6.611461,6.710629,6.7061133,7.1079516,7.0271277,6.9168763
228,charge_annhil/irak4_s2,charge_annhil/irak4_s2/5neu,../large_fep_dataset/data/fep_benchmark_processed/charge_annhil_irak4_s2_5neu.sdf,../large_fep_dataset/data/fep_benchmark_processed/charge_annhil_irak4_s2_protein.pdb,228,6.775922,7.2911735,7.085602,6.9615917,7.282182,6.846549,6.8014064,6.9341216,6.914609,7.1625977,7.0055757
229,charge_annhil/irak4_s2,charge_annhil/irak4_s2/18,../large_fep_dataset/data/fep_benchmark_processed/charge_annhil_irak4_s2_18.sdf,../large_fep_dataset/data/fep_benchmark_processed/charge_annhil_irak4_s2_protein.pdb,229,6.8633947,6.8052435,6.942059,6.2116413,6.756068,6.1575713,6.6929107,6.190261,7.0093727,6.5680656,6.6196585
230,charge_annhil/irak4_s2,charge_annhil/irak4_s2/6,../large_fep_dataset/data/fep_benchmark_processed/charge_annhil_irak4_s2_6.sdf,../large_fep_dataset/data/fep_benchmark_processed/charge_annhil_irak4_s2_protein.pdb,230,6.561157,6.4220877,6.383822,5.643264,6.044531,6.432422,6.0366497,6.303776,5.9189367,6.220204,6.196685
231,charge_annhil/irak4_s2,charge_annhil/irak4_s2/5charg,../large_fep_dataset/data/fep_benchmark_processed/charge_annhil_irak4_s2_5charg.sdf,../large_fep_dataset/data/fep_benchmark_processed/charge_annhil_irak4_s2_protein.pdb,231,6.3626294,7.241594,6.830062,6.903508,6.9103384,6.59104,6.536485,6.8942904,6.7655783,7.218569,6.82541
232,charge_annhil/irak4_s2,charge_annhil/irak4_s2/14,../large_fep_dataset/data/fep_benchmark_processed/charge_annhil_irak4_s2_14.sdf,../large_fep_dataset/data/fep_benchmark_processed/charge_annhil_irak4_s2_protein.pdb,232,6.407843,6.824053,6.9843626,6.5129523,6.3480835,5.7519298,5.9970036,6.531775,6.630701,6.4705195,6.445922
233,charge_annhil/dlk,charge_annhil/dlk/9,../large_fep_dataset/data/fep_benchmark_processed/charge_annhil_dlk_9.sdf,../large_fep_dataset/data/fep_benchmark_processed/charge_annhil_dlk_protein.pdb,233,6.714515,6.481646,6.696364,7.0426564,6.559817,6.688359,6.3829575,6.849018,6.71928,6.647392,6.6782007
234,charge_annhil/dlk,charge_annhil/dlk/17charg,../large_fep_dataset/data/fep_benchmark_processed/charge_annhil_dlk_17charg.sdf,../large_fep_dataset/data/fep_benchmark_processed/charge_annhil_dlk_protein.pdb,234,6.9168706,7.160184,7.2138176,7.2667255,7.3393874,7.2800384,7.2327976,7.2464995,7.3379917,7.1093144,7.2103624
235,charge_annhil/dlk,charge_annhil/dlk/17neu,../large_fep_dataset/data/fep_benchmark_processed/charge_annhil_dlk_17neu.sdf,../large_fep_dataset/data/fep_benchmark_processed/charge_annhil_dlk_protein.pdb,235,6.978413,7.1890397,7.1493254,7.4183607,7.3466396,7.100173,7.208717,7.06807,7.08625,6.9332123,7.1478205
236,charge_annhil/dlk,charge_annhil/dlk/4charg,../large_fep_dataset/data/fep_benchmark_processed/charge_annhil_dlk_4charg.sdf,../large_fep_dataset/data/fep_benchmark_processed/charge_annhil_dlk_protein.pdb,236,6.070496,6.6606545,6.5793924,6.8149724,6.5971203,6.645406,6.578001,7.208634,6.576877,6.4764333,6.6207986
237,charge_annhil/dlk,charge_annhil/dlk/4neu,../large_fep_dataset/data/fep_benchmark_processed/charge_annhil_dlk_4neu.sdf,../large_fep_dataset/data/fep_benchmark_processed/charge_annhil_dlk_protein.pdb,237,6.4615054,6.7199244,6.831773,6.6993394,6.740404,6.751656,6.496372,7.0815206,6.5832076,6.6422896,6.700799
238,charge_annhil/dlk,charge_annhil/dlk/18,../large_fep_dataset/data/fep_benchmark_processed/charge_annhil_dlk_18.sdf,../large_fep_dataset/data/fep_benchmark_processed/charge_annhil_dlk_protein.pdb,238,6.6701994,7.3374577,6.9168253,6.9544425,6.8704886,7.0143414,6.8578916,6.718078,6.7668667,6.971486,6.907808
239,charge_annhil/dlk,charge_annhil/dlk/8,../large_fep_dataset/data/fep_benchmark_processed/charge_annhil_dlk_8.sdf,../large_fep_dataset/data/fep_benchmark_processed/charge_annhil_dlk_protein.pdb,239,6.606525,7.428855,7.1145225,7.71557,6.903152,7.184202,7.398054,7.3018255,7.2895346,7.37892,7.2321167
240,charge_annhil/irak4_s3,charge_annhil/irak4_s3/28neu,../large_fep_dataset/data/fep_benchmark_processed/charge_annhil_irak4_s3_28neu.sdf,../large_fep_dataset/data/fep_benchmark_processed/charge_annhil_irak4_s3_protein.pdb,240,5.921761,6.522464,6.1508784,6.187561,6.0752916,6.2110777,6.4026117,6.064608,5.941819,6.771555,6.2249627
241,charge_annhil/irak4_s3,charge_annhil/irak4_s3/19charg,../large_fep_dataset/data/fep_benchmark_processed/charge_annhil_irak4_s3_19charg.sdf,../large_fep_dataset/data/fep_benchmark_processed/charge_annhil_irak4_s3_protein.pdb,241,6.2272024,6.6947956,6.4418163,6.585287,6.5623927,6.2596183,6.7201657,6.6383767,6.179171,6.656856,6.496568
242,charge_annhil/irak4_s3,charge_annhil/irak4_s3/29,../large_fep_dataset/data/fep_benchmark_processed/charge_annhil_irak4_s3_29.sdf,../large_fep_dataset/data/fep_benchmark_processed/charge_annhil_irak4_s3_protein.pdb,242,6.2930846,7.0861998,6.6541996,6.6918526,5.5729628,6.308104,6.476062,6.409681,6.2592564,6.189333,6.3940735
243,charge_annhil/irak4_s3,charge_annhil/irak4_s3/19neu,../large_fep_dataset/data/fep_benchmark_processed/charge_annhil_irak4_s3_19neu.sdf,../large_fep_dataset/data/fep_benchmark_processed/charge_annhil_irak4_s3_protein.pdb,243,5.767658,6.579219,6.1074634,6.2868757,6.3453894,6.1419086,6.4819927,6.197219,5.806498,6.6918535,6.240608
244,charge_annhil/irak4_s3,charge_annhil/irak4_s3/28charg,../large_fep_dataset/data/fep_benchmark_processed/charge_annhil_irak4_s3_28charg.sdf,../large_fep_dataset/data/fep_benchmark_processed/charge_annhil_irak4_s3_protein.pdb,244,6.442207,6.661226,6.562974,6.63485,6.4831843,6.3413825,6.7459383,6.4711313,6.289015,6.6801248,6.531203
245,charge_annhil/irak4_s3,charge_annhil/irak4_s3/27,../large_fep_dataset/data/fep_benchmark_processed/charge_annhil_irak4_s3_27.sdf,../large_fep_dataset/data/fep_benchmark_processed/charge_annhil_irak4_s3_protein.pdb,245,5.8104997,6.5180798,5.930301,6.040407,6.274061,6.3335853,6.4320087,6.032714,6.2410197,6.100694,6.171337
246,charge_annhil/ephx2,charge_annhil/ephx2/47charg,../large_fep_dataset/data/fep_benchmark_processed/charge_annhil_ephx2_47charg.sdf,../large_fep_dataset/data/fep_benchmark_processed/charge_annhil_ephx2_protein.pdb,246,7.7930255,8.213582,8.182211,8.129812,8.060817,8.554453,8.006952,8.414309,7.6012635,7.916248,8.087267
247,charge_annhil/ephx2,charge_annhil/ephx2/19charg,../large_fep_dataset/data/fep_benchmark_processed/charge_annhil_ephx2_19charg.sdf,../large_fep_dataset/data/fep_benchmark_processed/charge_annhil_ephx2_protein.pdb,247,7.045401,7.5605803,6.913042,7.0940385,6.2954597,6.6549225,6.572213,7.0932183,6.745293,6.408764,6.8382936
248,charge_annhil/ephx2,charge_annhil/ephx2/19neu,../large_fep_dataset/data/fep_benchmark_processed/charge_annhil_ephx2_19neu.sdf,../large_fep_dataset/data/fep_benchmark_processed/charge_annhil_ephx2_protein.pdb,248,6.915952,7.5418925,7.072871,7.4198546,6.743802,6.8859406,6.750866,7.546998,6.9545903,6.63692,7.046969
249,charge_annhil/ephx2,charge_annhil/ephx2/20,../large_fep_dataset/data/fep_benchmark_processed/charge_annhil_ephx2_20.sdf,../large_fep_dataset/data/fep_benchmark_processed/charge_annhil_ephx2_protein.pdb,249,6.723994,7.1940327,6.870842,7.372283,6.6116447,7.327808,6.0225415,7.616317,6.8355355,6.5737853,6.914879
250,charge_annhil/ephx2,charge_annhil/ephx2/47neu,../large_fep_dataset/data/fep_benchmark_processed/charge_annhil_ephx2_47neu.sdf,../large_fep_dataset/data/fep_benchmark_processed/charge_annhil_ephx2_protein.pdb,250,8.015855,8.22794,8.171834,8.266621,7.9991612,8.468675,8.282284,8.3164625,7.9362564,8.092673,8.177775
251,charge_annhil/ephx2,charge_annhil/ephx2/33,../large_fep_dataset/data/fep_benchmark_processed/charge_annhil_ephx2_33.sdf,../large_fep_dataset/data/fep_benchmark_processed/charge_annhil_ephx2_protein.pdb,251,7.9529185,8.007458,8.0994005,7.690863,7.9238625,7.700901,7.715812,7.8670125,7.632571,7.510671,7.8101473
252,charge_annhil/jak1,charge_annhil/jak1/17,../large_fep_dataset/data/fep_benchmark_processed/charge_annhil_jak1_17.sdf,../large_fep_dataset/data/fep_benchmark_processed/charge_annhil_jak1_protein.pdb,252,7.3398123,7.0283656,7.704494,8.128775,7.3895955,7.424777,7.5021954,7.5110445,7.262888,7.3050056,7.4596953
253,charge_annhil/jak1,charge_annhil/jak1/18charg,../large_fep_dataset/data/fep_benchmark_processed/charge_annhil_jak1_18charg.sdf,../large_fep_dataset/data/fep_benchmark_processed/charge_annhil_jak1_protein.pdb,253,7.46424,7.454839,8.595821,8.341899,7.76101,7.6735578,7.326258,7.615931,7.8802266,7.783363,7.789715
254,charge_annhil/jak1,charge_annhil/jak1/18neu,../large_fep_dataset/data/fep_benchmark_processed/charge_annhil_jak1_18neu.sdf,../large_fep_dataset/data/fep_benchmark_processed/charge_annhil_jak1_protein.pdb,254,7.956003,7.4232593,8.722408,8.293901,8.038254,7.7428074,8.010954,7.719249,8.05341,7.9226866,7.9882936
255,charge_annhil/jak1,charge_annhil/jak1/jmc_25,../large_fep_dataset/data/fep_benchmark_processed/charge_annhil_jak1_jmc_25.sdf,../large_fep_dataset/data/fep_benchmark_processed/charge_annhil_jak1_protein.pdb,255,8.362635,7.8522344,8.319123,7.5882964,8.110708,8.01842,7.7776856,7.2579265,7.8883543,8.148557,7.9323945
256,charge_annhil/jak1,charge_annhil/jak1/jmc_34,../large_fep_dataset/data/fep_benchmark_processed/charge_annhil_jak1_jmc_34.sdf,../large_fep_dataset/data/fep_benchmark_processed/charge_annhil_jak1_protein.pdb,256,9.046531,8.910047,9.490173,9.0496855,9.235629,8.672885,8.962699,8.784492,8.793427,8.745553,8.969112
257,charge_annhil/jak1,charge_annhil/jak1/16charg,../large_fep_dataset/data/fep_benchmark_processed/charge_annhil_jak1_16charg.sdf,../large_fep_dataset/data/fep_benchmark_processed/charge_annhil_jak1_protein.pdb,257,7.4961066,6.751952,7.6674175,7.401204,7.374103,7.3495398,6.974727,7.4658747,6.905564,7.188908,7.25754
258,charge_annhil/jak1,charge_annhil/jak1/16neu,../large_fep_dataset/data/fep_benchmark_processed/charge_annhil_jak1_16neu.sdf,../large_fep_dataset/data/fep_benchmark_processed/charge_annhil_jak1_protein.pdb,258,7.4148703,6.9206886,7.74111,7.5931344,7.327439,7.5546656,7.209183,7.4555235,6.883429,7.200376,7.3300424
259,charge_annhil/jak1,charge_annhil/jak1/jmc_22,../large_fep_dataset/data/fep_benchmark_processed/charge_annhil_jak1_jmc_22.sdf,../large_fep_dataset/data/fep_benchmark_processed/charge_annhil_jak1_protein.pdb,259,8.142349,7.5809097,8.370189,8.041007,8.143984,7.753195,7.8256683,7.473393,7.6715083,7.7327557,7.873496
260,charge_annhil/tyk2,charge_annhil/tyk2/ejm_47,../large_fep_dataset/data/fep_benchmark_processed/charge_annhil_tyk2_ejm_47.sdf,../large_fep_dataset/data/fep_benchmark_processed/charge_annhil_tyk2_protein.pdb,260,7.3612857,7.708662,7.482725,7.4824057,7.2523413,7.1198196,7.25897,7.5706315,6.787167,7.3437467,7.336776
261,charge_annhil/tyk2,charge_annhil/tyk2/jmc_32charg,../large_fep_dataset/data/fep_benchmark_processed/charge_annhil_tyk2_jmc_32charg.sdf,../large_fep_dataset/data/fep_benchmark_processed/charge_annhil_tyk2_protein.pdb,261,7.7820196,7.7819314,7.811881,7.6590676,8.047633,7.698882,7.8497314,7.9965167,7.1891513,7.5521955,7.7369003
262,charge_annhil/tyk2,charge_annhil/tyk2/jmc_31,../large_fep_dataset/data/fep_benchmark_processed/charge_annhil_tyk2_jmc_31.sdf,../large_fep_dataset/data/fep_benchmark_processed/charge_annhil_tyk2_protein.pdb,262,7.898324,7.555792,7.7511907,7.627332,7.7520103,7.718902,7.161919,7.6212387,7.356839,7.674328,7.6117873
263,charge_annhil/tyk2,charge_annhil/tyk2/jmc_32neu,../large_fep_dataset/data/fep_benchmark_processed/charge_annhil_tyk2_jmc_32neu.sdf,../large_fep_dataset/data/fep_benchmark_processed/charge_annhil_tyk2_protein.pdb,263,8.044632,7.675526,7.738754,7.8106813,7.7778444,7.9351864,7.3537884,7.8685207,7.4443645,8.008509,7.7657804
264,charge_annhil/tyk2,charge_annhil/tyk2/ejm_52neu,../large_fep_dataset/data/fep_benchmark_processed/charge_annhil_tyk2_ejm_52neu.sdf,../large_fep_dataset/data/fep_benchmark_processed/charge_annhil_tyk2_protein.pdb,264,7.3110166,7.429531,7.569958,6.8136435,7.4844933,7.0806684,7.209232,7.2371755,6.7971954,7.4806175,7.241353
265,charge_annhil/tyk2,charge_annhil/tyk2/ejm_52charg,../large_fep_dataset/data/fep_benchmark_processed/charge_annhil_tyk2_ejm_52charg.sdf,../large_fep_dataset/data/fep_benchmark_processed/charge_annhil_tyk2_protein.pdb,265,7.0042424,7.1077986,7.238498,7.2025056,7.1361156,6.7017336,6.898916,7.4468417,6.8578506,7.544712,7.1139207
266,charge_annhil/tyk2,charge_annhil/tyk2/ejm_46,../large_fep_dataset/data/fep_benchmark_processed/charge_annhil_tyk2_ejm_46.sdf,../large_fep_dataset/data/fep_benchmark_processed/charge_annhil_tyk2_protein.pdb,266,7.8984,8.155188,8.431768,8.011809,8.15842,8.1677,8.088875,8.803356,7.396467,7.9204025,8.103239
267,charge_annhil/itk,charge_annhil/itk/17,../large_fep_dataset/data/fep_benchmark_processed/charge_annhil_itk_17.sdf,../large_fep_dataset/data/fep_benchmark_processed/charge_annhil_itk_protein.pdb,267,8.59966,9.148629,8.936414,9.056169,8.787477,8.744297,8.751102,9.645349,9.185195,9.3558,9.021009
268,charge_annhil/itk,charge_annhil/itk/1neu,../large_fep_dataset/data/fep_benchmark_processed/charge_annhil_itk_1neu.sdf,../large_fep_dataset/data/fep_benchmark_processed/charge_annhil_itk_protein.pdb,268,8.459829,8.868229,8.903756,9.119766,8.30142,8.853871,9.15613,9.230784,9.356568,9.295385,8.954574
269,charge_annhil/itk,charge_annhil/itk/1charg,../large_fep_dataset/data/fep_benchmark_processed/charge_annhil_itk_1charg.sdf,../large_fep_dataset/data/fep_benchmark_processed/charge_annhil_itk_protein.pdb,269,8.612615,9.10085,8.851788,9.026095,8.439399,8.779204,9.239613,9.318207,9.410376,9.215004,8.999315
270,charge_annhil/itk,charge_annhil/itk/18,../large_fep_dataset/data/fep_benchmark_processed/charge_annhil_itk_18.sdf,../large_fep_dataset/data/fep_benchmark_processed/charge_annhil_itk_protein.pdb,270,8.412144,9.150466,9.141069,9.188818,8.948333,8.810517,8.653122,9.763464,9.016196,9.1192255,9.020335
271,charge_annhil/itk,charge_annhil/itk/19,../large_fep_dataset/data/fep_benchmark_processed/charge_annhil_itk_19.sdf,../large_fep_dataset/data/fep_benchmark_processed/charge_annhil_itk_protein.pdb,271,8.786359,9.33803,8.853608,9.1749325,8.892004,9.21372,8.998873,9.49796,9.205724,9.247833,9.120905
272,charge_annhil/thrombin_whole_map,charge_annhil/thrombin_whole_map/11,../large_fep_dataset/data/fep_benchmark_processed/charge_annhil_thrombin_whole_map_11.sdf,../large_fep_dataset/data/fep_benchmark_processed/charge_annhil_thrombin_whole_map_protein.pdb,272,5.517622,5.051009,5.3262424,5.296928,4.9460983,5.985662,5.1908674,5.650643,6.0773187,5.896232,5.4938626
273,charge_annhil/thrombin_whole_map,charge_annhil/thrombin_whole_map/1,../large_fep_dataset/data/fep_benchmark_processed/charge_annhil_thrombin_whole_map_1.sdf,../large_fep_dataset/data/fep_benchmark_processed/charge_annhil_thrombin_whole_map_protein.pdb,273,4.8465953,5.2660265,5.5064244,4.542112,5.267972,4.9600577,4.598352,4.957687,5.1141624,6.0809846,5.1140375
274,charge_annhil/thrombin_whole_map,charge_annhil/thrombin_whole_map/3,../large_fep_dataset/data/fep_benchmark_processed/charge_annhil_thrombin_whole_map_3.sdf,../large_fep_dataset/data/fep_benchmark_processed/charge_annhil_thrombin_whole_map_protein.pdb,274,4.484763,4.5753503,5.4521236,4.7110004,4.6503916,4.7715964,4.193707,4.936723,5.1174135,5.5054283,4.83985
275,charge_annhil/thrombin_whole_map,charge_annhil/thrombin_whole_map/jmb2009-4,../large_fep_dataset/data/fep_benchmark_processed/charge_annhil_thrombin_whole_map_jmb2009-4.sdf,../large_fep_dataset/data/fep_benchmark_processed/charge_annhil_thrombin_whole_map_protein.pdb,275,7.1112437,7.527013,7.122631,7.743085,6.988988,8.47088,7.692106,6.915733,7.828825,8.2493925,7.5649886
276,charge_annhil/thrombin_whole_map,charge_annhil/thrombin_whole_map/10,../large_fep_dataset/data/fep_benchmark_processed/charge_annhil_thrombin_whole_map_10.sdf,../large_fep_dataset/data/fep_benchmark_processed/charge_annhil_thrombin_whole_map_protein.pdb,276,5.2899847,5.0357795,4.9915986,5.2201986,5.839185,5.3591614,5.8558674,5.047068,4.8852763,5.997079,5.35212
277,charge_annhil/thrombin_whole_map,charge_annhil/thrombin_whole_map/2,../large_fep_dataset/data/fep_benchmark_processed/charge_annhil_thrombin_whole_map_2.sdf,../large_fep_dataset/data/fep_benchmark_processed/charge_annhil_thrombin_whole_map_protein.pdb,277,4.7805524,4.825873,4.9840755,4.685148,4.7611837,4.7593036,4.417422,4.3053966,4.143508,5.4390063,4.710147
278,charge_annhil/cdk2,charge_annhil/cdk2/39neu,../large_fep_dataset/data/fep_benchmark_processed/charge_annhil_cdk2_39neu.sdf,../large_fep_dataset/data/fep_benchmark_processed/charge_annhil_cdk2_protein.pdb,278,6.1220355,5.966666,5.712941,6.1850615,5.9456277,6.3651886,6.1794915,5.7727623,6.146167,5.489949,5.9885893
279,charge_annhil/cdk2,charge_annhil/cdk2/39charg,../large_fep_dataset/data/fep_benchmark_processed/charge_annhil_cdk2_39charg.sdf,../large_fep_dataset/data/fep_benchmark_processed/charge_annhil_cdk2_protein.pdb,279,5.8698134,5.955137,5.664768,5.675164,5.972309,6.304253,5.863638,5.3575993,6.260292,5.4245615,5.8347535
280,charge_annhil/cdk2,charge_annhil/cdk2/34,../large_fep_dataset/data/fep_benchmark_processed/charge_annhil_cdk2_34.sdf,../large_fep_dataset/data/fep_benchmark_processed/charge_annhil_cdk2_protein.pdb,280,6.3163114,5.818811,5.8065352,5.8512187,6.012154,6.2022696,5.9746265,5.689601,6.012207,5.89313,5.9576864
281,charge_annhil/cdk2,charge_annhil/cdk2/25,../large_fep_dataset/data/fep_benchmark_processed/charge_annhil_cdk2_25.sdf,../large_fep_dataset/data/fep_benchmark_processed/charge_annhil_cdk2_protein.pdb,281,6.3043404,6.4919996,6.2754745,6.389686,6.2762733,6.238215,5.9568653,6.22532,6.427964,6.0584345,6.2644567
282,fragments/hsp90_frag_2rings,fragments/hsp90_frag_2rings/18,../large_fep_dataset/data/fep_benchmark_processed/fragments_hsp90_frag_2rings_18.sdf,../large_fep_dataset/data/fep_benchmark_processed/fragments_hsp90_frag_2rings_protein.pdb,282,7.303496,6.282767,6.6606903,7.2641144,7.6365066,6.176768,6.5372667,6.2814107,6.8786917,6.749275,6.777098
283,fragments/hsp90_frag_2rings,fragments/hsp90_frag_2rings/17,../large_fep_dataset/data/fep_benchmark_processed/fragments_hsp90_frag_2rings_17.sdf,../large_fep_dataset/data/fep_benchmark_processed/fragments_hsp90_frag_2rings_protein.pdb,283,6.5096517,5.8027983,6.688216,6.779772,6.5734677,5.9308434,5.6698413,6.660676,6.728454,6.718031,6.406175
284,fragments/hsp90_frag_2rings,fragments/hsp90_frag_2rings/19,../large_fep_dataset/data/fep_benchmark_processed/fragments_hsp90_frag_2rings_19.sdf,../large_fep_dataset/data/fep_benchmark_processed/fragments_hsp90_frag_2rings_protein.pdb,284,7.2502165,6.4998527,6.856125,7.1984463,6.8189063,6.297457,5.931592,6.486295,7.063172,7.3575644,6.775963
285,fragments/hsp90_frag_2rings,fragments/hsp90_frag_2rings/15,../large_fep_dataset/data/fep_benchmark_processed/fragments_hsp90_frag_2rings_15.sdf,../large_fep_dataset/data/fep_benchmark_processed/fragments_hsp90_frag_2rings_protein.pdb,285,6.371018,5.592467,6.2132716,6.5006075,7.152777,5.938604,6.246385,6.0179825,6.365628,6.1691513,6.256789
286,fragments/hsp90_frag_2rings,fragments/hsp90_frag_2rings/14,../large_fep_dataset/data/fep_benchmark_processed/fragments_hsp90_frag_2rings_14.sdf,../large_fep_dataset/data/fep_benchmark_processed/fragments_hsp90_frag_2rings_protein.pdb,286,6.3024406,5.743731,6.060164,6.3454766,6.9364347,5.5131025,6.4972367,5.082655,5.8943243,6.252349,6.0627913
287,fragments/hsp90_frag_2rings,fragments/hsp90_frag_2rings/16,../large_fep_dataset/data/fep_benchmark_processed/fragments_hsp90_frag_2rings_16.sdf,../large_fep_dataset/data/fep_benchmark_processed/fragments_hsp90_frag_2rings_protein.pdb,287,6.608683,6.0730653,6.6254034,6.802899,6.758983,6.724504,6.1268706,6.5519547,6.5391793,6.2587905,6.5070333
288,fragments/frag_liga_auto,fragments/frag_liga_auto/12,../large_fep_dataset/data/fep_benchmark_processed/fragments_frag_liga_auto_12.sdf,../large_fep_dataset/data/fep_benchmark_processed/fragments_frag_liga_auto_protein.pdb,288,6.6859097,6.97743,7.3365827,6.8015323,7.0888386,7.222793,6.993778,7.2555323,6.8831058,6.4726124,6.971812
289,fragments/frag_liga_auto,fragments/frag_liga_auto/9,../large_fep_dataset/data/fep_benchmark_processed/fragments_frag_liga_auto_9.sdf,../large_fep_dataset/data/fep_benchmark_processed/fragments_frag_liga_auto_protein.pdb,289,5.155824,4.8251224,5.4144397,5.37622,6.2913413,4.966954,5.5898876,5.387388,5.4117713,5.801758,5.4220705
290,fragments/frag_liga_auto,fragments/frag_liga_auto/5,../large_fep_dataset/data/fep_benchmark_processed/fragments_frag_liga_auto_5.sdf,../large_fep_dataset/data/fep_benchmark_processed/fragments_frag_liga_auto_protein.pdb,290,3.9553525,4.1711235,5.048376,4.2806854,5.290469,4.8033166,4.677744,4.509175,4.689966,4.896894,4.63231
291,fragments/frag_liga_auto,fragments/frag_liga_auto/6,../large_fep_dataset/data/fep_benchmark_processed/fragments_frag_liga_auto_6.sdf,../large_fep_dataset/data/fep_benchmark_processed/fragments_frag_liga_auto_protein.pdb,291,4.9154053,4.8551126,6.052266,5.453594,5.593869,5.421745,5.4112616,5.4049973,5.462477,5.5208583,5.409159
292,fragments/frag_liga_auto,fragments/frag_liga_auto/11,../large_fep_dataset/data/fep_benchmark_processed/fragments_frag_liga_auto_11.sdf,../large_fep_dataset/data/fep_benchmark_processed/fragments_frag_liga_auto_protein.pdb,292,6.9494777,6.8532286,6.0397487,6.5418015,5.9950185,6.5277257,6.437444,6.2128325,6.199634,7.0332594,6.479017
293,fragments/frag_liga_auto,fragments/frag_liga_auto/10,../large_fep_dataset/data/fep_benchmark_processed/fragments_frag_liga_auto_10.sdf,../large_fep_dataset/data/fep_benchmark_processed/fragments_frag_liga_auto_protein.pdb,293,5.2780657,4.3807597,5.4021873,5.213056,5.6592064,5.3371882,5.0272226,4.679873,5.1025934,5.721996,5.180215
294,fragments/frag_liga_auto,fragments/frag_liga_auto/8,../large_fep_dataset/data/fep_benchmark_processed/fragments_frag_liga_auto_8.sdf,../large_fep_dataset/data/fep_benchmark_processed/fragments_frag_liga_auto_protein.pdb,294,5.7999573,6.1406975,6.905279,6.284677,6.4740977,6.5941553,6.2345934,6.863882,6.2906055,6.487598,6.4075537
295,fragments/frag_liga_auto,fragments/frag_liga_auto/3,../large_fep_dataset/data/fep_benchmark_processed/fragments_frag_liga_auto_3.sdf,../large_fep_dataset/data/fep_benchmark_processed/fragments_frag_liga_auto_protein.pdb,295,4.419523,4.171283,4.166679,4.567557,4.590875,4.2183366,3.7126844,4.6118007,4.491803,4.513186,4.3463726
296,fragments/frag_liga_auto,fragments/frag_liga_auto/7,../large_fep_dataset/data/fep_benchmark_processed/fragments_frag_liga_auto_7.sdf,../large_fep_dataset/data/fep_benchmark_processed/fragments_frag_liga_auto_protein.pdb,296,3.977637,3.9991739,5.7904267,4.4196286,5.4410086,4.9440284,4.785542,4.3377714,5.0215206,4.9243946,4.7641134
297,fragments/frag_liga_auto,fragments/frag_liga_auto/13,../large_fep_dataset/data/fep_benchmark_processed/fragments_frag_liga_auto_13.sdf,../large_fep_dataset/data/fep_benchmark_processed/fragments_frag_liga_auto_protein.pdb,297,6.76241,6.5759172,6.597692,6.8035083,6.643912,6.9342103,6.813101,6.781221,6.700192,6.564571,6.7176733
298,fragments/frag_liga_auto,fragments/frag_liga_auto/4,../large_fep_dataset/data/fep_benchmark_processed/fragments_frag_liga_auto_4.sdf,../large_fep_dataset/data/fep_benchmark_processed/fragments_frag_liga_auto_protein.pdb,298,4.6242466,4.280086,5.319651,4.820712,5.6002183,4.696008,4.850499,4.8589196,5.210806,4.88345,4.9144597
299,fragments/hsp90_frag_single_ring,fragments/hsp90_frag_single_ring/10,../large_fep_dataset/data/fep_benchmark_processed/fragments_hsp90_frag_single_ring_10.sdf,../large_fep_dataset/data/fep_benchmark_processed/fragments_hsp90_frag_single_ring_protein.pdb,299,5.623843,5.4348574,5.485549,5.444338,5.073622,4.64476,4.312443,4.7437425,5.743307,5.517501,5.2023964
300,fragments/hsp90_frag_single_ring,fragments/hsp90_frag_single_ring/3,../large_fep_dataset/data/fep_benchmark_processed/fragments_hsp90_frag_single_ring_3.sdf,../large_fep_dataset/data/fep_benchmark_processed/fragments_hsp90_frag_single_ring_protein.pdb,300,5.2599,5.276216,5.4092913,5.5746074,4.9785204,4.4060545,5.0249333,5.04498,5.6803207,5.627026,5.2281847
301,fragments/hsp90_frag_single_ring,fragments/hsp90_frag_single_ring/9,../large_fep_dataset/data/fep_benchmark_processed/fragments_hsp90_frag_single_ring_9.sdf,../large_fep_dataset/data/fep_benchmark_processed/fragments_hsp90_frag_single_ring_protein.pdb,301,5.2111583,5.288841,5.350908,5.2994895,5.1862283,4.8710184,5.2647057,4.8608527,5.671455,5.746162,5.2750816
302,fragments/hsp90_frag_single_ring,fragments/hsp90_frag_single_ring/8,../large_fep_dataset/data/fep_benchmark_processed/fragments_hsp90_frag_single_ring_8.sdf,../large_fep_dataset/data/fep_benchmark_processed/fragments_hsp90_frag_single_ring_protein.pdb,302,5.236941,4.218753,5.174,5.378608,5.5952506,4.527251,5.6535444,4.292629,5.0539923,5.2777042,5.040868
303,fragments/hsp90_frag_single_ring,fragments/hsp90_frag_single_ring/11,../large_fep_dataset/data/fep_benchmark_processed/fragments_hsp90_frag_single_ring_11.sdf,../large_fep_dataset/data/fep_benchmark_processed/fragments_hsp90_frag_single_ring_protein.pdb,303,5.768948,5.208158,5.8359146,5.5954685,5.515338,5.414329,5.3643737,4.4808416,5.3509097,5.513584,5.4047866
304,fragments/hsp90_frag_single_ring,fragments/hsp90_frag_single_ring/12,../large_fep_dataset/data/fep_benchmark_processed/fragments_hsp90_frag_single_ring_12.sdf,../large_fep_dataset/data/fep_benchmark_processed/fragments_hsp90_frag_single_ring_protein.pdb,304,6.1415896,5.2137613,5.7544446,5.7556977,5.9994693,5.1229563,5.0798545,5.2916493,5.6723547,5.4130883,5.5444865
305,fragments/hsp90_frag_single_ring,fragments/hsp90_frag_single_ring/2,../large_fep_dataset/data/fep_benchmark_processed/fragments_hsp90_frag_single_ring_2.sdf,../large_fep_dataset/data/fep_benchmark_processed/fragments_hsp90_frag_single_ring_protein.pdb,305,4.882992,4.499969,4.8961635,5.2702465,5.0742693,4.3438334,5.215778,4.9113154,5.1724277,6.0460668,5.0313063
306,fragments/jak2_set1,fragments/jak2_set1/2_3E63,../large_fep_dataset/data/fep_benchmark_processed/fragments_jak2_set1_2_3E63.sdf,../large_fep_dataset/data/fep_benchmark_processed/fragments_jak2_set1_protein.pdb,306,5.586015,5.3815374,5.8848853,5.7547626,5.703891,5.9990335,5.5043035,5.7549396,5.763423,5.7429647,5.707576
307,fragments/jak2_set1,fragments/jak2_set1/9,../large_fep_dataset/data/fep_benchmark_processed/fragments_jak2_set1_9.sdf,../large_fep_dataset/data/fep_benchmark_processed/fragments_jak2_set1_protein.pdb,307,5.91301,6.293087,6.0814776,5.7658887,5.971045,6.248128,5.9959702,6.023704,6.5167594,6.320628,6.11297
308,fragments/jak2_set1,fragments/jak2_set1/8,../large_fep_dataset/data/fep_benchmark_processed/fragments_jak2_set1_8.sdf,../large_fep_dataset/data/fep_benchmark_processed/fragments_jak2_set1_protein.pdb,308,5.6468678,5.8599052,6.213234,5.573659,5.9520392,6.4196744,5.850579,6.0582314,6.015776,6.3000994,5.989007
309,fragments/jak2_set1,fragments/jak2_set1/5,../large_fep_dataset/data/fep_benchmark_processed/fragments_jak2_set1_5.sdf,../large_fep_dataset/data/fep_benchmark_processed/fragments_jak2_set1_protein.pdb,309,5.144735,5.4606194,5.7750025,5.584527,5.207207,6.0712104,5.3864236,5.7030563,5.4483485,5.8697877,5.5650916
310,fragments/jak2_set1,fragments/jak2_set1/10,../large_fep_dataset/data/fep_benchmark_processed/fragments_jak2_set1_10.sdf,../large_fep_dataset/data/fep_benchmark_processed/fragments_jak2_set1_protein.pdb,310,6.0304875,5.964508,6.3852334,5.781988,6.160571,5.9123607,5.8872967,6.1384325,6.605375,5.9184494,6.0784698
311,fragments/jak2_set1,fragments/jak2_set1/4a,../large_fep_dataset/data/fep_benchmark_processed/fragments_jak2_set1_4a.sdf,../large_fep_dataset/data/fep_benchmark_processed/fragments_jak2_set1_protein.pdb,311,4.912862,5.357056,5.4986744,5.4638844,4.7973256,5.696015,5.3159976,5.8153543,5.4412265,5.5041676,5.3802557
312,fragments/jak2_set1,fragments/jak2_set1/4b,../large_fep_dataset/data/fep_benchmark_processed/fragments_jak2_set1_4b.sdf,../large_fep_dataset/data/fep_benchmark_processed/fragments_jak2_set1_protein.pdb,312,4.9229484,5.508191,5.827269,5.494328,4.9181304,5.8482466,5.3073163,5.72085,5.4173665,5.372827,5.4337473
313,fragments/jak2_set1,fragments/jak2_set1/6,../large_fep_dataset/data/fep_benchmark_processed/fragments_jak2_set1_6.sdf,../large_fep_dataset/data/fep_benchmark_processed/fragments_jak2_set1_protein.pdb,313,5.915759,5.4435368,5.604524,5.669028,5.3434463,5.6656137,6.18269,5.8520246,5.3831806,5.226921,5.628672
314,fragments/jak2_set1,fragments/jak2_set1/3,../large_fep_dataset/data/fep_benchmark_processed/fragments_jak2_set1_3.sdf,../large_fep_dataset/data/fep_benchmark_processed/fragments_jak2_set1_protein.pdb,314,5.3081098,4.993171,5.793014,5.285609,5.546749,5.857981,5.675226,5.8257093,5.6314206,5.6490436,5.5566034
315,fragments/jak2_set1,fragments/jak2_set1/1_3E62,../large_fep_dataset/data/fep_benchmark_processed/fragments_jak2_set1_1_3E62.sdf,../large_fep_dataset/data/fep_benchmark_processed/fragments_jak2_set1_protein.pdb,315,4.291949,4.033378,4.6923523,4.2304335,4.2427454,4.4454947,4.4327626,4.3731585,4.2435384,4.2479086,4.323372
316,fragments/jak2_set1,fragments/jak2_set1/7,../large_fep_dataset/data/fep_benchmark_processed/fragments_jak2_set1_7.sdf,../large_fep_dataset/data/fep_benchmark_processed/fragments_jak2_set1_protein.pdb,316,6.116276,6.1589947,6.014555,6.420283,5.915607,6.137742,6.7869716,6.166298,5.7114377,6.12127,6.1549435
317,fragments/frag_mup1,fragments/frag_mup1/IBT,../large_fep_dataset/data/fep_benchmark_processed/fragments_frag_mup1_IBT.sdf,../large_fep_dataset/data/fep_benchmark_processed/fragments_frag_mup1_protein.pdb,317,4.768473,3.7572534,4.9784274,4.375608,3.7051542,4.433587,4.8469133,4.2563114,3.80788,4.8326087,4.3762217
318,fragments/frag_mup1,fragments/frag_mup1/MT,../large_fep_dataset/data/fep_benchmark_processed/fragments_frag_mup1_MT.sdf,../large_fep_dataset/data/fep_benchmark_processed/fragments_frag_mup1_protein.pdb,318,3.233324,3.7297175,3.3352816,3.167144,3.459193,4.5964084,3.3559823,3.1962974,3.8050017,4.3835273,3.6261876
319,fragments/frag_mup1,fragments/frag_mup1/PT,../large_fep_dataset/data/fep_benchmark_processed/fragments_frag_mup1_PT.sdf,../large_fep_dataset/data/fep_benchmark_processed/fragments_frag_mup1_protein.pdb,319,4.657273,3.45399,4.3562536,3.6589518,3.4034262,4.244181,4.059394,3.7301033,3.96914,4.4084477,3.9941158
320,fragments/frag_mup1,fragments/frag_mup1/SBT_R,../large_fep_dataset/data/fep_benchmark_processed/fragments_frag_mup1_SBT_R.sdf,../large_fep_dataset/data/fep_benchmark_processed/fragments_frag_mup1_protein.pdb,320,5.085168,4.320994,4.4267445,4.3992286,3.6957262,4.4314985,4.3047147,4.1019635,4.500267,4.8713913,4.4137697
321,fragments/frag_mup1,fragments/frag_mup1/SBT_S,../large_fep_dataset/data/fep_benchmark_processed/fragments_frag_mup1_SBT_S.sdf,../large_fep_dataset/data/fep_benchmark_processed/fragments_frag_mup1_protein.pdb,321,5.239569,4.379642,4.378202,4.4998164,3.663865,4.7274156,4.384187,4.2307467,4.78094,4.918986,4.520337
322,fragments/frag_mup1,fragments/frag_mup1/IPT,../large_fep_dataset/data/fep_benchmark_processed/fragments_frag_mup1_IPT.sdf,../large_fep_dataset/data/fep_benchmark_processed/fragments_frag_mup1_protein.pdb,322,5.0138288,4.0096474,4.5137587,4.0215907,4.483665,3.6887434,3.6237285,3.5359552,4.664472,4.50375,4.2059135
323,fragments/frag_mup1,fragments/frag_mup1/ET,../large_fep_dataset/data/fep_benchmark_processed/fragments_frag_mup1_ET.sdf,../large_fep_dataset/data/fep_benchmark_processed/fragments_frag_mup1_protein.pdb,323,4.6301494,3.3882904,3.0625896,3.51715,3.6015024,3.6018426,3.5272427,3.1984417,4.3226647,4.132698,3.6982574
324,fragments/frag_p38,fragments/frag_p38/4,../large_fep_dataset/data/fep_benchmark_processed/fragments_frag_p38_4.sdf,../large_fep_dataset/data/fep_benchmark_processed/fragments_frag_p38_protein.pdb,324,4.684178,4.2196436,4.9035945,4.527151,4.9061656,4.391284,4.4036136,4.7149544,4.2169,4.6860347,4.5653524
325,fragments/frag_p38,fragments/frag_p38/1_1W7H,../large_fep_dataset/data/fep_benchmark_processed/fragments_frag_p38_1_1W7H.sdf,../large_fep_dataset/data/fep_benchmark_processed/fragments_frag_p38_protein.pdb,325,3.1237156,3.2021573,4.2581654,4.3389635,3.9515429,3.9234195,3.7030504,4.5176334,3.7792804,4.343932,3.914186
326,fragments/frag_p38,fragments/frag_p38/6,../large_fep_dataset/data/fep_benchmark_processed/fragments_frag_p38_6.sdf,../large_fep_dataset/data/fep_benchmark_processed/fragments_frag_p38_protein.pdb,326,5.8182344,4.8563366,4.889265,5.8991365,5.54407,5.2104087,5.5770235,4.7606497,5.0980916,5.3397155,5.2992926
327,fragments/frag_p38,fragments/frag_p38/5_1WBW,../large_fep_dataset/data/fep_benchmark_processed/fragments_frag_p38_5_1WBW.sdf,../large_fep_dataset/data/fep_benchmark_processed/fragments_frag_p38_protein.pdb,327,4.385302,5.094779,5.2877693,5.4701777,5.459326,4.582352,4.5317817,5.4718027,4.637902,5.3472133,5.0268407
328,fragments/frag_p38,fragments/frag_p38/7,../large_fep_dataset/data/fep_benchmark_processed/fragments_frag_p38_7.sdf,../large_fep_dataset/data/fep_benchmark_processed/fragments_frag_p38_protein.pdb,328,5.8840084,5.370612,5.557653,6.0287466,5.5498705,5.2301097,5.957164,4.8691063,6.01135,6.427304,5.688592
329,fragments/frag_p38,fragments/frag_p38/3,../large_fep_dataset/data/fep_benchmark_processed/fragments_frag_p38_3.sdf,../large_fep_dataset/data/fep_benchmark_processed/fragments_frag_p38_protein.pdb,329,3.0542538,3.3003454,3.6078074,3.8409612,3.142118,3.1865282,3.394549,3.7416418,3.7750227,3.7634492,3.4806678
330,fragments/t4lysozyme_uvt,fragments/t4lysozyme_uvt/meta methyl ethyl benzene,../large_fep_dataset/data/fep_benchmark_processed/fragments_t4lysozyme_uvt_meta_methyl_ethyl_benzene.sdf,../large_fep_dataset/data/fep_benchmark_processed/fragments_t4lysozyme_uvt_protein.pdb,330,4.066079,4.155121,4.7364616,4.344594,5.1216903,3.8067207,4.0172157,3.3144665,3.6998615,4.283692,4.1545897
331,fragments/t4lysozyme_uvt,fragments/t4lysozyme_uvt/methyl benzene,../large_fep_dataset/data/fep_benchmark_processed/fragments_t4lysozyme_uvt_methyl_benzene.sdf,../large_fep_dataset/data/fep_benchmark_processed/fragments_t4lysozyme_uvt_protein.pdb,331,2.797518,3.814869,3.695315,3.7595558,4.625783,3.888701,3.54892,3.4028888,3.2172296,3.7899477,3.6540725
332,fragments/t4lysozyme_uvt,fragments/t4lysozyme_uvt/ethyl benzene,../large_fep_dataset/data/fep_benchmark_processed/fragments_t4lysozyme_uvt_ethyl_benzene.sdf,../large_fep_dataset/data/fep_benchmark_processed/fragments_t4lysozyme_uvt_protein.pdb,332,4.001622,4.0832367,4.3227034,4.3877587,4.898664,4.312496,3.7831414,3.5959303,3.7195475,4.1809983,4.12861
333,fragments/t4lysozyme_uvt,fragments/t4lysozyme_uvt/ortho methyl ethyl benzene,../large_fep_dataset/data/fep_benchmark_processed/fragments_t4lysozyme_uvt_ortho_methyl_ethyl_benzene.sdf,../large_fep_dataset/data/fep_benchmark_processed/fragments_t4lysozyme_uvt_protein.pdb,333,4.283934,3.4925153,4.604985,4.294967,4.5945287,4.369139,4.219092,3.712298,3.884154,4.595531,4.2051144
334,fragments/t4lysozyme_uvt,fragments/t4lysozyme_uvt/m-xylene,../large_fep_dataset/data/fep_benchmark_processed/fragments_t4lysozyme_uvt_m-xylene.sdf,../large_fep_dataset/data/fep_benchmark_processed/fragments_t4lysozyme_uvt_protein.pdb,334,3.0390308,3.9099011,3.8669417,3.6372535,4.838994,3.4313874,3.2495563,2.976804,3.049298,3.6475697,3.5646737
335,fragments/t4lysozyme_uvt,fragments/t4lysozyme_uvt/p-xylene,../large_fep_dataset/data/fep_benchmark_processed/fragments_t4lysozyme_uvt_p-xylene.sdf,../large_fep_dataset/data/fep_benchmark_processed/fragments_t4lysozyme_uvt_protein.pdb,335,2.637994,3.888515,4.0176363,3.7968018,4.2848234,3.5371702,3.4351466,3.356628,3.4809737,3.9725668,3.6408257
336,fragments/t4lysozyme_uvt,fragments/t4lysozyme_uvt/o-xylene,../large_fep_dataset/data/fep_benchmark_processed/fragments_t4lysozyme_uvt_o-xylene.sdf,../large_fep_dataset/data/fep_benchmark_processed/fragments_t4lysozyme_uvt_protein.pdb,336,2.843846,3.809318,3.8666852,4.1524568,4.1814685,3.644448,3.7678561,3.3072872,3.4640534,4.3443103,3.738173
337,fragments/t4lysozyme_uvt,fragments/t4lysozyme_uvt/butyl benzene,../large_fep_dataset/data/fep_benchmark_processed/fragments_t4lysozyme_uvt_butyl_benzene.sdf,../large_fep_dataset/data/fep_benchmark_processed/fragments_t4lysozyme_uvt_protein.pdb,337,4.6617584,4.927954,4.7922673,5.2216854,5.545534,4.5237403,4.5734935,3.840314,5.2416735,4.9234753,4.825189
338,fragments/t4lysozyme_uvt,fragments/t4lysozyme_uvt/propyl benzene,../large_fep_dataset/data/fep_benchmark_processed/fragments_t4lysozyme_uvt_propyl_benzene.sdf,../large_fep_dataset/data/fep_benchmark_processed/fragments_t4lysozyme_uvt_protein.pdb,338,3.7336264,4.7917743,4.8109617,4.6670785,5.3001766,4.4826117,4.393329,3.6275065,4.3666725,4.7144127,4.488815
339,fragments/t4lysozyme_uvt,fragments/t4lysozyme_uvt/para methyl ethyl benzene,../large_fep_dataset/data/fep_benchmark_processed/fragments_t4lysozyme_uvt_para_methyl_ethyl_benzene.sdf,../large_fep_dataset/data/fep_benchmark_processed/fragments_t4lysozyme_uvt_protein.pdb,339,3.6673305,3.7430599,4.520467,4.4835944,4.803545,4.072542,3.862219,3.4559503,3.695334,4.175905,4.047995
340,fragments/t4lysozyme_uvt,fragments/t4lysozyme_uvt/benzene,../large_fep_dataset/data/fep_benchmark_processed/fragments_t4lysozyme_uvt_benzene.sdf,../large_fep_dataset/data/fep_benchmark_processed/fragments_t4lysozyme_uvt_protein.pdb,340,3.9863007,3.503537,4.103107,3.7784965,4.5568476,3.6930919,2.6871736,3.2744648,3.836073,3.9616582,3.7380753
341,fragments/t4lysozyme_uvt,fragments/t4lysozyme_uvt/isobutyl benzene,../large_fep_dataset/data/fep_benchmark_processed/fragments_t4lysozyme_uvt_isobutyl_benzene.sdf,../large_fep_dataset/data/fep_benchmark_processed/fragments_t4lysozyme_uvt_protein.pdb,341,4.0631843,3.1365924,4.5473824,5.1936684,4.8727717,4.4393797,4.99464,3.7649753,4.3881173,4.607421,4.4008136
342,fragments/frag_mcl1_noweak,fragments/frag_mcl1_noweak/2,../large_fep_dataset/data/fep_benchmark_processed/fragments_frag_mcl1_noweak_2.sdf,../large_fep_dataset/data/fep_benchmark_processed/fragments_frag_mcl1_noweak_protein.pdb,342,3.8562064,4.329112,4.214615,4.054261,3.759275,4.168843,4.0466223,3.8323786,3.9285107,4.6882124,4.0878034
343,fragments/frag_mcl1_noweak,fragments/frag_mcl1_noweak/3,../large_fep_dataset/data/fep_benchmark_processed/fragments_frag_mcl1_noweak_3.sdf,../large_fep_dataset/data/fep_benchmark_processed/fragments_frag_mcl1_noweak_protein.pdb,343,5.0442758,4.881918,4.5761805,4.750504,4.7332435,5.103673,5.3013706,4.0772157,4.56045,5.533942,4.856278
344,fragments/frag_mcl1_noweak,fragments/frag_mcl1_noweak/4,../large_fep_dataset/data/fep_benchmark_processed/fragments_frag_mcl1_noweak_4.sdf,../large_fep_dataset/data/fep_benchmark_processed/fragments_frag_mcl1_noweak_protein.pdb,344,4.381977,4.476728,4.3223143,4.976399,4.2432976,4.7884645,4.7650776,4.2554173,4.45799,5.0114393,4.5679107
345,fragments/frag_mcl1_noweak,fragments/frag_mcl1_noweak/5,../large_fep_dataset/data/fep_benchmark_processed/fragments_frag_mcl1_noweak_5.sdf,../large_fep_dataset/data/fep_benchmark_processed/fragments_frag_mcl1_noweak_protein.pdb,345,4.2124004,4.218778,4.540347,4.895474,4.723971,4.602938,4.456234,4.6131077,4.604313,5.2073393,4.6074905
346,fragments/frag_mcl1_noweak,fragments/frag_mcl1_noweak/7,../large_fep_dataset/data/fep_benchmark_processed/fragments_frag_mcl1_noweak_7.sdf,../large_fep_dataset/data/fep_benchmark_processed/fragments_frag_mcl1_noweak_protein.pdb,346,3.562988,4.486561,4.8824472,4.9620433,4.4506736,3.9530582,3.5247185,5.016342,4.8933377,5.1296425,4.4861813
347,fragments/frag_mcl1_noweak,fragments/frag_mcl1_noweak/8,../large_fep_dataset/data/fep_benchmark_processed/fragments_frag_mcl1_noweak_8.sdf,../large_fep_dataset/data/fep_benchmark_processed/fragments_frag_mcl1_noweak_protein.pdb,347,4.317524,4.4853806,4.773356,5.1615305,4.6931,4.310789,3.578681,5.311844,4.632246,5.7724657,4.7036915
348,fragments/frag_mcl1_noweak,fragments/frag_mcl1_noweak/9,../large_fep_dataset/data/fep_benchmark_processed/fragments_frag_mcl1_noweak_9.sdf,../large_fep_dataset/data/fep_benchmark_processed/fragments_frag_mcl1_noweak_protein.pdb,348,4.175602,4.14718,4.8247523,4.70194,3.9247048,3.4174633,3.1640573,4.8932066,4.283492,4.809887,4.234229
349,fragments/frag_mcl1_noweak,fragments/frag_mcl1_noweak/10,../large_fep_dataset/data/fep_benchmark_processed/fragments_frag_mcl1_noweak_10.sdf,../large_fep_dataset/data/fep_benchmark_processed/fragments_frag_mcl1_noweak_protein.pdb,349,4.473975,4.554371,5.4164143,5.456219,4.823566,3.9224935,3.7699366,5.8695555,4.7531233,5.377662,4.841732
350,fragments/frag_mcl1_noweak,fragments/frag_mcl1_noweak/11,../large_fep_dataset/data/fep_benchmark_processed/fragments_frag_mcl1_noweak_11.sdf,../large_fep_dataset/data/fep_benchmark_processed/fragments_frag_mcl1_noweak_protein.pdb,350,5.1160364,5.8403673,6.1679096,5.522368,5.296972,6.253661,5.8248067,5.0840006,5.848178,6.2149954,5.7169294
351,fragments/frag_mcl1_noweak,fragments/frag_mcl1_noweak/14,../large_fep_dataset/data/fep_benchmark_processed/fragments_frag_mcl1_noweak_14.sdf,../large_fep_dataset/data/fep_benchmark_processed/fragments_frag_mcl1_noweak_protein.pdb,351,4.8413506,5.4823966,4.7381525,5.3290896,3.865613,5.550696,4.283974,4.277393,5.203189,4.9180236,4.848988
352,fragments/frag_mcl1_noweak,fragments/frag_mcl1_noweak/15,../large_fep_dataset/data/fep_benchmark_processed/fragments_frag_mcl1_noweak_15.sdf,../large_fep_dataset/data/fep_benchmark_processed/fragments_frag_mcl1_noweak_protein.pdb,352,5.6789083,6.1956506,6.135694,5.985387,5.504342,5.467976,5.0307336,5.3589516,5.4279046,5.5874944,5.6373043
353,fragments/frag_mcl1_noweak,fragments/frag_mcl1_noweak/13 flipped,../large_fep_dataset/data/fep_benchmark_processed/fragments_frag_mcl1_noweak_13_flipped.sdf,../large_fep_dataset/data/fep_benchmark_processed/fragments_frag_mcl1_noweak_protein.pdb,353,4.485243,4.3745236,3.9544249,4.7516747,4.0047784,4.546631,3.8765612,4.136936,4.525816,4.368209,4.3024797
354,fragments/jak2_set2_extra,fragments/jak2_set2_extra/13_3E64,../large_fep_dataset/data/fep_benchmark_processed/fragments_jak2_set2_extra_13_3E64.sdf,../large_fep_dataset/data/fep_benchmark_processed/fragments_jak2_set2_extra_protein.pdb,354,7.576651,7.2733216,7.4883313,7.1635923,7.1084766,7.109147,6.8274837,7.0685735,7.013027,6.890496,7.15191
355,fragments/jak2_set2_extra,fragments/jak2_set2_extra/21,../large_fep_dataset/data/fep_benchmark_processed/fragments_jak2_set2_extra_21.sdf,../large_fep_dataset/data/fep_benchmark_processed/fragments_jak2_set2_extra_protein.pdb,355,7.375387,7.05929,7.012045,7.500709,6.9476285,7.0275865,6.688443,6.8677015,6.780111,6.8110075,7.006991
356,fragments/jak2_set2_extra,fragments/jak2_set2_extra/20,../large_fep_dataset/data/fep_benchmark_processed/fragments_jak2_set2_extra_20.sdf,../large_fep_dataset/data/fep_benchmark_processed/fragments_jak2_set2_extra_protein.pdb,356,7.608567,7.1625996,6.998484,6.756035,7.0203543,7.49855,7.394216,7.2810063,7.0600033,6.7607727,7.154059
357,fragments/jak2_set2_extra,fragments/jak2_set2_extra/18,../large_fep_dataset/data/fep_benchmark_processed/fragments_jak2_set2_extra_18.sdf,../large_fep_dataset/data/fep_benchmark_processed/fragments_jak2_set2_extra_protein.pdb,357,7.093955,6.639011,7.148614,6.523505,6.7313395,7.059076,6.1065946,6.814617,6.6242366,6.79706,6.753801
358,fragments/jak2_set2_extra,fragments/jak2_set2_extra/14,../large_fep_dataset/data/fep_benchmark_processed/fragments_jak2_set2_extra_14.sdf,../large_fep_dataset/data/fep_benchmark_processed/fragments_jak2_set2_extra_protein.pdb,358,6.324518,6.464614,6.845892,5.7959304,6.1565313,6.497491,6.84989,6.558646,6.218607,6.314978,6.40271
359,fragments/jak2_set2_extra,fragments/jak2_set2_extra/12,../large_fep_dataset/data/fep_benchmark_processed/fragments_jak2_set2_extra_12.sdf,../large_fep_dataset/data/fep_benchmark_processed/fragments_jak2_set2_extra_protein.pdb,359,7.1689496,6.942857,7.110523,6.317306,6.4939623,7.030965,6.3874865,7.0923467,6.7527814,6.861348,6.815852
360,fragments/jak2_set2_extra,fragments/jak2_set2_extra/15,../large_fep_dataset/data/fep_benchmark_processed/fragments_jak2_set2_extra_15.sdf,../large_fep_dataset/data/fep_benchmark_processed/fragments_jak2_set2_extra_protein.pdb,360,6.4948287,6.651548,6.7915077,5.8359127,5.9657016,6.7240314,6.1246886,6.4142017,5.852105,6.193281,6.3047805
361,fragments/jak2_set2_extra,fragments/jak2_set2_extra/22 flip,../large_fep_dataset/data/fep_benchmark_processed/fragments_jak2_set2_extra_22_flip.sdf,../large_fep_dataset/data/fep_benchmark_processed/fragments_jak2_set2_extra_protein.pdb,361,7.838703,7.2259274,7.4277205,7.3967104,7.179784,7.580382,7.3900285,7.696272,6.937843,7.5113826,7.418475
362,macrocycles/3RKZ_lig62to70_alpha05,macrocycles/3RKZ_lig62to70_alpha05/lignad_63,../large_fep_dataset/data/fep_benchmark_processed/macrocycles_3RKZ_lig62to70_alpha05_lignad_63.sdf,../large_fep_dataset/data/fep_benchmark_processed/macrocycles_3RKZ_lig62to70_alpha05_protein.pdb,362,6.6309,6.2230268,6.4544635,5.9882536,5.9531336,6.4548297,6.192016,6.282189,6.415849,6.583935,6.317859
363,macrocycles/3RKZ_lig62to70_alpha05,macrocycles/3RKZ_lig62to70_alpha05/ligand_69,../large_fep_dataset/data/fep_benchmark_processed/macrocycles_3RKZ_lig62to70_alpha05_ligand_69.sdf,../large_fep_dataset/data/fep_benchmark_processed/macrocycles_3RKZ_lig62to70_alpha05_protein.pdb,363,7.4625993,7.0033927,7.073493,6.7523594,7.018161,7.2596364,6.7414503,7.0292015,7.1101413,7.1643457,7.0614786
364,macrocycles/3RKZ_lig62to70_alpha05,macrocycles/3RKZ_lig62to70_alpha05/ligand_62,../large_fep_dataset/data/fep_benchmark_processed/macrocycles_3RKZ_lig62to70_alpha05_ligand_62.sdf,../large_fep_dataset/data/fep_benchmark_processed/macrocycles_3RKZ_lig62to70_alpha05_protein.pdb,364,6.23557,6.2412705,6.338231,5.912614,6.335673,6.061563,5.853723,5.998404,6.2416153,5.989517,6.120818
365,macrocycles/3RKZ_lig62to70_alpha05,macrocycles/3RKZ_lig62to70_alpha05/lignad_65,../large_fep_dataset/data/fep_benchmark_processed/macrocycles_3RKZ_lig62to70_alpha05_lignad_65.sdf,../large_fep_dataset/data/fep_benchmark_processed/macrocycles_3RKZ_lig62to70_alpha05_protein.pdb,365,6.719629,6.72597,6.746641,6.125628,6.252298,6.7427683,6.601226,6.4802084,7.060562,6.326696,6.578162
366,macrocycles/3RKZ_lig62to70_alpha05,macrocycles/3RKZ_lig62to70_alpha05/lignad_68,../large_fep_dataset/data/fep_benchmark_processed/macrocycles_3RKZ_lig62to70_alpha05_lignad_68.sdf,../large_fep_dataset/data/fep_benchmark_processed/macrocycles_3RKZ_lig62to70_alpha05_protein.pdb,366,6.404632,6.002151,6.37126,5.930948,6.1028275,6.011699,5.978059,5.950693,6.716249,6.1166453,6.158516
367,macrocycles/3RKZ_lig62to70_alpha05,macrocycles/3RKZ_lig62to70_alpha05/ligand_64,../large_fep_dataset/data/fep_benchmark_processed/macrocycles_3RKZ_lig62to70_alpha05_ligand_64.sdf,../large_fep_dataset/data/fep_benchmark_processed/macrocycles_3RKZ_lig62to70_alpha05_protein.pdb,367,6.7974343,6.630002,6.380688,6.139646,6.527314,6.4958024,6.470035,6.1481214,6.323391,6.6553407,6.456778
368,macrocycles/3RKZ_lig62to70_alpha05,macrocycles/3RKZ_lig62to70_alpha05/ligand_70,../large_fep_dataset/data/fep_benchmark_processed/macrocycles_3RKZ_lig62to70_alpha05_ligand_70.sdf,../large_fep_dataset/data/fep_benchmark_processed/macrocycles_3RKZ_lig62to70_alpha05_protein.pdb,368,7.2138987,6.8978953,7.2035346,7.0232043,7.1627507,7.26947,6.885324,7.1069427,7.192356,7.2715573,7.1226935
369,macrocycles/MHT1_lig3_alpha05,macrocycles/MHT1_lig3_alpha05/5AN26_ligand,../large_fep_dataset/data/fep_benchmark_processed/macrocycles_MHT1_lig3_alpha05_5AN26_ligand.sdf,../large_fep_dataset/data/fep_benchmark_processed/macrocycles_MHT1_lig3_alpha05_protein.pdb,369,5.451032,6.550495,6.393656,6.274671,5.6381245,6.2020326,5.2123146,5.6923127,6.3420677,5.923726,5.9680433
370,macrocycles/MHT1_lig3_alpha05,macrocycles/MHT1_lig3_alpha05/5ANT_A_ligand,../large_fep_dataset/data/fep_benchmark_processed/macrocycles_MHT1_lig3_alpha05_5ANT_A_ligand.sdf,../large_fep_dataset/data/fep_benchmark_processed/macrocycles_MHT1_lig3_alpha05_protein.pdb,370,5.805975,6.501521,6.748907,6.931509,5.9919457,6.3757687,5.1552334,5.8933086,6.6643867,6.501629,6.257019
371,macrocycles/MHT1_lig3_alpha05,macrocycles/MHT1_lig3_alpha05/5ANU_ligand,../large_fep_dataset/data/fep_benchmark_processed/macrocycles_MHT1_lig3_alpha05_5ANU_ligand.sdf,../large_fep_dataset/data/fep_benchmark_processed/macrocycles_MHT1_lig3_alpha05_protein.pdb,371,6.571894,6.6719656,7.0688615,7.0156603,6.777199,6.224423,6.961934,6.4167366,6.3817654,6.4085507,6.6498995
372,macrocycles/2B8V_lig24and25_alpha05,macrocycles/2B8V_lig24and25_alpha05/ligand25_S,../large_fep_dataset/data/fep_benchmark_processed/macrocycles_2B8V_lig24and25_alpha05_ligand25_S.sdf,../large_fep_dataset/data/fep_benchmark_processed/macrocycles_2B8V_lig24and25_alpha05_protein.pdb,372,6.2172966,6.183457,5.8962965,5.450344,6.087617,5.3094177,5.098733,5.844004,5.916798,5.9922185,5.7996182
373,macrocycles/2B8V_lig24and25_alpha05,macrocycles/2B8V_lig24and25_alpha05/ligand24_S,../large_fep_dataset/data/fep_benchmark_processed/macrocycles_2B8V_lig24and25_alpha05_ligand24_S.sdf,../large_fep_dataset/data/fep_benchmark_processed/macrocycles_2B8V_lig24and25_alpha05_protein.pdb,373,5.3972073,5.863712,5.6207767,5.5569463,5.8662906,5.3865542,5.524883,5.518998,5.849907,5.907203,5.6492476
374,macrocycles/ck2_custcore_hotlys,macrocycles/ck2_custcore_hotlys/ligand_15,../large_fep_dataset/data/fep_benchmark_processed/macrocycles_ck2_custcore_hotlys_ligand_15.sdf,../large_fep_dataset/data/fep_benchmark_processed/macrocycles_ck2_custcore_hotlys_protein.pdb,374,7.8066688,7.665878,7.082669,7.532179,8.029336,7.427252,8.236707,7.47428,7.3354836,7.511709,7.6102166
375,macrocycles/ck2_custcore_hotlys,macrocycles/ck2_custcore_hotlys/ligand_14,../large_fep_dataset/data/fep_benchmark_processed/macrocycles_ck2_custcore_hotlys_ligand_14.sdf,../large_fep_dataset/data/fep_benchmark_processed/macrocycles_ck2_custcore_hotlys_protein.pdb,375,7.9513693,7.4049354,8.118701,8.164576,7.8406835,7.508877,7.6886587,7.9565625,7.7681823,7.890389,7.8292937
376,macrocycles/2E9P_lig4to7_alpha05,macrocycles/2E9P_lig4to7_alpha05/ligand_5,../large_fep_dataset/data/fep_benchmark_processed/macrocycles_2E9P_lig4to7_alpha05_ligand_5.sdf,../large_fep_dataset/data/fep_benchmark_processed/macrocycles_2E9P_lig4to7_alpha05_protein.pdb,376,8.5223675,8.623109,8.482981,8.245949,8.374612,8.031927,8.024746,7.971573,8.254967,8.128441,8.2660675
377,macrocycles/2E9P_lig4to7_alpha05,macrocycles/2E9P_lig4to7_alpha05/ligand_7,../large_fep_dataset/data/fep_benchmark_processed/macrocycles_2E9P_lig4to7_alpha05_ligand_7.sdf,../large_fep_dataset/data/fep_benchmark_processed/macrocycles_2E9P_lig4to7_alpha05_protein.pdb,377,7.7596483,8.098427,8.293151,8.274356,7.9103937,8.030927,7.7868924,7.8649364,8.152163,7.885258,8.005615
378,macrocycles/2E9P_lig4to7_alpha05,macrocycles/2E9P_lig4to7_alpha05/ligand_4,../large_fep_dataset/data/fep_benchmark_processed/macrocycles_2E9P_lig4to7_alpha05_ligand_4.sdf,../large_fep_dataset/data/fep_benchmark_processed/macrocycles_2E9P_lig4to7_alpha05_protein.pdb,378,7.903176,8.098825,7.8493896,7.9451222,7.7842345,8.135905,7.6677523,7.297385,7.9319854,7.7343864,7.834816
379,macrocycles/2E9P_lig4to7_alpha05,macrocycles/2E9P_lig4to7_alpha05/ligand_6,../large_fep_dataset/data/fep_benchmark_processed/macrocycles_2E9P_lig4to7_alpha05_ligand_6.sdf,../large_fep_dataset/data/fep_benchmark_processed/macrocycles_2E9P_lig4to7_alpha05_protein.pdb,379,8.202616,8.239501,8.391507,8.255026,7.9665046,8.142209,7.748041,7.706362,8.066387,7.834221,8.055236
380,macrocycles/2Q15_lig17to21_alpha05,macrocycles/2Q15_lig17to21_alpha05/ligand_20_S,../large_fep_dataset/data/fep_benchmark_processed/macrocycles_2Q15_lig17to21_alpha05_ligand_20_S.sdf,../large_fep_dataset/data/fep_benchmark_processed/macrocycles_2Q15_lig17to21_alpha05_protein.pdb,380,7.8234262,7.9429417,8.207507,6.9621797,7.557059,8.185752,7.354873,7.7643943,7.4579043,7.6293306,7.6885366
381,macrocycles/2Q15_lig17to21_alpha05,macrocycles/2Q15_lig17to21_alpha05/ligand_21,../large_fep_dataset/data/fep_benchmark_processed/macrocycles_2Q15_lig17to21_alpha05_ligand_21.sdf,../large_fep_dataset/data/fep_benchmark_processed/macrocycles_2Q15_lig17to21_alpha05_protein.pdb,381,7.345875,7.659818,7.9838395,7.1274033,7.7309403,7.401117,7.705857,7.9413877,7.5053296,7.7849846,7.618655
382,macrocycles/2Q15_lig17to21_alpha05,macrocycles/2Q15_lig17to21_alpha05/ligand_18,../large_fep_dataset/data/fep_benchmark_processed/macrocycles_2Q15_lig17to21_alpha05_ligand_18.sdf,../large_fep_dataset/data/fep_benchmark_processed/macrocycles_2Q15_lig17to21_alpha05_protein.pdb,382,7.665037,7.8658304,7.723851,7.740086,7.461884,7.465654,7.930982,7.6982093,7.925984,8.009135,7.748665
383,macrocycles/2Q15_lig17to21_alpha05,macrocycles/2Q15_lig17to21_alpha05/ligand_17_enu,../large_fep_dataset/data/fep_benchmark_processed/macrocycles_2Q15_lig17to21_alpha05_ligand_17_enu.sdf,../large_fep_dataset/data/fep_benchmark_processed/macrocycles_2Q15_lig17to21_alpha05_protein.pdb,383,7.309911,7.7475224,7.764358,7.159628,7.5785813,7.256573,7.0132227,7.7255273,7.4636617,7.37205,7.4391036
384,macrocycles/2Q15_lig17to21_alpha05,macrocycles/2Q15_lig17to21_alpha05/ligand_19,../large_fep_dataset/data/fep_benchmark_processed/macrocycles_2Q15_lig17to21_alpha05_ligand_19.sdf,../large_fep_dataset/data/fep_benchmark_processed/macrocycles_2Q15_lig17to21_alpha05_protein.pdb,384,7.666687,7.9733934,8.198453,6.7578273,7.6751204,7.8549657,7.310115,7.8081765,7.5607347,7.6593237,7.6464796
385,macrocycles/hsp90_3hvd_custcore,macrocycles/hsp90_3hvd_custcore/lig_3B27,../large_fep_dataset/data/fep_benchmark_processed/macrocycles_hsp90_3hvd_custcore_lig_3B27.sdf,../large_fep_dataset/data/fep_benchmark_processed/macrocycles_hsp90_3hvd_custcore_protein.pdb,385,4.88017,4.6740956,5.3709865,4.6082244,4.924211,4.829376,4.590656,4.8477573,4.5391345,5.3670063,4.863162
386,macrocycles/hsp90_3hvd_custcore,macrocycles/hsp90_3hvd_custcore/18 minimized,../large_fep_dataset/data/fep_benchmark_processed/macrocycles_hsp90_3hvd_custcore_18_minimized.sdf,../large_fep_dataset/data/fep_benchmark_processed/macrocycles_hsp90_3hvd_custcore_protein.pdb,386,8.556088,8.584725,8.643861,8.4470215,8.719185,8.513926,8.137583,8.657797,8.646705,8.447094,8.5353985
387,macrocycles/hsp90_3hvd_custcore,"macrocycles/hsp90_3hvd_custcore/8, 3VHA","../large_fep_dataset/data/fep_benchmark_processed/macrocycles_hsp90_3hvd_custcore_8,_3VHA.sdf",../large_fep_dataset/data/fep_benchmark_processed/macrocycles_hsp90_3hvd_custcore_protein.pdb,387,7.867725,6.8097277,6.8415823,7.311591,6.325383,6.499956,6.9638143,7.741001,7.1120424,7.6919065,7.116473
388,macrocycles/hsp90_3hvd_custcore,macrocycles/hsp90_3hvd_custcore/13,../large_fep_dataset/data/fep_benchmark_processed/macrocycles_hsp90_3hvd_custcore_13.sdf,../large_fep_dataset/data/fep_benchmark_processed/macrocycles_hsp90_3hvd_custcore_protein.pdb,388,8.120943,8.04132,7.925084,7.9823008,7.475205,7.965209,7.4739356,8.463947,8.017366,8.187137,7.9652443
389,macrocycles/hsp90_3hvd_custcore,macrocycles/hsp90_3hvd_custcore/9,../large_fep_dataset/data/fep_benchmark_processed/macrocycles_hsp90_3hvd_custcore_9.sdf,../large_fep_dataset/data/fep_benchmark_processed/macrocycles_hsp90_3hvd_custcore_protein.pdb,389,7.713801,7.0387936,6.713025,7.3573294,6.239247,6.5980663,6.7381053,7.539301,7.2491546,7.566781,7.0753603
390,macrocycles/hsp90_3hvd_custcore,"macrocycles/hsp90_3hvd_custcore/16, 3VHD","../large_fep_dataset/data/fep_benchmark_processed/macrocycles_hsp90_3hvd_custcore_16,_3VHD.sdf",../large_fep_dataset/data/fep_benchmark_processed/macrocycles_hsp90_3hvd_custcore_protein.pdb,390,8.977301,9.052626,8.876243,8.869299,9.127819,8.822349,8.711034,8.93132,9.061028,8.590198,8.901921
391,macrocycles/hsp90_3hvd_custcore,"macrocycles/hsp90_3hvd_custcore/11, 3VHC","../large_fep_dataset/data/fep_benchmark_processed/macrocycles_hsp90_3hvd_custcore_11,_3VHC.sdf",../large_fep_dataset/data/fep_benchmark_processed/macrocycles_hsp90_3hvd_custcore_protein.pdb,391,8.513493,8.33249,8.221613,7.9826984,7.9235973,8.465889,8.316606,8.301944,8.35053,8.3850765,8.279394
392,macrocycles/hsp90_3hvd_custcore,macrocycles/hsp90_3hvd_custcore/12,../large_fep_dataset/data/fep_benchmark_processed/macrocycles_hsp90_3hvd_custcore_12.sdf,../large_fep_dataset/data/fep_benchmark_processed/macrocycles_hsp90_3hvd_custcore_protein.pdb,392,8.309127,8.224032,7.8048863,8.036742,7.5850415,8.204068,7.993691,8.476343,8.045981,8.20864,8.088855
393,macrocycles/hsp90_3hvd_custcore,macrocycles/hsp90_3hvd_custcore/7,../large_fep_dataset/data/fep_benchmark_processed/macrocycles_hsp90_3hvd_custcore_7.sdf,../large_fep_dataset/data/fep_benchmark_processed/macrocycles_hsp90_3hvd_custcore_protein.pdb,393,7.8002687,7.0821753,6.761625,7.3693514,6.2589893,6.500213,7.067001,7.614365,7.224838,7.712368,7.139119
394,macrocycles/hsp90_3hvd_custcore,"macrocycles/hsp90_3hvd_custcore/17, top conformer","../large_fep_dataset/data/fep_benchmark_processed/macrocycles_hsp90_3hvd_custcore_17,_top_conformer.sdf",../large_fep_dataset/data/fep_benchmark_processed/macrocycles_hsp90_3hvd_custcore_protein.pdb,394,8.866416,8.782365,8.745281,8.723414,8.984503,8.642403,8.594784,8.732305,8.948967,8.467958,8.748839
395,scaffold_hopping/Fxa_2ei8,scaffold_hopping/Fxa_2ei8/Edoxaban,../large_fep_dataset/data/fep_benchmark_processed/scaffold_hopping_Fxa_2ei8_Edoxaban.sdf,../large_fep_dataset/data/fep_benchmark_processed/scaffold_hopping_Fxa_2ei8_protein.pdb,395,7.2768106,7.7041645,7.7575502,7.246753,7.2126045,7.373755,7.037915,7.0885415,7.7246566,7.7947655,7.4217515
396,scaffold_hopping/Fxa_2ei8,scaffold_hopping/Fxa_2ei8/4d,../large_fep_dataset/data/fep_benchmark_processed/scaffold_hopping_Fxa_2ei8_4d.sdf,../large_fep_dataset/data/fep_benchmark_processed/scaffold_hopping_Fxa_2ei8_protein.pdb,396,8.200148,8.679635,8.243631,8.366947,7.823329,8.186729,8.42893,8.224742,8.368896,8.570237,8.309322
397,scaffold_hopping/Fxa_2ei8,scaffold_hopping/Fxa_2ei8/4c,../large_fep_dataset/data/fep_benchmark_processed/scaffold_hopping_Fxa_2ei8_4c.sdf,../large_fep_dataset/data/fep_benchmark_processed/scaffold_hopping_Fxa_2ei8_protein.pdb,397,7.923156,8.344637,8.325735,8.019072,7.8649178,7.937501,8.446823,8.017139,8.017377,8.351001,8.124736
398,scaffold_hopping/TPSB2_3v7t,scaffold_hopping/TPSB2_3v7t/1,../large_fep_dataset/data/fep_benchmark_processed/scaffold_hopping_TPSB2_3v7t_1.sdf,../large_fep_dataset/data/fep_benchmark_processed/scaffold_hopping_TPSB2_3v7t_protein.pdb,398,5.8696547,6.36972,6.117122,5.9134026,6.0308685,6.4333067,6.29176,5.9367356,6.3459463,5.1464725,6.045499
399,scaffold_hopping/TPSB2_3v7t,scaffold_hopping/TPSB2_3v7t/2,../large_fep_dataset/data/fep_benchmark_processed/scaffold_hopping_TPSB2_3v7t_2.sdf,../large_fep_dataset/data/fep_benchmark_processed/scaffold_hopping_TPSB2_3v7t_protein.pdb,399,6.2888227,6.6598907,5.7068405,6.9776025,6.608632,6.5285854,6.414657,6.8283973,6.814631,5.9399953,6.476805
400,scaffold_hopping/Bace1_4zsp,scaffold_hopping/Bace1_4zsp/31,../large_fep_dataset/data/fep_benchmark_processed/scaffold_hopping_Bace1_4zsp_31.sdf,../large_fep_dataset/data/fep_benchmark_processed/scaffold_hopping_Bace1_4zsp_protein.pdb,400,5.40637,5.6174397,5.786114,6.1948695,5.0803995,5.377164,4.651287,5.893204,5.4952784,5.3749046,5.487703
401,scaffold_hopping/Bace1_4zsp,scaffold_hopping/Bace1_4zsp/7,../large_fep_dataset/data/fep_benchmark_processed/scaffold_hopping_Bace1_4zsp_7.sdf,../large_fep_dataset/data/fep_benchmark_processed/scaffold_hopping_Bace1_4zsp_protein.pdb,401,5.314952,5.582141,5.6286583,5.7736807,4.9821544,5.423501,5.2962475,5.3113384,5.4597917,5.4232917,5.4195757
402,scaffold_hopping/Bace1_4zsp,scaffold_hopping/Bace1_4zsp/6,../large_fep_dataset/data/fep_benchmark_processed/scaffold_hopping_Bace1_4zsp_6.sdf,../large_fep_dataset/data/fep_benchmark_processed/scaffold_hopping_Bace1_4zsp_protein.pdb,402,5.735377,5.890473,5.933319,5.9493613,5.458947,5.569799,5.499897,5.456728,5.704976,5.7363977,5.6935277
403,scaffold_hopping/EZH2_5ij7_corehop,scaffold_hopping/EZH2_5ij7_corehop/22,../large_fep_dataset/data/fep_benchmark_processed/scaffold_hopping_EZH2_5ij7_corehop_22.sdf,../large_fep_dataset/data/fep_benchmark_processed/scaffold_hopping_EZH2_5ij7_corehop_protein.pdb,403,6.1509557,6.792919,6.86389,6.852362,6.091914,6.7286406,5.903521,6.81223,6.0779605,6.420223,6.469462
404,scaffold_hopping/EZH2_5ij7_corehop,scaffold_hopping/EZH2_5ij7_corehop/31,../large_fep_dataset/data/fep_benchmark_processed/scaffold_hopping_EZH2_5ij7_corehop_31.sdf,../large_fep_dataset/data/fep_benchmark_processed/scaffold_hopping_EZH2_5ij7_corehop_protein.pdb,404,6.0579886,6.5620036,6.708528,6.0960565,6.1796474,5.9213977,6.0010724,6.823226,5.847734,6.32996,6.252761
405,scaffold_hopping/EZH2_5ij7_corehop,scaffold_hopping/EZH2_5ij7_corehop/29,../large_fep_dataset/data/fep_benchmark_processed/scaffold_hopping_EZH2_5ij7_corehop_29.sdf,../large_fep_dataset/data/fep_benchmark_processed/scaffold_hopping_EZH2_5ij7_corehop_protein.pdb,405,6.267734,6.472961,7.0777307,6.7465596,6.2669444,6.0970445,5.9505873,6.9250364,6.373555,6.364074,6.4542227
406,scaffold_hopping/EZH2_5ij7_corehop,scaffold_hopping/EZH2_5ij7_corehop/27,../large_fep_dataset/data/fep_benchmark_processed/scaffold_hopping_EZH2_5ij7_corehop_27.sdf,../large_fep_dataset/data/fep_benchmark_processed/scaffold_hopping_EZH2_5ij7_corehop_protein.pdb,406,6.0038204,6.9485483,6.439389,6.305622,5.948549,6.691049,5.9553223,6.7202954,5.6213145,6.5458555,6.317977
407,scaffold_hopping/CHK1_3u9n_corehop,scaffold_hopping/CHK1_3u9n_corehop/17,../large_fep_dataset/data/fep_benchmark_processed/scaffold_hopping_CHK1_3u9n_corehop_17.sdf,../large_fep_dataset/data/fep_benchmark_processed/scaffold_hopping_CHK1_3u9n_corehop_protein.pdb,407,6.5038023,7.086718,7.547071,7.5564513,7.517752,7.088097,7.3093543,7.23522,6.917139,7.1598554,7.1921463
408,scaffold_hopping/CHK1_3u9n_corehop,scaffold_hopping/CHK1_3u9n_corehop/1,../large_fep_dataset/data/fep_benchmark_processed/scaffold_hopping_CHK1_3u9n_corehop_1.sdf,../large_fep_dataset/data/fep_benchmark_processed/scaffold_hopping_CHK1_3u9n_corehop_protein.pdb,408,6.8157144,6.4935203,6.903761,7.2480235,6.872769,6.7531977,6.743399,6.8677464,6.6152115,7.2472463,6.856059
409,scaffold_hopping/CHK1_3u9n_corehop,scaffold_hopping/CHK1_3u9n_corehop/21,../large_fep_dataset/data/fep_benchmark_processed/scaffold_hopping_CHK1_3u9n_corehop_21.sdf,../large_fep_dataset/data/fep_benchmark_processed/scaffold_hopping_CHK1_3u9n_corehop_protein.pdb,409,7.0305057,7.26125,7.399903,7.0985584,7.075177,7.067935,6.796846,7.175389,7.3049912,7.237959,7.1448517
410,scaffold_hopping/CHK1_3u9n_corehop,scaffold_hopping/CHK1_3u9n_corehop/20,../large_fep_dataset/data/fep_benchmark_processed/scaffold_hopping_CHK1_3u9n_corehop_20.sdf,../large_fep_dataset/data/fep_benchmark_processed/scaffold_hopping_CHK1_3u9n_corehop_protein.pdb,410,6.9065733,7.564407,7.2368293,7.260851,7.442137,6.94582,6.882933,7.012701,7.2384796,7.3189692,7.18097
411,scaffold_hopping/CHK1_3u9n_corehop,scaffold_hopping/CHK1_3u9n_corehop/19,../large_fep_dataset/data/fep_benchmark_processed/scaffold_hopping_CHK1_3u9n_corehop_19.sdf,../large_fep_dataset/data/fep_benchmark_processed/scaffold_hopping_CHK1_3u9n_corehop_protein.pdb,411,6.012476,6.6197624,7.433918,7.0087705,6.789441,7.042464,6.9861507,7.060427,6.8825107,7.018017,6.885394
412,gpcrs/a2a_hip278,gpcrs/a2a_hip278/4g,../large_fep_dataset/data/fep_benchmark_processed/gpcrs_a2a_hip278_4g.sdf,../large_fep_dataset/data/fep_benchmark_processed/gpcrs_a2a_hip278_protein.pdb,412,6.290426,6.02228,6.1003666,5.281743,5.0605645,6.2857704,5.7898564,5.422185,6.5542517,6.045422,5.885287
413,gpcrs/a2a_hip278,gpcrs/a2a_hip278/4h,../large_fep_dataset/data/fep_benchmark_processed/gpcrs_a2a_hip278_4h.sdf,../large_fep_dataset/data/fep_benchmark_processed/gpcrs_a2a_hip278_protein.pdb,413,6.7526116,5.8677053,5.9062214,5.534578,5.1379957,6.4229403,6.388981,5.230386,6.180481,6.430938,5.985284
414,gpcrs/a2a_hip278,gpcrs/a2a_hip278/4jS,../large_fep_dataset/data/fep_benchmark_processed/gpcrs_a2a_hip278_4jS.sdf,../large_fep_dataset/data/fep_benchmark_processed/gpcrs_a2a_hip278_protein.pdb,414,6.9322295,5.9153676,6.498753,5.7956724,5.0367217,6.939601,6.1398306,5.7280803,6.35567,6.490847,6.1832776
415,gpcrs/a2a_hip278,gpcrs/a2a_hip278/4kU,../large_fep_dataset/data/fep_benchmark_processed/gpcrs_a2a_hip278_4kU.sdf,../large_fep_dataset/data/fep_benchmark_processed/gpcrs_a2a_hip278_protein.pdb,415,6.3580327,6.1220946,6.515864,5.778062,6.250629,6.7872715,6.830625,6.265963,6.671547,6.6325517,6.4212637
416,gpcrs/a2a_hip278,gpcrs/a2a_hip278/4lD,../large_fep_dataset/data/fep_benchmark_processed/gpcrs_a2a_hip278_4lD.sdf,../large_fep_dataset/data/fep_benchmark_processed/gpcrs_a2a_hip278_protein.pdb,416,6.469606,5.940013,6.4315014,5.976809,5.707616,6.27947,6.4832864,5.6573944,6.261007,6.87712,6.208382
417,gpcrs/a2a_hip278,gpcrs/a2a_hip278/4i,../large_fep_dataset/data/fep_benchmark_processed/gpcrs_a2a_hip278_4i.sdf,../large_fep_dataset/data/fep_benchmark_processed/gpcrs_a2a_hip278_protein.pdb,417,7.134478,6.034696,7.1301756,6.3503227,5.6199594,6.6404705,6.3357487,6.1815863,6.3106413,6.2547774,6.3992853
418,gpcrs/a2a_hip278,gpcrs/a2a_hip278/4a,../large_fep_dataset/data/fep_benchmark_processed/gpcrs_a2a_hip278_4a.sdf,../large_fep_dataset/data/fep_benchmark_processed/gpcrs_a2a_hip278_protein.pdb,418,5.5820713,5.5078363,5.409557,4.8603477,5.2446117,5.3625584,5.6452103,5.7983985,5.8801136,5.176219,5.4466925
419,gpcrs/a2a_hip278,gpcrs/a2a_hip278/4b D,../large_fep_dataset/data/fep_benchmark_processed/gpcrs_a2a_hip278_4b_D.sdf,../large_fep_dataset/data/fep_benchmark_processed/gpcrs_a2a_hip278_protein.pdb,419,6.8337955,6.0801034,6.0071325,5.3909216,6.0051656,5.8646965,6.6046157,6.376892,6.6808424,6.125045,6.1969213
420,gpcrs/a2a_hip278,gpcrs/a2a_hip278/4c,../large_fep_dataset/data/fep_benchmark_processed/gpcrs_a2a_hip278_4c.sdf,../large_fep_dataset/data/fep_benchmark_processed/gpcrs_a2a_hip278_protein.pdb,420,6.615442,6.006316,6.3245487,6.1713204,6.2759266,5.839067,6.447995,6.8961973,6.3703604,6.056465,6.300364
421,gpcrs/a2a_hip278,gpcrs/a2a_hip278/4d,../large_fep_dataset/data/fep_benchmark_processed/gpcrs_a2a_hip278_4d.sdf,../large_fep_dataset/data/fep_benchmark_processed/gpcrs_a2a_hip278_protein.pdb,421,6.5326586,6.625562,6.6769466,6.172835,6.2824144,6.371964,6.741372,6.3725524,6.4722457,5.9755564,6.4224105
422,gpcrs/a2a_hip278,gpcrs/a2a_hip278/4o,../large_fep_dataset/data/fep_benchmark_processed/gpcrs_a2a_hip278_4o.sdf,../large_fep_dataset/data/fep_benchmark_processed/gpcrs_a2a_hip278_protein.pdb,422,6.7569733,6.015582,6.529945,5.871117,6.905575,5.594561,6.3534803,6.177955,6.5667853,6.3412886,6.3113265
423,gpcrs/a2a_hip278,gpcrs/a2a_hip278/4f,../large_fep_dataset/data/fep_benchmark_processed/gpcrs_a2a_hip278_4f.sdf,../large_fep_dataset/data/fep_benchmark_processed/gpcrs_a2a_hip278_protein.pdb,423,6.447918,6.5213585,6.546445,6.4193788,6.4995866,6.183922,5.979111,6.3579226,6.641181,6.532452,6.412927
424,gpcrs/a2a_hip278,gpcrs/a2a_hip278/4e D,../large_fep_dataset/data/fep_benchmark_processed/gpcrs_a2a_hip278_4e_D.sdf,../large_fep_dataset/data/fep_benchmark_processed/gpcrs_a2a_hip278_protein.pdb,424,6.7529426,6.601444,7.087939,6.586752,6.867946,6.45044,6.3237767,6.7032743,7.1934752,7.3024635,6.7870455
425,gpcrs/a2a_hip278,gpcrs/a2a_hip278/4m D,../large_fep_dataset/data/fep_benchmark_processed/gpcrs_a2a_hip278_4m_D.sdf,../large_fep_dataset/data/fep_benchmark_processed/gpcrs_a2a_hip278_protein.pdb,425,6.2892084,5.9863176,5.88063,5.2337666,5.8494735,6.0001774,6.379871,5.647685,6.539261,5.912395,5.971879
426,gpcrs/a2a_hip278,gpcrs/a2a_hip278/4q,../large_fep_dataset/data/fep_benchmark_processed/gpcrs_a2a_hip278_4q.sdf,../large_fep_dataset/data/fep_benchmark_processed/gpcrs_a2a_hip278_protein.pdb,426,5.946337,5.541106,5.337293,4.833195,4.965815,6.058717,6.043272,5.832631,6.1492023,6.00849,5.6716065
427,gpcrs/a2a_hip278,gpcrs/a2a_hip278/4n,../large_fep_dataset/data/fep_benchmark_processed/gpcrs_a2a_hip278_4n.sdf,../large_fep_dataset/data/fep_benchmark_processed/gpcrs_a2a_hip278_protein.pdb,427,6.4644017,5.628012,5.836844,5.490584,6.163237,5.80721,6.176195,6.0133,6.2315702,5.4644184,5.927577
428,gpcrs/a2a_hip278,gpcrs/a2a_hip278/4r U,../large_fep_dataset/data/fep_benchmark_processed/gpcrs_a2a_hip278_4r_U.sdf,../large_fep_dataset/data/fep_benchmark_processed/gpcrs_a2a_hip278_protein.pdb,428,6.8931007,5.633831,6.3931637,6.053801,6.5584197,6.028778,6.1609416,5.7179685,6.5724926,5.6080737,6.162057
429,gpcrs/a2a_hip278,gpcrs/a2a_hip278/4o deprotonated,../large_fep_dataset/data/fep_benchmark_processed/gpcrs_a2a_hip278_4o_deprotonated.sdf,../large_fep_dataset/data/fep_benchmark_processed/gpcrs_a2a_hip278_protein.pdb,429,6.605777,5.9373155,6.029959,5.560478,6.4413667,5.3281784,6.451196,5.672511,6.537527,6.018164,6.0582476
430,gpcrs/a2a_hip278,gpcrs/a2a_hip278/4eD deprotonated,../large_fep_dataset/data/fep_benchmark_processed/gpcrs_a2a_hip278_4eD_deprotonated.sdf,../large_fep_dataset/data/fep_benchmark_processed/gpcrs_a2a_hip278_protein.pdb,430,6.9629583,6.7647924,6.5109124,6.371582,6.639539,5.663461,6.3929996,6.681769,7.33137,6.0161614,6.533555
431,gpcrs/a2a_hip278,gpcrs/a2a_hip278/4f deprotonated,../large_fep_dataset/data/fep_benchmark_processed/gpcrs_a2a_hip278_4f_deprotonated.sdf,../large_fep_dataset/data/fep_benchmark_processed/gpcrs_a2a_hip278_protein.pdb,431,6.6733985,6.087295,6.5527053,6.102614,5.906039,6.146442,5.9721866,6.255939,6.3651576,6.1379824,6.219976
432,gpcrs/ox2_hip_custcore,gpcrs/ox2_hip_custcore/set 1: 1,../large_fep_dataset/data/fep_benchmark_processed/gpcrs_ox2_hip_custcore_set_1:_1.sdf,../large_fep_dataset/data/fep_benchmark_processed/gpcrs_ox2_hip_custcore_protein.pdb,432,6.564099,7.8661737,6.9145474,6.4175215,7.3479724,7.4051204,7.463537,6.212315,6.6444974,6.602523,6.943831
433,gpcrs/ox2_hip_custcore,gpcrs/ox2_hip_custcore/set 1: 2,../large_fep_dataset/data/fep_benchmark_processed/gpcrs_ox2_hip_custcore_set_1:_2.sdf,../large_fep_dataset/data/fep_benchmark_processed/gpcrs_ox2_hip_custcore_protein.pdb,433,6.732844,6.579905,6.922817,6.493323,6.839433,7.4246125,6.650675,6.8308496,6.5232863,6.686898,6.768464
434,gpcrs/ox2_hip_custcore,gpcrs/ox2_hip_custcore/set 1: 3,../large_fep_dataset/data/fep_benchmark_processed/gpcrs_ox2_hip_custcore_set_1:_3.sdf,../large_fep_dataset/data/fep_benchmark_processed/gpcrs_ox2_hip_custcore_protein.pdb,434,6.5080557,6.7696075,6.7513795,6.2482285,6.8871517,6.93233,7.193731,6.8304067,7.23747,6.842297,6.8200655
435,gpcrs/ox2_hip_custcore,gpcrs/ox2_hip_custcore/set 1: 4,../large_fep_dataset/data/fep_benchmark_processed/gpcrs_ox2_hip_custcore_set_1:_4.sdf,../large_fep_dataset/data/fep_benchmark_processed/gpcrs_ox2_hip_custcore_protein.pdb,435,7.0518847,7.5309334,6.4829044,6.421967,7.3612437,7.665535,7.568794,6.9559164,7.296475,7.33318,7.166884
436,gpcrs/ox2_hip_custcore,gpcrs/ox2_hip_custcore/set 1: 5,../large_fep_dataset/data/fep_benchmark_processed/gpcrs_ox2_hip_custcore_set_1:_5.sdf,../large_fep_dataset/data/fep_benchmark_processed/gpcrs_ox2_hip_custcore_protein.pdb,436,7.801173,7.4979954,6.95784,6.883374,8.230021,7.3962965,7.6882873,6.8147874,7.290126,7.396839,7.395674
437,gpcrs/ox2_hip_custcore,gpcrs/ox2_hip_custcore/set 1: 6,../large_fep_dataset/data/fep_benchmark_processed/gpcrs_ox2_hip_custcore_set_1:_6.sdf,../large_fep_dataset/data/fep_benchmark_processed/gpcrs_ox2_hip_custcore_protein.pdb,437,6.2290154,6.8653674,6.9018226,6.6272407,7.1011167,7.4056964,6.80607,6.764918,6.624404,6.6794066,6.8005056
438,gpcrs/ox2_hip_custcore,gpcrs/ox2_hip_custcore/set 1: 7,../large_fep_dataset/data/fep_benchmark_processed/gpcrs_ox2_hip_custcore_set_1:_7.sdf,../large_fep_dataset/data/fep_benchmark_processed/gpcrs_ox2_hip_custcore_protein.pdb,438,7.7505107,7.6390095,6.8097806,6.7625666,7.778342,7.652695,7.0705886,6.6837792,7.73942,7.1708903,7.3057585
439,gpcrs/ox2_hip_custcore,gpcrs/ox2_hip_custcore/set 1: 8,../large_fep_dataset/data/fep_benchmark_processed/gpcrs_ox2_hip_custcore_set_1:_8.sdf,../large_fep_dataset/data/fep_benchmark_processed/gpcrs_ox2_hip_custcore_protein.pdb,439,6.578591,7.869992,6.661503,6.615696,7.35945,7.7414107,7.2859926,6.859926,7.1935115,7.117363,7.128343
440,gpcrs/ox2_hip_custcore,gpcrs/ox2_hip_custcore/set 1: 9,../large_fep_dataset/data/fep_benchmark_processed/gpcrs_ox2_hip_custcore_set_1:_9.sdf,../large_fep_dataset/data/fep_benchmark_processed/gpcrs_ox2_hip_custcore_protein.pdb,440,6.2902503,6.6236296,6.886864,6.5970497,7.0961103,7.2812996,6.5338125,6.270575,6.9397326,6.8073897,6.7326713
441,gpcrs/ox2_hip_custcore,gpcrs/ox2_hip_custcore/set 1: 10,../large_fep_dataset/data/fep_benchmark_processed/gpcrs_ox2_hip_custcore_set_1:_10.sdf,../large_fep_dataset/data/fep_benchmark_processed/gpcrs_ox2_hip_custcore_protein.pdb,441,6.433566,7.459035,7.1343374,6.4148526,7.178698,7.69481,7.2155437,6.774848,7.05893,6.6142664,6.997889
442,gpcrs/ox2_hip_custcore,gpcrs/ox2_hip_custcore/set 1: 11,../large_fep_dataset/data/fep_benchmark_processed/gpcrs_ox2_hip_custcore_set_1:_11.sdf,../large_fep_dataset/data/fep_benchmark_processed/gpcrs_ox2_hip_custcore_protein.pdb,442,7.2063622,8.021612,6.8031816,6.558253,7.3048115,7.798863,7.2864,6.819936,7.1256747,7.593566,7.2518654
443,gpcrs/ox2_hip_custcore,gpcrs/ox2_hip_custcore/set 1: 12,../large_fep_dataset/data/fep_benchmark_processed/gpcrs_ox2_hip_custcore_set_1:_12.sdf,../large_fep_dataset/data/fep_benchmark_processed/gpcrs_ox2_hip_custcore_protein.pdb,443,7.188926,7.276149,6.78544,6.5432906,7.4811654,7.1387706,7.116549,6.791443,7.0109954,7.159126,7.0491853
444,gpcrs/ox2_hip_custcore,gpcrs/ox2_hip_custcore/set 1: 13,../large_fep_dataset/data/fep_benchmark_processed/gpcrs_ox2_hip_custcore_set_1:_13.sdf,../large_fep_dataset/data/fep_benchmark_processed/gpcrs_ox2_hip_custcore_protein.pdb,444,6.9965534,7.195987,6.717699,6.5750804,7.4092207,7.0271826,6.6774936,6.853162,6.791638,6.4153056,6.8659325
445,gpcrs/ox2_hip_custcore,gpcrs/ox2_hip_custcore/set 1: 14,../large_fep_dataset/data/fep_benchmark_processed/gpcrs_ox2_hip_custcore_set_1:_14.sdf,../large_fep_dataset/data/fep_benchmark_processed/gpcrs_ox2_hip_custcore_protein.pdb,445,6.900293,7.7033105,6.647425,6.310794,7.3666606,7.3181963,7.0349593,6.403465,7.0084743,6.7116394,6.9405212
446,gpcrs/ox2_hip_custcore,gpcrs/ox2_hip_custcore/set 1: 15,../large_fep_dataset/data/fep_benchmark_processed/gpcrs_ox2_hip_custcore_set_1:_15.sdf,../large_fep_dataset/data/fep_benchmark_processed/gpcrs_ox2_hip_custcore_protein.pdb,446,7.0305,6.9195204,7.13678,6.5329185,7.0236917,7.1820283,6.859746,7.1085043,6.9748845,7.445173,7.0213747
447,gpcrs/ox2_hip_custcore,gpcrs/ox2_hip_custcore/set 1: 16,../large_fep_dataset/data/fep_benchmark_processed/gpcrs_ox2_hip_custcore_set_1:_16.sdf,../large_fep_dataset/data/fep_benchmark_processed/gpcrs_ox2_hip_custcore_protein.pdb,447,6.210708,7.2046013,6.6186123,6.258588,7.617557,7.353267,7.2392745,6.541032,7.271013,6.9749174,6.9289565
448,gpcrs/ox2_hip_custcore,gpcrs/ox2_hip_custcore/set 1: 17,../large_fep_dataset/data/fep_benchmark_processed/gpcrs_ox2_hip_custcore_set_1:_17.sdf,../large_fep_dataset/data/fep_benchmark_processed/gpcrs_ox2_hip_custcore_protein.pdb,448,6.8758316,7.378051,6.5300446,6.466479,7.2319894,7.5270534,7.1227484,6.500707,6.9529333,6.962601,6.954844
449,gpcrs/ox2_hip_custcore,gpcrs/ox2_hip_custcore/set 1: 18,../large_fep_dataset/data/fep_benchmark_processed/gpcrs_ox2_hip_custcore_set_1:_18.sdf,../large_fep_dataset/data/fep_benchmark_processed/gpcrs_ox2_hip_custcore_protein.pdb,449,7.4284577,7.7130246,7.1459455,6.828261,8.246197,7.460368,7.727422,7.188612,7.4118347,7.5501842,7.470031
450,gpcrs/ox2_hip_custcore,gpcrs/ox2_hip_custcore/set 1: 19,../large_fep_dataset/data/fep_benchmark_processed/gpcrs_ox2_hip_custcore_set_1:_19.sdf,../large_fep_dataset/data/fep_benchmark_processed/gpcrs_ox2_hip_custcore_protein.pdb,450,7.4672546,7.8268704,6.9220533,6.991153,7.455387,7.5415874,7.2066317,6.716858,7.2499084,7.6717267,7.304943
451,gpcrs/ox2_hip_custcore,gpcrs/ox2_hip_custcore/set 1: 20,../large_fep_dataset/data/fep_benchmark_processed/gpcrs_ox2_hip_custcore_set_1:_20.sdf,../large_fep_dataset/data/fep_benchmark_processed/gpcrs_ox2_hip_custcore_protein.pdb,451,7.171019,7.3992233,6.6216455,6.4200006,7.1381555,7.7416887,7.4854627,6.5971932,7.359116,6.988866,7.092237
452,gpcrs/ox2_hip_custcore,gpcrs/ox2_hip_custcore/set 1: 21,../large_fep_dataset/data/fep_benchmark_processed/gpcrs_ox2_hip_custcore_set_1:_21.sdf,../large_fep_dataset/data/fep_benchmark_processed/gpcrs_ox2_hip_custcore_protein.pdb,452,6.9746637,6.7066374,6.419517,6.456457,7.085257,6.714051,6.7744164,6.647336,6.8226237,6.9505053,6.755147
453,gpcrs/ox2_hip_custcore,gpcrs/ox2_hip_custcore/set 1: 22,../large_fep_dataset/data/fep_benchmark_processed/gpcrs_ox2_hip_custcore_set_1:_22.sdf,../large_fep_dataset/data/fep_benchmark_processed/gpcrs_ox2_hip_custcore_protein.pdb,453,6.5572805,7.3457294,6.3445935,6.055613,7.2671022,7.4379177,7.2041097,6.3540177,6.934003,7.277447,6.877781
454,gpcrs/ox2_hip_custcore,gpcrs/ox2_hip_custcore/set 1: 23,../large_fep_dataset/data/fep_benchmark_processed/gpcrs_ox2_hip_custcore_set_1:_23.sdf,../large_fep_dataset/data/fep_benchmark_processed/gpcrs_ox2_hip_custcore_protein.pdb,454,6.935002,6.5885196,6.895534,6.1397376,6.85513,7.308566,6.9854426,6.5802712,6.4462295,7.003555,6.773799
455,gpcrs/ox2_hip_custcore,gpcrs/ox2_hip_custcore/set 1: 24,../large_fep_dataset/data/fep_benchmark_processed/gpcrs_ox2_hip_custcore_set_1:_24.sdf,../large_fep_dataset/data/fep_benchmark_processed/gpcrs_ox2_hip_custcore_protein.pdb,455,7.269324,7.564531,6.9542727,6.577283,7.366208,7.5287023,7.3828874,6.8036695,7.250175,7.2182326,7.1915283
456,gpcrs/ox2_hip_custcore,gpcrs/ox2_hip_custcore/set 1: 25,../large_fep_dataset/data/fep_benchmark_processed/gpcrs_ox2_hip_custcore_set_1:_25.sdf,../large_fep_dataset/data/fep_benchmark_processed/gpcrs_ox2_hip_custcore_protein.pdb,456,6.9825964,7.48589,7.2072215,6.5147724,7.7906537,7.6754646,7.3964434,6.4458857,7.2366924,7.0614004,7.179702
457,gpcrs/ox2_hip_custcore,gpcrs/ox2_hip_custcore/set 1: 26,../large_fep_dataset/data/fep_benchmark_processed/gpcrs_ox2_hip_custcore_set_1:_26.sdf,../large_fep_dataset/data/fep_benchmark_processed/gpcrs_ox2_hip_custcore_protein.pdb,457,7.0747237,7.7777047,6.8178062,6.524098,7.1949153,7.883561,7.3586483,6.734336,6.9224477,7.067452,7.135569
458,gpcrs/ox2_hip_custcore,gpcrs/ox2_hip_custcore/set 1: 27,../large_fep_dataset/data/fep_benchmark_processed/gpcrs_ox2_hip_custcore_set_1:_27.sdf,../large_fep_dataset/data/fep_benchmark_processed/gpcrs_ox2_hip_custcore_protein.pdb,458,6.4476113,7.2002144,6.4934726,6.0896626,7.0978723,7.440156,7.219315,6.472857,7.0337443,6.713521,6.8208427
459,gpcrs/ox2_hip_custcore,gpcrs/ox2_hip_custcore/set 2: 1,../large_fep_dataset/data/fep_benchmark_processed/gpcrs_ox2_hip_custcore_set_2:_1.sdf,../large_fep_dataset/data/fep_benchmark_processed/gpcrs_ox2_hip_custcore_protein.pdb,459,7.087038,6.935518,6.1523347,6.236427,7.440664,7.549503,7.0333867,6.4304137,7.413358,7.215504,6.9494147
460,gpcrs/ox2_hip_custcore,gpcrs/ox2_hip_custcore/set 2: 2,../large_fep_dataset/data/fep_benchmark_processed/gpcrs_ox2_hip_custcore_set_2:_2.sdf,../large_fep_dataset/data/fep_benchmark_processed/gpcrs_ox2_hip_custcore_protein.pdb,460,6.5512714,6.1801476,5.5420628,5.2187138,6.5229845,6.9455824,6.63598,5.8588486,6.8995943,6.7763042,6.3131485
461,gpcrs/ox2_hip_custcore,gpcrs/ox2_hip_custcore/set 2: 3,../large_fep_dataset/data/fep_benchmark_processed/gpcrs_ox2_hip_custcore_set_2:_3.sdf,../large_fep_dataset/data/fep_benchmark_processed/gpcrs_ox2_hip_custcore_protein.pdb,461,7.089574,6.5427723,6.189249,6.1452813,7.084951,7.4378843,6.8106017,6.0475855,7.738751,6.48986,6.757651
462,gpcrs/ox2_hip_custcore,gpcrs/ox2_hip_custcore/set 2: 4,../large_fep_dataset/data/fep_benchmark_processed/gpcrs_ox2_hip_custcore_set_2:_4.sdf,../large_fep_dataset/data/fep_benchmark_processed/gpcrs_ox2_hip_custcore_protein.pdb,462,7.342849,6.9519215,6.466663,6.0338206,7.649847,7.4725213,6.9946346,6.5231385,7.1211224,6.998361,6.9554877
463,gpcrs/ox2_hip_custcore,gpcrs/ox2_hip_custcore/set 2: 5 adjust,../large_fep_dataset/data/fep_benchmark_processed/gpcrs_ox2_hip_custcore_set_2:_5_adjust.sdf,../large_fep_dataset/data/fep_benchmark_processed/gpcrs_ox2_hip_custcore_protein.pdb,463,6.643326,7.440796,6.427402,6.0149646,7.66825,7.7315583,7.08906,6.1988673,7.2030363,7.002824,6.942009
464,gpcrs/ox2_hip_custcore,gpcrs/ox2_hip_custcore/set 2: 6,../large_fep_dataset/data/fep_benchmark_processed/gpcrs_ox2_hip_custcore_set_2:_6.sdf,../large_fep_dataset/data/fep_benchmark_processed/gpcrs_ox2_hip_custcore_protein.pdb,464,7.5138073,7.57398,7.1020336,6.0127034,7.720449,7.57701,7.575966,6.7113643,7.056475,7.751123,7.259491
465,gpcrs/ox2_hip_custcore,gpcrs/ox2_hip_custcore/set 2: 7,../large_fep_dataset/data/fep_benchmark_processed/gpcrs_ox2_hip_custcore_set_2:_7.sdf,../large_fep_dataset/data/fep_benchmark_processed/gpcrs_ox2_hip_custcore_protein.pdb,465,6.786092,7.201357,6.30904,6.079758,6.867161,7.6236286,6.8363614,6.543362,7.4763365,6.8825545,6.860565
466,gpcrs/ox2_hip_custcore,gpcrs/ox2_hip_custcore/set 2: 8,../large_fep_dataset/data/fep_benchmark_processed/gpcrs_ox2_hip_custcore_set_2:_8.sdf,../large_fep_dataset/data/fep_benchmark_processed/gpcrs_ox2_hip_custcore_protein.pdb,466,6.6484985,7.2273283,6.5255084,6.0393214,7.191204,7.527604,7.113871,6.4873986,7.230416,7.0134516,6.9004602
467,gpcrs/ox2_hip_custcore,gpcrs/ox2_hip_custcore/set 2: 9,../large_fep_dataset/data/fep_benchmark_processed/gpcrs_ox2_hip_custcore_set_2:_9.sdf,../large_fep_dataset/data/fep_benchmark_processed/gpcrs_ox2_hip_custcore_protein.pdb,467,7.0529833,7.7012515,6.8519907,5.9786797,7.694926,7.809902,6.919842,6.6572886,7.117985,7.063759,7.0848603
468,gpcrs/ox2_hip_custcore,gpcrs/ox2_hip_custcore/set 2: 10,../large_fep_dataset/data/fep_benchmark_processed/gpcrs_ox2_hip_custcore_set_2:_10.sdf,../large_fep_dataset/data/fep_benchmark_processed/gpcrs_ox2_hip_custcore_protein.pdb,468,6.7514377,7.550571,7.0405655,6.228059,7.6747713,7.6017203,7.0904264,6.162047,7.413748,7.0673957,7.058074
469,gpcrs/ox2_hip_custcore,gpcrs/ox2_hip_custcore/set 2: 11,../large_fep_dataset/data/fep_benchmark_processed/gpcrs_ox2_hip_custcore_set_2:_11.sdf,../large_fep_dataset/data/fep_benchmark_processed/gpcrs_ox2_hip_custcore_protein.pdb,469,6.7764792,7.2230206,6.2582054,5.9741063,6.517952,7.7029653,6.6354933,6.160908,7.141571,7.088458,6.7479157
470,gpcrs/ox2_hip_custcore,gpcrs/ox2_hip_custcore/set 2: 12,../large_fep_dataset/data/fep_benchmark_processed/gpcrs_ox2_hip_custcore_set_2:_12.sdf,../large_fep_dataset/data/fep_benchmark_processed/gpcrs_ox2_hip_custcore_protein.pdb,470,7.509745,7.608547,6.893243,6.271607,7.535899,7.8412905,6.874525,6.6212015,7.688894,7.908297,7.275325
471,gpcrs/ox2_hip_custcore,gpcrs/ox2_hip_custcore/set 2: 13,../large_fep_dataset/data/fep_benchmark_processed/gpcrs_ox2_hip_custcore_set_2:_13.sdf,../large_fep_dataset/data/fep_benchmark_processed/gpcrs_ox2_hip_custcore_protein.pdb,471,6.748183,7.3485627,6.004516,6.1327243,7.033807,7.693531,7.1683908,5.999243,7.622866,6.7236185,6.8475447
472,gpcrs/ox2_hip_custcore,gpcrs/ox2_hip_custcore/set 2: 14,../large_fep_dataset/data/fep_benchmark_processed/gpcrs_ox2_hip_custcore_set_2:_14.sdf,../large_fep_dataset/data/fep_benchmark_processed/gpcrs_ox2_hip_custcore_protein.pdb,472,6.955544,6.9359818,6.1897907,6.157731,7.325278,7.7884088,7.0643396,6.260218,7.3767853,6.813986,6.8868065
473,gpcrs/ox2_hip_custcore,gpcrs/ox2_hip_custcore/set 2: 15,../large_fep_dataset/data/fep_benchmark_processed/gpcrs_ox2_hip_custcore_set_2:_15.sdf,../large_fep_dataset/data/fep_benchmark_processed/gpcrs_ox2_hip_custcore_protein.pdb,473,6.2206826,7.4958405,6.57712,6.4896717,7.337795,7.682463,7.2724156,6.6487503,7.6033235,7.1881814,7.0516243
474,gpcrs/ox2_hip_custcore,gpcrs/ox2_hip_custcore/set 2: 16,../large_fep_dataset/data/fep_benchmark_processed/gpcrs_ox2_hip_custcore_set_2:_16.sdf,../large_fep_dataset/data/fep_benchmark_processed/gpcrs_ox2_hip_custcore_protein.pdb,474,7.486286,6.6717315,6.7511096,6.0620384,7.3227563,7.5883026,7.1527243,6.3117666,7.335592,6.7609653,6.9443274
475,gpcrs/ox2_hip_custcore,gpcrs/ox2_hip_custcore/set 2: 17,../large_fep_dataset/data/fep_benchmark_processed/gpcrs_ox2_hip_custcore_set_2:_17.sdf,../large_fep_dataset/data/fep_benchmark_processed/gpcrs_ox2_hip_custcore_protein.pdb,475,7.7286325,7.495754,6.469684,6.642184,7.5564847,7.777761,7.173681,7.313697,7.519475,6.944126,7.2621474
476,gpcrs/ox2_hip_custcore,gpcrs/ox2_hip_custcore/set 2: 18,../large_fep_dataset/data/fep_benchmark_processed/gpcrs_ox2_hip_custcore_set_2:_18.sdf,../large_fep_dataset/data/fep_benchmark_processed/gpcrs_ox2_hip_custcore_protein.pdb,476,6.911753,7.2777324,6.5105333,6.0802436,7.665036,7.535889,7.0559444,6.452452,7.267245,7.2261944,6.9983025
477,gpcrs/ox2_hip_custcore,gpcrs/ox2_hip_custcore/set 2: 19,../large_fep_dataset/data/fep_benchmark_processed/gpcrs_ox2_hip_custcore_set_2:_19.sdf,../large_fep_dataset/data/fep_benchmark_processed/gpcrs_ox2_hip_custcore_protein.pdb,477,6.8897877,6.627575,6.3224607,5.6445847,7.08152,7.054354,7.0241327,6.2665067,7.8793554,7.260037,6.805032
478,gpcrs/ox2_hip_custcore,gpcrs/ox2_hip_custcore/set 2: 20,../large_fep_dataset/data/fep_benchmark_processed/gpcrs_ox2_hip_custcore_set_2:_20.sdf,../large_fep_dataset/data/fep_benchmark_processed/gpcrs_ox2_hip_custcore_protein.pdb,478,6.64603,6.832484,6.566301,5.9050913,7.0030437,7.6898456,7.0010858,6.216313,7.523582,6.988921,6.83727
479,gpcrs/ox2_hip_custcore,gpcrs/ox2_hip_custcore/set 2: 21,../large_fep_dataset/data/fep_benchmark_processed/gpcrs_ox2_hip_custcore_set_2:_21.sdf,../large_fep_dataset/data/fep_benchmark_processed/gpcrs_ox2_hip_custcore_protein.pdb,479,7.0400286,7.222214,6.577713,5.710057,7.6221275,7.6211343,7.1673045,6.3150945,6.7487326,6.870339,6.8894753
480,gpcrs/ox2_hip_custcore,gpcrs/ox2_hip_custcore/set 2: 22,../large_fep_dataset/data/fep_benchmark_processed/gpcrs_ox2_hip_custcore_set_2:_22.sdf,../large_fep_dataset/data/fep_benchmark_processed/gpcrs_ox2_hip_custcore_protein.pdb,480,6.573498,7.00575,5.5055304,5.8113265,6.5028105,7.1531234,6.449963,6.2440047,7.0457582,6.5316844,6.482344
481,gpcrs/ox2_hip_custcore,gpcrs/ox2_hip_custcore/set 2: 23,../large_fep_dataset/data/fep_benchmark_processed/gpcrs_ox2_hip_custcore_set_2:_23.sdf,../large_fep_dataset/data/fep_benchmark_processed/gpcrs_ox2_hip_custcore_protein.pdb,481,7.0788765,7.124617,6.3444014,5.826044,7.439542,7.6931944,7.034462,6.271021,6.9579444,6.66711,6.843721
482,gpcrs/ox2_hip_custcore,gpcrs/ox2_hip_custcore/set 2: 24,../large_fep_dataset/data/fep_benchmark_processed/gpcrs_ox2_hip_custcore_set_2:_24.sdf,../large_fep_dataset/data/fep_benchmark_processed/gpcrs_ox2_hip_custcore_protein.pdb,482,7.104493,7.450585,6.9457793,6.86791,7.523008,7.623457,7.1749825,7.185083,7.622401,7.4390516,7.2936754
483,gpcrs/p2y1_meta_sub,gpcrs/p2y1_meta_sub/16,../large_fep_dataset/data/fep_benchmark_processed/gpcrs_p2y1_meta_sub_16.sdf,../large_fep_dataset/data/fep_benchmark_processed/gpcrs_p2y1_meta_sub_protein.pdb,483,6.623105,6.000682,6.430783,6.5380077,6.3315077,6.554412,6.3941736,6.7128043,6.4441485,6.649199,6.4678817
484,gpcrs/p2y1_meta_sub,gpcrs/p2y1_meta_sub/11a,../large_fep_dataset/data/fep_benchmark_processed/gpcrs_p2y1_meta_sub_11a.sdf,../large_fep_dataset/data/fep_benchmark_processed/gpcrs_p2y1_meta_sub_protein.pdb,484,6.155699,5.310498,4.997421,5.687513,5.241078,5.135967,5.478877,5.4309955,5.768096,5.659387,5.486553
485,gpcrs/p2y1_meta_sub,gpcrs/p2y1_meta_sub/6e,../large_fep_dataset/data/fep_benchmark_processed/gpcrs_p2y1_meta_sub_6e.sdf,../large_fep_dataset/data/fep_benchmark_processed/gpcrs_p2y1_meta_sub_protein.pdb,485,5.925417,5.445081,5.2043576,5.429516,5.160427,4.8072453,5.35633,5.1610565,5.4613156,5.016304,5.296705
486,gpcrs/p2y1_meta_sub,gpcrs/p2y1_meta_sub/11c,../large_fep_dataset/data/fep_benchmark_processed/gpcrs_p2y1_meta_sub_11c.sdf,../large_fep_dataset/data/fep_benchmark_processed/gpcrs_p2y1_meta_sub_protein.pdb,486,6.3887167,5.995636,6.4379754,6.1299953,5.749917,6.103839,6.2550364,6.322872,6.4670978,6.4477167,6.2298803
487,gpcrs/p2y1_meta_sub,gpcrs/p2y1_meta_sub/6b,../large_fep_dataset/data/fep_benchmark_processed/gpcrs_p2y1_meta_sub_6b.sdf,../large_fep_dataset/data/fep_benchmark_processed/gpcrs_p2y1_meta_sub_protein.pdb,487,6.2850857,4.8863583,5.1665907,5.649461,5.002134,5.264406,5.3650084,5.5345187,5.8589163,5.3129706,5.432545
488,gpcrs/p2y1_meta_sub,gpcrs/p2y1_meta_sub/1,../large_fep_dataset/data/fep_benchmark_processed/gpcrs_p2y1_meta_sub_1.sdf,../large_fep_dataset/data/fep_benchmark_processed/gpcrs_p2y1_meta_sub_protein.pdb,488,6.1372757,4.6808424,5.132231,5.6735396,5.2588315,5.0691853,5.640816,5.57924,5.9765925,5.499589,5.464814
489,gpcrs/p2y1_meta_sub,gpcrs/p2y1_meta_sub/6a,../large_fep_dataset/data/fep_benchmark_processed/gpcrs_p2y1_meta_sub_6a.sdf,../large_fep_dataset/data/fep_benchmark_processed/gpcrs_p2y1_meta_sub_protein.pdb,489,6.0285664,5.2926764,5.4417896,5.8070903,5.205335,5.1252227,5.156962,5.108515,5.811489,5.2523465,5.4229994
490,gpcrs/p2y1_meta_sub,gpcrs/p2y1_meta_sub/6f,../large_fep_dataset/data/fep_benchmark_processed/gpcrs_p2y1_meta_sub_6f.sdf,../large_fep_dataset/data/fep_benchmark_processed/gpcrs_p2y1_meta_sub_protein.pdb,490,5.7434697,4.951418,5.353547,5.163186,5.344301,4.915772,5.3000026,5.153896,6.3719783,5.7510347,5.4048605
491,gpcrs/p2y1_meta_sub,gpcrs/p2y1_meta_sub/6h,../large_fep_dataset/data/fep_benchmark_processed/gpcrs_p2y1_meta_sub_6h.sdf,../large_fep_dataset/data/fep_benchmark_processed/gpcrs_p2y1_meta_sub_protein.pdb,491,5.868281,4.9572544,5.411187,5.4415336,5.075709,4.9167647,5.450761,5.291337,5.6262007,4.8824143,5.2921443
492,gpcrs/p2y1_meta_sub,gpcrs/p2y1_meta_sub/6d,../large_fep_dataset/data/fep_benchmark_processed/gpcrs_p2y1_meta_sub_6d.sdf,../large_fep_dataset/data/fep_benchmark_processed/gpcrs_p2y1_meta_sub_protein.pdb,492,5.8823977,5.0157266,5.3543873,5.243416,5.2429657,4.7361736,5.4232936,5.2707357,5.753164,5.5152164,5.3437476
493,gpcrs/p2y1_meta_sub,gpcrs/p2y1_meta_sub/6i,../large_fep_dataset/data/fep_benchmark_processed/gpcrs_p2y1_meta_sub_6i.sdf,../large_fep_dataset/data/fep_benchmark_processed/gpcrs_p2y1_meta_sub_protein.pdb,493,6.5898147,6.2044716,6.209656,5.8857336,5.5264378,5.2964993,6.2916665,5.9990244,6.224386,6.2660556,6.0493746
494,gpcrs/p2y1_meta_sub,gpcrs/p2y1_meta_sub/6g,../large_fep_dataset/data/fep_benchmark_processed/gpcrs_p2y1_meta_sub_6g.sdf,../large_fep_dataset/data/fep_benchmark_processed/gpcrs_p2y1_meta_sub_protein.pdb,494,5.761413,5.03207,5.5048738,5.4099236,5.3060646,4.6013703,4.9912267,4.986534,5.9381213,5.1305604,5.266216
495,gpcrs/p2y1_meta_sub,gpcrs/p2y1_meta_sub/6n,../large_fep_dataset/data/fep_benchmark_processed/gpcrs_p2y1_meta_sub_6n.sdf,../large_fep_dataset/data/fep_benchmark_processed/gpcrs_p2y1_meta_sub_protein.pdb,495,6.456294,5.5213666,5.5053177,5.6243258,5.597202,5.1618357,5.8589945,6.097881,6.234569,5.318283,5.737607
496,gpcrs/p2y1_meta_sub,gpcrs/p2y1_meta_sub/6m,../large_fep_dataset/data/fep_benchmark_processed/gpcrs_p2y1_meta_sub_6m.sdf,../large_fep_dataset/data/fep_benchmark_processed/gpcrs_p2y1_meta_sub_protein.pdb,496,6.105442,5.4710083,6.0453563,5.4484797,5.5198584,5.072557,6.2877207,5.4000278,5.2756534,5.131526,5.5757627
497,gpcrs/p2y1_meta_sub,gpcrs/p2y1_meta_sub/6p,../large_fep_dataset/data/fep_benchmark_processed/gpcrs_p2y1_meta_sub_6p.sdf,../large_fep_dataset/data/fep_benchmark_processed/gpcrs_p2y1_meta_sub_protein.pdb,497,5.994736,5.7342267,5.631649,5.584547,5.5449123,4.9634156,6.065301,5.459099,5.853628,5.2918425,5.6123357
498,gpcrs/p2y1_meta_sub,gpcrs/p2y1_meta_sub/6k,../large_fep_dataset/data/fep_benchmark_processed/gpcrs_p2y1_meta_sub_6k.sdf,../large_fep_dataset/data/fep_benchmark_processed/gpcrs_p2y1_meta_sub_protein.pdb,498,6.0487237,5.77732,6.176283,5.7866364,5.739981,5.842809,5.5870953,5.6007376,6.1755085,5.5849247,5.8320017
499,gpcrs/p2y1_meta_sub,gpcrs/p2y1_meta_sub/6o,../large_fep_dataset/data/fep_benchmark_processed/gpcrs_p2y1_meta_sub_6o.sdf,../large_fep_dataset/data/fep_benchmark_processed/gpcrs_p2y1_meta_sub_protein.pdb,499,6.241597,5.4789453,5.6648555,5.579845,5.9474807,5.3799086,5.6482778,5.971549,6.075996,5.6904488,5.7678905
500,gpcrs/p2y1_meta_sub,gpcrs/p2y1_meta_sub/6q,../large_fep_dataset/data/fep_benchmark_processed/gpcrs_p2y1_meta_sub_6q.sdf,../large_fep_dataset/data/fep_benchmark_processed/gpcrs_p2y1_meta_sub_protein.pdb,500,5.9301147,5.34437,5.4811096,5.7709136,5.498923,4.943921,5.1711984,5.5635653,5.987381,4.7556667,5.4447165
501,gpcrs/p2y1_meta_sub,gpcrs/p2y1_meta_sub/6l,../large_fep_dataset/data/fep_benchmark_processed/gpcrs_p2y1_meta_sub_6l.sdf,../large_fep_dataset/data/fep_benchmark_processed/gpcrs_p2y1_meta_sub_protein.pdb,501,5.9832883,5.256565,5.5584006,5.7142096,5.43221,5.1304026,5.5722976,5.2522616,5.7490435,5.060228,5.47089
502,gpcrs/p2y1_meta_sub,gpcrs/p2y1_meta_sub/6j,../large_fep_dataset/data/fep_benchmark_processed/gpcrs_p2y1_meta_sub_6j.sdf,../large_fep_dataset/data/fep_benchmark_processed/gpcrs_p2y1_meta_sub_protein.pdb,502,6.0671024,4.9414053,5.4505086,5.874507,5.667035,5.0810585,5.6445704,5.0791383,5.5414853,5.268813,5.461562
503,gpcrs/p2y1_ortho_sub,gpcrs/p2y1_ortho_sub/16,../large_fep_dataset/data/fep_benchmark_processed/gpcrs_p2y1_ortho_sub_16.sdf,../large_fep_dataset/data/fep_benchmark_processed/gpcrs_p2y1_ortho_sub_protein.pdb,503,6.845322,6.5620375,6.8302665,6.393579,6.2745237,6.6328406,6.352159,6.9512234,6.740391,6.735573,6.6317916
504,gpcrs/p2y1_ortho_sub,gpcrs/p2y1_ortho_sub/11b,../large_fep_dataset/data/fep_benchmark_processed/gpcrs_p2y1_ortho_sub_11b.sdf,../large_fep_dataset/data/fep_benchmark_processed/gpcrs_p2y1_ortho_sub_protein.pdb,504,7.098056,5.86496,7.20177,6.3421926,6.2123823,6.982809,6.6208897,6.588167,7.2796617,6.6686764,6.6859565
505,gpcrs/p2y1_ortho_sub,gpcrs/p2y1_ortho_sub/17,../large_fep_dataset/data/fep_benchmark_processed/gpcrs_p2y1_ortho_sub_17.sdf,../large_fep_dataset/data/fep_benchmark_processed/gpcrs_p2y1_ortho_sub_protein.pdb,505,6.691356,6.3193865,6.7517705,6.3869853,5.9516077,6.45739,6.5951476,6.851358,6.836822,6.323404,6.5165224
506,gpcrs/p2y1_ortho_sub,gpcrs/p2y1_ortho_sub/14,../large_fep_dataset/data/fep_benchmark_processed/gpcrs_p2y1_ortho_sub_14.sdf,../large_fep_dataset/data/fep_benchmark_processed/gpcrs_p2y1_ortho_sub_protein.pdb,506,6.3651576,5.81038,6.3657722,5.973042,5.7011175,6.3702717,5.806528,6.617794,6.070415,6.0340495,6.1114526
507,gpcrs/p2y1_ortho_sub,gpcrs/p2y1_ortho_sub/11e,../large_fep_dataset/data/fep_benchmark_processed/gpcrs_p2y1_ortho_sub_11e.sdf,../large_fep_dataset/data/fep_benchmark_processed/gpcrs_p2y1_ortho_sub_protein.pdb,507,6.456948,5.871603,6.2109447,5.37138,5.835758,5.630812,6.392302,5.7991614,6.644544,6.4159584,6.062941
508,gpcrs/p2y1_ortho_sub,gpcrs/p2y1_ortho_sub/11d,../large_fep_dataset/data/fep_benchmark_processed/gpcrs_p2y1_ortho_sub_11d.sdf,../large_fep_dataset/data/fep_benchmark_processed/gpcrs_p2y1_ortho_sub_protein.pdb,508,6.5611954,5.705257,6.7039185,5.8590555,6.293308,6.1325684,6.7483187,6.263425,6.6977396,6.626537,6.359132
509,gpcrs/p2y1_ortho_sub,gpcrs/p2y1_ortho_sub/11f,../large_fep_dataset/data/fep_benchmark_processed/gpcrs_p2y1_ortho_sub_11f.sdf,../large_fep_dataset/data/fep_benchmark_processed/gpcrs_p2y1_ortho_sub_protein.pdb,509,5.805222,4.986936,5.9483833,5.8332934,5.1939673,4.97608,5.731803,5.92411,6.220028,5.803415,5.6423235
510,gpcrs/p2y1_ortho_sub,gpcrs/p2y1_ortho_sub/18,../large_fep_dataset/data/fep_benchmark_processed/gpcrs_p2y1_ortho_sub_18.sdf,../large_fep_dataset/data/fep_benchmark_processed/gpcrs_p2y1_ortho_sub_protein.pdb,510,6.6864476,6.1838756,6.925068,5.8813243,5.8308163,6.149059,7.03224,6.5905995,6.765675,6.6216187,6.466672
511,gpcrs/p2y1_ortho_sub,gpcrs/p2y1_ortho_sub/12,../large_fep_dataset/data/fep_benchmark_processed/gpcrs_p2y1_ortho_sub_12.sdf,../large_fep_dataset/data/fep_benchmark_processed/gpcrs_p2y1_ortho_sub_protein.pdb,511,6.8709235,6.012244,6.66011,6.5618496,6.2553015,6.663398,6.6432095,7.3371606,6.9559793,6.2610183,6.62212
512,gpcrs/p2y1_ortho_sub,gpcrs/p2y1_ortho_sub/11a,../large_fep_dataset/data/fep_benchmark_processed/gpcrs_p2y1_ortho_sub_11a.sdf,../large_fep_dataset/data/fep_benchmark_processed/gpcrs_p2y1_ortho_sub_protein.pdb,512,5.671807,4.7302003,5.423076,5.225652,4.5722027,5.1380367,5.8806405,5.9651213,5.8280554,5.4044523,5.383925
513,gpcrs/p2y1_ortho_sub,gpcrs/p2y1_ortho_sub/19,../large_fep_dataset/data/fep_benchmark_processed/gpcrs_p2y1_ortho_sub_19.sdf,../large_fep_dataset/data/fep_benchmark_processed/gpcrs_p2y1_ortho_sub_protein.pdb,513,6.3299966,6.31743,6.2583566,5.807104,6.1614013,5.811271,6.0963063,6.1665335,6.322911,6.420172,6.1691484
514,gpcrs/p2y1_ortho_sub,gpcrs/p2y1_ortho_sub/13,../large_fep_dataset/data/fep_benchmark_processed/gpcrs_p2y1_ortho_sub_13.sdf,../large_fep_dataset/data/fep_benchmark_processed/gpcrs_p2y1_ortho_sub_protein.pdb,514,6.5741158,5.5887666,6.4586067,6.2762775,6.100406,5.9158154,6.153274,6.785525,5.4443808,5.832119,6.112929
515,janssen_bace/bace_keranen_p2,janssen_bace/bace_keranen_p2/29,../large_fep_dataset/data/fep_benchmark_processed/janssen_bace_bace_keranen_p2_29.sdf,../large_fep_dataset/data/fep_benchmark_processed/janssen_bace_bace_keranen_p2_protein.pdb,515,6.576444,7.0288997,7.0836496,6.289522,6.4720793,6.52,6.894876,6.9364157,6.266457,6.3985,6.646684
516,janssen_bace/bace_keranen_p2,janssen_bace/bace_keranen_p2/30,../large_fep_dataset/data/fep_benchmark_processed/janssen_bace_bace_keranen_p2_30.sdf,../large_fep_dataset/data/fep_benchmark_processed/janssen_bace_bace_keranen_p2_protein.pdb,516,7.135335,6.8716755,7.100453,6.362488,6.4241686,7.083552,6.995397,6.9099474,6.492703,6.581432,6.7957144
517,janssen_bace/bace_keranen_p2,janssen_bace/bace_keranen_p2/31,../large_fep_dataset/data/fep_benchmark_processed/janssen_bace_bace_keranen_p2_31.sdf,../large_fep_dataset/data/fep_benchmark_processed/janssen_bace_bace_keranen_p2_protein.pdb,517,7.2026377,7.1255255,7.3640084,6.7363505,7.158297,7.523424,7.3065944,7.0924497,6.699168,6.7004576,7.0908914
518,janssen_bace/bace_keranen_p2,janssen_bace/bace_keranen_p2/32,../large_fep_dataset/data/fep_benchmark_processed/janssen_bace_bace_keranen_p2_32.sdf,../large_fep_dataset/data/fep_benchmark_processed/janssen_bace_bace_keranen_p2_protein.pdb,518,7.1267076,7.0638676,7.378614,7.0514293,6.7915683,7.2397785,7.117976,7.0185,6.5524783,7.2806444,7.0621567
519,janssen_bace/bace_keranen_p2,janssen_bace/bace_keranen_p2/33,../large_fep_dataset/data/fep_benchmark_processed/janssen_bace_bace_keranen_p2_33.sdf,../large_fep_dataset/data/fep_benchmark_processed/janssen_bace_bace_keranen_p2_protein.pdb,519,7.3807845,7.091039,6.9278016,6.323642,6.8398213,7.2955213,7.098647,6.913725,7.0660014,6.902213,6.9839196
520,janssen_bace/bace_keranen_p2,janssen_bace/bace_keranen_p2/34,../large_fep_dataset/data/fep_benchmark_processed/janssen_bace_bace_keranen_p2_34.sdf,../large_fep_dataset/data/fep_benchmark_processed/janssen_bace_bace_keranen_p2_protein.pdb,520,7.2697377,7.1276155,7.2884593,6.7307134,6.320389,6.85967,6.6593714,6.8421016,7.1418014,6.9612703,6.9201126
521,janssen_bace/bace_keranen_p2,janssen_bace/bace_keranen_p2/35,../large_fep_dataset/data/fep_benchmark_processed/janssen_bace_bace_keranen_p2_35.sdf,../large_fep_dataset/data/fep_benchmark_processed/janssen_bace_bace_keranen_p2_protein.pdb,521,7.013204,7.013503,6.9544797,6.839601,6.7189775,6.502829,6.877152,6.8647733,6.982387,6.9624605,6.872937
522,janssen_bace/bace_keranen_p2,janssen_bace/bace_keranen_p2/36 out,../large_fep_dataset/data/fep_benchmark_processed/janssen_bace_bace_keranen_p2_36_out.sdf,../large_fep_dataset/data/fep_benchmark_processed/janssen_bace_bace_keranen_p2_protein.pdb,522,6.744394,7.201323,7.046394,6.3730826,6.707999,7.389676,7.237738,7.10081,6.8292484,6.9897485,6.9620414
523,janssen_bace/bace_keranen_p2,janssen_bace/bace_keranen_p2/37 out,../large_fep_dataset/data/fep_benchmark_processed/janssen_bace_bace_keranen_p2_37_out.sdf,../large_fep_dataset/data/fep_benchmark_processed/janssen_bace_bace_keranen_p2_protein.pdb,523,6.492142,7.0177584,6.665081,6.28823,6.4128733,7.449584,7.036914,7.2258615,6.6791577,6.616015,6.7883615
524,janssen_bace/bace_keranen_p2,janssen_bace/bace_keranen_p2/39 out,../large_fep_dataset/data/fep_benchmark_processed/janssen_bace_bace_keranen_p2_39_out.sdf,../large_fep_dataset/data/fep_benchmark_processed/janssen_bace_bace_keranen_p2_protein.pdb,524,6.516654,6.6524305,6.523861,6.223173,6.443189,6.609123,6.860075,6.908353,6.430965,6.602178,6.5770006
525,janssen_bace/bace_keranen_p2,janssen_bace/bace_keranen_p2/38 out,../large_fep_dataset/data/fep_benchmark_processed/janssen_bace_bace_keranen_p2_38_out.sdf,../large_fep_dataset/data/fep_benchmark_processed/janssen_bace_bace_keranen_p2_protein.pdb,525,6.722783,7.0622334,7.1350436,6.8062882,6.939794,6.953531,7.0939393,7.336561,7.052299,6.7189436,6.982141
526,janssen_bace/bace_keranen_p2,janssen_bace/bace_keranen_p2/28 out,../large_fep_dataset/data/fep_benchmark_processed/janssen_bace_bace_keranen_p2_28_out.sdf,../large_fep_dataset/data/fep_benchmark_processed/janssen_bace_bace_keranen_p2_protein.pdb,526,7.1366568,6.751686,7.2719064,6.572489,6.679747,7.3275137,7.1637626,7.143991,7.0028324,7.16647,7.0217056
527,janssen_bace/bace_ciordia_retro,janssen_bace/bace_ciordia_retro/1a,../large_fep_dataset/data/fep_benchmark_processed/janssen_bace_bace_ciordia_retro_1a.sdf,../large_fep_dataset/data/fep_benchmark_processed/janssen_bace_bace_ciordia_retro_protein.pdb,527,4.7306633,4.30737,4.7848763,4.905487,4.4492283,4.6115217,4.5124326,4.4023914,4.8637013,4.485374,4.6053047
528,janssen_bace/bace_ciordia_retro,janssen_bace/bace_ciordia_retro/11,../large_fep_dataset/data/fep_benchmark_processed/janssen_bace_bace_ciordia_retro_11.sdf,../large_fep_dataset/data/fep_benchmark_processed/janssen_bace_bace_ciordia_retro_protein.pdb,528,6.2826376,5.7552204,6.249853,6.192827,6.108661,6.235401,6.0964236,6.087257,6.0090375,6.2535853,6.1270905
529,janssen_bace/bace_ciordia_retro,janssen_bace/bace_ciordia_retro/12,../large_fep_dataset/data/fep_benchmark_processed/janssen_bace_bace_ciordia_retro_12.sdf,../large_fep_dataset/data/fep_benchmark_processed/janssen_bace_bace_ciordia_retro_protein.pdb,529,7.3154745,7.2082586,7.2769694,7.4500747,7.4540443,7.1917644,7.298898,7.05027,7.479961,7.1001973,7.2825913
530,janssen_bace/bace_ciordia_retro,janssen_bace/bace_ciordia_retro/13,../large_fep_dataset/data/fep_benchmark_processed/janssen_bace_bace_ciordia_retro_13.sdf,../large_fep_dataset/data/fep_benchmark_processed/janssen_bace_bace_ciordia_retro_protein.pdb,530,7.0739713,7.0451345,7.1486564,7.282181,6.9183,6.981277,6.8342247,6.9051094,7.0822954,7.0392694,7.0310416
531,janssen_bace/bace_ciordia_retro,janssen_bace/bace_ciordia_retro/14,../large_fep_dataset/data/fep_benchmark_processed/janssen_bace_bace_ciordia_retro_14.sdf,../large_fep_dataset/data/fep_benchmark_processed/janssen_bace_bace_ciordia_retro_protein.pdb,531,6.8654566,6.9879713,7.1159506,7.338771,6.606137,7.0069118,6.874459,6.225196,6.995898,6.9630938,6.897985
532,janssen_bace/bace_ciordia_retro,janssen_bace/bace_ciordia_retro/15,../large_fep_dataset/data/fep_benchmark_processed/janssen_bace_bace_ciordia_retro_15.sdf,../large_fep_dataset/data/fep_benchmark_processed/janssen_bace_bace_ciordia_retro_protein.pdb,532,6.340946,6.064675,6.369959,6.543673,6.279761,6.1444635,6.0998,5.96278,6.5606027,6.365513,6.273217
533,janssen_bace/bace_ciordia_retro,janssen_bace/bace_ciordia_retro/16,../large_fep_dataset/data/fep_benchmark_processed/janssen_bace_bace_ciordia_retro_16.sdf,../large_fep_dataset/data/fep_benchmark_processed/janssen_bace_bace_ciordia_retro_protein.pdb,533,6.7628736,6.7210364,6.253493,6.43287,6.126552,6.050519,6.218767,6.401601,5.703514,5.94287,6.2614093
534,janssen_bace/bace_ciordia_retro,janssen_bace/bace_ciordia_retro/17,../large_fep_dataset/data/fep_benchmark_processed/janssen_bace_bace_ciordia_retro_17.sdf,../large_fep_dataset/data/fep_benchmark_processed/janssen_bace_bace_ciordia_retro_protein.pdb,534,7.725171,7.0999036,7.2032247,7.586513,7.3204,7.1202846,7.0113006,7.025949,7.440313,6.932687,7.2465744
535,janssen_bace/bace_ciordia_retro,janssen_bace/bace_ciordia_retro/18,../large_fep_dataset/data/fep_benchmark_processed/janssen_bace_bace_ciordia_retro_18.sdf,../large_fep_dataset/data/fep_benchmark_processed/janssen_bace_bace_ciordia_retro_protein.pdb,535,7.3745217,7.281639,7.262947,7.309857,6.952595,7.044547,7.004206,6.4037805,7.063583,7.1270056,7.0824685
536,janssen_bace/bace_ciordia_retro,janssen_bace/bace_ciordia_retro/19,../large_fep_dataset/data/fep_benchmark_processed/janssen_bace_bace_ciordia_retro_19.sdf,../large_fep_dataset/data/fep_benchmark_processed/janssen_bace_bace_ciordia_retro_protein.pdb,536,7.093988,7.1264434,7.31888,7.0325794,6.781911,7.013068,6.9830785,6.621757,6.991389,7.2549057,7.0218
537,janssen_bace/bace_ciordia_retro,janssen_bace/bace_ciordia_retro/20,../large_fep_dataset/data/fep_benchmark_processed/janssen_bace_bace_ciordia_retro_20.sdf,../large_fep_dataset/data/fep_benchmark_processed/janssen_bace_bace_ciordia_retro_protein.pdb,537,7.441746,7.29751,7.5661964,7.6481166,7.339125,7.130833,7.3837247,7.0874023,7.5120153,7.257177,7.366385
538,janssen_bace/bace_ciordia_retro,janssen_bace/bace_ciordia_retro/21,../large_fep_dataset/data/fep_benchmark_processed/janssen_bace_bace_ciordia_retro_21.sdf,../large_fep_dataset/data/fep_benchmark_processed/janssen_bace_bace_ciordia_retro_protein.pdb,538,7.30237,7.3452673,7.5402665,7.373581,7.222583,7.1139264,7.1266537,6.6924114,7.2437563,7.217054,7.2177877
539,janssen_bace/bace_ciordia_retro,janssen_bace/bace_ciordia_retro/22,../large_fep_dataset/data/fep_benchmark_processed/janssen_bace_bace_ciordia_retro_22.sdf,../large_fep_dataset/data/fep_benchmark_processed/janssen_bace_bace_ciordia_retro_protein.pdb,539,6.247429,5.8398547,5.9286375,6.5120816,5.927339,6.1004324,5.9176636,6.2738276,6.247687,6.3136067,6.130856
540,janssen_bace/bace_ciordia_retro,janssen_bace/bace_ciordia_retro/23,../large_fep_dataset/data/fep_benchmark_processed/janssen_bace_bace_ciordia_retro_23.sdf,../large_fep_dataset/data/fep_benchmark_processed/janssen_bace_bace_ciordia_retro_protein.pdb,540,6.5464177,6.5062094,7.054644,7.053809,6.8435726,6.681422,6.3631763,6.6626835,6.694812,6.4915004,6.6898246
541,janssen_bace/bace_ciordia_retro,janssen_bace/bace_ciordia_retro/24,../large_fep_dataset/data/fep_benchmark_processed/janssen_bace_bace_ciordia_retro_24.sdf,../large_fep_dataset/data/fep_benchmark_processed/janssen_bace_bace_ciordia_retro_protein.pdb,541,7.1474485,6.5120344,7.195615,6.8665867,6.55273,6.820238,7.019197,6.7566886,7.2811885,6.728384,6.8880105
542,janssen_bace/bace_ciordia_retro,janssen_bace/bace_ciordia_retro/25,../large_fep_dataset/data/fep_benchmark_processed/janssen_bace_bace_ciordia_retro_25.sdf,../large_fep_dataset/data/fep_benchmark_processed/janssen_bace_bace_ciordia_retro_protein.pdb,542,6.692547,6.326723,6.8450623,6.8851457,6.6047306,6.4732833,6.552833,6.3126707,6.9605994,6.342046,6.5995646
543,janssen_bace/bace_ciordia_retro,janssen_bace/bace_ciordia_retro/26,../large_fep_dataset/data/fep_benchmark_processed/janssen_bace_bace_ciordia_retro_26.sdf,../large_fep_dataset/data/fep_benchmark_processed/janssen_bace_bace_ciordia_retro_protein.pdb,543,7.0056696,7.2068286,7.614443,7.509632,6.941764,6.8381057,7.3582425,7.1183896,7.3964696,6.892506,7.188205
544,janssen_bace/bace_ciordia_retro,janssen_bace/bace_ciordia_retro/27,../large_fep_dataset/data/fep_benchmark_processed/janssen_bace_bace_ciordia_retro_27.sdf,../large_fep_dataset/data/fep_benchmark_processed/janssen_bace_bace_ciordia_retro_protein.pdb,544,7.0087996,6.874037,7.24499,7.2979183,6.7866836,6.7485337,6.8168106,6.6169353,7.096722,6.9032598,6.9394693
545,janssen_bace/bace_ciordia_retro,janssen_bace/bace_ciordia_retro/28,../large_fep_dataset/data/fep_benchmark_processed/janssen_bace_bace_ciordia_retro_28.sdf,../large_fep_dataset/data/fep_benchmark_processed/janssen_bace_bace_ciordia_retro_protein.pdb,545,6.1634226,6.093503,6.466687,6.349108,6.135184,6.3367906,6.4166346,5.933583,6.3012376,5.9741936,6.2170343
546,janssen_bace/bace_ciordia_retro,janssen_bace/bace_ciordia_retro/29,../large_fep_dataset/data/fep_benchmark_processed/janssen_bace_bace_ciordia_retro_29.sdf,../large_fep_dataset/data/fep_benchmark_processed/janssen_bace_bace_ciordia_retro_protein.pdb,546,6.717176,5.5211096,6.137225,6.162731,6.3706775,6.2115464,5.8913875,6.035443,6.331127,6.1780696,6.1556497
547,janssen_bace/bace_ciordia_retro,janssen_bace/bace_ciordia_retro/30,../large_fep_dataset/data/fep_benchmark_processed/janssen_bace_bace_ciordia_retro_30.sdf,../large_fep_dataset/data/fep_benchmark_processed/janssen_bace_bace_ciordia_retro_protein.pdb,547,5.8732457,5.4829497,5.3094077,5.776447,5.434577,5.5482435,5.8527737,5.100756,5.277658,5.495938,5.5152
548,janssen_bace/bace_ciordia_retro,janssen_bace/bace_ciordia_retro/31,../large_fep_dataset/data/fep_benchmark_processed/janssen_bace_bace_ciordia_retro_31.sdf,../large_fep_dataset/data/fep_benchmark_processed/janssen_bace_bace_ciordia_retro_protein.pdb,548,6.273372,6.217923,6.327314,6.594619,6.0394998,6.095509,6.291004,6.324605,6.268956,6.027341,6.246014
549,janssen_bace/bace_ciordia_retro,janssen_bace/bace_ciordia_retro/32,../large_fep_dataset/data/fep_benchmark_processed/janssen_bace_bace_ciordia_retro_32.sdf,../large_fep_dataset/data/fep_benchmark_processed/janssen_bace_bace_ciordia_retro_protein.pdb,549,5.98622,5.521413,5.952964,6.1564198,5.72402,5.934736,6.3360114,5.6590176,5.768352,5.759281,5.879843
550,janssen_bace/bace_ciordia_retro,janssen_bace/bace_ciordia_retro/33,../large_fep_dataset/data/fep_benchmark_processed/janssen_bace_bace_ciordia_retro_33.sdf,../large_fep_dataset/data/fep_benchmark_processed/janssen_bace_bace_ciordia_retro_protein.pdb,550,5.8615913,5.7140875,6.215077,5.8524585,5.941953,6.0004115,5.610167,5.977027,5.659038,5.598312,5.843013
551,janssen_bace/bace_ciordia_retro,janssen_bace/bace_ciordia_retro/34,../large_fep_dataset/data/fep_benchmark_processed/janssen_bace_bace_ciordia_retro_34.sdf,../large_fep_dataset/data/fep_benchmark_processed/janssen_bace_bace_ciordia_retro_protein.pdb,551,7.316922,7.327954,7.256458,7.4330363,7.2009506,6.8523073,7.3873854,7.001055,7.4174075,6.840967,7.203444
552,janssen_bace/bace_ciordia_retro,janssen_bace/bace_ciordia_retro/35,../large_fep_dataset/data/fep_benchmark_processed/janssen_bace_bace_ciordia_retro_35.sdf,../large_fep_dataset/data/fep_benchmark_processed/janssen_bace_bace_ciordia_retro_protein.pdb,552,7.1259074,6.982258,7.174484,7.046082,6.870774,6.661749,6.8062987,6.8852353,7.14023,7.015029,6.9708047
553,janssen_bace/bace_ciordia_retro,janssen_bace/bace_ciordia_retro/36,../large_fep_dataset/data/fep_benchmark_processed/janssen_bace_bace_ciordia_retro_36.sdf,../large_fep_dataset/data/fep_benchmark_processed/janssen_bace_bace_ciordia_retro_protein.pdb,553,7.3230543,7.58657,8.069226,8.008818,7.6879835,7.3783092,7.4409676,7.6340833,7.1273146,7.2163453,7.547267
554,janssen_bace/bace_ciordia_retro,janssen_bace/bace_ciordia_retro/37,../large_fep_dataset/data/fep_benchmark_processed/janssen_bace_bace_ciordia_retro_37.sdf,../large_fep_dataset/data/fep_benchmark_processed/janssen_bace_bace_ciordia_retro_protein.pdb,554,6.815875,6.732258,7.1486444,7.2522626,6.939918,6.855435,6.9698677,6.7527413,7.137139,6.6596584,6.92638
555,janssen_bace/bace_ciordia_retro,janssen_bace/bace_ciordia_retro/38,../large_fep_dataset/data/fep_benchmark_processed/janssen_bace_bace_ciordia_retro_38.sdf,../large_fep_dataset/data/fep_benchmark_processed/janssen_bace_bace_ciordia_retro_protein.pdb,555,6.9010797,6.7118683,6.834138,6.982352,6.700386,6.7464356,6.8414507,6.6642666,6.839881,6.5820994,6.7803955
556,janssen_bace/bace_ciordia_retro,janssen_bace/bace_ciordia_retro/39,../large_fep_dataset/data/fep_benchmark_processed/janssen_bace_bace_ciordia_retro_39.sdf,../large_fep_dataset/data/fep_benchmark_processed/janssen_bace_bace_ciordia_retro_protein.pdb,556,6.677242,6.9594126,7.018618,6.716159,6.6396904,6.5508714,6.773955,6.6944633,6.6310015,6.6258316,6.7287245
557,janssen_bace/bace_ciordia_retro,janssen_bace/bace_ciordia_retro/40,../large_fep_dataset/data/fep_benchmark_processed/janssen_bace_bace_ciordia_retro_40.sdf,../large_fep_dataset/data/fep_benchmark_processed/janssen_bace_bace_ciordia_retro_protein.pdb,557,6.5802407,6.315849,6.7131147,6.539828,6.3937364,6.3977203,6.3673854,6.013945,6.144527,6.0346107,6.3500957
558,janssen_bace/bace_ciordia_retro,janssen_bace/bace_ciordia_retro/41,../large_fep_dataset/data/fep_benchmark_processed/janssen_bace_bace_ciordia_retro_41.sdf,../large_fep_dataset/data/fep_benchmark_processed/janssen_bace_bace_ciordia_retro_protein.pdb,558,5.9012065,6.1097755,6.3735776,6.633899,6.3076696,6.851763,6.6339784,6.548306,6.2738256,6.5596004,6.41936
559,janssen_bace/bace_ciordia_retro,janssen_bace/bace_ciordia_retro/30_protonated,../large_fep_dataset/data/fep_benchmark_processed/janssen_bace_bace_ciordia_retro_30_protonated.sdf,../large_fep_dataset/data/fep_benchmark_processed/janssen_bace_bace_ciordia_retro_protein.pdb,559,5.8549666,6.0963154,5.6637,6.110261,5.4831023,5.6591706,5.7549686,5.480069,5.312597,5.562729,5.6977873
560,janssen_bace/bace_p3_arg368_in,janssen_bace/bace_p3_arg368_in/8a,../large_fep_dataset/data/fep_benchmark_processed/janssen_bace_bace_p3_arg368_in_8a.sdf,../large_fep_dataset/data/fep_benchmark_processed/janssen_bace_bace_p3_arg368_in_protein.pdb,560,7.364222,6.953891,7.248268,7.5587325,6.8327537,7.4377985,7.605237,7.240682,7.723872,7.697739,7.366319
561,janssen_bace/bace_p3_arg368_in,janssen_bace/bace_p3_arg368_in/8b,../large_fep_dataset/data/fep_benchmark_processed/janssen_bace_bace_p3_arg368_in_8b.sdf,../large_fep_dataset/data/fep_benchmark_processed/janssen_bace_bace_p3_arg368_in_protein.pdb,561,7.413305,7.653609,8.026546,8.355834,7.5365267,7.7362123,7.890965,8.09081,7.9198813,7.6944513,7.831814
562,janssen_bace/bace_p3_arg368_in,janssen_bace/bace_p3_arg368_in/8c,../large_fep_dataset/data/fep_benchmark_processed/janssen_bace_bace_p3_arg368_in_8c.sdf,../large_fep_dataset/data/fep_benchmark_processed/janssen_bace_bace_p3_arg368_in_protein.pdb,562,6.968216,7.399801,8.059904,7.7567368,6.9259667,7.503437,7.5011744,7.4240675,7.5755105,7.454213,7.456903
563,janssen_bace/bace_p3_arg368_in,janssen_bace/bace_p3_arg368_in/8d,../large_fep_dataset/data/fep_benchmark_processed/janssen_bace_bace_p3_arg368_in_8d.sdf,../large_fep_dataset/data/fep_benchmark_processed/janssen_bace_bace_p3_arg368_in_protein.pdb,563,6.8001637,7.1355004,7.7739043,7.8606014,7.1531434,7.4989705,7.4709463,7.7100167,7.3508863,7.2768006,7.403094
564,janssen_bace/bace_p3_arg368_in,janssen_bace/bace_p3_arg368_in/8e,../large_fep_dataset/data/fep_benchmark_processed/janssen_bace_bace_p3_arg368_in_8e.sdf,../large_fep_dataset/data/fep_benchmark_processed/janssen_bace_bace_p3_arg368_in_protein.pdb,564,7.6118937,7.750749,7.7624397,7.902645,7.265391,7.922951,7.5590005,7.9614573,7.5391746,7.537839,7.6813545
565,janssen_bace/bace_p3_arg368_in,janssen_bace/bace_p3_arg368_in/8f,../large_fep_dataset/data/fep_benchmark_processed/janssen_bace_bace_p3_arg368_in_8f.sdf,../large_fep_dataset/data/fep_benchmark_processed/janssen_bace_bace_p3_arg368_in_protein.pdb,565,7.384209,7.367449,7.663991,7.7568293,7.1724873,7.671502,7.5113754,8.151921,7.5711527,7.946735,7.619765
566,janssen_bace/bace_p3_arg368_in,janssen_bace/bace_p3_arg368_in/8g,../large_fep_dataset/data/fep_benchmark_processed/janssen_bace_bace_p3_arg368_in_8g.sdf,../large_fep_dataset/data/fep_benchmark_processed/janssen_bace_bace_p3_arg368_in_protein.pdb,566,7.6689763,8.489588,8.431016,8.65313,7.393641,8.487805,8.6599245,8.171402,8.3921175,8.178718,8.252632
567,janssen_bace/bace_p3_arg368_in,janssen_bace/bace_p3_arg368_in/17a,../large_fep_dataset/data/fep_benchmark_processed/janssen_bace_bace_p3_arg368_in_17a.sdf,../large_fep_dataset/data/fep_benchmark_processed/janssen_bace_bace_p3_arg368_in_protein.pdb,567,7.224729,6.9397683,7.42541,7.010575,7.279303,7.4248576,7.1489425,7.4475822,7.337279,7.422551,7.2660995
568,janssen_bace/bace_p3_arg368_in,janssen_bace/bace_p3_arg368_in/17b,../large_fep_dataset/data/fep_benchmark_processed/janssen_bace_bace_p3_arg368_in_17b.sdf,../large_fep_dataset/data/fep_benchmark_processed/janssen_bace_bace_p3_arg368_in_protein.pdb,568,7.478114,7.5257382,7.831586,8.089266,7.8122683,7.8586955,7.5733237,8.205857,7.7816806,7.7323704,7.7888894
569,janssen_bace/bace_p3_arg368_in,janssen_bace/bace_p3_arg368_in/17c,../large_fep_dataset/data/fep_benchmark_processed/janssen_bace_bace_p3_arg368_in_17c.sdf,../large_fep_dataset/data/fep_benchmark_processed/janssen_bace_bace_p3_arg368_in_protein.pdb,569,7.2396445,7.2805247,7.6381435,7.5361543,7.244278,7.36197,7.2086754,7.5040503,7.5404725,7.683378,7.423729
570,janssen_bace/bace_p3_arg368_in,janssen_bace/bace_p3_arg368_in/17d,../large_fep_dataset/data/fep_benchmark_processed/janssen_bace_bace_p3_arg368_in_17d.sdf,../large_fep_dataset/data/fep_benchmark_processed/janssen_bace_bace_p3_arg368_in_protein.pdb,570,7.149735,7.0795302,7.546675,7.752852,7.411808,7.709394,6.994857,8.144362,7.572028,7.704005,7.506524
571,janssen_bace/bace_p3_arg368_in,janssen_bace/bace_p3_arg368_in/17e,../large_fep_dataset/data/fep_benchmark_processed/janssen_bace_bace_p3_arg368_in_17e.sdf,../large_fep_dataset/data/fep_benchmark_processed/janssen_bace_bace_p3_arg368_in_protein.pdb,571,7.6629033,7.6835847,7.54556,7.557196,7.698334,8.008324,7.2313724,8.125808,7.7584577,7.5460277,7.6817575
572,janssen_bace/bace_p3_arg368_in,janssen_bace/bace_p3_arg368_in/17f,../large_fep_dataset/data/fep_benchmark_processed/janssen_bace_bace_p3_arg368_in_17f.sdf,../large_fep_dataset/data/fep_benchmark_processed/janssen_bace_bace_p3_arg368_in_protein.pdb,572,7.469893,7.2731543,7.636451,7.638005,7.6121187,7.7441483,7.010181,8.391971,7.254073,8.020963,7.605096
573,janssen_bace/bace_p3_arg368_in,janssen_bace/bace_p3_arg368_in/17g,../large_fep_dataset/data/fep_benchmark_processed/janssen_bace_bace_p3_arg368_in_17g.sdf,../large_fep_dataset/data/fep_benchmark_processed/janssen_bace_bace_p3_arg368_in_protein.pdb,573,7.695212,7.9967957,8.306539,8.572348,7.791557,8.62238,7.762686,8.398244,7.876175,8.479473,8.150141
574,janssen_bace/bace_p3_arg368_in,janssen_bace/bace_p3_arg368_in/27a,../large_fep_dataset/data/fep_benchmark_processed/janssen_bace_bace_p3_arg368_in_27a.sdf,../large_fep_dataset/data/fep_benchmark_processed/janssen_bace_bace_p3_arg368_in_protein.pdb,574,7.154102,7.070407,7.0870447,6.8208494,7.1024747,7.2212524,6.855034,7.613294,7.2203298,7.4350996,7.1579885
575,janssen_bace/bace_p3_arg368_in,janssen_bace/bace_p3_arg368_in/27b,../large_fep_dataset/data/fep_benchmark_processed/janssen_bace_bace_p3_arg368_in_27b.sdf,../large_fep_dataset/data/fep_benchmark_processed/janssen_bace_bace_p3_arg368_in_protein.pdb,575,7.51876,7.593369,7.5392513,8.096367,7.8777514,7.5800815,7.529187,8.348,7.7588882,7.6693068,7.7510962
576,janssen_bace/bace_p3_arg368_in,janssen_bace/bace_p3_arg368_in/27c,../large_fep_dataset/data/fep_benchmark_processed/janssen_bace_bace_p3_arg368_in_27c.sdf,../large_fep_dataset/data/fep_benchmark_processed/janssen_bace_bace_p3_arg368_in_protein.pdb,576,7.0182133,7.3610396,7.4556265,7.229263,7.219716,7.2222185,6.983793,7.2145543,7.46322,7.724633,7.2892275
577,janssen_bace/bace_p3_arg368_in,janssen_bace/bace_p3_arg368_in/27d,../large_fep_dataset/data/fep_benchmark_processed/janssen_bace_bace_p3_arg368_in_27d.sdf,../large_fep_dataset/data/fep_benchmark_processed/janssen_bace_bace_p3_arg368_in_protein.pdb,577,7.0776386,7.183287,7.3935685,7.6199064,7.3106956,7.5138392,6.9757485,8.288414,7.6059957,7.5468016,7.451589
578,janssen_bace/bace_p3_arg368_in,janssen_bace/bace_p3_arg368_in/27e,../large_fep_dataset/data/fep_benchmark_processed/janssen_bace_bace_p3_arg368_in_27e.sdf,../large_fep_dataset/data/fep_benchmark_processed/janssen_bace_bace_p3_arg368_in_protein.pdb,578,7.6253653,7.889269,7.449345,7.432138,7.7628307,8.013008,7.0403914,7.89487,7.8177214,7.690953,7.6615896
579,janssen_bace/bace_p3_arg368_in,janssen_bace/bace_p3_arg368_in/27f,../large_fep_dataset/data/fep_benchmark_processed/janssen_bace_bace_p3_arg368_in_27f.sdf,../large_fep_dataset/data/fep_benchmark_processed/janssen_bace_bace_p3_arg368_in_protein.pdb,579,6.9927654,7.3510633,7.2587886,7.589206,7.495382,7.358077,7.0512347,7.8747034,7.216836,7.9098516,7.409791
580,janssen_bace/bace_p3_arg368_in,janssen_bace/bace_p3_arg368_in/27g,../large_fep_dataset/data/fep_benchmark_processed/janssen_bace_bace_p3_arg368_in_27g.sdf,../large_fep_dataset/data/fep_benchmark_processed/janssen_bace_bace_p3_arg368_in_protein.pdb,580,7.5722446,8.014023,8.25375,8.165309,7.7403927,8.341462,7.7908115,8.33889,7.8766603,8.22518,8.031873
581,janssen_bace/bace_ciordia_prospective,janssen_bace/bace_ciordia_prospective/spiro16,../large_fep_dataset/data/fep_benchmark_processed/janssen_bace_bace_ciordia_prospective_spiro16.sdf,../large_fep_dataset/data/fep_benchmark_processed/janssen_bace_bace_ciordia_prospective_protein.pdb,581,6.7305875,6.9297667,6.0835495,6.7707715,6.9101157,6.9488583,6.198954,6.580949,6.7360067,6.363391,6.625295
582,janssen_bace/bace_ciordia_prospective,janssen_bace/bace_ciordia_prospective/spiro5,../large_fep_dataset/data/fep_benchmark_processed/janssen_bace_bace_ciordia_prospective_spiro5.sdf,../large_fep_dataset/data/fep_benchmark_processed/janssen_bace_bace_ciordia_prospective_protein.pdb,582,5.955135,6.3318195,6.159117,5.9978456,5.6961975,6.778825,5.7097335,5.9741454,6.309134,6.1326723,6.104462
583,janssen_bace/bace_ciordia_prospective,janssen_bace/bace_ciordia_prospective/spiro2,../large_fep_dataset/data/fep_benchmark_processed/janssen_bace_bace_ciordia_prospective_spiro2.sdf,../large_fep_dataset/data/fep_benchmark_processed/janssen_bace_bace_ciordia_prospective_protein.pdb,583,6.3947415,6.2210364,5.4605694,6.3214526,5.5062475,6.4115024,5.3916674,6.067104,6.400009,6.1959314,6.0370264
584,janssen_bace/bace_ciordia_prospective,janssen_bace/bace_ciordia_prospective/spiro10,../large_fep_dataset/data/fep_benchmark_processed/janssen_bace_bace_ciordia_prospective_spiro10.sdf,../large_fep_dataset/data/fep_benchmark_processed/janssen_bace_bace_ciordia_prospective_protein.pdb,584,6.381435,7.030342,6.8566594,6.608524,6.355442,7.217348,6.206208,6.600265,6.8701916,6.504202,6.663062
585,janssen_bace/bace_ciordia_prospective,janssen_bace/bace_ciordia_prospective/spiro3,../large_fep_dataset/data/fep_benchmark_processed/janssen_bace_bace_ciordia_prospective_spiro3.sdf,../large_fep_dataset/data/fep_benchmark_processed/janssen_bace_bace_ciordia_prospective_protein.pdb,585,6.572292,6.406168,6.9438434,6.5794244,6.2993565,6.7159905,5.8124585,6.381574,6.29066,5.849168,6.3850937
586,janssen_bace/bace_ciordia_prospective,janssen_bace/bace_ciordia_prospective/spiro6,../large_fep_dataset/data/fep_benchmark_processed/janssen_bace_bace_ciordia_prospective_spiro6.sdf,../large_fep_dataset/data/fep_benchmark_processed/janssen_bace_bace_ciordia_prospective_protein.pdb,586,6.233188,7.119191,7.1250668,7.1301193,6.5463114,7.1334934,6.2550206,6.4159627,7.0893703,7.2043734,6.8252096
587,janssen_bace/bace_ciordia_prospective,janssen_bace/bace_ciordia_prospective/spiro4,../large_fep_dataset/data/fep_benchmark_processed/janssen_bace_bace_ciordia_prospective_spiro4.sdf,../large_fep_dataset/data/fep_benchmark_processed/janssen_bace_bace_ciordia_prospective_protein.pdb,587,6.1070046,5.994802,6.132064,6.1651225,5.3823333,6.1516166,5.9071865,6.3970003,6.3419642,5.50092,6.008002
588,janssen_bace/bace_ciordia_prospective,janssen_bace/bace_ciordia_prospective/spiro1,../large_fep_dataset/data/fep_benchmark_processed/janssen_bace_bace_ciordia_prospective_spiro1.sdf,../large_fep_dataset/data/fep_benchmark_processed/janssen_bace_bace_ciordia_prospective_protein.pdb,588,6.1824346,6.5891423,6.1101303,6.4795213,6.1200795,6.5167017,5.8165665,6.593615,6.2389526,5.8637395,6.251088
589,janssen_bace/bace_ciordia_prospective,janssen_bace/bace_ciordia_prospective/spiro15,../large_fep_dataset/data/fep_benchmark_processed/janssen_bace_bace_ciordia_prospective_spiro15.sdf,../large_fep_dataset/data/fep_benchmark_processed/janssen_bace_bace_ciordia_prospective_protein.pdb,589,7.1215076,7.001064,6.837098,6.574461,6.093678,7.024242,6.406714,6.933052,6.931302,5.982954,6.6906075
590,mcs_docking/renin_customcore,mcs_docking/renin_customcore/b1i5k_xray,../large_fep_dataset/data/fep_benchmark_processed/mcs_docking_renin_customcore_b1i5k_xray.sdf,../large_fep_dataset/data/fep_benchmark_processed/mcs_docking_renin_customcore_protein.pdb,590,7.246097,7.066304,7.372015,6.9600334,6.949656,6.563475,6.718896,7.1758914,7.0477495,6.950414,7.005053
591,mcs_docking/renin_customcore,mcs_docking/renin_customcore/b1i5j,../large_fep_dataset/data/fep_benchmark_processed/mcs_docking_renin_customcore_b1i5j.sdf,../large_fep_dataset/data/fep_benchmark_processed/mcs_docking_renin_customcore_protein.pdb,591,6.95613,6.8800774,7.0218945,7.038766,6.805744,6.6737046,6.721794,6.8227763,7.0191154,6.9086614,6.884866
592,mcs_docking/renin_customcore,mcs_docking/renin_customcore/b1i2n,../large_fep_dataset/data/fep_benchmark_processed/mcs_docking_renin_customcore_b1i2n.sdf,../large_fep_dataset/data/fep_benchmark_processed/mcs_docking_renin_customcore_protein.pdb,592,7.0042872,7.8175535,7.4681664,7.2322845,7.6259108,7.5802183,7.113928,7.3376603,7.4341793,7.5525684,7.4166756
593,mcs_docking/renin_customcore,mcs_docking/renin_customcore/b1i5i,../large_fep_dataset/data/fep_benchmark_processed/mcs_docking_renin_customcore_b1i5i.sdf,../large_fep_dataset/data/fep_benchmark_processed/mcs_docking_renin_customcore_protein.pdb,593,7.1300254,6.935476,7.4501796,7.3841095,7.0054507,6.6865797,6.500327,7.1477146,7.3273244,6.504385,7.0071573
594,mcs_docking/renin_customcore,mcs_docking/renin_customcore/b1i5h,../large_fep_dataset/data/fep_benchmark_processed/mcs_docking_renin_customcore_b1i5h.sdf,../large_fep_dataset/data/fep_benchmark_processed/mcs_docking_renin_customcore_protein.pdb,594,6.7523813,7.0281134,7.067471,6.7862983,7.0287685,6.9823604,6.4531426,7.145151,7.033508,6.724621,6.900182
595,mcs_docking/renin_customcore,mcs_docking/renin_customcore/b1i5l,../large_fep_dataset/data/fep_benchmark_processed/mcs_docking_renin_customcore_b1i5l.sdf,../large_fep_dataset/data/fep_benchmark_processed/mcs_docking_renin_customcore_protein.pdb,595,6.920286,7.809164,7.586914,7.650298,7.549882,7.5865407,7.149551,7.479768,7.531739,7.388562,7.465271
596,mcs_docking/renin_customcore,mcs_docking/renin_customcore/b1i5n,../large_fep_dataset/data/fep_benchmark_processed/mcs_docking_renin_customcore_b1i5n.sdf,../large_fep_dataset/data/fep_benchmark_processed/mcs_docking_renin_customcore_protein.pdb,596,7.2122808,7.4258146,6.9690566,6.7993083,6.758458,6.8913045,6.8351855,7.5144396,7.4197445,7.011767,7.0837355
597,mcs_docking/renin_customcore,mcs_docking/renin_customcore/b1a2m,../large_fep_dataset/data/fep_benchmark_processed/mcs_docking_renin_customcore_b1a2m.sdf,../large_fep_dataset/data/fep_benchmark_processed/mcs_docking_renin_customcore_protein.pdb,597,5.2099595,6.3069057,5.5620937,5.75389,5.6598144,5.9903264,5.770278,5.859929,6.392424,5.4563565,5.796198
598,mcs_docking/renin_customcore,mcs_docking/renin_customcore/b1i2o,../large_fep_dataset/data/fep_benchmark_processed/mcs_docking_renin_customcore_b1i2o.sdf,../large_fep_dataset/data/fep_benchmark_processed/mcs_docking_renin_customcore_protein.pdb,598,6.534663,6.7115364,6.76252,6.910561,6.655696,7.0782795,7.1052155,6.984768,7.27211,6.91743,6.8932786
599,mcs_docking/renin_customcore,mcs_docking/renin_customcore/b1i5o,../large_fep_dataset/data/fep_benchmark_processed/mcs_docking_renin_customcore_b1i5o.sdf,../large_fep_dataset/data/fep_benchmark_processed/mcs_docking_renin_customcore_protein.pdb,599,6.8938117,7.4780045,7.19028,6.378753,7.0690713,7.125387,6.675146,7.4226027,8.028489,6.9300184,7.119157
600,mcs_docking/renin_customcore,mcs_docking/renin_customcore/b1i4i,../large_fep_dataset/data/fep_benchmark_processed/mcs_docking_renin_customcore_b1i4i.sdf,../large_fep_dataset/data/fep_benchmark_processed/mcs_docking_renin_customcore_protein.pdb,600,6.726386,6.6686473,7.1800704,6.4983,6.013736,6.20966,6.06631,6.528119,6.6856194,6.41137,6.498822
601,mcs_docking/renin_customcore,mcs_docking/renin_customcore/b1i4e,../large_fep_dataset/data/fep_benchmark_processed/mcs_docking_renin_customcore_b1i4e.sdf,../large_fep_dataset/data/fep_benchmark_processed/mcs_docking_renin_customcore_protein.pdb,601,6.78983,6.8375754,7.3142557,6.580949,6.7133884,6.8574123,7.166724,6.9145164,7.2763114,7.0761204,6.9527082
602,mcs_docking/renin_customcore,mcs_docking/renin_customcore/b1i4g,../large_fep_dataset/data/fep_benchmark_processed/mcs_docking_renin_customcore_b1i4g.sdf,../large_fep_dataset/data/fep_benchmark_processed/mcs_docking_renin_customcore_protein.pdb,602,6.5611258,6.9376965,7.164364,6.928461,6.9776483,6.842987,7.00635,6.827061,7.477293,7.1187696,6.984175
603,mcs_docking/renin_customcore,mcs_docking/renin_customcore/b1i1,../large_fep_dataset/data/fep_benchmark_processed/mcs_docking_renin_customcore_b1i1.sdf,../large_fep_dataset/data/fep_benchmark_processed/mcs_docking_renin_customcore_protein.pdb,603,5.980967,5.481389,5.7006326,5.621308,5.5041614,5.928635,5.4602942,5.508352,5.449857,5.4585614,5.6094155
604,mcs_docking/renin_customcore,mcs_docking/renin_customcore/b1i2a,../large_fep_dataset/data/fep_benchmark_processed/mcs_docking_renin_customcore_b1i2a.sdf,../large_fep_dataset/data/fep_benchmark_processed/mcs_docking_renin_customcore_protein.pdb,604,5.552219,5.5851583,5.7079587,5.814623,5.839432,5.26963,5.3585205,5.879206,5.8175163,5.471031,5.6295295
605,mcs_docking/renin_customcore,mcs_docking/renin_customcore/b1i2e,../large_fep_dataset/data/fep_benchmark_processed/mcs_docking_renin_customcore_b1i2e.sdf,../large_fep_dataset/data/fep_benchmark_processed/mcs_docking_renin_customcore_protein.pdb,605,6.2812595,6.3992567,7.2854943,6.0704117,6.921988,6.308122,6.1142254,6.8078427,6.5270824,6.456103,6.5171785
606,mcs_docking/renin_customcore,mcs_docking/renin_customcore/b1i2i,../large_fep_dataset/data/fep_benchmark_processed/mcs_docking_renin_customcore_b1i2i.sdf,../large_fep_dataset/data/fep_benchmark_processed/mcs_docking_renin_customcore_protein.pdb,606,6.4782195,6.9489365,7.1126285,6.491828,7.1002812,6.8625975,6.69991,7.4903135,7.001445,6.7719855,6.8958144
607,mcs_docking/renin_customcore,mcs_docking/renin_customcore/b1i2j,../large_fep_dataset/data/fep_benchmark_processed/mcs_docking_renin_customcore_b1i2j.sdf,../large_fep_dataset/data/fep_benchmark_processed/mcs_docking_renin_customcore_protein.pdb,607,6.780048,7.160225,7.68142,6.420175,6.918771,6.6180196,6.213224,7.8164015,6.8582573,7.221934,6.9688478
608,mcs_docking/renin_customcore,mcs_docking/renin_customcore/b1i5c,../large_fep_dataset/data/fep_benchmark_processed/mcs_docking_renin_customcore_b1i5c.sdf,../large_fep_dataset/data/fep_benchmark_processed/mcs_docking_renin_customcore_protein.pdb,608,7.3153577,7.016067,7.956617,6.3123345,7.0046415,6.5791736,6.0569906,7.351129,7.1878295,7.1358676,6.991601
609,mcs_docking/renin_customcore,mcs_docking/renin_customcore/b1i5b,../large_fep_dataset/data/fep_benchmark_processed/mcs_docking_renin_customcore_b1i5b.sdf,../large_fep_dataset/data/fep_benchmark_processed/mcs_docking_renin_customcore_protein.pdb,609,6.2291107,6.767756,7.1951365,6.2690578,6.5694737,5.8876,5.8638883,6.8359456,6.57246,6.601977,6.4792404
610,mcs_docking/renin_customcore,mcs_docking/renin_customcore/b1i2k,../large_fep_dataset/data/fep_benchmark_processed/mcs_docking_renin_customcore_b1i2k.sdf,../large_fep_dataset/data/fep_benchmark_processed/mcs_docking_renin_customcore_protein.pdb,610,6.41825,6.9459023,7.4965553,6.6283154,7.2303424,6.0456414,6.5941463,7.5904436,6.8225927,7.0522885,6.8824477
611,mcs_docking/renin_customcore,mcs_docking/renin_customcore/b1i2h,../large_fep_dataset/data/fep_benchmark_processed/mcs_docking_renin_customcore_b1i2h.sdf,../large_fep_dataset/data/fep_benchmark_processed/mcs_docking_renin_customcore_protein.pdb,611,5.921744,6.3491807,6.4875593,6.104032,5.959727,5.59926,5.843219,6.8993893,6.1893673,6.445502,6.1798983
612,mcs_docking/renin_customcore,mcs_docking/renin_customcore/b1i2g,../large_fep_dataset/data/fep_benchmark_processed/mcs_docking_renin_customcore_b1i2g.sdf,../large_fep_dataset/data/fep_benchmark_processed/mcs_docking_renin_customcore_protein.pdb,612,5.8840046,6.033247,6.5816317,5.6582303,5.9634576,5.9613957,5.885589,6.3868117,5.920206,6.0290046,6.030358
613,mcs_docking/renin_customcore,mcs_docking/renin_customcore/b1i4b,../large_fep_dataset/data/fep_benchmark_processed/mcs_docking_renin_customcore_b1i4b.sdf,../large_fep_dataset/data/fep_benchmark_processed/mcs_docking_renin_customcore_protein.pdb,613,6.080657,5.658642,6.2926474,6.170009,6.062044,5.5746417,5.3991737,6.631321,6.00921,5.8963294,5.9774675
614,mcs_docking/renin_customcore,mcs_docking/renin_customcore/b1i5a,../large_fep_dataset/data/fep_benchmark_processed/mcs_docking_renin_customcore_b1i5a.sdf,../large_fep_dataset/data/fep_benchmark_processed/mcs_docking_renin_customcore_protein.pdb,614,6.981296,6.843808,7.4442515,6.461611,6.684463,6.4912014,6.0526366,7.285938,6.7231874,6.6065288,6.757492
615,mcs_docking/renin_customcore,mcs_docking/renin_customcore/b1i2d,../large_fep_dataset/data/fep_benchmark_processed/mcs_docking_renin_customcore_b1i2d.sdf,../large_fep_dataset/data/fep_benchmark_processed/mcs_docking_renin_customcore_protein.pdb,615,5.7100363,6.184238,5.7505016,6.1327457,6.064639,5.989971,5.962239,6.3095016,6.017747,6.04067,6.0162287
616,mcs_docking/renin_customcore,mcs_docking/renin_customcore/b1i4a,../large_fep_dataset/data/fep_benchmark_processed/mcs_docking_renin_customcore_b1i4a.sdf,../large_fep_dataset/data/fep_benchmark_processed/mcs_docking_renin_customcore_protein.pdb,616,5.471516,5.2962446,5.6973915,5.474173,5.510614,5.1242137,5.8084226,5.5810156,5.808022,5.5270667,5.529868
617,mcs_docking/renin_customcore,mcs_docking/renin_customcore/b1i5d,../large_fep_dataset/data/fep_benchmark_processed/mcs_docking_renin_customcore_b1i5d.sdf,../large_fep_dataset/data/fep_benchmark_processed/mcs_docking_renin_customcore_protein.pdb,617,7.0007324,6.682385,7.3282666,6.681851,7.30807,6.499782,6.3402405,7.8039355,7.3152575,7.314916,7.0275435
618,mcs_docking/renin_customcore,mcs_docking/renin_customcore/b1i2c,../large_fep_dataset/data/fep_benchmark_processed/mcs_docking_renin_customcore_b1i2c.sdf,../large_fep_dataset/data/fep_benchmark_processed/mcs_docking_renin_customcore_protein.pdb,618,5.7073793,5.6320415,5.4716263,5.974825,5.639222,6.030782,5.8924932,6.411075,5.7964106,5.744551,5.830041
619,mcs_docking/hne,mcs_docking/hne/6,../large_fep_dataset/data/fep_benchmark_processed/mcs_docking_hne_6.sdf,../large_fep_dataset/data/fep_benchmark_processed/mcs_docking_hne_protein.pdb,619,6.994995,6.6535,6.594028,6.2927146,6.008697,6.6391873,6.571033,6.970025,6.464233,6.6226335,6.5811043
620,mcs_docking/hne,mcs_docking/hne/14,../large_fep_dataset/data/fep_benchmark_processed/mcs_docking_hne_14.sdf,../large_fep_dataset/data/fep_benchmark_processed/mcs_docking_hne_protein.pdb,620,8.014474,7.9039392,8.400391,8.171246,7.9266224,8.092619,8.170587,7.7212353,7.714119,8.182737,8.029798
621,mcs_docking/hne,mcs_docking/hne/15,../large_fep_dataset/data/fep_benchmark_processed/mcs_docking_hne_15.sdf,../large_fep_dataset/data/fep_benchmark_processed/mcs_docking_hne_protein.pdb,621,8.272895,8.521136,8.671666,8.403327,8.751293,8.736962,8.515509,8.489373,8.316761,8.649505,8.532843
622,mcs_docking/hne,mcs_docking/hne/16,../large_fep_dataset/data/fep_benchmark_processed/mcs_docking_hne_16.sdf,../large_fep_dataset/data/fep_benchmark_processed/mcs_docking_hne_protein.pdb,622,8.558065,8.4433155,8.670178,8.294581,8.675772,8.599725,8.594155,8.548416,8.324026,8.876663,8.55849
623,mcs_docking/hne,mcs_docking/hne/17,../large_fep_dataset/data/fep_benchmark_processed/mcs_docking_hne_17.sdf,../large_fep_dataset/data/fep_benchmark_processed/mcs_docking_hne_protein.pdb,623,8.354563,8.225471,8.472176,8.34278,7.9901166,8.176462,8.109585,8.250066,7.8645754,8.226284,8.201208
624,mcs_docking/hne,mcs_docking/hne/18,../large_fep_dataset/data/fep_benchmark_processed/mcs_docking_hne_18.sdf,../large_fep_dataset/data/fep_benchmark_processed/mcs_docking_hne_protein.pdb,624,7.865194,8.18401,8.566822,8.085356,7.783753,8.214445,8.135052,8.248121,7.902654,8.304359,8.128977
625,mcs_docking/hne,mcs_docking/hne/19,../large_fep_dataset/data/fep_benchmark_processed/mcs_docking_hne_19.sdf,../large_fep_dataset/data/fep_benchmark_processed/mcs_docking_hne_protein.pdb,625,8.595345,8.494551,8.650793,8.396673,8.4429865,8.416476,8.634808,8.791742,8.493257,8.900275,8.58169
626,mcs_docking/hne,mcs_docking/hne/20,../large_fep_dataset/data/fep_benchmark_processed/mcs_docking_hne_20.sdf,../large_fep_dataset/data/fep_benchmark_processed/mcs_docking_hne_protein.pdb,626,7.5574956,7.5615063,8.27647,7.6384535,7.6392474,8.032792,7.766938,7.9712005,7.774095,7.816376,7.803457
627,mcs_docking/hne,mcs_docking/hne/21,../large_fep_dataset/data/fep_benchmark_processed/mcs_docking_hne_21.sdf,../large_fep_dataset/data/fep_benchmark_processed/mcs_docking_hne_protein.pdb,627,8.42673,8.73747,8.84671,8.835848,8.896095,8.678612,8.752123,8.447755,8.42636,8.86317,8.691087
628,mcs_docking/hne,mcs_docking/hne/22,../large_fep_dataset/data/fep_benchmark_processed/mcs_docking_hne_22.sdf,../large_fep_dataset/data/fep_benchmark_processed/mcs_docking_hne_protein.pdb,628,7.34227,7.8866296,8.22738,7.5598845,7.8239675,7.803901,7.573091,7.7141256,7.658336,7.8891006,7.7478685
629,mcs_docking/hne,mcs_docking/hne/23,../large_fep_dataset/data/fep_benchmark_processed/mcs_docking_hne_23.sdf,../large_fep_dataset/data/fep_benchmark_processed/mcs_docking_hne_protein.pdb,629,7.9126534,8.468942,8.672354,8.515477,8.6768875,8.214442,8.221911,8.249297,8.181089,8.537373,8.365044
630,mcs_docking/hne,mcs_docking/hne/25,../large_fep_dataset/data/fep_benchmark_processed/mcs_docking_hne_25.sdf,../large_fep_dataset/data/fep_benchmark_processed/mcs_docking_hne_protein.pdb,630,7.806764,8.640361,8.461963,8.654798,8.3763895,8.598141,8.415617,8.323035,8.31338,8.217313,8.380776
631,mcs_docking/hne,mcs_docking/hne/26,../large_fep_dataset/data/fep_benchmark_processed/mcs_docking_hne_26.sdf,../large_fep_dataset/data/fep_benchmark_processed/mcs_docking_hne_protein.pdb,631,7.41445,8.133845,8.312264,7.734787,7.997972,8.099825,8.073526,8.034773,7.5799127,8.29349,7.9674845
632,mcs_docking/hne,mcs_docking/hne/27,../large_fep_dataset/data/fep_benchmark_processed/mcs_docking_hne_27.sdf,../large_fep_dataset/data/fep_benchmark_processed/mcs_docking_hne_protein.pdb,632,7.898131,8.538779,8.37313,8.567343,8.494513,8.419832,8.667358,8.305002,8.213776,8.518356,8.399622
633,mcs_docking/hne,mcs_docking/hne/28,../large_fep_dataset/data/fep_benchmark_processed/mcs_docking_hne_28.sdf,../large_fep_dataset/data/fep_benchmark_processed/mcs_docking_hne_protein.pdb,633,7.857758,8.3707695,8.805973,8.419227,8.22648,8.410261,8.266355,8.369454,8.34838,8.461204,8.353586
634,mcs_docking/hne,mcs_docking/hne/29,../large_fep_dataset/data/fep_benchmark_processed/mcs_docking_hne_29.sdf,../large_fep_dataset/data/fep_benchmark_processed/mcs_docking_hne_protein.pdb,634,8.453068,8.842285,8.976975,8.862114,8.550657,8.821694,8.817048,8.938673,8.8757715,8.607582,8.774587
635,mcs_docking/hne,mcs_docking/hne/30,../large_fep_dataset/data/fep_benchmark_processed/mcs_docking_hne_30.sdf,../large_fep_dataset/data/fep_benchmark_processed/mcs_docking_hne_protein.pdb,635,8.208207,8.792399,8.830518,8.829177,8.429191,8.711202,8.688316,8.913722,8.796591,8.663523,8.686285
636,mcs_docking/hne,mcs_docking/hne/21 neutral,../large_fep_dataset/data/fep_benchmark_processed/mcs_docking_hne_21_neutral.sdf,../large_fep_dataset/data/fep_benchmark_processed/mcs_docking_hne_protein.pdb,636,8.388072,8.716153,8.657457,8.76147,8.732467,8.600501,8.658896,8.43137,8.389578,8.835369,8.617134
637,mcs_docking/hne,mcs_docking/hne/19 neutral,../large_fep_dataset/data/fep_benchmark_processed/mcs_docking_hne_19_neutral.sdf,../large_fep_dataset/data/fep_benchmark_processed/mcs_docking_hne_protein.pdb,637,8.361834,8.59678,8.736873,8.305746,8.408316,8.5272455,8.550137,8.737448,8.393636,8.8255005,8.544352
638,mcs_docking/hne,mcs_docking/hne/16 neutral,../large_fep_dataset/data/fep_benchmark_processed/mcs_docking_hne_16_neutral.sdf,../large_fep_dataset/data/fep_benchmark_processed/mcs_docking_hne_protein.pdb,638,8.344679,8.4432335,8.761597,8.388672,8.490336,8.598142,8.5469675,8.539203,8.220193,8.725822,8.505884
639,misc/hfaah,misc/hfaah/6MRG ligand,../large_fep_dataset/data/fep_benchmark_processed/misc_hfaah_6MRG_ligand.sdf,../large_fep_dataset/data/fep_benchmark_processed/misc_hfaah_protein.pdb,639,6.0508084,6.183136,6.3045864,6.513884,6.473052,6.5596013,6.0206857,6.7658687,5.75684,6.0453544,6.2673817
640,misc/hfaah,misc/hfaah/fig 3,../large_fep_dataset/data/fep_benchmark_processed/misc_hfaah_fig_3.sdf,../large_fep_dataset/data/fep_benchmark_processed/misc_hfaah_protein.pdb,640,5.9207244,5.9373555,6.4990654,6.0963707,6.028308,6.367346,6.01208,5.591929,5.6990123,6.1451283,6.0297318
641,misc/hfaah,misc/hfaah/2,../large_fep_dataset/data/fep_benchmark_processed/misc_hfaah_2.sdf,../large_fep_dataset/data/fep_benchmark_processed/misc_hfaah_protein.pdb,641,5.4895287,5.7489038,6.235588,5.44844,5.727806,5.390241,5.8065634,5.9027042,5.8791943,5.8310614,5.7460036
642,misc/hfaah,misc/hfaah/4,../large_fep_dataset/data/fep_benchmark_processed/misc_hfaah_4.sdf,../large_fep_dataset/data/fep_benchmark_processed/misc_hfaah_protein.pdb,642,5.6555557,6.2137756,6.789119,6.4265237,6.1645303,6.434861,6.1506143,6.339006,6.264617,6.713249,6.315185
643,misc/hfaah,misc/hfaah/6,../large_fep_dataset/data/fep_benchmark_processed/misc_hfaah_6.sdf,../large_fep_dataset/data/fep_benchmark_processed/misc_hfaah_protein.pdb,643,6.0013885,5.595427,6.499285,5.655069,6.165889,6.032548,5.819963,5.158892,5.9613805,6.0949173,5.8984756
644,misc/hfaah,misc/hfaah/9,../large_fep_dataset/data/fep_benchmark_processed/misc_hfaah_9.sdf,../large_fep_dataset/data/fep_benchmark_processed/misc_hfaah_protein.pdb,644,5.9124613,5.7523108,6.832637,6.31843,6.2528496,6.683861,6.4509478,5.7792606,5.9211917,5.9314885,6.1835437
645,misc/hfaah,misc/hfaah/11,../large_fep_dataset/data/fep_benchmark_processed/misc_hfaah_11.sdf,../large_fep_dataset/data/fep_benchmark_processed/misc_hfaah_protein.pdb,645,5.9994793,5.9414454,6.525437,6.056129,6.005479,6.399484,6.0033174,6.5624413,6.2614408,6.4431334,6.219779
646,misc/hfaah,misc/hfaah/12,../large_fep_dataset/data/fep_benchmark_processed/misc_hfaah_12.sdf,../large_fep_dataset/data/fep_benchmark_processed/misc_hfaah_protein.pdb,646,6.1816688,5.823418,6.325962,6.401362,6.1132255,6.723155,5.907445,5.534131,5.788418,5.997657,6.079644
647,misc/hfaah,misc/hfaah/15,../large_fep_dataset/data/fep_benchmark_processed/misc_hfaah_15.sdf,../large_fep_dataset/data/fep_benchmark_processed/misc_hfaah_protein.pdb,647,5.5953054,5.6214914,6.076545,6.0104647,5.685818,6.0663786,5.460758,6.107073,6.0490932,6.020561,5.869349
648,misc/hfaah,misc/hfaah/14,../large_fep_dataset/data/fep_benchmark_processed/misc_hfaah_14.sdf,../large_fep_dataset/data/fep_benchmark_processed/misc_hfaah_protein.pdb,648,5.6143007,5.186001,6.3102965,5.284473,5.730404,5.287955,5.768719,5.656899,5.654214,5.791768,5.628503
649,misc/hfaah,misc/hfaah/19,../large_fep_dataset/data/fep_benchmark_processed/misc_hfaah_19.sdf,../large_fep_dataset/data/fep_benchmark_processed/misc_hfaah_protein.pdb,649,5.1521344,5.2692785,5.6935115,5.447363,6.25121,6.0203915,5.521138,5.9768887,5.4052033,5.6385403,5.6375666
650,misc/hfaah,misc/hfaah/20,../large_fep_dataset/data/fep_benchmark_processed/misc_hfaah_20.sdf,../large_fep_dataset/data/fep_benchmark_processed/misc_hfaah_protein.pdb,650,5.285476,5.7799997,6.1100273,5.653027,5.773512,5.442219,5.5259466,5.9411054,5.700038,6.1818433,5.7393193
651,misc/hfaah,misc/hfaah/22,../large_fep_dataset/data/fep_benchmark_processed/misc_hfaah_22.sdf,../large_fep_dataset/data/fep_benchmark_processed/misc_hfaah_protein.pdb,651,5.7470565,6.0769854,6.7058277,6.1904044,6.256359,7.2735457,6.5459085,6.9952893,5.889161,5.976047,6.3656588
652,misc/hfaah,misc/hfaah/23,../large_fep_dataset/data/fep_benchmark_processed/misc_hfaah_23.sdf,../large_fep_dataset/data/fep_benchmark_processed/misc_hfaah_protein.pdb,652,6.2668605,6.8754196,6.714681,6.645311,6.557856,7.104494,6.7548246,5.9871144,6.208944,6.4464183,6.556193
653,misc/hfaah,misc/hfaah/24,../large_fep_dataset/data/fep_benchmark_processed/misc_hfaah_24.sdf,../large_fep_dataset/data/fep_benchmark_processed/misc_hfaah_protein.pdb,653,6.5395393,6.96934,6.5862684,6.4667335,6.37623,6.882546,6.1365275,5.977548,6.138737,6.7543178,6.482778
654,misc/hfaah,misc/hfaah/25,../large_fep_dataset/data/fep_benchmark_processed/misc_hfaah_25.sdf,../large_fep_dataset/data/fep_benchmark_processed/misc_hfaah_protein.pdb,654,5.9186106,6.675425,6.7636356,6.2026873,5.7869935,6.852824,6.214985,6.829443,6.134719,6.203113,6.358244
655,misc/hfaah,misc/hfaah/26,../large_fep_dataset/data/fep_benchmark_processed/misc_hfaah_26.sdf,../large_fep_dataset/data/fep_benchmark_processed/misc_hfaah_protein.pdb,655,6.256908,6.7331543,6.874484,6.107629,6.089729,7.131229,6.1547475,6.4897146,6.0378985,6.652504,6.4528
656,misc/hfaah,misc/hfaah/27,../large_fep_dataset/data/fep_benchmark_processed/misc_hfaah_27.sdf,../large_fep_dataset/data/fep_benchmark_processed/misc_hfaah_protein.pdb,656,5.888689,6.272887,6.4207125,6.960446,6.6068044,6.8146787,6.4854655,6.664344,6.879089,7.2033467,6.6196465
657,misc/hfaah,misc/hfaah/28,../large_fep_dataset/data/fep_benchmark_processed/misc_hfaah_28.sdf,../large_fep_dataset/data/fep_benchmark_processed/misc_hfaah_protein.pdb,657,6.3931785,5.974798,6.524371,6.1567326,5.8202934,6.8319793,6.1260476,7.116197,5.924081,6.1685286,6.303621
658,misc/hfaah,misc/hfaah/29,../large_fep_dataset/data/fep_benchmark_processed/misc_hfaah_29.sdf,../large_fep_dataset/data/fep_benchmark_processed/misc_hfaah_protein.pdb,658,6.0623817,6.0669236,6.4086423,6.2603903,6.1141124,6.3520875,6.242538,5.253977,5.8797445,6.301719,6.094252
659,misc/hfaah,misc/hfaah/30,../large_fep_dataset/data/fep_benchmark_processed/misc_hfaah_30.sdf,../large_fep_dataset/data/fep_benchmark_processed/misc_hfaah_protein.pdb,659,5.942869,6.658537,6.572463,5.953369,6.3229003,5.8217,5.6824083,5.883452,5.9358263,6.402599,6.1176124
660,misc/hfaah,misc/hfaah/31,../large_fep_dataset/data/fep_benchmark_processed/misc_hfaah_31.sdf,../large_fep_dataset/data/fep_benchmark_processed/misc_hfaah_protein.pdb,660,6.0002537,6.228067,6.7115803,6.124711,6.2893095,6.231695,6.2328444,5.5409627,6.1260214,6.3473372,6.183278
661,misc/hfaah,misc/hfaah/33 (Saha 2018),../large_fep_dataset/data/fep_benchmark_processed/misc_hfaah_33_(Saha_2018).sdf,../large_fep_dataset/data/fep_benchmark_processed/misc_hfaah_protein.pdb,661,6.161298,6.6812396,6.707603,6.506648,6.248902,6.7793055,6.502125,5.8315363,6.545995,6.577757,6.4542403
662,misc/hfaah,misc/hfaah/39,../large_fep_dataset/data/fep_benchmark_processed/misc_hfaah_39.sdf,../large_fep_dataset/data/fep_benchmark_processed/misc_hfaah_protein.pdb,662,5.9144382,6.5382295,6.684281,6.28521,6.1205454,6.798484,6.702206,5.810731,6.7213283,6.669426,6.424487
663,misc/hiv_prot_ekegren,misc/hiv_prot_ekegren/1,../large_fep_dataset/data/fep_benchmark_processed/misc_hiv_prot_ekegren_1.sdf,../large_fep_dataset/data/fep_benchmark_processed/misc_hiv_prot_ekegren_protein.pdb,663,8.733335,8.199071,8.0610075,7.9885354,7.9863687,8.026489,8.163171,8.251063,8.022332,8.417798,8.184917
664,misc/hiv_prot_ekegren,misc/hiv_prot_ekegren/9,../large_fep_dataset/data/fep_benchmark_processed/misc_hiv_prot_ekegren_9.sdf,../large_fep_dataset/data/fep_benchmark_processed/misc_hiv_prot_ekegren_protein.pdb,664,8.827194,8.281634,8.392963,8.130412,8.16581,7.9557695,8.059395,8.078234,8.222996,8.862505,8.297691
665,misc/hiv_prot_ekegren,misc/hiv_prot_ekegren/10,../large_fep_dataset/data/fep_benchmark_processed/misc_hiv_prot_ekegren_10.sdf,../large_fep_dataset/data/fep_benchmark_processed/misc_hiv_prot_ekegren_protein.pdb,665,8.796565,8.4341345,8.501342,8.385316,8.415332,8.007342,8.099279,8.217307,8.637413,8.816395,8.431043
666,misc/hiv_prot_ekegren,misc/hiv_prot_ekegren/11 (2cen),../large_fep_dataset/data/fep_benchmark_processed/misc_hiv_prot_ekegren_11_(2cen).sdf,../large_fep_dataset/data/fep_benchmark_processed/misc_hiv_prot_ekegren_protein.pdb,666,8.724631,8.539113,8.343084,8.457064,8.44998,8.1561985,8.204804,8.269219,8.361386,8.798259,8.430373
667,misc/hiv_prot_ekegren,misc/hiv_prot_ekegren/12,../large_fep_dataset/data/fep_benchmark_processed/misc_hiv_prot_ekegren_12.sdf,../large_fep_dataset/data/fep_benchmark_processed/misc_hiv_prot_ekegren_protein.pdb,667,8.751966,8.289474,8.112951,8.387534,8.500347,8.355788,8.024296,8.088053,8.185071,8.90888,8.360436
668,misc/hiv_prot_ekegren,misc/hiv_prot_ekegren/13,../large_fep_dataset/data/fep_benchmark_processed/misc_hiv_prot_ekegren_13.sdf,../large_fep_dataset/data/fep_benchmark_processed/misc_hiv_prot_ekegren_protein.pdb,668,8.4380455,7.6056743,8.162127,7.929383,7.6336017,7.771945,7.5790157,7.971524,7.8156934,8.174394,7.9081407
669,misc/hiv_prot_ekegren,misc/hiv_prot_ekegren/14,../large_fep_dataset/data/fep_benchmark_processed/misc_hiv_prot_ekegren_14.sdf,../large_fep_dataset/data/fep_benchmark_processed/misc_hiv_prot_ekegren_protein.pdb,669,8.629741,7.9177194,8.150364,8.030587,7.826256,7.9059606,7.808601,7.8882556,8.307966,8.213068,8.067852
670,misc/hiv_prot_ekegren,misc/hiv_prot_ekegren/15,../large_fep_dataset/data/fep_benchmark_processed/misc_hiv_prot_ekegren_15.sdf,../large_fep_dataset/data/fep_benchmark_processed/misc_hiv_prot_ekegren_protein.pdb,670,8.798826,8.292815,8.072603,8.292792,8.071088,7.8746805,7.799999,7.9632087,8.267553,8.578333,8.201189
671,misc/hiv_prot_ekegren,misc/hiv_prot_ekegren/16,../large_fep_dataset/data/fep_benchmark_processed/misc_hiv_prot_ekegren_16.sdf,../large_fep_dataset/data/fep_benchmark_processed/misc_hiv_prot_ekegren_protein.pdb,671,8.574386,8.466376,8.221502,8.316595,8.1314125,8.299086,7.8223424,7.8108106,8.300194,8.567363,8.251006
672,misc/hiv_prot_ekegren,misc/hiv_prot_ekegren/17,../large_fep_dataset/data/fep_benchmark_processed/misc_hiv_prot_ekegren_17.sdf,../large_fep_dataset/data/fep_benchmark_processed/misc_hiv_prot_ekegren_protein.pdb,672,8.323503,8.052011,8.517673,7.916643,7.713988,8.387667,7.373202,7.9496155,8.119895,8.755917,8.111011
673,misc/hiv_prot_ekegren,misc/hiv_prot_ekegren/18,../large_fep_dataset/data/fep_benchmark_processed/misc_hiv_prot_ekegren_18.sdf,../large_fep_dataset/data/fep_benchmark_processed/misc_hiv_prot_ekegren_protein.pdb,673,8.164917,7.818605,8.099626,8.406327,8.30184,7.8512645,7.978832,8.247584,8.220697,8.632587,8.172228
674,misc/hiv_prot_ekegren,misc/hiv_prot_ekegren/19,../large_fep_dataset/data/fep_benchmark_processed/misc_hiv_prot_ekegren_19.sdf,../large_fep_dataset/data/fep_benchmark_processed/misc_hiv_prot_ekegren_protein.pdb,674,8.681747,7.727563,7.8237357,7.5905604,7.58241,7.225651,8.131492,7.658396,7.9424777,8.356407,7.8720436
675,misc/hiv_prot_ekegren,misc/hiv_prot_ekegren/20,../large_fep_dataset/data/fep_benchmark_processed/misc_hiv_prot_ekegren_20.sdf,../large_fep_dataset/data/fep_benchmark_processed/misc_hiv_prot_ekegren_protein.pdb,675,8.953275,8.1298,8.498538,7.973788,7.977964,7.9143744,8.430601,8.016438,8.753104,8.663162,8.331104
676,misc/cdk8_koehler,misc/cdk8_koehler/12,../large_fep_dataset/data/fep_benchmark_processed/misc_cdk8_koehler_12.sdf,../large_fep_dataset/data/fep_benchmark_processed/misc_cdk8_koehler_protein.pdb,676,7.296881,7.3608823,7.329888,7.4261355,6.778831,7.087429,7.755781,7.3185806,7.3557773,6.8601184,7.2570295
677,misc/cdk8_koehler,misc/cdk8_koehler/13,../large_fep_dataset/data/fep_benchmark_processed/misc_cdk8_koehler_13.sdf,../large_fep_dataset/data/fep_benchmark_processed/misc_cdk8_koehler_protein.pdb,677,8.124729,8.05447,8.385596,8.264796,8.087304,8.187463,8.2126875,8.011356,8.112058,8.423954,8.186441
678,misc/cdk8_koehler,misc/cdk8_koehler/14,../large_fep_dataset/data/fep_benchmark_processed/misc_cdk8_koehler_14.sdf,../large_fep_dataset/data/fep_benchmark_processed/misc_cdk8_koehler_protein.pdb,678,7.6726513,7.785487,8.125875,7.5750623,7.706032,7.363716,7.926371,7.679376,7.9515142,7.6529245,7.7439013
679,misc/cdk8_koehler,misc/cdk8_koehler/15,../large_fep_dataset/data/fep_benchmark_processed/misc_cdk8_koehler_15.sdf,../large_fep_dataset/data/fep_benchmark_processed/misc_cdk8_koehler_protein.pdb,679,7.817547,7.269495,7.6804976,7.303507,6.569617,7.223126,7.2678347,7.4286804,7.3646393,6.726816,7.265176
680,misc/cdk8_koehler,misc/cdk8_koehler/16,../large_fep_dataset/data/fep_benchmark_processed/misc_cdk8_koehler_16.sdf,../large_fep_dataset/data/fep_benchmark_processed/misc_cdk8_koehler_protein.pdb,680,7.358558,7.984386,7.4200726,7.3877,7.3263535,7.095839,7.761337,7.199789,7.831078,7.8731794,7.523829
681,misc/cdk8_koehler,misc/cdk8_koehler/17,../large_fep_dataset/data/fep_benchmark_processed/misc_cdk8_koehler_17.sdf,../large_fep_dataset/data/fep_benchmark_processed/misc_cdk8_koehler_protein.pdb,681,8.015933,7.9961457,8.028158,7.706325,7.552214,7.749679,8.0619335,7.1339984,7.884336,7.269146,7.739787
682,misc/cdk8_koehler,misc/cdk8_koehler/19,../large_fep_dataset/data/fep_benchmark_processed/misc_cdk8_koehler_19.sdf,../large_fep_dataset/data/fep_benchmark_processed/misc_cdk8_koehler_protein.pdb,682,7.6135917,7.3724475,7.389755,7.8455873,7.869978,6.9876714,7.351837,7.412729,7.2591996,7.026467,7.4129257
683,misc/cdk8_koehler,misc/cdk8_koehler/20,../large_fep_dataset/data/fep_benchmark_processed/misc_cdk8_koehler_20.sdf,../large_fep_dataset/data/fep_benchmark_processed/misc_cdk8_koehler_protein.pdb,683,7.7662377,7.9023895,7.3916807,7.040743,7.098461,7.0786986,7.4250274,6.813658,7.3848577,7.1153436,7.301709
684,misc/cdk8_koehler,misc/cdk8_koehler/21,../large_fep_dataset/data/fep_benchmark_processed/misc_cdk8_koehler_21.sdf,../large_fep_dataset/data/fep_benchmark_processed/misc_cdk8_koehler_protein.pdb,684,8.010938,8.184511,8.126643,7.6142297,7.5459437,7.6340227,7.453544,7.750794,8.256029,7.3317595,7.790841
685,misc/cdk8_koehler,misc/cdk8_koehler/22,../large_fep_dataset/data/fep_benchmark_processed/misc_cdk8_koehler_22.sdf,../large_fep_dataset/data/fep_benchmark_processed/misc_cdk8_koehler_protein.pdb,685,7.579862,7.5183635,8.287497,7.780219,7.755955,7.3801594,7.735165,7.7749677,8.1395645,7.2796063,7.723136
686,misc/galectin3_extra,misc/galectin3_extra/18a,../large_fep_dataset/data/fep_benchmark_processed/misc_galectin3_extra_18a.sdf,../large_fep_dataset/data/fep_benchmark_processed/misc_galectin3_extra_protein.pdb,686,6.093555,6.12979,5.7148724,6.179625,5.9613805,5.7910833,6.033723,6.1308513,6.225436,6.5585227,6.0818834
687,misc/galectin3_extra,misc/galectin3_extra/18b,../large_fep_dataset/data/fep_benchmark_processed/misc_galectin3_extra_18b.sdf,../large_fep_dataset/data/fep_benchmark_processed/misc_galectin3_extra_protein.pdb,687,5.674604,5.983355,5.2288623,5.972128,5.5340967,6.002162,6.02899,5.9149327,6.2326007,5.5362964,5.8108034
688,misc/galectin3_extra,misc/galectin3_extra/18d,../large_fep_dataset/data/fep_benchmark_processed/misc_galectin3_extra_18d.sdf,../large_fep_dataset/data/fep_benchmark_processed/misc_galectin3_extra_protein.pdb,688,5.8138995,5.867181,5.646579,6.1051793,5.627859,5.874347,5.6219893,5.955595,6.4920483,5.246644,5.825132
689,misc/galectin3_extra,misc/galectin3_extra/18e,../large_fep_dataset/data/fep_benchmark_processed/misc_galectin3_extra_18e.sdf,../large_fep_dataset/data/fep_benchmark_processed/misc_galectin3_extra_protein.pdb,689,5.6822314,6.1277237,5.3521886,5.8048344,5.4582996,5.7047253,5.90565,5.458361,5.9230323,4.9296193,5.634667
690,misc/galectin3_extra,misc/galectin3_extra/18f,../large_fep_dataset/data/fep_benchmark_processed/misc_galectin3_extra_18f.sdf,../large_fep_dataset/data/fep_benchmark_processed/misc_galectin3_extra_protein.pdb,690,5.7386265,6.031898,5.3722935,6.101117,5.2669606,5.985339,6.0020103,5.6667495,6.215833,5.1768293,5.7557654
691,misc/galectin3_extra,misc/galectin3_extra/18g,../large_fep_dataset/data/fep_benchmark_processed/misc_galectin3_extra_18g.sdf,../large_fep_dataset/data/fep_benchmark_processed/misc_galectin3_extra_protein.pdb,691,5.804954,6.13735,5.094784,6.1754975,5.269247,6.343046,5.4794383,6.321314,6.506513,5.2011867,5.833333
692,misc/galectin3_extra,misc/galectin3_extra/18h,../large_fep_dataset/data/fep_benchmark_processed/misc_galectin3_extra_18h.sdf,../large_fep_dataset/data/fep_benchmark_processed/misc_galectin3_extra_protein.pdb,692,5.8702884,6.1643143,5.623042,6.2369986,5.493448,6.8773246,6.068818,5.7103767,6.584234,5.3444057,5.997325
693,misc/galectin3_extra,misc/galectin3_extra/18i,../large_fep_dataset/data/fep_benchmark_processed/misc_galectin3_extra_18i.sdf,../large_fep_dataset/data/fep_benchmark_processed/misc_galectin3_extra_protein.pdb,693,6.0016613,6.503337,5.8045907,6.2893934,5.9925666,6.904251,6.7430005,5.9284964,6.828039,6.0381503,6.303349
694,misc/galectin3_extra,misc/galectin3_extra/17m,../large_fep_dataset/data/fep_benchmark_processed/misc_galectin3_extra_17m.sdf,../large_fep_dataset/data/fep_benchmark_processed/misc_galectin3_extra_protein.pdb,694,4.5950794,4.895811,4.5629263,5.2935963,5.040669,4.351075,5.13102,4.980222,5.168409,4.177019,4.8195825
695,misc/galectin3_extra,misc/galectin3_extra/17q,../large_fep_dataset/data/fep_benchmark_processed/misc_galectin3_extra_17q.sdf,../large_fep_dataset/data/fep_benchmark_processed/misc_galectin3_extra_protein.pdb,695,4.976094,4.83586,4.564484,4.2968597,4.683889,4.618796,4.4090395,4.8479095,4.553597,4.7610264,4.6547556
696,misc/galectin3_extra,misc/galectin3_extra/17r,../large_fep_dataset/data/fep_benchmark_processed/misc_galectin3_extra_17r.sdf,../large_fep_dataset/data/fep_benchmark_processed/misc_galectin3_extra_protein.pdb,696,4.9936337,4.7760267,4.561139,4.4438252,4.721796,4.81596,4.528249,4.760748,4.4985247,4.5167027,4.6616607
697,misc/galectin3_extra,misc/galectin3_extra/17n,../large_fep_dataset/data/fep_benchmark_processed/misc_galectin3_extra_17n.sdf,../large_fep_dataset/data/fep_benchmark_processed/misc_galectin3_extra_protein.pdb,697,5.303221,4.8771214,4.7609687,4.801611,5.0525813,4.7213836,5.0891023,4.996339,5.077573,4.7663484,4.944625
698,misc/galectin3_extra,misc/galectin3_extra/17p,../large_fep_dataset/data/fep_benchmark_processed/misc_galectin3_extra_17p.sdf,../large_fep_dataset/data/fep_benchmark_processed/misc_galectin3_extra_protein.pdb,698,5.555894,4.950303,5.251243,5.180638,5.010739,5.1786013,5.340273,5.288557,5.301428,5.148825,5.2206507
699,misc/galectin3_extra,misc/galectin3_extra/17o,../large_fep_dataset/data/fep_benchmark_processed/misc_galectin3_extra_17o.sdf,../large_fep_dataset/data/fep_benchmark_processed/misc_galectin3_extra_protein.pdb,699,5.373243,4.8977947,5.1361814,4.7832146,4.8737373,5.105331,5.0840654,4.882903,5.240141,4.5644565,4.994107
700,misc/galectin3_extra,misc/galectin3_extra/17f,../large_fep_dataset/data/fep_benchmark_processed/misc_galectin3_extra_17f.sdf,../large_fep_dataset/data/fep_benchmark_processed/misc_galectin3_extra_protein.pdb,700,5.466195,5.859995,5.5388613,5.6565404,5.7569513,5.5627556,5.637695,5.3156285,5.785407,5.494377,5.6074405
701,misc/galectin3_extra,misc/galectin3_extra/17e,../large_fep_dataset/data/fep_benchmark_processed/misc_galectin3_extra_17e.sdf,../large_fep_dataset/data/fep_benchmark_processed/misc_galectin3_extra_protein.pdb,701,5.5012555,5.810347,5.710281,5.9476376,5.7136226,6.1798887,6.3026867,5.534704,6.100306,5.7628064,5.8563538
702,misc/galectin3_extra,misc/galectin3_extra/17g,../large_fep_dataset/data/fep_benchmark_processed/misc_galectin3_extra_17g.sdf,../large_fep_dataset/data/fep_benchmark_processed/misc_galectin3_extra_protein.pdb,702,5.7937455,6.030418,5.7186923,5.852024,5.8250127,5.8938684,6.5247345,5.38941,6.3298516,5.452677,5.881044
703,misc/galectin3_extra,misc/galectin3_extra/17a,../large_fep_dataset/data/fep_benchmark_processed/misc_galectin3_extra_17a.sdf,../large_fep_dataset/data/fep_benchmark_processed/misc_galectin3_extra_protein.pdb,703,5.0053678,4.9514937,4.778386,4.7444615,4.913266,5.2451963,5.3191257,4.881495,5.0630226,4.797305,4.9699125
704,misc/galectin3_extra,misc/galectin3_extra/17j,../large_fep_dataset/data/fep_benchmark_processed/misc_galectin3_extra_17j.sdf,../large_fep_dataset/data/fep_benchmark_processed/misc_galectin3_extra_protein.pdb,704,5.1836042,5.2194824,4.92473,5.1602488,5.0895314,5.2851663,5.482016,5.2659626,5.1488056,4.8839593,5.1643505
705,misc/galectin3_extra,misc/galectin3_extra/17l,../large_fep_dataset/data/fep_benchmark_processed/misc_galectin3_extra_17l.sdf,../large_fep_dataset/data/fep_benchmark_processed/misc_galectin3_extra_protein.pdb,705,5.1783967,5.252058,5.2667828,5.2259126,5.483132,5.088402,5.842024,5.239766,5.1810694,4.802091,5.2559633
706,misc/galectin3_extra,misc/galectin3_extra/17c,../large_fep_dataset/data/fep_benchmark_processed/misc_galectin3_extra_17c.sdf,../large_fep_dataset/data/fep_benchmark_processed/misc_galectin3_extra_protein.pdb,706,5.4699807,5.6469445,5.1727467,5.4488893,5.4125752,5.771726,5.8813534,5.1485114,5.259459,5.3066106,5.4518795
707,misc/galectin3_extra,misc/galectin3_extra/17k,../large_fep_dataset/data/fep_benchmark_processed/misc_galectin3_extra_17k.sdf,../large_fep_dataset/data/fep_benchmark_processed/misc_galectin3_extra_protein.pdb,707,5.63348,5.1436396,5.423364,5.818013,5.2750816,5.380384,5.6734986,5.584777,5.387867,5.325173,5.464528
708,misc/galectin3_extra,misc/galectin3_extra/17b,../large_fep_dataset/data/fep_benchmark_processed/misc_galectin3_extra_17b.sdf,../large_fep_dataset/data/fep_benchmark_processed/misc_galectin3_extra_protein.pdb,708,5.3173976,5.643259,5.245172,5.0381827,5.164148,5.425755,5.351933,5.3221893,5.1009307,5.054303,5.266327
709,misc/galectin3_extra,misc/galectin3_extra/17h flip,../large_fep_dataset/data/fep_benchmark_processed/misc_galectin3_extra_17h_flip.sdf,../large_fep_dataset/data/fep_benchmark_processed/misc_galectin3_extra_protein.pdb,709,5.1393538,5.2643023,5.1938868,5.554833,5.5017257,5.712333,5.8573565,5.424614,5.828015,5.067314,5.4543734
710,misc/galectin3_extra,misc/galectin3_extra/17i,../large_fep_dataset/data/fep_benchmark_processed/misc_galectin3_extra_17i.sdf,../large_fep_dataset/data/fep_benchmark_processed/misc_galectin3_extra_protein.pdb,710,5.338386,5.201298,5.0971045,5.0663724,5.0762324,5.2809916,5.4156036,5.3736115,5.0954285,5.0966825,5.204171
711,misc/galectin3_extra,misc/galectin3_extra/17d,../large_fep_dataset/data/fep_benchmark_processed/misc_galectin3_extra_17d.sdf,../large_fep_dataset/data/fep_benchmark_processed/misc_galectin3_extra_protein.pdb,711,5.361253,5.3820977,5.10988,5.29492,5.4228806,5.478951,5.783065,5.121698,5.510708,5.220925,5.368638
712,misc/btk_extra_flip,misc/btk_extra_flip/2,../large_fep_dataset/data/fep_benchmark_processed/misc_btk_extra_flip_2.sdf,../large_fep_dataset/data/fep_benchmark_processed/misc_btk_extra_flip_protein.pdb,712,5.993462,5.7700934,4.8545995,4.529796,5.4898257,5.464024,4.9662156,5.2418623,5.3363643,5.736529,5.338278
713,misc/btk_extra_flip,misc/btk_extra_flip/7,../large_fep_dataset/data/fep_benchmark_processed/misc_btk_extra_flip_7.sdf,../large_fep_dataset/data/fep_benchmark_processed/misc_btk_extra_flip_protein.pdb,713,7.376079,7.112586,6.3112493,6.402993,6.9915304,6.698895,6.456393,6.803319,7.3212466,6.7793584,6.8253655
714,misc/btk_extra_flip,misc/btk_extra_flip/8,../large_fep_dataset/data/fep_benchmark_processed/misc_btk_extra_flip_8.sdf,../large_fep_dataset/data/fep_benchmark_processed/misc_btk_extra_flip_protein.pdb,714,7.5689235,7.5615854,6.4905686,7.155369,6.7051687,6.178493,6.440338,7.6489053,7.4772177,7.1570935,7.038367
715,misc/btk_extra_flip,misc/btk_extra_flip/9 flip,../large_fep_dataset/data/fep_benchmark_processed/misc_btk_extra_flip_9_flip.sdf,../large_fep_dataset/data/fep_benchmark_processed/misc_btk_extra_flip_protein.pdb,715,7.765991,7.2586613,6.641754,7.696554,7.147313,6.611943,6.6605043,7.2439947,7.772733,7.5843763,7.238382
716,misc/btk_extra_flip,misc/btk_extra_flip/10,../large_fep_dataset/data/fep_benchmark_processed/misc_btk_extra_flip_10.sdf,../large_fep_dataset/data/fep_benchmark_processed/misc_btk_extra_flip_protein.pdb,716,7.7274327,7.883152,7.6211596,7.439979,7.4269376,7.5131907,7.3997927,7.6487036,7.2425175,7.3560495,7.5258913
717,misc/btk_extra_flip,misc/btk_extra_flip/11,../large_fep_dataset/data/fep_benchmark_processed/misc_btk_extra_flip_11.sdf,../large_fep_dataset/data/fep_benchmark_processed/misc_btk_extra_flip_protein.pdb,717,8.032451,8.25453,8.473768,7.9557896,7.8249507,8.19153,7.592158,8.400572,8.024799,8.222876,8.0973425
718,opls_stress/cr_bace1,opls_stress/cr_bace1/4,../large_fep_dataset/data/fep_benchmark_processed/opls_stress_cr_bace1_4.sdf,../large_fep_dataset/data/fep_benchmark_processed/opls_stress_cr_bace1_protein.pdb,718,6.9713907,7.1560574,6.695828,6.8139014,6.0188947,7.0265365,5.9846973,6.1861906,6.7657523,6.605045,6.622429
719,opls_stress/cr_bace1,opls_stress/cr_bace1/1,../large_fep_dataset/data/fep_benchmark_processed/opls_stress_cr_bace1_1.sdf,../large_fep_dataset/data/fep_benchmark_processed/opls_stress_cr_bace1_protein.pdb,719,6.865304,7.1584187,6.621977,6.71736,6.361474,6.8220205,5.741987,5.6168327,6.7800055,7.019019,6.57044
720,opls_stress/cr_bace1,opls_stress/cr_bace1/3,../large_fep_dataset/data/fep_benchmark_processed/opls_stress_cr_bace1_3.sdf,../large_fep_dataset/data/fep_benchmark_processed/opls_stress_cr_bace1_protein.pdb,720,6.4822574,7.1627107,6.855104,6.4419293,6.1373158,6.679311,5.857371,6.072589,6.399319,6.641434,6.472934
721,opls_stress/cr_bace1,opls_stress/cr_bace1/7,../large_fep_dataset/data/fep_benchmark_processed/opls_stress_cr_bace1_7.sdf,../large_fep_dataset/data/fep_benchmark_processed/opls_stress_cr_bace1_protein.pdb,721,6.5499253,6.9387126,6.7772384,6.9637403,5.7821403,6.4359636,5.6345177,5.659824,6.188261,6.560621,6.349094
722,opls_stress/cr_bace1,opls_stress/cr_bace1/9R,../large_fep_dataset/data/fep_benchmark_processed/opls_stress_cr_bace1_9R.sdf,../large_fep_dataset/data/fep_benchmark_processed/opls_stress_cr_bace1_protein.pdb,722,6.8748865,7.018739,6.6017003,7.10603,6.000093,6.7858377,6.03942,5.429249,6.6049447,6.8341517,6.5295053
723,opls_stress/cr_bace1,opls_stress/cr_bace1/5,../large_fep_dataset/data/fep_benchmark_processed/opls_stress_cr_bace1_5.sdf,../large_fep_dataset/data/fep_benchmark_processed/opls_stress_cr_bace1_protein.pdb,723,6.536059,6.733138,6.4593472,6.614821,6.6121583,6.6078324,6.201972,5.622178,6.465343,6.587433,6.4440284
724,opls_stress/cr_bace1,opls_stress/cr_bace1/10,../large_fep_dataset/data/fep_benchmark_processed/opls_stress_cr_bace1_10.sdf,../large_fep_dataset/data/fep_benchmark_processed/opls_stress_cr_bace1_protein.pdb,724,6.5875373,6.7911325,6.5546756,6.3563447,5.799159,6.482231,5.8366632,6.230333,6.040367,6.814799,6.349324
725,opls_stress/cr_bace1,opls_stress/cr_bace1/6,../large_fep_dataset/data/fep_benchmark_processed/opls_stress_cr_bace1_6.sdf,../large_fep_dataset/data/fep_benchmark_processed/opls_stress_cr_bace1_protein.pdb,725,7.1537414,7.436411,7.1463985,7.3850155,6.9096017,7.1533213,6.9152966,7.139706,6.86994,7.1826925,7.1292124
726,opls_stress/cr_bace1,opls_stress/cr_bace1/2,../large_fep_dataset/data/fep_benchmark_processed/opls_stress_cr_bace1_2.sdf,../large_fep_dataset/data/fep_benchmark_processed/opls_stress_cr_bace1_protein.pdb,726,6.381213,7.051646,6.5580807,6.6852655,6.4673586,6.3125143,5.6537566,5.9903727,6.310033,6.9446807,6.435492
727,opls_stress/cr_bace1,opls_stress/cr_bace1/9S,../large_fep_dataset/data/fep_benchmark_processed/opls_stress_cr_bace1_9S.sdf,../large_fep_dataset/data/fep_benchmark_processed/opls_stress_cr_bace1_protein.pdb,727,6.920131,6.829203,6.7739635,6.859402,5.842459,7.026829,5.773054,5.658181,6.287912,6.7151833,6.468631
728,opls_stress/cr_bace1,opls_stress/cr_bace1/8,../large_fep_dataset/data/fep_benchmark_processed/opls_stress_cr_bace1_8.sdf,../large_fep_dataset/data/fep_benchmark_processed/opls_stress_cr_bace1_protein.pdb,728,6.48665,6.4142647,6.6945953,6.3976345,6.169126,6.3725743,5.7014494,5.8583083,6.603547,6.383864,6.3082013
729,opls_stress/hc_bace1,opls_stress/hc_bace1/22256_26_0_ligand,../large_fep_dataset/data/fep_benchmark_processed/opls_stress_hc_bace1_22256_26_0_ligand.sdf,../large_fep_dataset/data/fep_benchmark_processed/opls_stress_hc_bace1_protein.pdb,729,5.742986,6.282462,6.6132607,6.362432,6.0666423,5.8027043,6.793968,6.697917,6.4550223,6.421172,6.323857
730,opls_stress/hc_bace1,opls_stress/hc_bace1/22250_20_0_ligand,../large_fep_dataset/data/fep_benchmark_processed/opls_stress_hc_bace1_22250_20_0_ligand.sdf,../large_fep_dataset/data/fep_benchmark_processed/opls_stress_hc_bace1_protein.pdb,730,6.4507055,6.6528683,6.568662,6.8104496,6.8056054,6.024556,6.4346237,6.547602,6.6555495,5.9588456,6.490947
731,opls_stress/hc_bace1,opls_stress/hc_bace1/22251_21_0_ligand,../large_fep_dataset/data/fep_benchmark_processed/opls_stress_hc_bace1_22251_21_0_ligand.sdf,../large_fep_dataset/data/fep_benchmark_processed/opls_stress_hc_bace1_protein.pdb,731,6.6528153,6.6676745,6.442648,6.8729587,6.6421175,5.59097,6.2870092,6.282538,6.465048,5.772416,6.3676195
732,opls_stress/hc_bace1,opls_stress/hc_bace1/19677_19_0_ligand,../large_fep_dataset/data/fep_benchmark_processed/opls_stress_hc_bace1_19677_19_0_ligand.sdf,../large_fep_dataset/data/fep_benchmark_processed/opls_stress_hc_bace1_protein.pdb,732,6.18582,6.1488175,5.9706116,6.0552125,5.951851,5.8039255,6.228355,6.4073524,6.5606513,6.0816836,6.139428
733,opls_stress/hc_bace1,opls_stress/hc_bace1/22254_24_0_ligand,../large_fep_dataset/data/fep_benchmark_processed/opls_stress_hc_bace1_22254_24_0_ligand.sdf,../large_fep_dataset/data/fep_benchmark_processed/opls_stress_hc_bace1_protein.pdb,733,6.5811715,6.480044,6.4639683,6.8337727,6.8456554,6.2341776,6.6473846,6.502175,6.8238897,6.5428143,6.5955057
734,opls_stress/hc_bace1,opls_stress/hc_bace1/22252_22_0_ligand,../large_fep_dataset/data/fep_benchmark_processed/opls_stress_hc_bace1_22252_22_0_ligand.sdf,../large_fep_dataset/data/fep_benchmark_processed/opls_stress_hc_bace1_protein.pdb,734,6.4509945,6.843483,5.8124948,6.717026,6.4333615,5.4865103,6.28916,6.350654,6.6736593,6.259312,6.3316655
735,opls_stress/hc_bace1,opls_stress/hc_bace1/22253_23_0_ligand,../large_fep_dataset/data/fep_benchmark_processed/opls_stress_hc_bace1_22253_23_0_ligand.sdf,../large_fep_dataset/data/fep_benchmark_processed/opls_stress_hc_bace1_protein.pdb,735,6.4722075,6.3018646,5.5865626,6.6282926,6.5776277,5.6976457,6.1796317,6.603959,6.095982,6.041636,6.218541
736,opls_stress/fxa_yoshikawa_set,opls_stress/fxa_yoshikawa_set/5f,../large_fep_dataset/data/fep_benchmark_processed/opls_stress_fxa_yoshikawa_set_5f.sdf,../large_fep_dataset/data/fep_benchmark_processed/opls_stress_fxa_yoshikawa_set_protein.pdb,736,8.595055,8.411081,8.522163,8.017432,8.911589,8.580392,8.423462,8.615939,8.314098,8.287049,8.467825
737,opls_stress/fxa_yoshikawa_set,opls_stress/fxa_yoshikawa_set/5g,../large_fep_dataset/data/fep_benchmark_processed/opls_stress_fxa_yoshikawa_set_5g.sdf,../large_fep_dataset/data/fep_benchmark_processed/opls_stress_fxa_yoshikawa_set_protein.pdb,737,7.639344,7.8491716,8.547684,7.3953986,8.023312,8.011749,8.165918,7.7320266,7.501767,7.553612,7.841998
738,opls_stress/fxa_yoshikawa_set,opls_stress/fxa_yoshikawa_set/5e,../large_fep_dataset/data/fep_benchmark_processed/opls_stress_fxa_yoshikawa_set_5e.sdf,../large_fep_dataset/data/fep_benchmark_processed/opls_stress_fxa_yoshikawa_set_protein.pdb,738,6.5662975,7.674341,7.505402,6.8769293,6.848086,7.8537097,7.644877,7.599906,6.6634455,7.4700894,7.2703094
739,opls_stress/fxa_yoshikawa_set,opls_stress/fxa_yoshikawa_set/5i,../large_fep_dataset/data/fep_benchmark_processed/opls_stress_fxa_yoshikawa_set_5i.sdf,../large_fep_dataset/data/fep_benchmark_processed/opls_stress_fxa_yoshikawa_set_protein.pdb,739,7.8670545,7.9417334,8.388425,7.8241186,8.587009,8.409659,8.424181,8.762213,7.840911,8.044726,8.209003
740,opls_stress/fxa_yoshikawa_set,opls_stress/fxa_yoshikawa_set/5b,../large_fep_dataset/data/fep_benchmark_processed/opls_stress_fxa_yoshikawa_set_5b.sdf,../large_fep_dataset/data/fep_benchmark_processed/opls_stress_fxa_yoshikawa_set_protein.pdb,740,6.3114896,7.2584314,7.3100367,6.307814,6.7939315,7.593476,7.3688536,7.2934413,6.55056,6.637327,6.9425364
741,opls_stress/fxa_yoshikawa_set,opls_stress/fxa_yoshikawa_set/5h,../large_fep_dataset/data/fep_benchmark_processed/opls_stress_fxa_yoshikawa_set_5h.sdf,../large_fep_dataset/data/fep_benchmark_processed/opls_stress_fxa_yoshikawa_set_protein.pdb,741,8.499032,8.4296,8.534522,7.8386073,9.070269,8.870518,8.898068,8.769707,8.868978,8.599937,8.637924
742,opls_stress/fxa_yoshikawa_set,opls_stress/fxa_yoshikawa_set/5a,../large_fep_dataset/data/fep_benchmark_processed/opls_stress_fxa_yoshikawa_set_5a.sdf,../large_fep_dataset/data/fep_benchmark_processed/opls_stress_fxa_yoshikawa_set_protein.pdb,742,7.7899613,8.110292,8.484248,7.3228116,8.32216,8.292582,8.241958,8.31934,7.961078,7.8674607,8.071188
743,opls_stress/fxa_yoshikawa_set,opls_stress/fxa_yoshikawa_set/5k,../large_fep_dataset/data/fep_benchmark_processed/opls_stress_fxa_yoshikawa_set_5k.sdf,../large_fep_dataset/data/fep_benchmark_processed/opls_stress_fxa_yoshikawa_set_protein.pdb,743,7.5141315,7.3915877,8.223605,7.109801,7.2351403,7.868461,7.998705,7.7776017,7.2040324,7.021773,7.534484
744,opls_stress/fxa_yoshikawa_set,opls_stress/fxa_yoshikawa_set/5d,../large_fep_dataset/data/fep_benchmark_processed/opls_stress_fxa_yoshikawa_set_5d.sdf,../large_fep_dataset/data/fep_benchmark_processed/opls_stress_fxa_yoshikawa_set_protein.pdb,744,8.3076315,8.234745,8.797709,7.8365507,8.415445,8.306624,8.356682,8.852504,8.19388,7.897356,8.319913
745,opls_stress/fxa_yoshikawa_set,opls_stress/fxa_yoshikawa_set/5c,../large_fep_dataset/data/fep_benchmark_processed/opls_stress_fxa_yoshikawa_set_5c.sdf,../large_fep_dataset/data/fep_benchmark_processed/opls_stress_fxa_yoshikawa_set_protein.pdb,745,8.49219,8.400608,8.705731,7.7138224,8.725014,8.483361,8.438761,8.776512,8.160506,8.386304,8.428282
746,opls_stress/fxa_yoshikawa_set,opls_stress/fxa_yoshikawa_set/8e,../large_fep_dataset/data/fep_benchmark_processed/opls_stress_fxa_yoshikawa_set_8e.sdf,../large_fep_dataset/data/fep_benchmark_processed/opls_stress_fxa_yoshikawa_set_protein.pdb,746,6.944915,7.5124555,7.1317306,7.004012,6.641956,7.718413,7.552962,7.3041635,6.525413,7.4976926,7.1833715
747,opls_stress/fxa_yoshikawa_set,opls_stress/fxa_yoshikawa_set/8b,../large_fep_dataset/data/fep_benchmark_processed/opls_stress_fxa_yoshikawa_set_8b.sdf,../large_fep_dataset/data/fep_benchmark_processed/opls_stress_fxa_yoshikawa_set_protein.pdb,747,6.29722,6.9506707,7.243144,6.0902905,6.636062,7.365138,6.871172,6.6642036,5.8999443,6.761198,6.6779046
748,opls_stress/fxa_yoshikawa_set,opls_stress/fxa_yoshikawa_set/8d,../large_fep_dataset/data/fep_benchmark_processed/opls_stress_fxa_yoshikawa_set_8d.sdf,../large_fep_dataset/data/fep_benchmark_processed/opls_stress_fxa_yoshikawa_set_protein.pdb,748,6.418957,7.206241,7.3697243,6.487032,6.3858485,7.442095,6.9887977,6.8198495,6.5012774,7.0135527,6.8633375
749,opls_stress/fxa_yoshikawa_set,opls_stress/fxa_yoshikawa_set/8c,../large_fep_dataset/data/fep_benchmark_processed/opls_stress_fxa_yoshikawa_set_8c.sdf,../large_fep_dataset/data/fep_benchmark_processed/opls_stress_fxa_yoshikawa_set_protein.pdb,749,6.802127,6.9070363,7.1958146,6.1997347,6.360233,7.300226,6.579229,6.9344807,6.16079,6.688798,6.712847
750,opls_stress/fxa_yoshikawa_set,opls_stress/fxa_yoshikawa_set/8g,../large_fep_dataset/data/fep_benchmark_processed/opls_stress_fxa_yoshikawa_set_8g.sdf,../large_fep_dataset/data/fep_benchmark_processed/opls_stress_fxa_yoshikawa_set_protein.pdb,750,6.7445555,7.129588,7.284296,6.229981,7.046069,7.4439044,7.6947613,7.2497096,6.6059804,7.328097,7.075694
751,opls_stress/fxa_yoshikawa_set,opls_stress/fxa_yoshikawa_set/A_cor,../large_fep_dataset/data/fep_benchmark_processed/opls_stress_fxa_yoshikawa_set_A_cor.sdf,../large_fep_dataset/data/fep_benchmark_processed/opls_stress_fxa_yoshikawa_set_protein.pdb,751,7.491842,8.139429,8.039099,6.806951,7.612893,7.823925,7.867398,7.997387,7.027465,8.205001,7.701139
752,opls_stress/fxa_yoshikawa_set,opls_stress/fxa_yoshikawa_set/8f,../large_fep_dataset/data/fep_benchmark_processed/opls_stress_fxa_yoshikawa_set_8f.sdf,../large_fep_dataset/data/fep_benchmark_processed/opls_stress_fxa_yoshikawa_set_protein.pdb,752,6.942703,7.4703474,7.9441886,6.563685,7.4124894,7.5796475,7.4249377,7.6853423,6.7578964,7.677312,7.3458548
753,opls_stress/fxa_yoshikawa_set,opls_stress/fxa_yoshikawa_set/8a,../large_fep_dataset/data/fep_benchmark_processed/opls_stress_fxa_yoshikawa_set_8a.sdf,../large_fep_dataset/data/fep_benchmark_processed/opls_stress_fxa_yoshikawa_set_protein.pdb,753,7.2290244,7.16466,7.1968207,6.6664367,6.624427,7.7524686,7.46109,7.265911,6.626499,7.575444,7.156278
754,opls_stress/fxa_yoshikawa_set,opls_stress/fxa_yoshikawa_set/8h,../large_fep_dataset/data/fep_benchmark_processed/opls_stress_fxa_yoshikawa_set_8h.sdf,../large_fep_dataset/data/fep_benchmark_processed/opls_stress_fxa_yoshikawa_set_protein.pdb,754,7.581399,7.627433,8.165309,6.9325776,8.317031,7.946123,8.0675125,8.11361,7.851065,8.167025,7.8769083
755,opls_stress/fxa_yoshikawa_set,opls_stress/fxa_yoshikawa_set/8i,../large_fep_dataset/data/fep_benchmark_processed/opls_stress_fxa_yoshikawa_set_8i.sdf,../large_fep_dataset/data/fep_benchmark_processed/opls_stress_fxa_yoshikawa_set_protein.pdb,755,7.523673,7.979662,7.9671063,6.7351336,7.882309,7.8039584,7.620644,8.193369,7.06339,7.752029,7.6521277
756,opls_stress/fxa_yoshikawa_set,opls_stress/fxa_yoshikawa_set/8j,../large_fep_dataset/data/fep_benchmark_processed/opls_stress_fxa_yoshikawa_set_8j.sdf,../large_fep_dataset/data/fep_benchmark_processed/opls_stress_fxa_yoshikawa_set_protein.pdb,756,7.8187513,8.158208,7.90827,7.2310286,7.754585,8.088721,7.805663,8.088355,7.4457307,8.364811,7.866412
757,opls_stress/fxa_yoshikawa_set,opls_stress/fxa_yoshikawa_set/8k,../large_fep_dataset/data/fep_benchmark_processed/opls_stress_fxa_yoshikawa_set_8k.sdf,../large_fep_dataset/data/fep_benchmark_processed/opls_stress_fxa_yoshikawa_set_protein.pdb,757,7.989044,7.911458,7.916822,7.2738714,8.010487,8.038745,7.708397,8.202879,7.3660645,8.418778,7.8836546
758,opls_stress/fxa_yoshikawa_set,opls_stress/fxa_yoshikawa_set/8l,../large_fep_dataset/data/fep_benchmark_processed/opls_stress_fxa_yoshikawa_set_8l.sdf,../large_fep_dataset/data/fep_benchmark_processed/opls_stress_fxa_yoshikawa_set_protein.pdb,758,7.890469,8.071367,7.97249,7.463095,7.8580914,7.976138,7.775015,8.107902,7.2453055,8.435199,7.8795075
759,opls_stress/fxa_yoshikawa_set,opls_stress/fxa_yoshikawa_set/8m,../large_fep_dataset/data/fep_benchmark_processed/opls_stress_fxa_yoshikawa_set_8m.sdf,../large_fep_dataset/data/fep_benchmark_processed/opls_stress_fxa_yoshikawa_set_protein.pdb,759,8.371774,8.451695,8.1785345,7.5602026,8.459024,8.133798,8.192983,8.535421,8.212811,8.435578,8.253182
760,opls_stress/fxa_yoshikawa_set,opls_stress/fxa_yoshikawa_set/8n,../large_fep_dataset/data/fep_benchmark_processed/opls_stress_fxa_yoshikawa_set_8n.sdf,../large_fep_dataset/data/fep_benchmark_processed/opls_stress_fxa_yoshikawa_set_protein.pdb,760,7.6679726,7.5131063,7.5596523,6.8187704,7.3630614,7.4418902,7.917069,7.776854,7.846961,7.6000023,7.5505342
761,opls_stress/fxa_yoshikawa_set,opls_stress/fxa_yoshikawa_set/8o,../large_fep_dataset/data/fep_benchmark_processed/opls_stress_fxa_yoshikawa_set_8o.sdf,../large_fep_dataset/data/fep_benchmark_processed/opls_stress_fxa_yoshikawa_set_protein.pdb,761,7.121318,7.54565,7.920466,6.6059556,7.436667,7.5451064,7.5351543,7.872381,6.89196,7.720671,7.419533
762,opls_stress/fxa_yoshikawa_set,opls_stress/fxa_yoshikawa_set/8p,../large_fep_dataset/data/fep_benchmark_processed/opls_stress_fxa_yoshikawa_set_8p.sdf,../large_fep_dataset/data/fep_benchmark_processed/opls_stress_fxa_yoshikawa_set_protein.pdb,762,7.6383905,8.264206,8.1296,7.253524,8.13578,8.108263,7.929667,8.32127,7.6541486,8.241828,7.967668
763,opls_stress/cr_bace2,opls_stress/cr_bace2/22,../large_fep_dataset/data/fep_benchmark_processed/opls_stress_cr_bace2_22.sdf,../large_fep_dataset/data/fep_benchmark_processed/opls_stress_cr_bace2_protein.pdb,763,6.6659546,7.123465,6.5213313,6.5369463,5.463732,6.8551145,6.324708,6.0114574,6.704654,6.599424,6.4806786
764,opls_stress/cr_bace2,opls_stress/cr_bace2/16,../large_fep_dataset/data/fep_benchmark_processed/opls_stress_cr_bace2_16.sdf,../large_fep_dataset/data/fep_benchmark_processed/opls_stress_cr_bace2_protein.pdb,764,6.772862,7.0996747,6.7976584,7.1109276,5.8911986,7.063584,6.038746,6.1252456,6.7806973,6.7004623,6.638106
765,opls_stress/cr_bace2,opls_stress/cr_bace2/11,../large_fep_dataset/data/fep_benchmark_processed/opls_stress_cr_bace2_11.sdf,../large_fep_dataset/data/fep_benchmark_processed/opls_stress_cr_bace2_protein.pdb,765,6.571044,6.971864,6.814615,6.596728,5.568004,6.8938203,6.2002726,5.9609585,6.4963183,6.4887366,6.4562364
766,opls_stress/cr_bace2,opls_stress/cr_bace2/21,../large_fep_dataset/data/fep_benchmark_processed/opls_stress_cr_bace2_21.sdf,../large_fep_dataset/data/fep_benchmark_processed/opls_stress_cr_bace2_protein.pdb,766,6.928022,7.0738263,6.9753923,6.8034096,5.7281966,6.811681,6.1950254,6.230198,6.8926578,6.544498,6.618291
767,opls_stress/cr_bace2,opls_stress/cr_bace2/24,../large_fep_dataset/data/fep_benchmark_processed/opls_stress_cr_bace2_24.sdf,../large_fep_dataset/data/fep_benchmark_processed/opls_stress_cr_bace2_protein.pdb,767,6.4905224,6.999847,6.692671,6.2383347,5.561669,6.7702074,6.112951,6.1129656,6.599634,6.523627,6.4102426
768,opls_stress/cr_bace2,opls_stress/cr_bace2/12,../large_fep_dataset/data/fep_benchmark_processed/opls_stress_cr_bace2_12.sdf,../large_fep_dataset/data/fep_benchmark_processed/opls_stress_cr_bace2_protein.pdb,768,6.1963477,6.8283787,6.72456,6.7313004,5.7507925,6.8398294,5.7595367,5.490278,6.4018145,6.5183463,6.324118
769,opls_stress/cr_bace2,opls_stress/cr_bace2/20,../large_fep_dataset/data/fep_benchmark_processed/opls_stress_cr_bace2_20.sdf,../large_fep_dataset/data/fep_benchmark_processed/opls_stress_cr_bace2_protein.pdb,769,6.9240117,7.014521,6.849685,6.7480536,5.643282,6.841009,6.177584,6.0520525,6.668499,6.623832,6.5542526
770,opls_stress/cr_bace2,opls_stress/cr_bace2/19,../large_fep_dataset/data/fep_benchmark_processed/opls_stress_cr_bace2_19.sdf,../large_fep_dataset/data/fep_benchmark_processed/opls_stress_cr_bace2_protein.pdb,770,7.0514884,6.957229,7.1504025,7.229346,6.1596284,6.7586966,6.3859043,5.8712764,7.009192,6.6602273,6.723339
771,opls_stress/cr_bace2,opls_stress/cr_bace2/13,../large_fep_dataset/data/fep_benchmark_processed/opls_stress_cr_bace2_13.sdf,../large_fep_dataset/data/fep_benchmark_processed/opls_stress_cr_bace2_protein.pdb,771,6.756921,7.0011916,7.090846,6.7868614,5.8410907,6.6322646,6.375814,5.863269,6.7766004,6.508187,6.563304
772,opls_stress/cr_bace2,opls_stress/cr_bace2/23,../large_fep_dataset/data/fep_benchmark_processed/opls_stress_cr_bace2_23.sdf,../large_fep_dataset/data/fep_benchmark_processed/opls_stress_cr_bace2_protein.pdb,772,6.473699,6.7884417,6.8998666,6.5169463,5.709127,6.585197,6.007454,5.9533916,6.7002077,6.911852,6.454618
773,opls_stress/cr_bace2,opls_stress/cr_bace2/15,../large_fep_dataset/data/fep_benchmark_processed/opls_stress_cr_bace2_15.sdf,../large_fep_dataset/data/fep_benchmark_processed/opls_stress_cr_bace2_protein.pdb,773,6.7407207,6.8637433,6.9904256,7.15121,6.354807,6.9353776,6.3368073,5.991309,6.911634,6.611613,6.688765
774,opls_stress/cr_bace2,opls_stress/cr_bace2/14,../large_fep_dataset/data/fep_benchmark_processed/opls_stress_cr_bace2_14.sdf,../large_fep_dataset/data/fep_benchmark_processed/opls_stress_cr_bace2_protein.pdb,774,6.598689,6.710434,6.8883696,6.6177573,5.7278066,6.7969084,5.5827775,5.696891,6.503676,6.391335,6.3514647
775,opls_stress/fxa_set3,opls_stress/fxa_set3/20814_6,../large_fep_dataset/data/fep_benchmark_processed/opls_stress_fxa_set3_20814_6.sdf,../large_fep_dataset/data/fep_benchmark_processed/opls_stress_fxa_set3_protein.pdb,775,8.055279,7.7761707,7.894256,7.131839,7.872528,7.701256,7.865569,7.148419,7.401409,7.955381,7.680211
776,opls_stress/fxa_set3,opls_stress/fxa_set3/20539_10,../large_fep_dataset/data/fep_benchmark_processed/opls_stress_fxa_set3_20539_10.sdf,../large_fep_dataset/data/fep_benchmark_processed/opls_stress_fxa_set3_protein.pdb,776,7.411085,7.71554,7.6994033,7.1904683,7.790351,7.468068,7.8147817,7.092632,7.2953873,7.817834,7.529555
777,opls_stress/fxa_set3,opls_stress/fxa_set3/20820_11,../large_fep_dataset/data/fep_benchmark_processed/opls_stress_fxa_set3_20820_11.sdf,../large_fep_dataset/data/fep_benchmark_processed/opls_stress_fxa_set3_protein.pdb,777,7.1974173,7.282373,7.4718657,6.555274,7.3721366,7.6645994,7.3850894,6.655128,7.382039,7.7796636,7.274559
778,opls_stress/fxa_set3,opls_stress/fxa_set3/20819_8,../large_fep_dataset/data/fep_benchmark_processed/opls_stress_fxa_set3_20819_8.sdf,../large_fep_dataset/data/fep_benchmark_processed/opls_stress_fxa_set3_protein.pdb,778,7.7820945,7.422782,8.2670555,7.1757116,8.147984,7.4164014,7.400552,7.4743185,7.6287417,7.8342032,7.6549845
779,opls_stress/fxa_set6,opls_stress/fxa_set6/21083,../large_fep_dataset/data/fep_benchmark_processed/opls_stress_fxa_set6_21083.sdf,../large_fep_dataset/data/fep_benchmark_processed/opls_stress_fxa_set6_protein.pdb,779,6.809843,6.4519825,6.8880854,7.055692,7.101701,6.3306346,6.386551,6.79588,6.9582157,6.739084,6.751767
780,opls_stress/fxa_set6,opls_stress/fxa_set6/21084,../large_fep_dataset/data/fep_benchmark_processed/opls_stress_fxa_set6_21084.sdf,../large_fep_dataset/data/fep_benchmark_processed/opls_stress_fxa_set6_protein.pdb,780,6.9662642,7.269695,7.1784368,6.969838,7.1945753,7.293011,7.0344796,7.383831,7.192179,7.5590653,7.2041383
781,opls_stress/fxa_set6,opls_stress/fxa_set6/21085,../large_fep_dataset/data/fep_benchmark_processed/opls_stress_fxa_set6_21085.sdf,../large_fep_dataset/data/fep_benchmark_processed/opls_stress_fxa_set6_protein.pdb,781,7.186498,7.2276297,7.0039144,6.7798624,6.952503,7.1178412,7.4029284,7.579448,7.5511203,7.1485634,7.19503
782,opls_stress/fxa_set6,opls_stress/fxa_set6/21086,../large_fep_dataset/data/fep_benchmark_processed/opls_stress_fxa_set6_21086.sdf,../large_fep_dataset/data/fep_benchmark_processed/opls_stress_fxa_set6_protein.pdb,782,6.925824,7.0256443,7.285036,6.7492075,7.0403595,7.0467653,7.1998544,7.30846,7.1350417,7.21596,7.093215
783,opls_stress/fxa_set6,opls_stress/fxa_set6/20524_2j95_cys,../large_fep_dataset/data/fep_benchmark_processed/opls_stress_fxa_set6_20524_2j95_cys.sdf,../large_fep_dataset/data/fep_benchmark_processed/opls_stress_fxa_set6_protein.pdb,783,7.16243,7.105352,7.290809,7.0413394,6.881817,7.2451344,7.364538,7.318703,7.2393637,7.352667,7.200216
784,opls_stress/fxa_set6,opls_stress/fxa_set6/21087,../large_fep_dataset/data/fep_benchmark_processed/opls_stress_fxa_set6_21087.sdf,../large_fep_dataset/data/fep_benchmark_processed/opls_stress_fxa_set6_protein.pdb,784,6.9346714,6.874082,7.295862,6.9711204,6.729704,7.2975187,7.065176,7.3048787,7.209246,7.342057,7.1024323
785,opls_stress/fxa_set5,opls_stress/fxa_set5/20705_cys,../large_fep_dataset/data/fep_benchmark_processed/opls_stress_fxa_set5_20705_cys.sdf,../large_fep_dataset/data/fep_benchmark_processed/opls_stress_fxa_set5_protein.pdb,785,8.439767,8.513994,8.471317,8.351683,8.540438,8.306734,8.425678,8.822454,8.350328,8.800126,8.502252
786,opls_stress/fxa_set5,opls_stress/fxa_set5/21331,../large_fep_dataset/data/fep_benchmark_processed/opls_stress_fxa_set5_21331.sdf,../large_fep_dataset/data/fep_benchmark_processed/opls_stress_fxa_set5_protein.pdb,786,7.9484053,7.974062,8.213494,7.6405296,7.9913106,7.8879337,7.9312677,8.329545,8.02388,8.066969,8.00074
787,opls_stress/hc_bace2,opls_stress/hc_bace2/37_0_ligand,../large_fep_dataset/data/fep_benchmark_processed/opls_stress_hc_bace2_37_0_ligand.sdf,../large_fep_dataset/data/fep_benchmark_processed/opls_stress_hc_bace2_protein.pdb,787,5.975966,6.36141,6.1106033,6.3607106,6.2196493,6.2396502,6.400505,6.1903806,6.4724684,6.214754,6.2546096
788,opls_stress/hc_bace2,opls_stress/hc_bace2/35_0_ligand,../large_fep_dataset/data/fep_benchmark_processed/opls_stress_hc_bace2_35_0_ligand.sdf,../large_fep_dataset/data/fep_benchmark_processed/opls_stress_hc_bace2_protein.pdb,788,5.9846005,6.7312503,6.5267754,6.7354503,6.2522364,6.7034554,6.534588,6.1636624,6.2165914,6.752403,6.460101
789,opls_stress/hc_bace2,opls_stress/hc_bace2/39_0_ligand,../large_fep_dataset/data/fep_benchmark_processed/opls_stress_hc_bace2_39_0_ligand.sdf,../large_fep_dataset/data/fep_benchmark_processed/opls_stress_hc_bace2_protein.pdb,789,6.5237184,6.6516013,6.6433363,6.838979,6.3482413,5.9081745,6.4899225,6.3355517,6.8009186,6.7728806,6.5313325
790,opls_stress/hc_bace2,opls_stress/hc_bace2/34_0_ligand,../large_fep_dataset/data/fep_benchmark_processed/opls_stress_hc_bace2_34_0_ligand.sdf,../large_fep_dataset/data/fep_benchmark_processed/opls_stress_hc_bace2_protein.pdb,790,6.4456773,6.175361,6.2944894,6.6412444,5.934689,6.088582,6.165061,5.866718,6.3710833,6.590579,6.2573485
791,opls_stress/hc_bace2,opls_stress/hc_bace2/40_0_ligand,../large_fep_dataset/data/fep_benchmark_processed/opls_stress_hc_bace2_40_0_ligand.sdf,../large_fep_dataset/data/fep_benchmark_processed/opls_stress_hc_bace2_protein.pdb,791,6.790026,6.9547086,6.5244794,6.8240795,6.6312227,5.9265604,6.9928856,6.5346093,6.9162345,6.8072367,6.6902046
792,opls_stress/hc_bace2,opls_stress/hc_bace2/30_0_ligand,../large_fep_dataset/data/fep_benchmark_processed/opls_stress_hc_bace2_30_0_ligand.sdf,../large_fep_dataset/data/fep_benchmark_processed/opls_stress_hc_bace2_protein.pdb,792,6.0595026,6.5553913,6.3741884,6.400817,6.243903,6.393169,6.3230977,6.109259,6.468687,6.280585,6.3208604
793,opls_stress/hc_bace2,opls_stress/hc_bace2/33_0_ligand,../large_fep_dataset/data/fep_benchmark_processed/opls_stress_hc_bace2_33_0_ligand.sdf,../large_fep_dataset/data/fep_benchmark_processed/opls_stress_hc_bace2_protein.pdb,793,6.8642783,6.6282105,6.289463,6.3095126,6.355528,6.1099505,6.4982643,6.1359205,6.784848,7.079264,6.5055237
794,opls_stress/hc_bace2,opls_stress/hc_bace2/41_0_ligand,../large_fep_dataset/data/fep_benchmark_processed/opls_stress_hc_bace2_41_0_ligand.sdf,../large_fep_dataset/data/fep_benchmark_processed/opls_stress_hc_bace2_protein.pdb,794,5.8152256,6.8313174,6.433134,6.716852,6.3390217,6.42726,6.3506026,6.371754,6.2685375,6.560409,6.4114113
795,opls_stress/hc_bace2,opls_stress/hc_bace2/42_0_ligand,../large_fep_dataset/data/fep_benchmark_processed/opls_stress_hc_bace2_42_0_ligand.sdf,../large_fep_dataset/data/fep_benchmark_processed/opls_stress_hc_bace2_protein.pdb,795,6.6072187,7.05385,6.853109,6.5387583,6.542017,5.835653,6.8543806,6.352172,6.490689,6.9283257,6.6056175
796,opls_stress/hc_bace2,opls_stress/hc_bace2/44_0_ligand,../large_fep_dataset/data/fep_benchmark_processed/opls_stress_hc_bace2_44_0_ligand.sdf,../large_fep_dataset/data/fep_benchmark_processed/opls_stress_hc_bace2_protein.pdb,796,6.377216,6.65877,6.731325,6.4426527,6.4912987,6.094494,6.088859,6.2148476,6.662565,6.8362045,6.4598236
797,opls_stress/fxa_set4,opls_stress/fxa_set4/1s,../large_fep_dataset/data/fep_benchmark_processed/opls_stress_fxa_set4_1s.sdf,../large_fep_dataset/data/fep_benchmark_processed/opls_stress_fxa_set4_protein.pdb,797,7.103287,7.302783,8.05952,6.9216666,6.996111,7.205754,7.540242,7.6935024,6.956321,7.181703,7.296089
798,opls_stress/fxa_set4,opls_stress/fxa_set4/21080_1j,../large_fep_dataset/data/fep_benchmark_processed/opls_stress_fxa_set4_21080_1j.sdf,../large_fep_dataset/data/fep_benchmark_processed/opls_stress_fxa_set4_protein.pdb,798,6.7949204,7.039562,7.7787423,6.761976,7.4578724,7.5056376,7.3399444,7.1031237,7.4231496,7.301001,7.2505927
799,opls_stress/fxa_set4,opls_stress/fxa_set4/21030_1o,../large_fep_dataset/data/fep_benchmark_processed/opls_stress_fxa_set4_21030_1o.sdf,../large_fep_dataset/data/fep_benchmark_processed/opls_stress_fxa_set4_protein.pdb,799,6.9553356,7.610865,7.855957,6.6928673,7.4636436,7.287161,7.3871922,7.463223,7.3347363,7.3884163,7.3439393
800,opls_stress/fxa_set4,opls_stress/fxa_set4/21028_1r,../large_fep_dataset/data/fep_benchmark_processed/opls_stress_fxa_set4_21028_1r.sdf,../large_fep_dataset/data/fep_benchmark_processed/opls_stress_fxa_set4_protein.pdb,800,6.5191665,7.3512945,7.594347,6.9375463,6.928012,7.481069,6.9353194,7.1391134,7.2724376,7.3624387,7.1520743
801,opls_stress/fxa_set4,opls_stress/fxa_set4/21027_1q,../large_fep_dataset/data/fep_benchmark_processed/opls_stress_fxa_set4_21027_1q.sdf,../large_fep_dataset/data/fep_benchmark_processed/opls_stress_fxa_set4_protein.pdb,801,6.751573,7.6945314,7.6168156,6.800311,7.0654593,7.6046586,7.240923,7.529067,7.137555,7.063768,7.250467
802,opls_stress/fxa_set4,opls_stress/fxa_set4/1t,../large_fep_dataset/data/fep_benchmark_processed/opls_stress_fxa_set4_1t.sdf,../large_fep_dataset/data/fep_benchmark_processed/opls_stress_fxa_set4_protein.pdb,802,7.025439,6.9554296,7.899151,6.9843626,6.8339024,7.099778,7.457596,7.404192,7.34775,7.4206705,7.242827
803,opls_stress/fxa_set4,opls_stress/fxa_set4/16352_1e,../large_fep_dataset/data/fep_benchmark_processed/opls_stress_fxa_set4_16352_1e.sdf,../large_fep_dataset/data/fep_benchmark_processed/opls_stress_fxa_set4_protein.pdb,803,7.185867,7.586429,7.8526845,6.9346795,7.562579,7.799938,7.6723576,7.724131,7.5938168,7.4454074,7.5357885
804,opls_stress/fxa_set4,opls_stress/fxa_set4/21081_1k,../large_fep_dataset/data/fep_benchmark_processed/opls_stress_fxa_set4_21081_1k.sdf,../large_fep_dataset/data/fep_benchmark_processed/opls_stress_fxa_set4_protein.pdb,804,7.1296773,7.4416995,7.9970856,6.9357734,7.43959,7.6278777,7.5082145,7.4832797,7.2086053,7.295159,7.4066954
805,opls_stress/fxa_set4,opls_stress/fxa_set4/21031_1p,../large_fep_dataset/data/fep_benchmark_processed/opls_stress_fxa_set4_21031_1p.sdf,../large_fep_dataset/data/fep_benchmark_processed/opls_stress_fxa_set4_protein.pdb,805,6.7361035,7.553604,7.791018,6.6395416,7.1655264,7.556127,7.34181,7.4722877,7.1302924,7.3377357,7.2724047
806,opls_stress/fxa_set4,opls_stress/fxa_set4/16353_1d,../large_fep_dataset/data/fep_benchmark_processed/opls_stress_fxa_set4_16353_1d.sdf,../large_fep_dataset/data/fep_benchmark_processed/opls_stress_fxa_set4_protein.pdb,806,6.8489413,7.3063445,7.908087,6.86424,7.581174,7.5923843,7.5782495,7.61316,7.61046,7.583752,7.44868
807,opls_stress/fxa_set4,opls_stress/fxa_set4/21082_1l,../large_fep_dataset/data/fep_benchmark_processed/opls_stress_fxa_set4_21082_1l.sdf,../large_fep_dataset/data/fep_benchmark_processed/opls_stress_fxa_set4_protein.pdb,807,7.2374306,7.4305634,7.880361,7.021209,7.5514655,7.6874146,7.4467707,7.2316504,7.3796654,7.2092433,7.4075775
808,opls_stress/chk1_set2,opls_stress/chk1_set2/17374_cys,../large_fep_dataset/data/fep_benchmark_processed/opls_stress_chk1_set2_17374_cys.sdf,../large_fep_dataset/data/fep_benchmark_processed/opls_stress_chk1_set2_protein.pdb,808,9.214929,8.474262,8.883855,8.782174,8.565101,9.182273,8.534104,9.154952,9.104005,8.858043,8.875369
809,opls_stress/chk1_set2,opls_stress/chk1_set2/17509,../large_fep_dataset/data/fep_benchmark_processed/opls_stress_chk1_set2_17509.sdf,../large_fep_dataset/data/fep_benchmark_processed/opls_stress_chk1_set2_protein.pdb,809,8.337474,8.035521,8.399564,7.9170513,8.244772,8.952659,8.235549,8.5738325,8.256026,8.186237,8.3138685
810,opls_stress/chk1_set3,opls_stress/chk1_set3/23882,../large_fep_dataset/data/fep_benchmark_processed/opls_stress_chk1_set3_23882.sdf,../large_fep_dataset/data/fep_benchmark_processed/opls_stress_chk1_set3_protein.pdb,810,7.7146235,7.987382,8.055783,7.7053714,7.941475,7.662303,7.8359,8.222965,7.711917,7.6910334,7.8528757
811,opls_stress/chk1_set3,opls_stress/chk1_set3/23703_cys,../large_fep_dataset/data/fep_benchmark_processed/opls_stress_chk1_set3_23703_cys.sdf,../large_fep_dataset/data/fep_benchmark_processed/opls_stress_chk1_set3_protein.pdb,811,7.9858994,7.9210844,7.946162,7.8996983,7.7924128,7.9564176,7.8662944,8.040333,7.957305,8.063802,7.942941
812,opls_stress/chk1_set3,opls_stress/chk1_set3/23864,../large_fep_dataset/data/fep_benchmark_processed/opls_stress_chk1_set3_23864.sdf,../large_fep_dataset/data/fep_benchmark_processed/opls_stress_chk1_set3_protein.pdb,812,7.756223,8.415104,8.0341425,7.9023666,7.4360857,8.032637,7.996614,8.165595,7.754413,8.353735,7.9846916
813,opls_stress/chk1_set3,opls_stress/chk1_set3/23863,../large_fep_dataset/data/fep_benchmark_processed/opls_stress_chk1_set3_23863.sdf,../large_fep_dataset/data/fep_benchmark_processed/opls_stress_chk1_set3_protein.pdb,813,7.657982,8.178824,7.8223114,7.8944755,7.324516,7.7381086,7.698694,8.1966,7.770214,8.236883,7.851861
814,opls_stress/chk1_set7,opls_stress/chk1_set7/19997,../large_fep_dataset/data/fep_benchmark_processed/opls_stress_chk1_set7_19997.sdf,../large_fep_dataset/data/fep_benchmark_processed/opls_stress_chk1_set7_protein.pdb,814,7.0366287,7.5681,7.494051,7.975613,7.185475,7.9475484,7.8378263,7.661882,7.9784408,8.337515,7.7023077
815,opls_stress/chk1_set7,opls_stress/chk1_set7/19998,../large_fep_dataset/data/fep_benchmark_processed/opls_stress_chk1_set7_19998.sdf,../large_fep_dataset/data/fep_benchmark_processed/opls_stress_chk1_set7_protein.pdb,815,6.7703643,7.085577,7.2750854,7.3839016,7.0860286,7.6798654,7.1659164,7.178085,7.268249,7.588809,7.248188
816,opls_stress/chk1_set7,opls_stress/chk1_set7/19934_cys,../large_fep_dataset/data/fep_benchmark_processed/opls_stress_chk1_set7_19934_cys.sdf,../large_fep_dataset/data/fep_benchmark_processed/opls_stress_chk1_set7_protein.pdb,816,7.1336255,7.841789,7.8447647,8.241378,7.4942455,7.998368,7.880694,7.777372,8.255043,7.9841046,7.8451385
817,opls_stress/chk1_set6,opls_stress/chk1_set6/23708_cys,../large_fep_dataset/data/fep_benchmark_processed/opls_stress_chk1_set6_23708_cys.sdf,../large_fep_dataset/data/fep_benchmark_processed/opls_stress_chk1_set6_protein.pdb,817,6.814689,6.5032177,6.8869624,7.2163525,6.8904853,6.719524,6.812455,6.846497,6.6402225,7.1891794,6.8519583
818,opls_stress/chk1_set6,opls_stress/chk1_set6/13,../large_fep_dataset/data/fep_benchmark_processed/opls_stress_chk1_set6_13.sdf,../large_fep_dataset/data/fep_benchmark_processed/opls_stress_chk1_set6_protein.pdb,818,6.71871,5.806063,6.9996552,6.8554964,6.6212807,6.4067564,6.603184,6.723094,6.306558,6.5173173,6.5558114
819,opls_stress/chk1_set6,opls_stress/chk1_set6/15,../large_fep_dataset/data/fep_benchmark_processed/opls_stress_chk1_set6_15.sdf,../large_fep_dataset/data/fep_benchmark_processed/opls_stress_chk1_set6_protein.pdb,819,6.7330217,7.003809,7.2594166,7.273937,6.704375,6.7090826,7.0046854,6.3431954,6.7680564,6.8466115,6.8646193
820,opls_stress/chk1_set4,opls_stress/chk1_set4/23704_cys,../large_fep_dataset/data/fep_benchmark_processed/opls_stress_chk1_set4_23704_cys.sdf,../large_fep_dataset/data/fep_benchmark_processed/opls_stress_chk1_set4_protein.pdb,820,8.018206,8.1631365,8.141444,7.922809,7.9599075,8.070753,8.048756,8.226232,8.093349,8.141619,8.078621
821,opls_stress/chk1_set4,opls_stress/chk1_set4/23873,../large_fep_dataset/data/fep_benchmark_processed/opls_stress_chk1_set4_23873.sdf,../large_fep_dataset/data/fep_benchmark_processed/opls_stress_chk1_set4_protein.pdb,821,8.020861,8.275554,7.967252,8.077489,8.0738735,8.146004,7.9526916,8.0802145,8.121891,8.387267,8.110309
822,opls_stress/chk1_set5,opls_stress/chk1_set5/20315,../large_fep_dataset/data/fep_benchmark_processed/opls_stress_chk1_set5_20315.sdf,../large_fep_dataset/data/fep_benchmark_processed/opls_stress_chk1_set5_protein.pdb,822,7.6358995,7.2956104,7.6883917,7.9577694,7.548296,8.131062,7.1471815,6.856609,7.7279744,7.9969854,7.5985785
823,opls_stress/chk1_set5,opls_stress/chk1_set5/19939_cys,../large_fep_dataset/data/fep_benchmark_processed/opls_stress_chk1_set5_19939_cys.sdf,../large_fep_dataset/data/fep_benchmark_processed/opls_stress_chk1_set5_protein.pdb,823,7.998908,7.8281865,8.012434,7.7538567,7.6298757,7.8365536,7.337417,7.470611,7.560509,8.455898,7.7884245
824,opls_stress/chk1_set5,opls_stress/chk1_set5/19940,../large_fep_dataset/data/fep_benchmark_processed/opls_stress_chk1_set5_19940.sdf,../large_fep_dataset/data/fep_benchmark_processed/opls_stress_chk1_set5_protein.pdb,824,7.9399195,7.420524,8.575509,7.8530283,7.6165366,7.9802904,7.3589063,7.2413716,8.03541,8.372728,7.8394217
825,opls_stress/pb_bace3,opls_stress/pb_bace3/22316,../large_fep_dataset/data/fep_benchmark_processed/opls_stress_pb_bace3_22316.sdf,../large_fep_dataset/data/fep_benchmark_processed/opls_stress_pb_bace3_protein.pdb,825,7.4206147,7.298707,7.196391,7.082029,6.959466,7.3262167,6.8063498,7.256573,7.1530995,7.178249,7.1677694
826,opls_stress/pb_bace3,opls_stress/pb_bace3/22320,../large_fep_dataset/data/fep_benchmark_processed/opls_stress_pb_bace3_22320.sdf,../large_fep_dataset/data/fep_benchmark_processed/opls_stress_pb_bace3_protein.pdb,826,6.7587576,7.6705275,8.080145,7.9656796,7.174123,7.6354733,6.721077,7.338031,7.7626214,7.4078913,7.4514327
827,opls_stress/pb_bace3,opls_stress/pb_bace3/22319,../large_fep_dataset/data/fep_benchmark_processed/opls_stress_pb_bace3_22319.sdf,../large_fep_dataset/data/fep_benchmark_processed/opls_stress_pb_bace3_protein.pdb,827,7.418953,7.6054244,7.9660873,7.4639993,7.279112,7.545784,6.6298366,7.527943,7.7424426,7.202206,7.438179
828,opls_stress/pb_bace3,opls_stress/pb_bace3/19678_cys,../large_fep_dataset/data/fep_benchmark_processed/opls_stress_pb_bace3_19678_cys.sdf,../large_fep_dataset/data/fep_benchmark_processed/opls_stress_pb_bace3_protein.pdb,828,7.551835,7.3774967,7.37295,7.820777,7.5782723,7.7669806,7.2732973,7.5317097,7.4009795,7.1517744,7.4826064
829,opls_stress/chk1_set1,opls_stress/chk1_set1/19967,../large_fep_dataset/data/fep_benchmark_processed/opls_stress_chk1_set1_19967.sdf,../large_fep_dataset/data/fep_benchmark_processed/opls_stress_chk1_set1_protein.pdb,829,7.1933646,6.89121,7.7906876,7.351012,6.922207,7.425731,7.0107274,7.277262,7.1224184,7.379545,7.2364173
830,opls_stress/chk1_set1,opls_stress/chk1_set1/17353_cys,../large_fep_dataset/data/fep_benchmark_processed/opls_stress_chk1_set1_17353_cys.sdf,../large_fep_dataset/data/fep_benchmark_processed/opls_stress_chk1_set1_protein.pdb,830,7.2074933,7.0994086,7.5965123,7.1934443,6.5780563,6.6955123,7.0097156,7.0188723,7.3428807,7.1582437,7.090014
831,opls_stress/chk1_set1,opls_stress/chk1_set1/19971,../large_fep_dataset/data/fep_benchmark_processed/opls_stress_chk1_set1_19971.sdf,../large_fep_dataset/data/fep_benchmark_processed/opls_stress_chk1_set1_protein.pdb,831,7.770485,7.110811,8.234859,7.3952084,6.8576326,7.25079,7.1259503,7.1722703,7.3672705,7.361287,7.364657
832,merck/pfkfb3_automap,merck/pfkfb3_automap/43,../large_fep_dataset/data/fep_benchmark_processed/merck_pfkfb3_automap_43.sdf,../large_fep_dataset/data/fep_benchmark_processed/merck_pfkfb3_automap_protein.pdb,832,7.479371,6.917151,7.409207,6.5317435,6.4015956,7.496814,6.470915,7.105577,6.513255,7.15659,6.9482217
833,merck/pfkfb3_automap,merck/pfkfb3_automap/30 flip b,../large_fep_dataset/data/fep_benchmark_processed/merck_pfkfb3_automap_30_flip_b.sdf,../large_fep_dataset/data/fep_benchmark_processed/merck_pfkfb3_automap_protein.pdb,833,6.1062574,5.9256372,6.5852017,6.001992,6.405572,6.478592,6.001362,6.258105,6.69931,6.3180037,6.278003
834,merck/pfkfb3_automap,merck/pfkfb3_automap/65,../large_fep_dataset/data/fep_benchmark_processed/merck_pfkfb3_automap_65.sdf,../large_fep_dataset/data/fep_benchmark_processed/merck_pfkfb3_automap_protein.pdb,834,7.884638,7.7423773,7.777043,7.3691635,7.1492133,7.37586,6.9234424,7.8992896,7.440893,6.6221557,7.4184074
835,merck/pfkfb3_automap,merck/pfkfb3_automap/49,../large_fep_dataset/data/fep_benchmark_processed/merck_pfkfb3_automap_49.sdf,../large_fep_dataset/data/fep_benchmark_processed/merck_pfkfb3_automap_protein.pdb,835,6.867838,6.915728,6.505281,6.2375135,6.164989,6.83069,5.962347,7.0324507,6.33302,6.6643424,6.5514197
836,merck/pfkfb3_automap,merck/pfkfb3_automap/24,../large_fep_dataset/data/fep_benchmark_processed/merck_pfkfb3_automap_24.sdf,../large_fep_dataset/data/fep_benchmark_processed/merck_pfkfb3_automap_protein.pdb,836,6.347414,6.394518,6.702334,6.5910106,6.3487673,6.3920455,6.7949142,6.476331,6.811619,6.244525,6.510348
837,merck/pfkfb3_automap,merck/pfkfb3_automap/67,../large_fep_dataset/data/fep_benchmark_processed/merck_pfkfb3_automap_67.sdf,../large_fep_dataset/data/fep_benchmark_processed/merck_pfkfb3_automap_protein.pdb,837,7.4772153,7.2142153,7.3247075,6.728763,6.9306264,6.646088,6.537435,7.6982226,7.2017565,6.5725317,7.033156
838,merck/pfkfb3_automap,merck/pfkfb3_automap/62 flip,../large_fep_dataset/data/fep_benchmark_processed/merck_pfkfb3_automap_62_flip.sdf,../large_fep_dataset/data/fep_benchmark_processed/merck_pfkfb3_automap_protein.pdb,838,7.5935426,7.942227,7.5094333,7.5186634,6.7134366,6.9825172,6.854717,7.6995897,7.299655,6.898497,7.3012276
839,merck/pfkfb3_automap,merck/pfkfb3_automap/56,../large_fep_dataset/data/fep_benchmark_processed/merck_pfkfb3_automap_56.sdf,../large_fep_dataset/data/fep_benchmark_processed/merck_pfkfb3_automap_protein.pdb,839,7.584938,7.316306,7.493584,6.6524863,6.981432,7.2411933,6.8212886,7.223123,6.835138,7.2549,7.140439
840,merck/pfkfb3_automap,merck/pfkfb3_automap/59,../large_fep_dataset/data/fep_benchmark_processed/merck_pfkfb3_automap_59.sdf,../large_fep_dataset/data/fep_benchmark_processed/merck_pfkfb3_automap_protein.pdb,840,6.564288,7.0854025,7.264068,6.925762,6.586634,6.724044,6.024209,7.0611286,6.410246,6.8363276,6.748211
841,merck/pfkfb3_automap,merck/pfkfb3_automap/38,../large_fep_dataset/data/fep_benchmark_processed/merck_pfkfb3_automap_38.sdf,../large_fep_dataset/data/fep_benchmark_processed/merck_pfkfb3_automap_protein.pdb,841,6.2333364,6.518939,6.7430778,6.1503687,6.1991653,7.011878,5.8162775,6.899118,6.5985794,6.793797,6.496454
842,merck/pfkfb3_automap,merck/pfkfb3_automap/31,../large_fep_dataset/data/fep_benchmark_processed/merck_pfkfb3_automap_31.sdf,../large_fep_dataset/data/fep_benchmark_processed/merck_pfkfb3_automap_protein.pdb,842,6.745652,6.5029087,6.7456355,6.86784,6.414241,6.908794,6.0764737,6.401568,6.5157843,6.76949,6.5948386
843,merck/pfkfb3_automap,merck/pfkfb3_automap/48,../large_fep_dataset/data/fep_benchmark_processed/merck_pfkfb3_automap_48.sdf,../large_fep_dataset/data/fep_benchmark_processed/merck_pfkfb3_automap_protein.pdb,843,6.9231067,6.9981484,7.306386,6.946087,6.672902,7.114374,6.2691917,7.1586843,6.774903,6.881492,6.904527
844,merck/pfkfb3_automap,merck/pfkfb3_automap/58,../large_fep_dataset/data/fep_benchmark_processed/merck_pfkfb3_automap_58.sdf,../large_fep_dataset/data/fep_benchmark_processed/merck_pfkfb3_automap_protein.pdb,844,7.524673,7.194292,7.8127575,6.8966813,6.9959736,7.2738047,6.084004,7.440538,6.6762037,7.0220265,7.0920954
845,merck/pfkfb3_automap,merck/pfkfb3_automap/41,../large_fep_dataset/data/fep_benchmark_processed/merck_pfkfb3_automap_41.sdf,../large_fep_dataset/data/fep_benchmark_processed/merck_pfkfb3_automap_protein.pdb,845,7.284057,7.1839776,7.5792637,6.8452635,6.5254674,6.956003,7.099376,7.2411675,7.5380754,7.236548,7.1489205
846,merck/pfkfb3_automap,merck/pfkfb3_automap/29,../large_fep_dataset/data/fep_benchmark_processed/merck_pfkfb3_automap_29.sdf,../large_fep_dataset/data/fep_benchmark_processed/merck_pfkfb3_automap_protein.pdb,846,6.6695514,7.085096,7.4027615,6.612215,6.896409,6.9458685,6.5338993,7.0033455,6.7365565,7.0995183,6.898523
847,merck/pfkfb3_automap,merck/pfkfb3_automap/54,../large_fep_dataset/data/fep_benchmark_processed/merck_pfkfb3_automap_54.sdf,../large_fep_dataset/data/fep_benchmark_processed/merck_pfkfb3_automap_protein.pdb,847,6.4620166,7.270603,6.6909194,5.849106,6.566004,6.7270904,6.297312,6.8097553,6.5615354,6.165359,6.5399694
848,merck/pfkfb3_automap,merck/pfkfb3_automap/47,../large_fep_dataset/data/fep_benchmark_processed/merck_pfkfb3_automap_47.sdf,../large_fep_dataset/data/fep_benchmark_processed/merck_pfkfb3_automap_protein.pdb,848,6.9042516,7.2474422,7.5118537,6.8221188,6.122054,7.2116103,6.78104,7.3274407,7.350684,7.0201054,7.02986
849,merck/pfkfb3_automap,merck/pfkfb3_automap/26,../large_fep_dataset/data/fep_benchmark_processed/merck_pfkfb3_automap_26.sdf,../large_fep_dataset/data/fep_benchmark_processed/merck_pfkfb3_automap_protein.pdb,849,6.317573,6.3659277,6.4027276,6.420941,6.320865,6.6447983,6.4384975,6.5568743,6.4057617,6.6221924,6.4496155
850,merck/pfkfb3_automap,merck/pfkfb3_automap/55,../large_fep_dataset/data/fep_benchmark_processed/merck_pfkfb3_automap_55.sdf,../large_fep_dataset/data/fep_benchmark_processed/merck_pfkfb3_automap_protein.pdb,850,7.764697,7.0017204,7.4720893,7.236676,7.264605,7.336642,6.930947,7.4645414,6.924826,7.1792893,7.2576036
851,merck/pfkfb3_automap,merck/pfkfb3_automap/20,../large_fep_dataset/data/fep_benchmark_processed/merck_pfkfb3_automap_20.sdf,../large_fep_dataset/data/fep_benchmark_processed/merck_pfkfb3_automap_protein.pdb,851,7.060535,6.9508033,7.4935656,6.7056665,6.7132816,7.2250466,6.1712,7.2215548,6.4089847,6.874964,6.88256
852,merck/pfkfb3_automap,merck/pfkfb3_automap/57,../large_fep_dataset/data/fep_benchmark_processed/merck_pfkfb3_automap_57.sdf,../large_fep_dataset/data/fep_benchmark_processed/merck_pfkfb3_automap_protein.pdb,852,7.497515,7.8287497,7.7768316,6.929885,7.070466,6.764024,6.67528,7.1568675,7.2768617,6.871997,7.1848474
853,merck/pfkfb3_automap,merck/pfkfb3_automap/42,../large_fep_dataset/data/fep_benchmark_processed/merck_pfkfb3_automap_42.sdf,../large_fep_dataset/data/fep_benchmark_processed/merck_pfkfb3_automap_protein.pdb,853,6.5974326,6.830428,7.0152526,6.1852016,6.5860496,7.1718626,6.3712115,7.068111,7.345401,6.5945663,6.7765517
854,merck/pfkfb3_automap,merck/pfkfb3_automap/35,../large_fep_dataset/data/fep_benchmark_processed/merck_pfkfb3_automap_35.sdf,../large_fep_dataset/data/fep_benchmark_processed/merck_pfkfb3_automap_protein.pdb,854,6.852966,6.916885,7.032472,6.381118,6.612622,6.8351364,6.3799386,7.1000395,6.5086713,6.9862432,6.7606096
855,merck/pfkfb3_automap,merck/pfkfb3_automap/44,../large_fep_dataset/data/fep_benchmark_processed/merck_pfkfb3_automap_44.sdf,../large_fep_dataset/data/fep_benchmark_processed/merck_pfkfb3_automap_protein.pdb,855,7.2045007,6.799727,7.346388,6.80766,6.400795,7.350105,6.8806367,7.2074156,6.553733,6.7999363,6.93509
856,merck/pfkfb3_automap,merck/pfkfb3_automap/63,../large_fep_dataset/data/fep_benchmark_processed/merck_pfkfb3_automap_63.sdf,../large_fep_dataset/data/fep_benchmark_processed/merck_pfkfb3_automap_protein.pdb,856,7.8764534,7.98267,7.7517457,7.57517,7.3627653,7.2624526,7.29954,7.81283,7.514989,7.0040255,7.544265
857,merck/pfkfb3_automap,merck/pfkfb3_automap/69,../large_fep_dataset/data/fep_benchmark_processed/merck_pfkfb3_automap_69.sdf,../large_fep_dataset/data/fep_benchmark_processed/merck_pfkfb3_automap_protein.pdb,857,7.147824,7.595723,7.4865093,6.6653104,7.0257144,7.3068027,6.3642926,7.2428894,7.201473,6.524757,7.0561295
858,merck/pfkfb3_automap,merck/pfkfb3_automap/52,../large_fep_dataset/data/fep_benchmark_processed/merck_pfkfb3_automap_52.sdf,../large_fep_dataset/data/fep_benchmark_processed/merck_pfkfb3_automap_protein.pdb,858,6.7197227,7.2532167,6.8057804,6.4027033,6.6372013,7.112776,6.696118,7.209562,6.7264595,6.301102,6.7864647
859,merck/pfkfb3_automap,merck/pfkfb3_automap/19,../large_fep_dataset/data/fep_benchmark_processed/merck_pfkfb3_automap_19.sdf,../large_fep_dataset/data/fep_benchmark_processed/merck_pfkfb3_automap_protein.pdb,859,6.670504,6.384063,7.044438,6.549754,6.3150415,6.5430975,6.5215416,6.354361,6.210502,6.528701,6.5122004
860,merck/pfkfb3_automap,merck/pfkfb3_automap/68,../large_fep_dataset/data/fep_benchmark_processed/merck_pfkfb3_automap_68.sdf,../large_fep_dataset/data/fep_benchmark_processed/merck_pfkfb3_automap_protein.pdb,860,7.1914186,7.3457437,7.23912,6.859574,7.118139,6.639038,6.4076715,7.60747,7.0022836,6.8740253,7.0284486
861,merck/pfkfb3_automap,merck/pfkfb3_automap/33,../large_fep_dataset/data/fep_benchmark_processed/merck_pfkfb3_automap_33.sdf,../large_fep_dataset/data/fep_benchmark_processed/merck_pfkfb3_automap_protein.pdb,861,6.8573337,6.5441465,6.772869,6.6799173,6.420719,6.520422,6.7830877,6.4712043,6.303084,6.306228,6.5659013
862,merck/pfkfb3_automap,merck/pfkfb3_automap/70,../large_fep_dataset/data/fep_benchmark_processed/merck_pfkfb3_automap_70.sdf,../large_fep_dataset/data/fep_benchmark_processed/merck_pfkfb3_automap_protein.pdb,862,6.9666657,7.59151,7.3005753,6.6591535,6.9306617,7.3821363,5.714498,7.0667725,7.3547554,6.8749743,6.9841704
863,merck/pfkfb3_automap,merck/pfkfb3_automap/53,../large_fep_dataset/data/fep_benchmark_processed/merck_pfkfb3_automap_53.sdf,../large_fep_dataset/data/fep_benchmark_processed/merck_pfkfb3_automap_protein.pdb,863,6.470638,7.360327,7.086036,6.0591507,6.742732,7.2972565,6.1048303,7.3783264,6.749974,6.5244303,6.7773705
864,merck/pfkfb3_automap,merck/pfkfb3_automap/64,../large_fep_dataset/data/fep_benchmark_processed/merck_pfkfb3_automap_64.sdf,../large_fep_dataset/data/fep_benchmark_processed/merck_pfkfb3_automap_protein.pdb,864,7.963245,7.910922,7.754654,7.393866,7.3223534,7.314992,7.234157,7.844916,7.480697,6.921729,7.5141535
865,merck/pfkfb3_automap,merck/pfkfb3_automap/39,../large_fep_dataset/data/fep_benchmark_processed/merck_pfkfb3_automap_39.sdf,../large_fep_dataset/data/fep_benchmark_processed/merck_pfkfb3_automap_protein.pdb,865,6.877176,7.2069864,6.939957,6.157372,6.52297,6.821612,6.232988,7.017504,5.9770265,6.8041887,6.6557784
866,merck/pfkfb3_automap,merck/pfkfb3_automap/37,../large_fep_dataset/data/fep_benchmark_processed/merck_pfkfb3_automap_37.sdf,../large_fep_dataset/data/fep_benchmark_processed/merck_pfkfb3_automap_protein.pdb,866,6.519988,6.8372054,7.193514,6.7167034,6.5927973,6.8386893,6.129875,6.6442738,7.008644,7.08939,6.7571077
867,merck/pfkfb3_automap,merck/pfkfb3_automap/23,../large_fep_dataset/data/fep_benchmark_processed/merck_pfkfb3_automap_23.sdf,../large_fep_dataset/data/fep_benchmark_processed/merck_pfkfb3_automap_protein.pdb,867,6.6179647,6.0880675,6.631272,6.2444196,6.2088447,6.34064,6.313472,5.9927406,5.8920045,6.5451574,6.2874584
868,merck/pfkfb3_automap,merck/pfkfb3_automap/60 adjust,../large_fep_dataset/data/fep_benchmark_processed/merck_pfkfb3_automap_60_adjust.sdf,../large_fep_dataset/data/fep_benchmark_processed/merck_pfkfb3_automap_protein.pdb,868,7.319551,7.452207,7.527808,6.9103937,6.4743233,7.0888195,6.463932,7.3411245,6.945974,6.938708,7.0462837
869,merck/pfkfb3_automap,merck/pfkfb3_automap/34,../large_fep_dataset/data/fep_benchmark_processed/merck_pfkfb3_automap_34.sdf,../large_fep_dataset/data/fep_benchmark_processed/merck_pfkfb3_automap_protein.pdb,869,6.2871385,6.340852,6.0821896,6.268465,5.933378,6.7510405,6.309127,6.4675884,6.2943873,6.416451,6.315062
870,merck/pfkfb3_automap,merck/pfkfb3_automap/36,../large_fep_dataset/data/fep_benchmark_processed/merck_pfkfb3_automap_36.sdf,../large_fep_dataset/data/fep_benchmark_processed/merck_pfkfb3_automap_protein.pdb,870,6.2518873,6.4311733,6.770749,5.519516,5.892651,6.406769,5.3254595,6.0053535,6.1155295,5.715351,6.043443
871,merck/pfkfb3_automap,merck/pfkfb3_automap/46,../large_fep_dataset/data/fep_benchmark_processed/merck_pfkfb3_automap_46.sdf,../large_fep_dataset/data/fep_benchmark_processed/merck_pfkfb3_automap_protein.pdb,871,7.44179,7.7192554,7.6305447,6.8043084,6.762347,6.8607163,7.1983504,7.366591,7.7005672,7.389941,7.2874413
872,merck/shp2,merck/shp2/SHP099-1/Example 7,../large_fep_dataset/data/fep_benchmark_processed/merck_shp2_SHP099-1_Example_7.sdf,../large_fep_dataset/data/fep_benchmark_processed/merck_shp2_protein.pdb,872,6.60992,7.0350156,5.648841,6.229456,6.4533253,6.1297536,6.4342885,6.222746,6.6641493,6.9449463,6.4372435
873,merck/shp2,merck/shp2/Example 22,../large_fep_dataset/data/fep_benchmark_processed/merck_shp2_Example_22.sdf,../large_fep_dataset/data/fep_benchmark_processed/merck_shp2_protein.pdb,873,6.7227507,7.5426598,6.3979774,7.4472485,6.8394446,6.753294,6.8664446,6.601723,7.9474764,7.2222934,7.034131
874,merck/shp2,merck/shp2/Example 29,../large_fep_dataset/data/fep_benchmark_processed/merck_shp2_Example_29.sdf,../large_fep_dataset/data/fep_benchmark_processed/merck_shp2_protein.pdb,874,6.2099876,5.920528,5.280812,5.5529838,6.590517,6.5559907,5.4099317,6.573361,7.0585155,7.105311,6.225794
875,merck/shp2,merck/shp2/11,../large_fep_dataset/data/fep_benchmark_processed/merck_shp2_11.sdf,../large_fep_dataset/data/fep_benchmark_processed/merck_shp2_protein.pdb,875,7.095844,7.1527104,5.837674,6.1813493,6.06302,5.67551,5.676178,6.086987,6.477566,6.3740993,6.2620935
876,merck/shp2,merck/shp2/4,../large_fep_dataset/data/fep_benchmark_processed/merck_shp2_4.sdf,../large_fep_dataset/data/fep_benchmark_processed/merck_shp2_protein.pdb,876,5.512005,6.4928327,5.6744685,5.6709003,5.6654544,6.99198,6.5753756,5.407167,5.693772,6.84096,6.052491
877,merck/shp2,merck/shp2/Example 2,../large_fep_dataset/data/fep_benchmark_processed/merck_shp2_Example_2.sdf,../large_fep_dataset/data/fep_benchmark_processed/merck_shp2_protein.pdb,877,5.7866063,6.815177,5.013025,5.9117756,6.5915027,5.703829,6.417103,5.8045864,7.4953055,6.209468,6.1748376
878,merck/shp2,merck/shp2/Example 14,../large_fep_dataset/data/fep_benchmark_processed/merck_shp2_Example_14.sdf,../large_fep_dataset/data/fep_benchmark_processed/merck_shp2_protein.pdb,878,5.5450935,6.259171,6.214671,5.610928,5.645058,5.8789887,5.369827,6.182729,5.9035883,6.628507,5.923856
879,merck/shp2,merck/shp2/Example 26,../large_fep_dataset/data/fep_benchmark_processed/merck_shp2_Example_26.sdf,../large_fep_dataset/data/fep_benchmark_processed/merck_shp2_protein.pdb,879,7.5570545,7.6468678,7.2692113,7.673973,7.510668,6.939938,7.014723,7.248392,8.076611,7.2351556,7.417259
880,merck/shp2,merck/shp2/SHP836-2,../large_fep_dataset/data/fep_benchmark_processed/merck_shp2_SHP836-2.sdf,../large_fep_dataset/data/fep_benchmark_processed/merck_shp2_protein.pdb,880,5.460139,6.3942018,5.6249156,5.350184,6.30524,6.455886,6.718301,5.360801,5.9711394,6.6428456,6.028365
881,merck/shp2,merck/shp2/Example 6,../large_fep_dataset/data/fep_benchmark_processed/merck_shp2_Example_6.sdf,../large_fep_dataset/data/fep_benchmark_processed/merck_shp2_protein.pdb,881,7.001446,7.258068,5.9942408,6.6461926,6.9668407,7.029065,7.2570095,6.7111197,7.9381084,7.0451574,6.984725
882,merck/shp2,merck/shp2/Example 1,../large_fep_dataset/data/fep_benchmark_processed/merck_shp2_Example_1.sdf,../large_fep_dataset/data/fep_benchmark_processed/merck_shp2_protein.pdb,882,6.6818113,7.1449766,5.520114,6.340284,6.6371093,6.621695,6.6121964,6.0624638,7.562864,6.8395066,6.6023016
883,merck/shp2,merck/shp2/3,../large_fep_dataset/data/fep_benchmark_processed/merck_shp2_3.sdf,../large_fep_dataset/data/fep_benchmark_processed/merck_shp2_protein.pdb,883,4.9507008,5.6023755,5.1816206,5.0556865,5.65686,5.786302,6.2744384,5.262493,5.4256454,5.932713,5.512883
884,merck/shp2,merck/shp2/Example 9,../large_fep_dataset/data/fep_benchmark_processed/merck_shp2_Example_9.sdf,../large_fep_dataset/data/fep_benchmark_processed/merck_shp2_protein.pdb,884,6.5546675,6.382095,6.0388675,6.135799,6.1794333,6.0764804,5.668907,6.325429,6.426803,6.410718,6.21992
885,merck/shp2,merck/shp2/Example 8,../large_fep_dataset/data/fep_benchmark_processed/merck_shp2_Example_8.sdf,../large_fep_dataset/data/fep_benchmark_processed/merck_shp2_protein.pdb,885,6.8199897,6.621958,6.1429415,6.1833377,6.451515,6.3090615,6.0923743,6.2067323,6.8345985,6.682107,6.434462
886,merck/shp2,merck/shp2/7,../large_fep_dataset/data/fep_benchmark_processed/merck_shp2_7.sdf,../large_fep_dataset/data/fep_benchmark_processed/merck_shp2_protein.pdb,886,6.4854236,6.726795,5.727202,5.674902,6.0587506,6.767969,6.764663,5.8903875,7.1283875,6.4597006,6.368418
887,merck/shp2,merck/shp2/Example 24,../large_fep_dataset/data/fep_benchmark_processed/merck_shp2_Example_24.sdf,../large_fep_dataset/data/fep_benchmark_processed/merck_shp2_protein.pdb,887,6.573486,7.7113585,6.2947516,6.254076,6.6999364,6.92106,6.319685,6.0359197,6.9037776,7.205592,6.691964
888,merck/shp2,merck/shp2/Example 28,../large_fep_dataset/data/fep_benchmark_processed/merck_shp2_Example_28.sdf,../large_fep_dataset/data/fep_benchmark_processed/merck_shp2_protein.pdb,888,5.5326066,6.3681674,5.110608,4.66127,6.366597,5.719289,5.5922346,6.0947556,6.1450014,6.2952094,5.7885737
889,merck/shp2,merck/shp2/10,../large_fep_dataset/data/fep_benchmark_processed/merck_shp2_10.sdf,../large_fep_dataset/data/fep_benchmark_processed/merck_shp2_protein.pdb,889,6.3436556,6.4752293,5.201205,5.5082703,6.109622,5.86318,5.847186,5.5081463,6.7772455,6.285394,5.991913
890,merck/shp2,merck/shp2/Example 25,../large_fep_dataset/data/fep_benchmark_processed/merck_shp2_Example_25.sdf,../large_fep_dataset/data/fep_benchmark_processed/merck_shp2_protein.pdb,890,7.6874757,8.044632,7.2691193,7.7235436,7.7379274,6.879773,6.7356763,7.478132,7.6140018,7.708744,7.487901
891,merck/shp2,merck/shp2/Example 27,../large_fep_dataset/data/fep_benchmark_processed/merck_shp2_Example_27.sdf,../large_fep_dataset/data/fep_benchmark_processed/merck_shp2_protein.pdb,891,5.5888796,6.249342,6.0778413,5.834382,6.449342,6.0639462,6.544926,5.843066,5.4498973,6.3631225,6.0464745
892,merck/shp2,merck/shp2/6,../large_fep_dataset/data/fep_benchmark_processed/merck_shp2_6.sdf,../large_fep_dataset/data/fep_benchmark_processed/merck_shp2_protein.pdb,892,6.302283,6.757112,5.3787804,5.982438,6.3198643,6.884558,6.177671,6.0210247,7.171461,6.286531,6.328172
893,merck/shp2,merck/shp2/Example 30,../large_fep_dataset/data/fep_benchmark_processed/merck_shp2_Example_30.sdf,../large_fep_dataset/data/fep_benchmark_processed/merck_shp2_protein.pdb,893,6.426353,7.4031925,6.255824,6.4959564,7.111582,6.5382805,6.621614,6.309968,7.2745905,6.920663,6.7358027
894,merck/shp2,merck/shp2/Example 5,../large_fep_dataset/data/fep_benchmark_processed/merck_shp2_Example_5.sdf,../large_fep_dataset/data/fep_benchmark_processed/merck_shp2_protein.pdb,894,7.0732656,7.184709,6.6848216,6.8231997,6.8615584,7.433683,6.8932886,7.5426574,7.462672,7.1562557,7.1116114
895,merck/shp2,merck/shp2/Example 4,../large_fep_dataset/data/fep_benchmark_processed/merck_shp2_Example_4.sdf,../large_fep_dataset/data/fep_benchmark_processed/merck_shp2_protein.pdb,895,4.9725933,6.5793967,5.23095,5.542178,6.100054,6.1115656,6.464818,5.9869514,6.724454,6.0605135,5.9773474
896,merck/shp2,merck/shp2/Example 23,../large_fep_dataset/data/fep_benchmark_processed/merck_shp2_Example_23.sdf,../large_fep_dataset/data/fep_benchmark_processed/merck_shp2_protein.pdb,896,6.5633984,7.242293,5.920345,6.905467,6.8425336,5.9041295,6.3646727,6.279705,7.6149535,6.8766856,6.651418
897,merck/shp2,merck/shp2/Example 3,../large_fep_dataset/data/fep_benchmark_processed/merck_shp2_Example_3.sdf,../large_fep_dataset/data/fep_benchmark_processed/merck_shp2_protein.pdb,897,6.1864886,6.7785063,5.4148664,6.025895,6.357502,6.360571,6.727611,6.1899586,6.8818264,6.2171845,6.314041
898,merck/cmet,merck/cmet/CHEMBL3402753_200,../large_fep_dataset/data/fep_benchmark_processed/merck_cmet_CHEMBL3402753_200.sdf,../large_fep_dataset/data/fep_benchmark_processed/merck_cmet_protein.pdb,898,7.5638614,6.716089,6.996973,6.8436594,7.030394,6.4056454,7.36172,6.9261136,7.6869636,7.532584,7.1064005
899,merck/cmet,merck/cmet/CHEMBL3402747_3400,../large_fep_dataset/data/fep_benchmark_processed/merck_cmet_CHEMBL3402747_3400.sdf,../large_fep_dataset/data/fep_benchmark_processed/merck_cmet_protein.pdb,899,6.4143734,6.1376457,6.757117,6.593837,6.863839,6.750863,7.3198113,7.090016,7.0030117,6.543334,6.7473845
900,merck/cmet,merck/cmet/CHEMBL3402744_300,../large_fep_dataset/data/fep_benchmark_processed/merck_cmet_CHEMBL3402744_300.sdf,../large_fep_dataset/data/fep_benchmark_processed/merck_cmet_protein.pdb,900,6.862404,6.015594,7.0646415,6.7721696,6.3599873,6.4621644,6.962524,5.9080157,7.0636907,7.0784197,6.6549616
901,merck/cmet,merck/cmet/CHEMBL3402745_200,../large_fep_dataset/data/fep_benchmark_processed/merck_cmet_CHEMBL3402745_200.sdf,../large_fep_dataset/data/fep_benchmark_processed/merck_cmet_protein.pdb,901,6.181496,5.905475,6.6789036,6.504399,6.092373,6.099854,6.3484983,6.362921,7.046305,6.448113,6.366834
902,merck/cmet,merck/cmet/CHEMBL3402750_400,../large_fep_dataset/data/fep_benchmark_processed/merck_cmet_CHEMBL3402750_400.sdf,../large_fep_dataset/data/fep_benchmark_processed/merck_cmet_protein.pdb,902,6.9943404,6.1894946,7.5339327,7.3316207,6.760399,6.641703,7.094828,7.0278273,6.6668525,7.0058126,6.924681
903,merck/cmet,merck/cmet/CHEMBL3402743_42,../large_fep_dataset/data/fep_benchmark_processed/merck_cmet_CHEMBL3402743_42.sdf,../large_fep_dataset/data/fep_benchmark_processed/merck_cmet_protein.pdb,903,6.4760785,5.874023,6.4502163,6.7689004,6.4400125,6.8220997,6.11208,6.1966424,7.074208,6.231779,6.444604
904,merck/cmet,merck/cmet/CHEMBL3402752_30000,../large_fep_dataset/data/fep_benchmark_processed/merck_cmet_CHEMBL3402752_30000.sdf,../large_fep_dataset/data/fep_benchmark_processed/merck_cmet_protein.pdb,904,7.2379355,6.2608604,6.9289155,6.410439,6.987541,6.546944,6.8872066,7.404212,7.159525,6.795651,6.861923
905,merck/cmet,merck/cmet/CHEMBL3402755_4200,../large_fep_dataset/data/fep_benchmark_processed/merck_cmet_CHEMBL3402755_4200.sdf,../large_fep_dataset/data/fep_benchmark_processed/merck_cmet_protein.pdb,905,7.0920706,6.446008,7.15103,6.86298,7.0308876,6.5379996,7.612814,7.3255377,7.43593,7.1923795,7.0687637
906,merck/cmet,merck/cmet/CHEMBL3402749_500,../large_fep_dataset/data/fep_benchmark_processed/merck_cmet_CHEMBL3402749_500.sdf,../large_fep_dataset/data/fep_benchmark_processed/merck_cmet_protein.pdb,906,6.058383,5.907799,6.997635,6.6375184,6.490485,6.577394,7.4714575,7.250728,6.9882402,6.686294,6.7065935
907,merck/cmet,merck/cmet/CHEMBL3402765_11-charged-pKa-8.1,../large_fep_dataset/data/fep_benchmark_processed/merck_cmet_CHEMBL3402765_11-charged-pKa-8.1.sdf,../large_fep_dataset/data/fep_benchmark_processed/merck_cmet_protein.pdb,907,6.518974,5.7879434,6.3339915,6.668031,6.1005144,7.1153016,6.463452,6.135793,7.1487665,6.7775974,6.5050364
908,merck/cmet,merck/cmet/CHEMBL3402742_23,../large_fep_dataset/data/fep_benchmark_processed/merck_cmet_CHEMBL3402742_23.sdf,../large_fep_dataset/data/fep_benchmark_processed/merck_cmet_protein.pdb,908,6.1635866,5.8279405,5.205166,7.0749984,6.513692,6.516764,6.353283,7.021917,6.412387,7.13619,6.422593
909,merck/cmet,merck/cmet/CHEMBL3402754_40,../large_fep_dataset/data/fep_benchmark_processed/merck_cmet_CHEMBL3402754_40.sdf,../large_fep_dataset/data/fep_benchmark_processed/merck_cmet_protein.pdb,909,7.066089,6.577638,7.1545057,7.1711144,7.011578,6.7942295,7.581654,7.3440456,7.8508053,7.4473286,7.1998987
910,merck/cmet,merck/cmet/CHEMBL3402748_5300,../large_fep_dataset/data/fep_benchmark_processed/merck_cmet_CHEMBL3402748_5300.sdf,../large_fep_dataset/data/fep_benchmark_processed/merck_cmet_protein.pdb,910,6.442111,6.3858685,6.93467,6.223792,6.8287606,6.307205,6.854125,6.885276,6.4718766,6.981925,6.6315613
911,merck/cmet,merck/cmet/CHEMBL3402741_400,../large_fep_dataset/data/fep_benchmark_processed/merck_cmet_CHEMBL3402741_400.sdf,../large_fep_dataset/data/fep_benchmark_processed/merck_cmet_protein.pdb,911,6.737392,5.28024,5.599549,6.8948007,6.223762,6.3388486,5.948658,7.179552,6.493024,6.9687138,6.366454
912,merck/cmet,merck/cmet/CHEMBL3402763_90,../large_fep_dataset/data/fep_benchmark_processed/merck_cmet_CHEMBL3402763_90.sdf,../large_fep_dataset/data/fep_benchmark_processed/merck_cmet_protein.pdb,912,6.1201644,5.9287934,5.9190106,7.1589894,6.6911507,6.4680476,6.614626,7.5017896,6.454023,7.4683094,6.6324897
913,merck/cmet,merck/cmet/CHEMBL3402764_90,../large_fep_dataset/data/fep_benchmark_processed/merck_cmet_CHEMBL3402764_90.sdf,../large_fep_dataset/data/fep_benchmark_processed/merck_cmet_protein.pdb,913,6.304366,5.8720884,6.418723,6.5468054,5.8959317,6.681502,5.969044,5.5861053,6.5897613,6.3634496,6.2227774
914,merck/cmet,merck/cmet/CHEMBL3402751_2100,../large_fep_dataset/data/fep_benchmark_processed/merck_cmet_CHEMBL3402751_2100.sdf,../large_fep_dataset/data/fep_benchmark_processed/merck_cmet_protein.pdb,914,7.4523416,6.414675,7.0755043,6.5985527,7.0571227,6.9805045,7.027907,7.2945075,7.380164,6.937158,7.021844
915,merck/cmet,merck/cmet/CHEMBL3402756_2.7 redocked,../large_fep_dataset/data/fep_benchmark_processed/merck_cmet_CHEMBL3402756_2.7_redocked.sdf,../large_fep_dataset/data/fep_benchmark_processed/merck_cmet_protein.pdb,915,7.3156695,7.0011606,6.9200263,7.6379704,7.681052,7.6323595,7.3359346,7.682442,7.3630867,7.2155523,7.3785257
916,merck/cmet,merck/cmet/CHEMBL3402762_1 redocked,../large_fep_dataset/data/fep_benchmark_processed/merck_cmet_CHEMBL3402762_1_redocked.sdf,../large_fep_dataset/data/fep_benchmark_processed/merck_cmet_protein.pdb,916,7.23685,7.602244,7.926908,7.3977017,8.111631,8.112637,7.3649917,7.2607055,7.0810447,7.595263,7.5689974
917,merck/cmet,merck/cmet/CHEMBL3402760_1 redocked,../large_fep_dataset/data/fep_benchmark_processed/merck_cmet_CHEMBL3402760_1_redocked.sdf,../large_fep_dataset/data/fep_benchmark_processed/merck_cmet_protein.pdb,917,6.9319773,7.302929,6.8402324,7.778767,7.805316,7.603139,6.9497437,7.328169,6.6375904,6.9705653,7.214843
918,merck/cmet,merck/cmet/CHEMBL3402757_6.5 redocked,../large_fep_dataset/data/fep_benchmark_processed/merck_cmet_CHEMBL3402757_6.5_redocked.sdf,../large_fep_dataset/data/fep_benchmark_processed/merck_cmet_protein.pdb,918,7.4484878,6.760533,7.201785,7.7025895,7.35469,7.474362,7.0304155,7.512901,7.3786464,7.4332237,7.3297625
919,merck/cmet,merck/cmet/CHEMBL3402761_1 redocked,../large_fep_dataset/data/fep_benchmark_processed/merck_cmet_CHEMBL3402761_1_redocked.sdf,../large_fep_dataset/data/fep_benchmark_processed/merck_cmet_protein.pdb,919,7.0651665,6.7550154,8.013296,7.55918,7.7337847,8.049703,7.0671034,7.0412407,7.370605,7.1548896,7.380998
920,merck/cmet,merck/cmet/CHEMBL3402758_10 redocked,../large_fep_dataset/data/fep_benchmark_processed/merck_cmet_CHEMBL3402758_10_redocked.sdf,../large_fep_dataset/data/fep_benchmark_processed/merck_cmet_protein.pdb,920,6.5289516,6.2465587,6.927115,6.94341,7.175145,6.8836384,6.196419,7.3194866,6.779009,7.107333,6.810706
921,merck/cmet,merck/cmet/CHEMBL3402759_5.7 redocked,../large_fep_dataset/data/fep_benchmark_processed/merck_cmet_CHEMBL3402759_5.7_redocked.sdf,../large_fep_dataset/data/fep_benchmark_processed/merck_cmet_protein.pdb,921,7.1116586,6.9320626,7.1426306,7.713054,7.4987044,7.281576,6.750035,7.4214582,7.096819,7.193542,7.2141542
922,merck/eg5_extraprotomers,merck/eg5_extraprotomers/CHEMBL1078774,../large_fep_dataset/data/fep_benchmark_processed/merck_eg5_extraprotomers_CHEMBL1078774.sdf,../large_fep_dataset/data/fep_benchmark_processed/merck_eg5_extraprotomers_protein.pdb,922,7.0686374,6.8118234,7.712258,6.8943806,6.3800554,6.943316,6.837434,7.5210323,7.0177574,6.7721877,6.9958887
923,merck/eg5_extraprotomers,merck/eg5_extraprotomers/CHEMBL1093087,../large_fep_dataset/data/fep_benchmark_processed/merck_eg5_extraprotomers_CHEMBL1093087.sdf,../large_fep_dataset/data/fep_benchmark_processed/merck_eg5_extraprotomers_protein.pdb,923,6.6653514,6.7993917,7.013751,7.0204973,7.028988,6.424921,6.661663,6.50875,6.2024374,6.4318776,6.675763
924,merck/eg5_extraprotomers,merck/eg5_extraprotomers/CHEMBL1082249,../large_fep_dataset/data/fep_benchmark_processed/merck_eg5_extraprotomers_CHEMBL1082249.sdf,../large_fep_dataset/data/fep_benchmark_processed/merck_eg5_extraprotomers_protein.pdb,924,6.977821,6.9402366,6.53495,6.582308,6.5783014,7.018248,6.4732976,7.1952343,6.6582556,7.610529,6.8569183
925,merck/eg5_extraprotomers,merck/eg5_extraprotomers/CHEMBL1089393,../large_fep_dataset/data/fep_benchmark_processed/merck_eg5_extraprotomers_CHEMBL1089393.sdf,../large_fep_dataset/data/fep_benchmark_processed/merck_eg5_extraprotomers_protein.pdb,925,5.7875495,5.422714,5.294006,6.0480595,5.5770936,5.4881406,5.1469016,5.8584337,5.818386,5.393439,5.5834723
926,merck/eg5_extraprotomers,merck/eg5_extraprotomers/CHEMBL1078691,../large_fep_dataset/data/fep_benchmark_processed/merck_eg5_extraprotomers_CHEMBL1078691.sdf,../large_fep_dataset/data/fep_benchmark_processed/merck_eg5_extraprotomers_protein.pdb,926,7.3262253,6.489116,6.9746566,6.124258,6.138131,6.6986957,6.835902,6.725601,6.704219,6.7610893,6.677789
927,merck/eg5_extraprotomers,merck/eg5_extraprotomers/CHEMBL1086409,../large_fep_dataset/data/fep_benchmark_processed/merck_eg5_extraprotomers_CHEMBL1086409.sdf,../large_fep_dataset/data/fep_benchmark_processed/merck_eg5_extraprotomers_protein.pdb,927,6.2141023,6.5127625,6.5942907,6.3019323,6.3865767,6.834469,6.468518,6.433702,6.268105,6.016497,6.4030952
928,merck/eg5_extraprotomers,merck/eg5_extraprotomers/CHEMBL1082248,../large_fep_dataset/data/fep_benchmark_processed/merck_eg5_extraprotomers_CHEMBL1082248.sdf,../large_fep_dataset/data/fep_benchmark_processed/merck_eg5_extraprotomers_protein.pdb,928,6.602499,7.117461,6.368094,6.2224708,6.028129,6.9170113,5.8579683,6.631129,7.015863,7.2605586,6.602118
929,merck/eg5_extraprotomers,merck/eg5_extraprotomers/CHEMBL1084678,../large_fep_dataset/data/fep_benchmark_processed/merck_eg5_extraprotomers_CHEMBL1084678.sdf,../large_fep_dataset/data/fep_benchmark_processed/merck_eg5_extraprotomers_protein.pdb,929,6.8522654,7.20471,7.4239454,7.1465015,6.21666,7.380871,7.671116,6.8268623,6.9887414,7.0297647,7.074144
930,merck/eg5_extraprotomers,merck/eg5_extraprotomers/CHEMBL1084115,../large_fep_dataset/data/fep_benchmark_processed/merck_eg5_extraprotomers_CHEMBL1084115.sdf,../large_fep_dataset/data/fep_benchmark_processed/merck_eg5_extraprotomers_protein.pdb,930,6.673649,5.7788525,6.878433,6.3325205,6.2795405,6.2619977,6.7895174,6.4133716,6.7498927,6.550315,6.470809
931,merck/eg5_extraprotomers,merck/eg5_extraprotomers/CHEMBL1084431,../large_fep_dataset/data/fep_benchmark_processed/merck_eg5_extraprotomers_CHEMBL1084431.sdf,../large_fep_dataset/data/fep_benchmark_processed/merck_eg5_extraprotomers_protein.pdb,931,6.8377724,7.5996737,6.84355,6.950678,7.304935,6.7004166,7.0397973,6.790009,7.215068,7.73931,7.102121
932,merck/eg5_extraprotomers,merck/eg5_extraprotomers/CHEMBL1085895,../large_fep_dataset/data/fep_benchmark_processed/merck_eg5_extraprotomers_CHEMBL1085895.sdf,../large_fep_dataset/data/fep_benchmark_processed/merck_eg5_extraprotomers_protein.pdb,932,7.0174127,7.2403893,7.043915,6.6982484,6.583613,7.1994305,7.172628,6.888281,6.4988804,7.0029716,6.9345765
933,merck/eg5_extraprotomers,merck/eg5_extraprotomers/CHEMBL1084677,../large_fep_dataset/data/fep_benchmark_processed/merck_eg5_extraprotomers_CHEMBL1084677.sdf,../large_fep_dataset/data/fep_benchmark_processed/merck_eg5_extraprotomers_protein.pdb,933,6.7560263,6.9950924,7.326203,7.011937,6.94854,7.1201153,7.071842,7.20544,6.5848475,6.891045,6.991109
934,merck/eg5_extraprotomers,merck/eg5_extraprotomers/CHEMBL1077227,../large_fep_dataset/data/fep_benchmark_processed/merck_eg5_extraprotomers_CHEMBL1077227.sdf,../large_fep_dataset/data/fep_benchmark_processed/merck_eg5_extraprotomers_protein.pdb,934,6.5452223,6.4272294,6.159725,5.706032,6.7038536,5.9325714,5.9091444,6.388849,6.2564917,6.7166414,6.2745757
935,merck/eg5_extraprotomers,merck/eg5_extraprotomers/CHEMBL1086410,../large_fep_dataset/data/fep_benchmark_processed/merck_eg5_extraprotomers_CHEMBL1086410.sdf,../large_fep_dataset/data/fep_benchmark_processed/merck_eg5_extraprotomers_protein.pdb,935,6.2378325,6.2389708,6.5708294,6.4250574,6.8033357,5.9655113,6.013734,5.6162634,6.5791955,6.9533615,6.3404093
936,merck/eg5_extraprotomers,merck/eg5_extraprotomers/CHEMBL1083517,../large_fep_dataset/data/fep_benchmark_processed/merck_eg5_extraprotomers_CHEMBL1083517.sdf,../large_fep_dataset/data/fep_benchmark_processed/merck_eg5_extraprotomers_protein.pdb,936,7.0432973,6.984923,6.9964886,6.2512517,6.672336,7.026994,7.090697,7.2778063,7.287402,6.62153,6.9252725
937,merck/eg5_extraprotomers,merck/eg5_extraprotomers/CHEMBL1096003,../large_fep_dataset/data/fep_benchmark_processed/merck_eg5_extraprotomers_CHEMBL1096003.sdf,../large_fep_dataset/data/fep_benchmark_processed/merck_eg5_extraprotomers_protein.pdb,937,7.039101,7.578315,7.1105013,6.9037375,7.235483,7.567889,6.1713576,7.151417,7.12638,7.8138876,7.1698065
938,merck/eg5_extraprotomers,merck/eg5_extraprotomers/CHEMBL1077204,../large_fep_dataset/data/fep_benchmark_processed/merck_eg5_extraprotomers_CHEMBL1077204.sdf,../large_fep_dataset/data/fep_benchmark_processed/merck_eg5_extraprotomers_protein.pdb,938,6.5302243,7.191907,7.2969933,6.438767,6.669133,7.007365,7.0432744,6.651962,6.439756,6.836201,6.8105583
939,merck/eg5_extraprotomers,merck/eg5_extraprotomers/CHEMBL1083836,../large_fep_dataset/data/fep_benchmark_processed/merck_eg5_extraprotomers_CHEMBL1083836.sdf,../large_fep_dataset/data/fep_benchmark_processed/merck_eg5_extraprotomers_protein.pdb,939,6.015429,6.8051815,6.225752,6.1021767,6.53069,5.8493004,5.837779,5.838076,6.389583,6.434434,6.2028403
940,merck/eg5_extraprotomers,merck/eg5_extraprotomers/CHEMBL1085666,../large_fep_dataset/data/fep_benchmark_processed/merck_eg5_extraprotomers_CHEMBL1085666.sdf,../large_fep_dataset/data/fep_benchmark_processed/merck_eg5_extraprotomers_protein.pdb,940,6.077732,6.692991,6.3798203,6.6588454,6.930408,6.2166166,6.533491,6.074815,6.5808873,6.357423,6.450303
941,merck/eg5_extraprotomers,merck/eg5_extraprotomers/CHEMBL1085692,../large_fep_dataset/data/fep_benchmark_processed/merck_eg5_extraprotomers_CHEMBL1085692.sdf,../large_fep_dataset/data/fep_benchmark_processed/merck_eg5_extraprotomers_protein.pdb,941,6.8569264,7.3134527,6.243038,6.9215655,6.2978554,6.9713573,6.837076,7.464727,7.521118,7.320054,6.974717
942,merck/eg5_extraprotomers,merck/eg5_extraprotomers/CHEMBL1084143,../large_fep_dataset/data/fep_benchmark_processed/merck_eg5_extraprotomers_CHEMBL1084143.sdf,../large_fep_dataset/data/fep_benchmark_processed/merck_eg5_extraprotomers_protein.pdb,942,6.948033,7.0313745,7.346324,6.888881,7.2850137,6.6925735,7.373097,7.1979303,6.7923546,7.351573,7.090715
943,merck/eg5_extraprotomers,merck/eg5_extraprotomers/CHEMBL1096002,../large_fep_dataset/data/fep_benchmark_processed/merck_eg5_extraprotomers_CHEMBL1096002.sdf,../large_fep_dataset/data/fep_benchmark_processed/merck_eg5_extraprotomers_protein.pdb,943,6.4194317,7.34639,6.4982576,6.709975,6.1010423,7.259073,5.966227,6.6229625,6.655767,7.0982084,6.667733
944,merck/eg5_extraprotomers,merck/eg5_extraprotomers/CHEMBL1089056,../large_fep_dataset/data/fep_benchmark_processed/merck_eg5_extraprotomers_CHEMBL1089056.sdf,../large_fep_dataset/data/fep_benchmark_processed/merck_eg5_extraprotomers_protein.pdb,944,6.4076033,5.8940573,6.182586,6.3527484,6.1380825,6.106174,6.304285,5.8429947,6.7886457,6.2704916,6.228767
945,merck/eg5_extraprotomers,merck/eg5_extraprotomers/CHEMBL1093088,../large_fep_dataset/data/fep_benchmark_processed/merck_eg5_extraprotomers_CHEMBL1093088.sdf,../large_fep_dataset/data/fep_benchmark_processed/merck_eg5_extraprotomers_protein.pdb,945,7.2792454,7.43799,7.5167418,7.7831874,7.456798,7.373371,7.902898,7.1881785,6.627362,7.9796333,7.454541
946,merck/eg5_extraprotomers,merck/eg5_extraprotomers/CHEMBL1084676,../large_fep_dataset/data/fep_benchmark_processed/merck_eg5_extraprotomers_CHEMBL1084676.sdf,../large_fep_dataset/data/fep_benchmark_processed/merck_eg5_extraprotomers_protein.pdb,946,6.954157,7.3315425,7.697156,6.7614036,7.178162,7.5581646,7.4159565,6.8284984,6.706808,6.7004046,7.1132255
947,merck/eg5_extraprotomers,merck/eg5_extraprotomers/CHEMBL1084935,../large_fep_dataset/data/fep_benchmark_processed/merck_eg5_extraprotomers_CHEMBL1084935.sdf,../large_fep_dataset/data/fep_benchmark_processed/merck_eg5_extraprotomers_protein.pdb,947,7.0490932,7.014462,7.1886525,6.4988914,7.1560717,6.4208694,7.0947504,6.730888,6.662846,6.968738,6.8785257
948,merck/eg5_extraprotomers,merck/eg5_extraprotomers/CHEMBL1078998,../large_fep_dataset/data/fep_benchmark_processed/merck_eg5_extraprotomers_CHEMBL1078998.sdf,../large_fep_dataset/data/fep_benchmark_processed/merck_eg5_extraprotomers_protein.pdb,948,6.483622,5.9770603,6.4879117,6.2963657,6.2544045,5.8754053,6.350705,6.0687714,6.3448877,6.2209115,6.2360044
949,merck/eg5_extraprotomers,merck/eg5_extraprotomers/CHEMBL1088740,../large_fep_dataset/data/fep_benchmark_processed/merck_eg5_extraprotomers_CHEMBL1088740.sdf,../large_fep_dataset/data/fep_benchmark_processed/merck_eg5_extraprotomers_protein.pdb,949,6.0381093,6.065807,5.80717,5.8199005,5.722287,5.6773777,5.596535,5.8763375,6.148542,5.468104,5.822017
950,merck/eg5_extraprotomers,merck/eg5_extraprotomers/CHEMBL1084143_1,../large_fep_dataset/data/fep_benchmark_processed/merck_eg5_extraprotomers_CHEMBL1084143_1.sdf,../large_fep_dataset/data/fep_benchmark_processed/merck_eg5_extraprotomers_protein.pdb,950,6.9948144,6.928802,7.781422,6.8787904,7.467867,7.016523,6.9550815,7.165375,6.879219,7.571613,7.1639504
951,merck/eg5_extraprotomers,merck/eg5_extraprotomers/CHEMBL1096003_1,../large_fep_dataset/data/fep_benchmark_processed/merck_eg5_extraprotomers_CHEMBL1096003_1.sdf,../large_fep_dataset/data/fep_benchmark_processed/merck_eg5_extraprotomers_protein.pdb,951,6.926264,7.5158505,6.8901777,7.0949736,6.8886037,7.2432146,5.8153,7.26464,6.8229337,7.377688,6.9839644
952,merck/eg5_extraprotomers,merck/eg5_extraprotomers/CHEMBL1096002_1,../large_fep_dataset/data/fep_benchmark_processed/merck_eg5_extraprotomers_CHEMBL1096002_1.sdf,../large_fep_dataset/data/fep_benchmark_processed/merck_eg5_extraprotomers_protein.pdb,952,6.731558,7.0468693,6.5792828,6.743496,5.907498,6.6444817,6.02312,6.9163275,6.645672,7.1271973,6.636551
953,merck/eg5_extraprotomers,merck/eg5_extraprotomers/CHEMBL1084676_1,../large_fep_dataset/data/fep_benchmark_processed/merck_eg5_extraprotomers_CHEMBL1084676_1.sdf,../large_fep_dataset/data/fep_benchmark_processed/merck_eg5_extraprotomers_protein.pdb,953,6.44925,6.726323,7.4586,6.2969866,7.057763,7.009944,6.994945,6.921816,6.4556293,6.621349,6.79926
954,merck/eg5_extraprotomers,merck/eg5_extraprotomers/CHEMBL1084677_1,../large_fep_dataset/data/fep_benchmark_processed/merck_eg5_extraprotomers_CHEMBL1084677_1.sdf,../large_fep_dataset/data/fep_benchmark_processed/merck_eg5_extraprotomers_protein.pdb,954,6.936393,7.2459807,7.2994814,7.2944155,6.9643593,7.2500305,7.1996193,7.0480247,6.3031893,7.192313,7.0733805
955,merck/eg5_extraprotomers,merck/eg5_extraprotomers/CHEMBL1084935_1,../large_fep_dataset/data/fep_benchmark_processed/merck_eg5_extraprotomers_CHEMBL1084935_1.sdf,../large_fep_dataset/data/fep_benchmark_processed/merck_eg5_extraprotomers_protein.pdb,955,6.863797,6.5484085,7.1741085,6.3123918,6.8920035,6.3018236,7.034415,6.530166,6.8042417,6.672917,6.7134275
956,merck/syk_4puz_fullmap,merck/syk_4puz_fullmap/CHEMBL3265014,../large_fep_dataset/data/fep_benchmark_processed/merck_syk_4puz_fullmap_CHEMBL3265014.sdf,../large_fep_dataset/data/fep_benchmark_processed/merck_syk_4puz_fullmap_protein.pdb,956,7.1717453,6.6795816,6.805612,6.427437,6.8665586,6.808324,6.610825,7.170206,6.9917603,6.9287047,6.8460755
957,merck/syk_4puz_fullmap,merck/syk_4puz_fullmap/CHEMBL3265036,../large_fep_dataset/data/fep_benchmark_processed/merck_syk_4puz_fullmap_CHEMBL3265036.sdf,../large_fep_dataset/data/fep_benchmark_processed/merck_syk_4puz_fullmap_protein.pdb,957,7.246158,7.513041,7.709181,7.484099,7.3472104,7.2713456,6.9781265,7.454707,7.2600913,7.4969044,7.376086
958,merck/syk_4puz_fullmap,merck/syk_4puz_fullmap/CHEMBL3265020,../large_fep_dataset/data/fep_benchmark_processed/merck_syk_4puz_fullmap_CHEMBL3265020.sdf,../large_fep_dataset/data/fep_benchmark_processed/merck_syk_4puz_fullmap_protein.pdb,958,7.222869,6.8133144,6.812798,7.2119656,7.0841327,7.1995196,6.1753726,7.8066807,6.9566083,6.713611,6.999687
959,merck/syk_4puz_fullmap,merck/syk_4puz_fullmap/CHEMBL3265023,../large_fep_dataset/data/fep_benchmark_processed/merck_syk_4puz_fullmap_CHEMBL3265023.sdf,../large_fep_dataset/data/fep_benchmark_processed/merck_syk_4puz_fullmap_protein.pdb,959,7.023824,7.1046305,6.9825006,7.2344,7.022127,7.0694213,6.7048874,7.6819663,7.6772017,7.1258345,7.1626787
960,merck/syk_4puz_fullmap,merck/syk_4puz_fullmap/CHEMBL3265033,../large_fep_dataset/data/fep_benchmark_processed/merck_syk_4puz_fullmap_CHEMBL3265033.sdf,../large_fep_dataset/data/fep_benchmark_processed/merck_syk_4puz_fullmap_protein.pdb,960,7.759891,7.4618206,7.934278,7.4955378,7.556365,7.758822,7.4959297,7.6924577,8.093753,7.5152445,7.6764097
961,merck/syk_4puz_fullmap,merck/syk_4puz_fullmap/CHEMBL3265027,../large_fep_dataset/data/fep_benchmark_processed/merck_syk_4puz_fullmap_CHEMBL3265027.sdf,../large_fep_dataset/data/fep_benchmark_processed/merck_syk_4puz_fullmap_protein.pdb,961,7.524477,7.5992827,6.7372932,7.496563,6.7662044,7.693803,6.696552,7.675607,7.1829395,6.9888597,7.236158
962,merck/syk_4puz_fullmap,merck/syk_4puz_fullmap/CHEMBL3265028,../large_fep_dataset/data/fep_benchmark_processed/merck_syk_4puz_fullmap_CHEMBL3265028.sdf,../large_fep_dataset/data/fep_benchmark_processed/merck_syk_4puz_fullmap_protein.pdb,962,7.504532,7.1940026,7.0743566,7.254735,6.980228,7.1154723,6.731404,7.8021603,7.089198,6.8787303,7.162482
963,merck/syk_4puz_fullmap,merck/syk_4puz_fullmap/CHEMBL3265032,../large_fep_dataset/data/fep_benchmark_processed/merck_syk_4puz_fullmap_CHEMBL3265032.sdf,../large_fep_dataset/data/fep_benchmark_processed/merck_syk_4puz_fullmap_protein.pdb,963,7.257267,7.68441,7.5797844,7.4589787,7.3353267,7.394965,6.9871964,7.7010756,7.3670783,7.293761,7.4059844
964,merck/syk_4puz_fullmap,merck/syk_4puz_fullmap/CHEMBL3265031,../large_fep_dataset/data/fep_benchmark_processed/merck_syk_4puz_fullmap_CHEMBL3265031.sdf,../large_fep_dataset/data/fep_benchmark_processed/merck_syk_4puz_fullmap_protein.pdb,964,7.3207636,7.853953,7.374723,7.297674,7.268423,7.658478,6.9101014,7.301082,7.4722815,7.680375,7.4137855
965,merck/syk_4puz_fullmap,merck/syk_4puz_fullmap/CHEMBL3265037,../large_fep_dataset/data/fep_benchmark_processed/merck_syk_4puz_fullmap_CHEMBL3265037.sdf,../large_fep_dataset/data/fep_benchmark_processed/merck_syk_4puz_fullmap_protein.pdb,965,7.4380507,7.827613,7.901838,7.7324467,7.75598,7.1926103,6.8380737,8.112845,7.5514603,7.358515,7.5709434
966,merck/syk_4puz_fullmap,merck/syk_4puz_fullmap/CHEMBL3265026,../large_fep_dataset/data/fep_benchmark_processed/merck_syk_4puz_fullmap_CHEMBL3265026.sdf,../large_fep_dataset/data/fep_benchmark_processed/merck_syk_4puz_fullmap_protein.pdb,966,6.6772833,7.275891,7.226066,7.270051,6.8460383,6.406618,6.936245,7.7310176,7.2693205,6.6918354,7.0330367
967,merck/syk_4puz_fullmap,merck/syk_4puz_fullmap/CHEMBL3265012,../large_fep_dataset/data/fep_benchmark_processed/merck_syk_4puz_fullmap_CHEMBL3265012.sdf,../large_fep_dataset/data/fep_benchmark_processed/merck_syk_4puz_fullmap_protein.pdb,967,7.165212,6.9154263,7.26263,6.487438,6.936463,6.4656124,6.8097334,7.410623,7.1328816,7.4472513,7.0033274
968,merck/syk_4puz_fullmap,merck/syk_4puz_fullmap/CHEMBL3265029,../large_fep_dataset/data/fep_benchmark_processed/merck_syk_4puz_fullmap_CHEMBL3265029.sdf,../large_fep_dataset/data/fep_benchmark_processed/merck_syk_4puz_fullmap_protein.pdb,968,7.341014,7.171885,6.8708816,7.0120335,7.1967,7.6788516,6.353763,7.652486,6.8672767,6.952593,7.109748
969,merck/syk_4puz_fullmap,merck/syk_4puz_fullmap/CHEMBL3265035,../large_fep_dataset/data/fep_benchmark_processed/merck_syk_4puz_fullmap_CHEMBL3265035.sdf,../large_fep_dataset/data/fep_benchmark_processed/merck_syk_4puz_fullmap_protein.pdb,969,7.053046,6.9335914,6.879025,7.0600977,6.758005,7.5312138,7.0029984,7.3465304,7.1339455,7.0755353,7.077399
970,merck/syk_4puz_fullmap,merck/syk_4puz_fullmap/CHEMBL3265024,../large_fep_dataset/data/fep_benchmark_processed/merck_syk_4puz_fullmap_CHEMBL3265024.sdf,../large_fep_dataset/data/fep_benchmark_processed/merck_syk_4puz_fullmap_protein.pdb,970,6.8180075,7.514578,7.309541,7.0040255,7.4211974,6.9996862,7.330896,7.7457066,7.519804,7.1204414,7.278389
971,merck/syk_4puz_fullmap,merck/syk_4puz_fullmap/CHEMBL3265018,../large_fep_dataset/data/fep_benchmark_processed/merck_syk_4puz_fullmap_CHEMBL3265018.sdf,../large_fep_dataset/data/fep_benchmark_processed/merck_syk_4puz_fullmap_protein.pdb,971,7.1957936,7.4094014,7.808286,7.3620954,7.296304,7.0632124,7.0208173,8.144191,7.382693,7.583683,7.426648
972,merck/syk_4puz_fullmap,merck/syk_4puz_fullmap/CHEMBL3265008,../large_fep_dataset/data/fep_benchmark_processed/merck_syk_4puz_fullmap_CHEMBL3265008.sdf,../large_fep_dataset/data/fep_benchmark_processed/merck_syk_4puz_fullmap_protein.pdb,972,6.7325625,7.0635777,7.5473967,6.6962047,7.02519,6.380346,6.4665947,7.221609,7.0731115,7.2733226,6.9479914
973,merck/syk_4puz_fullmap,merck/syk_4puz_fullmap/CHEMBL3265016,../large_fep_dataset/data/fep_benchmark_processed/merck_syk_4puz_fullmap_CHEMBL3265016.sdf,../large_fep_dataset/data/fep_benchmark_processed/merck_syk_4puz_fullmap_protein.pdb,973,7.2557096,6.8151703,7.076615,7.4024014,6.9827533,6.912429,5.938722,7.8900933,6.68865,6.654446,6.9616995
974,merck/syk_4puz_fullmap,merck/syk_4puz_fullmap/CHEMBL3265025 flip,../large_fep_dataset/data/fep_benchmark_processed/merck_syk_4puz_fullmap_CHEMBL3265025_flip.sdf,../large_fep_dataset/data/fep_benchmark_processed/merck_syk_4puz_fullmap_protein.pdb,974,7.5488744,7.7409744,7.4945574,7.436685,7.515006,7.279576,7.3441987,7.6623917,7.42956,6.9735293,7.4425344
975,merck/syk_4puz_fullmap,merck/syk_4puz_fullmap/CHEMBL3265013,../large_fep_dataset/data/fep_benchmark_processed/merck_syk_4puz_fullmap_CHEMBL3265013.sdf,../large_fep_dataset/data/fep_benchmark_processed/merck_syk_4puz_fullmap_protein.pdb,975,7.1778383,7.0425997,7.0460424,6.6336656,6.906195,6.5203886,6.4341407,7.150912,7.289232,6.8081737,6.9009185
976,merck/syk_4puz_fullmap,merck/syk_4puz_fullmap/CHEMBL3259820,../large_fep_dataset/data/fep_benchmark_processed/merck_syk_4puz_fullmap_CHEMBL3259820.sdf,../large_fep_dataset/data/fep_benchmark_processed/merck_syk_4puz_fullmap_protein.pdb,976,6.6758413,6.664055,6.9835377,6.54536,6.955434,6.3732963,6.1525464,6.940429,7.049028,6.898863,6.723839
977,merck/syk_4puz_fullmap,merck/syk_4puz_fullmap/CHEMBL3265006,../large_fep_dataset/data/fep_benchmark_processed/merck_syk_4puz_fullmap_CHEMBL3265006.sdf,../large_fep_dataset/data/fep_benchmark_processed/merck_syk_4puz_fullmap_protein.pdb,977,6.776087,7.1286535,6.7854605,6.453283,7.236664,6.48854,6.082102,7.2178016,6.8957477,6.80774,6.7872076
978,merck/syk_4puz_fullmap,merck/syk_4puz_fullmap/CHEMBL3265030_n,../large_fep_dataset/data/fep_benchmark_processed/merck_syk_4puz_fullmap_CHEMBL3265030_n.sdf,../large_fep_dataset/data/fep_benchmark_processed/merck_syk_4puz_fullmap_protein.pdb,978,7.4510174,7.287133,7.5219245,7.5580072,6.8387566,7.3810544,7.1423917,7.351174,7.4104433,7.4875917,7.34295
979,merck/syk_4puz_fullmap,merck/syk_4puz_fullmap/CHEMBL3265022,../large_fep_dataset/data/fep_benchmark_processed/merck_syk_4puz_fullmap_CHEMBL3265022.sdf,../large_fep_dataset/data/fep_benchmark_processed/merck_syk_4puz_fullmap_protein.pdb,979,7.2522626,7.203409,7.242672,6.956082,6.931991,6.9658856,6.833031,7.8164835,7.625935,7.3868694,7.2214622
980,merck/syk_4puz_fullmap,merck/syk_4puz_fullmap/CHEMBL3265019,../large_fep_dataset/data/fep_benchmark_processed/merck_syk_4puz_fullmap_CHEMBL3265019.sdf,../large_fep_dataset/data/fep_benchmark_processed/merck_syk_4puz_fullmap_protein.pdb,980,7.27764,7.464062,7.646086,7.2987413,7.2248435,7.10784,7.1296678,7.588154,7.459675,7.559692,7.375641
981,merck/syk_4puz_fullmap,merck/syk_4puz_fullmap/CHEMBL3265009,../large_fep_dataset/data/fep_benchmark_processed/merck_syk_4puz_fullmap_CHEMBL3265009.sdf,../large_fep_dataset/data/fep_benchmark_processed/merck_syk_4puz_fullmap_protein.pdb,981,6.906804,7.2954307,6.8604736,6.2365017,6.750761,6.7290025,6.2779055,7.0619483,7.3320584,6.860191,6.831107
982,merck/syk_4puz_fullmap,merck/syk_4puz_fullmap/CHEMBL3265021,../large_fep_dataset/data/fep_benchmark_processed/merck_syk_4puz_fullmap_CHEMBL3265021.sdf,../large_fep_dataset/data/fep_benchmark_processed/merck_syk_4puz_fullmap_protein.pdb,982,7.1189637,7.3468738,7.5634856,7.3963833,7.4390464,7.20906,6.801324,8.146174,7.5650473,7.119048,7.3705406
983,merck/syk_4puz_fullmap,merck/syk_4puz_fullmap/CHEMBL3265005,../large_fep_dataset/data/fep_benchmark_processed/merck_syk_4puz_fullmap_CHEMBL3265005.sdf,../large_fep_dataset/data/fep_benchmark_processed/merck_syk_4puz_fullmap_protein.pdb,983,6.731611,7.060337,7.0677385,6.748874,7.0054917,6.343305,6.3844533,7.449605,7.2452326,6.794579,6.883123
984,merck/syk_4puz_fullmap,merck/syk_4puz_fullmap/CHEMBL3265017,../large_fep_dataset/data/fep_benchmark_processed/merck_syk_4puz_fullmap_CHEMBL3265017.sdf,../large_fep_dataset/data/fep_benchmark_processed/merck_syk_4puz_fullmap_protein.pdb,984,7.171896,7.2917514,7.449819,7.393262,7.3673806,7.08257,6.8419867,8.115508,7.3914003,7.1964393,7.3302016
985,merck/syk_4puz_fullmap,merck/syk_4puz_fullmap/CHEMBL3265010,../large_fep_dataset/data/fep_benchmark_processed/merck_syk_4puz_fullmap_CHEMBL3265010.sdf,../large_fep_dataset/data/fep_benchmark_processed/merck_syk_4puz_fullmap_protein.pdb,985,7.1734543,6.9738235,7.199442,6.472731,6.9499655,6.686098,6.7934327,7.594256,6.9709854,6.9000387,6.9714227
986,merck/syk_4puz_fullmap,merck/syk_4puz_fullmap/CHEMBL3265034,../large_fep_dataset/data/fep_benchmark_processed/merck_syk_4puz_fullmap_CHEMBL3265034.sdf,../large_fep_dataset/data/fep_benchmark_processed/merck_syk_4puz_fullmap_protein.pdb,986,7.424088,7.903946,7.1885,7.631673,7.3593326,7.2884164,7.278034,7.428726,7.2618833,7.812728,7.457733
987,merck/syk_4puz_fullmap,merck/syk_4puz_fullmap/CHEMBL3265011 flip,../large_fep_dataset/data/fep_benchmark_processed/merck_syk_4puz_fullmap_CHEMBL3265011_flip.sdf,../large_fep_dataset/data/fep_benchmark_processed/merck_syk_4puz_fullmap_protein.pdb,987,7.191581,7.522164,7.729184,6.3704114,7.0931273,6.670097,6.702081,7.136077,7.6414623,6.510264,7.0566444
988,merck/syk_4puz_fullmap,merck/syk_4puz_fullmap/CHEMBL3265015 flip,../large_fep_dataset/data/fep_benchmark_processed/merck_syk_4puz_fullmap_CHEMBL3265015_flip.sdf,../large_fep_dataset/data/fep_benchmark_processed/merck_syk_4puz_fullmap_protein.pdb,988,6.988923,6.6836085,7.2676177,6.2683277,7.104474,6.2814426,6.2084355,7.12548,6.936584,6.5482526,6.741315
989,merck/syk_4puz_fullmap,merck/syk_4puz_fullmap/CHEMBL3265002,../large_fep_dataset/data/fep_benchmark_processed/merck_syk_4puz_fullmap_CHEMBL3265002.sdf,../large_fep_dataset/data/fep_benchmark_processed/merck_syk_4puz_fullmap_protein.pdb,989,7.3592353,7.314262,7.9658713,7.342181,7.925474,6.809406,7.0468874,7.74059,6.6669526,7.04231,7.3213167
990,merck/syk_4puz_fullmap,merck/syk_4puz_fullmap/docked CHEMBL3264998,../large_fep_dataset/data/fep_benchmark_processed/merck_syk_4puz_fullmap_docked_CHEMBL3264998.sdf,../large_fep_dataset/data/fep_benchmark_processed/merck_syk_4puz_fullmap_protein.pdb,990,7.394972,7.3548527,7.6668515,7.1996374,7.5562634,7.0840626,7.6660542,7.216526,7.204845,7.123963,7.3468027
991,merck/syk_4puz_fullmap,merck/syk_4puz_fullmap/CHEMBL3264997,../large_fep_dataset/data/fep_benchmark_processed/merck_syk_4puz_fullmap_CHEMBL3264997.sdf,../large_fep_dataset/data/fep_benchmark_processed/merck_syk_4puz_fullmap_protein.pdb,991,7.578814,7.596937,8.102962,8.135461,7.652509,7.257518,7.402868,7.3358064,7.5417814,7.4254103,7.603006
992,merck/syk_4puz_fullmap,merck/syk_4puz_fullmap/docked CHEMBL3264994,../large_fep_dataset/data/fep_benchmark_processed/merck_syk_4puz_fullmap_docked_CHEMBL3264994.sdf,../large_fep_dataset/data/fep_benchmark_processed/merck_syk_4puz_fullmap_protein.pdb,992,6.63758,7.731773,6.633741,7.3988004,6.9240685,7.2718477,6.6503515,7.0419655,6.8794646,7.136299,7.030589
993,merck/syk_4puz_fullmap,merck/syk_4puz_fullmap/CHEMBL3264995,../large_fep_dataset/data/fep_benchmark_processed/merck_syk_4puz_fullmap_CHEMBL3264995.sdf,../large_fep_dataset/data/fep_benchmark_processed/merck_syk_4puz_fullmap_protein.pdb,993,7.7348375,7.597224,8.591716,8.376539,8.047885,7.6803384,8.1019535,7.671898,7.3356094,7.5416417,7.8679643
994,merck/syk_4puz_fullmap,merck/syk_4puz_fullmap/docked CHEMBL3265004,../large_fep_dataset/data/fep_benchmark_processed/merck_syk_4puz_fullmap_docked_CHEMBL3265004.sdf,../large_fep_dataset/data/fep_benchmark_processed/merck_syk_4puz_fullmap_protein.pdb,994,7.887384,7.3939877,8.310258,7.2835298,7.8801417,7.4622045,7.9667544,7.8744845,8.031548,7.2855306,7.7375817
995,merck/syk_4puz_fullmap,merck/syk_4puz_fullmap/CHEMBL3265001,../large_fep_dataset/data/fep_benchmark_processed/merck_syk_4puz_fullmap_CHEMBL3265001.sdf,../large_fep_dataset/data/fep_benchmark_processed/merck_syk_4puz_fullmap_protein.pdb,995,8.165885,7.4355736,8.222497,7.6020236,7.652865,7.5684147,7.946853,7.7141266,7.704382,6.95461,7.696724
996,merck/syk_4puz_fullmap,merck/syk_4puz_fullmap/CHEMBL3264996,../large_fep_dataset/data/fep_benchmark_processed/merck_syk_4puz_fullmap_CHEMBL3264996.sdf,../large_fep_dataset/data/fep_benchmark_processed/merck_syk_4puz_fullmap_protein.pdb,996,7.2779756,7.0621023,8.079364,7.084499,7.28515,6.4694977,6.584153,6.8758597,6.7291403,6.7911634,7.02389
997,merck/syk_4puz_fullmap,merck/syk_4puz_fullmap/docked CHEMBL3264999 adjust,../large_fep_dataset/data/fep_benchmark_processed/merck_syk_4puz_fullmap_docked_CHEMBL3264999_adjust.sdf,../large_fep_dataset/data/fep_benchmark_processed/merck_syk_4puz_fullmap_protein.pdb,997,8.008588,7.518253,8.271864,7.2781286,7.59116,7.0650654,7.3384924,7.751456,7.7346945,7.3180337,7.587573
998,merck/syk_4puz_fullmap,merck/syk_4puz_fullmap/redocked CHEMBL3265000 ground state,../large_fep_dataset/data/fep_benchmark_processed/merck_syk_4puz_fullmap_redocked_CHEMBL3265000_ground_state.sdf,../large_fep_dataset/data/fep_benchmark_processed/merck_syk_4puz_fullmap_protein.pdb,998,7.8260365,7.7669907,8.208506,6.6488013,7.522405,6.779483,7.225929,7.069032,8.014521,6.7984004,7.3860106
999,merck/syk_4puz_fullmap,merck/syk_4puz_fullmap/redocked CHEMBL3265000,../large_fep_dataset/data/fep_benchmark_processed/merck_syk_4puz_fullmap_redocked_CHEMBL3265000.sdf,../large_fep_dataset/data/fep_benchmark_processed/merck_syk_4puz_fullmap_protein.pdb,999,7.823266,7.582858,8.063949,6.7820964,7.6390395,6.927344,6.99341,7.115523,7.7618804,6.620684,7.331005
1000,merck/syk_4puz_fullmap,merck/syk_4puz_fullmap/CHEMBL3265003 tautomer 1,../large_fep_dataset/data/fep_benchmark_processed/merck_syk_4puz_fullmap_CHEMBL3265003_tautomer_1.sdf,../large_fep_dataset/data/fep_benchmark_processed/merck_syk_4puz_fullmap_protein.pdb,1000,7.586541,7.1217823,8.3430605,7.2328606,7.902882,7.1587663,7.3038774,7.6384716,7.271626,6.883557,7.4443436
1001,merck/syk_4puz_fullmap,merck/syk_4puz_fullmap/CHEMBL3265003 tautomer 2,../large_fep_dataset/data/fep_benchmark_processed/merck_syk_4puz_fullmap_CHEMBL3265003_tautomer_2.sdf,../large_fep_dataset/data/fep_benchmark_processed/merck_syk_4puz_fullmap_protein.pdb,1001,7.575116,7.406568,8.273238,7.494029,7.9372716,7.144709,7.500388,7.5834312,7.1599665,7.1298413,7.520457
1002,merck/hif2a_automap,merck/hif2a_automap/338,../large_fep_dataset/data/fep_benchmark_processed/merck_hif2a_automap_338.sdf,../large_fep_dataset/data/fep_benchmark_processed/merck_hif2a_automap_protein.pdb,1002,8.27616,7.9846745,7.8534064,7.833135,7.709532,7.7746263,7.725355,8.258782,7.863613,7.7925854,7.907187
1003,merck/hif2a_automap,merck/hif2a_automap/43,../large_fep_dataset/data/fep_benchmark_processed/merck_hif2a_automap_43.sdf,../large_fep_dataset/data/fep_benchmark_processed/merck_hif2a_automap_protein.pdb,1003,7.1052303,7.2236276,6.2329073,7.1799607,6.7506905,6.9408937,7.1716557,7.732528,7.7369666,6.510956,7.058542
1004,merck/hif2a_automap,merck/hif2a_automap/235,../large_fep_dataset/data/fep_benchmark_processed/merck_hif2a_automap_235.sdf,../large_fep_dataset/data/fep_benchmark_processed/merck_hif2a_automap_protein.pdb,1004,7.5908136,8.0280695,8.158211,7.4610434,7.42731,7.6199055,7.484138,7.718248,7.5891156,8.180384,7.725724
1005,merck/hif2a_automap,merck/hif2a_automap/234,../large_fep_dataset/data/fep_benchmark_processed/merck_hif2a_automap_234.sdf,../large_fep_dataset/data/fep_benchmark_processed/merck_hif2a_automap_protein.pdb,1005,7.755142,7.640134,7.975475,8.032861,7.835707,7.194129,7.847271,8.236431,7.957518,7.405541,7.788021
1006,merck/hif2a_automap,merck/hif2a_automap/30,../large_fep_dataset/data/fep_benchmark_processed/merck_hif2a_automap_30.sdf,../large_fep_dataset/data/fep_benchmark_processed/merck_hif2a_automap_protein.pdb,1006,7.652416,7.203841,7.2199817,7.2460427,6.781527,6.899483,7.1904845,7.7828155,7.565627,7.1898637,7.2732077
1007,merck/hif2a_automap,merck/hif2a_automap/1,../large_fep_dataset/data/fep_benchmark_processed/merck_hif2a_automap_1.sdf,../large_fep_dataset/data/fep_benchmark_processed/merck_hif2a_automap_protein.pdb,1007,7.6298084,8.097547,7.3594155,7.53142,7.4408636,7.043477,7.967042,7.472245,7.9298916,7.2311316,7.5702844
1008,merck/hif2a_automap,merck/hif2a_automap/237,../large_fep_dataset/data/fep_benchmark_processed/merck_hif2a_automap_237.sdf,../large_fep_dataset/data/fep_benchmark_processed/merck_hif2a_automap_protein.pdb,1008,7.6472683,7.560865,7.6319394,7.5929313,7.4485703,7.394088,7.7474165,7.794825,8.012008,7.457107,7.6287026
1009,merck/hif2a_automap,merck/hif2a_automap/227,../large_fep_dataset/data/fep_benchmark_processed/merck_hif2a_automap_227.sdf,../large_fep_dataset/data/fep_benchmark_processed/merck_hif2a_automap_protein.pdb,1009,7.5943084,7.87061,7.6190295,7.6172676,7.897044,7.291025,7.854461,7.873457,7.625,7.50901,7.6751213
1010,merck/hif2a_automap,merck/hif2a_automap/266,../large_fep_dataset/data/fep_benchmark_processed/merck_hif2a_automap_266.sdf,../large_fep_dataset/data/fep_benchmark_processed/merck_hif2a_automap_protein.pdb,1010,8.158384,7.332894,7.7869477,7.5217657,7.3427625,7.75244,7.176136,7.200403,7.7832227,7.506605,7.556157
1011,merck/hif2a_automap,merck/hif2a_automap/206,../large_fep_dataset/data/fep_benchmark_processed/merck_hif2a_automap_206.sdf,../large_fep_dataset/data/fep_benchmark_processed/merck_hif2a_automap_protein.pdb,1011,7.9166527,7.2249665,7.684063,7.7342243,7.6626563,7.0968766,8.0251875,7.759024,7.8419147,7.6905403,7.663611
1012,merck/hif2a_automap,merck/hif2a_automap/67,../large_fep_dataset/data/fep_benchmark_processed/merck_hif2a_automap_67.sdf,../large_fep_dataset/data/fep_benchmark_processed/merck_hif2a_automap_protein.pdb,1012,7.248632,7.082335,7.0148225,7.118769,6.345749,6.8982167,7.569321,7.9613204,6.9108367,7.889463,7.2039466
1013,merck/hif2a_automap,merck/hif2a_automap/156,../large_fep_dataset/data/fep_benchmark_processed/merck_hif2a_automap_156.sdf,../large_fep_dataset/data/fep_benchmark_processed/merck_hif2a_automap_protein.pdb,1013,6.9587703,7.1220765,6.897951,7.4604564,6.981455,6.7293553,7.574953,7.296613,7.005013,6.635556,7.0662203
1014,merck/hif2a_automap,merck/hif2a_automap/31,../large_fep_dataset/data/fep_benchmark_processed/merck_hif2a_automap_31.sdf,../large_fep_dataset/data/fep_benchmark_processed/merck_hif2a_automap_protein.pdb,1014,6.971005,6.6700706,6.73394,7.058941,6.7397227,6.3844233,6.4821506,6.971398,7.350059,6.765087,6.8126802
1015,merck/hif2a_automap,merck/hif2a_automap/289,../large_fep_dataset/data/fep_benchmark_processed/merck_hif2a_automap_289.sdf,../large_fep_dataset/data/fep_benchmark_processed/merck_hif2a_automap_protein.pdb,1015,7.496237,7.091327,7.324848,7.095414,7.23199,7.5138974,7.419888,6.5846786,7.2594028,6.8762918,7.1893973
1016,merck/hif2a_automap,merck/hif2a_automap/61,../large_fep_dataset/data/fep_benchmark_processed/merck_hif2a_automap_61.sdf,../large_fep_dataset/data/fep_benchmark_processed/merck_hif2a_automap_protein.pdb,1016,7.599053,7.8369074,6.8945556,6.4400263,7.112817,6.618945,7.2684803,7.2355695,7.5373745,6.807433,7.1351156
1017,merck/hif2a_automap,merck/hif2a_automap/167,../large_fep_dataset/data/fep_benchmark_processed/merck_hif2a_automap_167.sdf,../large_fep_dataset/data/fep_benchmark_processed/merck_hif2a_automap_protein.pdb,1017,7.707584,7.4555054,7.989737,7.8529954,7.957789,7.6636343,7.667972,7.9685626,8.041307,7.7375984,7.8042693
1018,merck/hif2a_automap,merck/hif2a_automap/165,../large_fep_dataset/data/fep_benchmark_processed/merck_hif2a_automap_165.sdf,../large_fep_dataset/data/fep_benchmark_processed/merck_hif2a_automap_protein.pdb,1018,7.7173786,7.4174123,7.5983763,7.464781,7.389985,6.981191,8.041301,7.5982804,7.476124,7.4445715,7.5129404
1019,merck/hif2a_automap,merck/hif2a_automap/41,../large_fep_dataset/data/fep_benchmark_processed/merck_hif2a_automap_41.sdf,../large_fep_dataset/data/fep_benchmark_processed/merck_hif2a_automap_protein.pdb,1019,7.396329,7.8987594,7.0503263,6.836745,7.128,7.074046,7.5295734,7.644978,7.5609703,6.828395,7.294812
1020,merck/hif2a_automap,merck/hif2a_automap/7b,../large_fep_dataset/data/fep_benchmark_processed/merck_hif2a_automap_7b.sdf,../large_fep_dataset/data/fep_benchmark_processed/merck_hif2a_automap_protein.pdb,1020,7.602821,7.8188643,7.2422776,6.8506308,7.5311513,6.3418055,7.3912735,7.4135175,7.418293,6.590808,7.220144
1021,merck/hif2a_automap,merck/hif2a_automap/54,../large_fep_dataset/data/fep_benchmark_processed/merck_hif2a_automap_54.sdf,../large_fep_dataset/data/fep_benchmark_processed/merck_hif2a_automap_protein.pdb,1021,6.851659,6.9923577,6.348408,6.3232737,6.7497606,6.5285854,7.270217,6.6782084,6.836754,6.3393383,6.6918564
1022,merck/hif2a_automap,merck/hif2a_automap/215,../large_fep_dataset/data/fep_benchmark_processed/merck_hif2a_automap_215.sdf,../large_fep_dataset/data/fep_benchmark_processed/merck_hif2a_automap_protein.pdb,1022,7.5486293,7.825618,7.715899,7.7911525,7.874763,7.2094774,7.8364515,7.5420356,7.834798,8.163492,7.7342315
1023,merck/hif2a_automap,merck/hif2a_automap/57,../large_fep_dataset/data/fep_benchmark_processed/merck_hif2a_automap_57.sdf,../large_fep_dataset/data/fep_benchmark_processed/merck_hif2a_automap_protein.pdb,1023,8.044886,7.566286,7.617322,7.8979325,7.8784885,7.4713945,7.663812,8.223747,7.631412,7.309381,7.730466
1024,merck/hif2a_automap,merck/hif2a_automap/42,../large_fep_dataset/data/fep_benchmark_processed/merck_hif2a_automap_42.sdf,../large_fep_dataset/data/fep_benchmark_processed/merck_hif2a_automap_protein.pdb,1024,7.1567297,7.5226135,6.8960853,7.356684,7.0060987,7.475232,7.4285035,8.15512,8.127681,6.947006,7.4071755
1025,merck/hif2a_automap,merck/hif2a_automap/252,../large_fep_dataset/data/fep_benchmark_processed/merck_hif2a_automap_252.sdf,../large_fep_dataset/data/fep_benchmark_processed/merck_hif2a_automap_protein.pdb,1025,8.100706,7.6061673,7.7485495,7.8891535,7.5302515,7.37605,7.902548,8.017231,7.8583765,7.53822,7.7567253
1026,merck/hif2a_automap,merck/hif2a_automap/336,../large_fep_dataset/data/fep_benchmark_processed/merck_hif2a_automap_336.sdf,../large_fep_dataset/data/fep_benchmark_processed/merck_hif2a_automap_protein.pdb,1026,7.5904202,7.3483586,6.981501,7.531565,7.043323,7.6317687,7.3893766,6.860151,7.72963,7.172702,7.3278794
1027,merck/hif2a_automap,merck/hif2a_automap/290,../large_fep_dataset/data/fep_benchmark_processed/merck_hif2a_automap_290.sdf,../large_fep_dataset/data/fep_benchmark_processed/merck_hif2a_automap_protein.pdb,1027,8.244907,7.984592,7.8767,7.8924103,7.910854,7.4240217,7.931984,7.9878106,7.7826395,8.1684885,7.9204407
1028,merck/hif2a_automap,merck/hif2a_automap/155,../large_fep_dataset/data/fep_benchmark_processed/merck_hif2a_automap_155.sdf,../large_fep_dataset/data/fep_benchmark_processed/merck_hif2a_automap_protein.pdb,1028,7.4395123,7.330469,7.2625356,7.647284,7.496775,7.2531104,7.70943,7.695566,7.55945,7.1961126,7.459024
1029,merck/hif2a_automap,merck/hif2a_automap/164,../large_fep_dataset/data/fep_benchmark_processed/merck_hif2a_automap_164.sdf,../large_fep_dataset/data/fep_benchmark_processed/merck_hif2a_automap_protein.pdb,1029,7.4426823,7.3632855,7.243578,7.174121,7.1422668,6.6403136,7.995183,7.1241183,7.5334454,7.1570315,7.281602
1030,merck/hif2a_automap,merck/hif2a_automap/7a,../large_fep_dataset/data/fep_benchmark_processed/merck_hif2a_automap_7a.sdf,../large_fep_dataset/data/fep_benchmark_processed/merck_hif2a_automap_protein.pdb,1030,7.4435415,7.996277,7.0988874,7.154355,7.3228993,6.5080533,7.621301,7.5289693,7.5461745,6.8634005,7.3083863
1031,merck/hif2a_automap,merck/hif2a_automap/224,../large_fep_dataset/data/fep_benchmark_processed/merck_hif2a_automap_224.sdf,../large_fep_dataset/data/fep_benchmark_processed/merck_hif2a_automap_protein.pdb,1031,7.6954556,6.95607,7.725896,7.165389,6.807088,7.657878,6.312116,7.9079366,7.5549493,7.56014,7.334292
1032,merck/hif2a_automap,merck/hif2a_automap/84,../large_fep_dataset/data/fep_benchmark_processed/merck_hif2a_automap_84.sdf,../large_fep_dataset/data/fep_benchmark_processed/merck_hif2a_automap_protein.pdb,1032,7.568323,7.630781,7.0841093,6.6783066,7.066795,7.101094,7.461048,6.964268,7.555144,6.69584,7.180571
1033,merck/hif2a_automap,merck/hif2a_automap/254,../large_fep_dataset/data/fep_benchmark_processed/merck_hif2a_automap_254.sdf,../large_fep_dataset/data/fep_benchmark_processed/merck_hif2a_automap_protein.pdb,1033,8.1835165,7.3897724,7.8361416,7.8598785,7.599702,6.8837695,7.9357986,7.9894214,7.542198,7.6173525,7.6837554
1034,merck/hif2a_automap,merck/hif2a_automap/23,../large_fep_dataset/data/fep_benchmark_processed/merck_hif2a_automap_23.sdf,../large_fep_dataset/data/fep_benchmark_processed/merck_hif2a_automap_protein.pdb,1034,7.610905,7.2643247,6.9645796,6.315538,6.9820876,6.5108027,7.8155594,6.9505215,6.9690905,6.695981,7.0079393
1035,merck/hif2a_automap,merck/hif2a_automap/251,../large_fep_dataset/data/fep_benchmark_processed/merck_hif2a_automap_251.sdf,../large_fep_dataset/data/fep_benchmark_processed/merck_hif2a_automap_protein.pdb,1035,8.0103655,6.9922533,7.491695,7.2036448,6.8402753,6.6909513,8.173558,7.9150524,7.3377066,7.5886507,7.4244156
1036,merck/hif2a_automap,merck/hif2a_automap/256,../large_fep_dataset/data/fep_benchmark_processed/merck_hif2a_automap_256.sdf,../large_fep_dataset/data/fep_benchmark_processed/merck_hif2a_automap_protein.pdb,1036,7.857179,7.4252005,7.3524623,7.079276,6.9412775,7.29126,8.011143,7.90582,7.6377926,7.2412643,7.4742675
1037,merck/hif2a_automap,merck/hif2a_automap/50,../large_fep_dataset/data/fep_benchmark_processed/merck_hif2a_automap_50.sdf,../large_fep_dataset/data/fep_benchmark_processed/merck_hif2a_automap_protein.pdb,1037,7.192003,6.89171,6.694995,7.3537025,6.925726,6.4402757,6.593691,6.784071,6.980169,7.009256,6.88656
1038,merck/hif2a_automap,merck/hif2a_automap/231,../large_fep_dataset/data/fep_benchmark_processed/merck_hif2a_automap_231.sdf,../large_fep_dataset/data/fep_benchmark_processed/merck_hif2a_automap_protein.pdb,1038,7.3680453,6.8246775,6.888882,7.3696017,7.0192466,7.177732,7.602447,7.0989237,6.9967093,6.8281894,7.1174445
1039,merck/hif2a_automap,merck/hif2a_automap/15,../large_fep_dataset/data/fep_benchmark_processed/merck_hif2a_automap_15.sdf,../large_fep_dataset/data/fep_benchmark_processed/merck_hif2a_automap_protein.pdb,1039,7.9401736,7.846904,7.9531407,7.927042,7.91507,7.770364,8.064384,8.27698,8.0211735,8.10744,7.982267
1040,merck/hif2a_automap,merck/hif2a_automap/124,../large_fep_dataset/data/fep_benchmark_processed/merck_hif2a_automap_124.sdf,../large_fep_dataset/data/fep_benchmark_processed/merck_hif2a_automap_protein.pdb,1040,7.396458,7.3131185,7.2461658,7.0205874,7.468647,7.2504053,7.1571407,6.90013,7.0115404,6.8489814,7.1613183
1041,merck/hif2a_automap,merck/hif2a_automap/25,../large_fep_dataset/data/fep_benchmark_processed/merck_hif2a_automap_25.sdf,../large_fep_dataset/data/fep_benchmark_processed/merck_hif2a_automap_protein.pdb,1041,7.5510387,7.563425,7.3110375,7.7831416,7.3603168,7.2721834,7.18751,7.318875,7.553148,7.736653,7.4637327
1042,merck/hif2a_automap,merck/hif2a_automap/163,../large_fep_dataset/data/fep_benchmark_processed/merck_hif2a_automap_163.sdf,../large_fep_dataset/data/fep_benchmark_processed/merck_hif2a_automap_protein.pdb,1042,7.7489877,7.3651896,7.6498675,7.7822757,7.544117,7.4498916,8.118722,7.9313345,7.806899,7.556936,7.695422
1043,merck/tnks2_fullmap,merck/tnks2_fullmap/1a,../large_fep_dataset/data/fep_benchmark_processed/merck_tnks2_fullmap_1a.sdf,../large_fep_dataset/data/fep_benchmark_processed/merck_tnks2_fullmap_protein.pdb,1043,6.4439945,6.089878,6.44414,6.399738,6.364931,6.1426806,6.2544417,6.7308574,6.0287094,6.147909,6.304728
1044,merck/tnks2_fullmap,merck/tnks2_fullmap/1b,../large_fep_dataset/data/fep_benchmark_processed/merck_tnks2_fullmap_1b.sdf,../large_fep_dataset/data/fep_benchmark_processed/merck_tnks2_fullmap_protein.pdb,1044,7.0561056,6.869964,7.058217,7.0152574,6.969476,6.3997726,7.05258,7.377286,6.9901443,6.745579,6.953438
1045,merck/tnks2_fullmap,merck/tnks2_fullmap/3a,../large_fep_dataset/data/fep_benchmark_processed/merck_tnks2_fullmap_3a.sdf,../large_fep_dataset/data/fep_benchmark_processed/merck_tnks2_fullmap_protein.pdb,1045,6.3991046,7.0272827,7.286245,6.692979,6.776631,7.743368,7.2103515,7.041747,6.31925,7.2276964,6.9724665
1046,merck/tnks2_fullmap,merck/tnks2_fullmap/3b,../large_fep_dataset/data/fep_benchmark_processed/merck_tnks2_fullmap_3b.sdf,../large_fep_dataset/data/fep_benchmark_processed/merck_tnks2_fullmap_protein.pdb,1046,6.9737124,6.6049237,7.6112833,6.7284365,6.4688983,7.191173,6.928384,7.4943023,6.7530894,7.4094787,7.016368
1047,merck/tnks2_fullmap,merck/tnks2_fullmap/5f,../large_fep_dataset/data/fep_benchmark_processed/merck_tnks2_fullmap_5f.sdf,../large_fep_dataset/data/fep_benchmark_processed/merck_tnks2_fullmap_protein.pdb,1047,7.6452894,6.8697114,7.780378,7.4711013,7.189893,7.963481,7.8305616,7.397018,7.273448,7.833858,7.5254736
1048,merck/tnks2_fullmap,merck/tnks2_fullmap/5l,../large_fep_dataset/data/fep_benchmark_processed/merck_tnks2_fullmap_5l.sdf,../large_fep_dataset/data/fep_benchmark_processed/merck_tnks2_fullmap_protein.pdb,1048,7.6334305,6.9830327,7.8674493,7.44957,7.232158,7.750271,7.9216213,7.129183,7.4449067,8.051576,7.5463195
1049,merck/tnks2_fullmap,merck/tnks2_fullmap/5g,../large_fep_dataset/data/fep_benchmark_processed/merck_tnks2_fullmap_5g.sdf,../large_fep_dataset/data/fep_benchmark_processed/merck_tnks2_fullmap_protein.pdb,1049,7.1991444,6.883149,7.3317165,7.060022,7.43666,7.6212044,7.762348,7.282192,7.193615,7.4634027,7.323345
1050,merck/tnks2_fullmap,merck/tnks2_fullmap/5e,../large_fep_dataset/data/fep_benchmark_processed/merck_tnks2_fullmap_5e.sdf,../large_fep_dataset/data/fep_benchmark_processed/merck_tnks2_fullmap_protein.pdb,1050,7.135432,6.378791,7.592805,6.5455203,6.824558,6.793684,7.2570796,6.87395,6.968723,7.0514174,6.942196
1051,merck/tnks2_fullmap,merck/tnks2_fullmap/5i,../large_fep_dataset/data/fep_benchmark_processed/merck_tnks2_fullmap_5i.sdf,../large_fep_dataset/data/fep_benchmark_processed/merck_tnks2_fullmap_protein.pdb,1051,7.5618215,7.7309923,7.8156676,7.724476,8.041486,7.5183687,7.9927154,7.4899464,7.522285,7.4507794,7.684854
1052,merck/tnks2_fullmap,merck/tnks2_fullmap/5b,../large_fep_dataset/data/fep_benchmark_processed/merck_tnks2_fullmap_5b.sdf,../large_fep_dataset/data/fep_benchmark_processed/merck_tnks2_fullmap_protein.pdb,1052,7.1019735,6.917562,7.2311945,7.0738654,7.426653,7.3822217,7.7220488,7.092723,7.3127093,7.695666,7.295661
1053,merck/tnks2_fullmap,merck/tnks2_fullmap/5h,../large_fep_dataset/data/fep_benchmark_processed/merck_tnks2_fullmap_5h.sdf,../large_fep_dataset/data/fep_benchmark_processed/merck_tnks2_fullmap_protein.pdb,1053,6.729839,6.6636686,7.4200463,6.7661576,7.2322855,7.1842985,7.3886824,6.992811,6.912504,7.2350183,7.0525312
1054,merck/tnks2_fullmap,merck/tnks2_fullmap/5a,../large_fep_dataset/data/fep_benchmark_processed/merck_tnks2_fullmap_5a.sdf,../large_fep_dataset/data/fep_benchmark_processed/merck_tnks2_fullmap_protein.pdb,1054,6.891739,6.970462,7.071289,6.664151,7.1495523,7.3465586,7.463985,7.212252,6.9278417,7.1356263,7.083346
1055,merck/tnks2_fullmap,merck/tnks2_fullmap/5k,../large_fep_dataset/data/fep_benchmark_processed/merck_tnks2_fullmap_5k.sdf,../large_fep_dataset/data/fep_benchmark_processed/merck_tnks2_fullmap_protein.pdb,1055,7.579281,6.9124365,8.057949,7.2371216,7.2041764,7.328818,7.837496,7.4476995,7.1892633,7.8972507,7.469149
1056,merck/tnks2_fullmap,merck/tnks2_fullmap/5p,../large_fep_dataset/data/fep_benchmark_processed/merck_tnks2_fullmap_5p.sdf,../large_fep_dataset/data/fep_benchmark_processed/merck_tnks2_fullmap_protein.pdb,1056,7.1077785,6.463538,7.144101,6.642924,7.1579494,6.9278135,7.7087636,7.385808,6.764543,7.3719993,7.0675216
1057,merck/tnks2_fullmap,merck/tnks2_fullmap/5j,../large_fep_dataset/data/fep_benchmark_processed/merck_tnks2_fullmap_5j.sdf,../large_fep_dataset/data/fep_benchmark_processed/merck_tnks2_fullmap_protein.pdb,1057,7.538506,7.0510283,7.392889,7.4890094,7.0942717,7.599602,7.440545,7.0829043,7.2274356,7.7141776,7.363037
1058,merck/tnks2_fullmap,merck/tnks2_fullmap/5d,../large_fep_dataset/data/fep_benchmark_processed/merck_tnks2_fullmap_5d.sdf,../large_fep_dataset/data/fep_benchmark_processed/merck_tnks2_fullmap_protein.pdb,1058,7.3554354,6.6890244,7.411519,6.8437715,6.9570756,6.91791,7.5324144,6.8848257,7.060512,7.602393,7.1254883
1059,merck/tnks2_fullmap,merck/tnks2_fullmap/5m,../large_fep_dataset/data/fep_benchmark_processed/merck_tnks2_fullmap_5m.sdf,../large_fep_dataset/data/fep_benchmark_processed/merck_tnks2_fullmap_protein.pdb,1059,7.439994,7.2987456,7.8034,7.6938763,7.7248044,7.622781,7.870218,7.3717175,7.736346,7.9833546,7.654523
1060,merck/tnks2_fullmap,merck/tnks2_fullmap/5n,../large_fep_dataset/data/fep_benchmark_processed/merck_tnks2_fullmap_5n.sdf,../large_fep_dataset/data/fep_benchmark_processed/merck_tnks2_fullmap_protein.pdb,1060,7.211625,6.5715485,7.0624843,6.619612,7.008578,7.1549053,7.72037,7.4915752,6.7797346,7.6232944,7.124373
1061,merck/tnks2_fullmap,merck/tnks2_fullmap/5c,../large_fep_dataset/data/fep_benchmark_processed/merck_tnks2_fullmap_5c.sdf,../large_fep_dataset/data/fep_benchmark_processed/merck_tnks2_fullmap_protein.pdb,1061,7.2888985,6.6026435,7.415582,6.536148,7.1119223,7.069476,7.364154,7.134755,7.060524,7.4575667,7.104167
1062,merck/tnks2_fullmap,merck/tnks2_fullmap/7,../large_fep_dataset/data/fep_benchmark_processed/merck_tnks2_fullmap_7.sdf,../large_fep_dataset/data/fep_benchmark_processed/merck_tnks2_fullmap_protein.pdb,1062,6.738579,6.414587,7.6032796,7.0533648,6.273752,6.7661905,7.416955,7.039,6.592965,7.534436,6.943311
1063,merck/tnks2_fullmap,merck/tnks2_fullmap/8a neutral,../large_fep_dataset/data/fep_benchmark_processed/merck_tnks2_fullmap_8a_neutral.sdf,../large_fep_dataset/data/fep_benchmark_processed/merck_tnks2_fullmap_protein.pdb,1063,7.7730227,7.293672,7.523017,7.4032106,6.6211677,7.629844,7.1852236,7.634286,6.993432,7.7454815,7.380235
1064,merck/tnks2_fullmap,merck/tnks2_fullmap/8b neutral,../large_fep_dataset/data/fep_benchmark_processed/merck_tnks2_fullmap_8b_neutral.sdf,../large_fep_dataset/data/fep_benchmark_processed/merck_tnks2_fullmap_protein.pdb,1064,7.4973555,7.680606,7.828274,7.6799355,7.466985,8.071193,7.869295,7.5785666,7.200223,8.065936,7.693837
1065,merck/tnks2_fullmap,merck/tnks2_fullmap/8c adjust,../large_fep_dataset/data/fep_benchmark_processed/merck_tnks2_fullmap_8c_adjust.sdf,../large_fep_dataset/data/fep_benchmark_processed/merck_tnks2_fullmap_protein.pdb,1065,7.816202,7.6080437,8.019355,7.406174,7.2490387,8.325648,7.6709127,8.0609255,7.239268,7.876974,7.7272544
1066,merck/tnks2_fullmap,merck/tnks2_fullmap/8d,../large_fep_dataset/data/fep_benchmark_processed/merck_tnks2_fullmap_8d.sdf,../large_fep_dataset/data/fep_benchmark_processed/merck_tnks2_fullmap_protein.pdb,1066,7.798253,7.455106,7.6644154,7.656643,7.306907,8.12455,8.163606,7.8871655,7.6595907,8.153708,7.786994
1067,merck/tnks2_fullmap,merck/tnks2_fullmap/8e adjust neutral,../large_fep_dataset/data/fep_benchmark_processed/merck_tnks2_fullmap_8e_adjust_neutral.sdf,../large_fep_dataset/data/fep_benchmark_processed/merck_tnks2_fullmap_protein.pdb,1067,7.925299,7.606295,8.250242,7.9774084,7.1232114,8.149049,7.783785,7.6819067,7.3518896,7.8312764,7.768037
1068,merck/tnks2_fullmap,merck/tnks2_fullmap/8f neutral,../large_fep_dataset/data/fep_benchmark_processed/merck_tnks2_fullmap_8f_neutral.sdf,../large_fep_dataset/data/fep_benchmark_processed/merck_tnks2_fullmap_protein.pdb,1068,7.9279213,7.71869,8.103185,7.9748096,7.4641547,7.923623,8.046397,7.5717845,7.302373,8.126009,7.815894
1069,merck/tnks2_fullmap,merck/tnks2_fullmap/8d neutral equitorial,../large_fep_dataset/data/fep_benchmark_processed/merck_tnks2_fullmap_8d_neutral_equitorial.sdf,../large_fep_dataset/data/fep_benchmark_processed/merck_tnks2_fullmap_protein.pdb,1069,7.931419,7.6870127,7.6942925,7.567409,7.4263725,7.888291,8.124791,7.8805623,7.4955997,8.321735,7.8017488
1070,merck/tnks2_fullmap,merck/tnks2_fullmap/8c neutral equitorial,../large_fep_dataset/data/fep_benchmark_processed/merck_tnks2_fullmap_8c_neutral_equitorial.sdf,../large_fep_dataset/data/fep_benchmark_processed/merck_tnks2_fullmap_protein.pdb,1070,7.883625,7.7966123,7.971416,7.645926,7.2066655,8.130713,7.8576674,7.9048877,7.4735003,8.0503845,7.79214
1071,merck/tnks2_fullmap,merck/tnks2_fullmap/5o adjust,../large_fep_dataset/data/fep_benchmark_processed/merck_tnks2_fullmap_5o_adjust.sdf,../large_fep_dataset/data/fep_benchmark_processed/merck_tnks2_fullmap_protein.pdb,1071,7.17543,7.5904713,7.348361,7.2542377,7.530711,7.466844,8.123697,8.146875,7.259014,7.779413,7.567506
1072,merck/tnks2_fullmap,merck/tnks2_fullmap/8f,../large_fep_dataset/data/fep_benchmark_processed/merck_tnks2_fullmap_8f.sdf,../large_fep_dataset/data/fep_benchmark_processed/merck_tnks2_fullmap_protein.pdb,1072,7.3640437,7.322083,7.881279,7.3125944,7.2689004,8.167021,7.861961,7.511442,7.391267,7.770549,7.5851145
1073,merck/tnks2_fullmap,merck/tnks2_fullmap/8b,../large_fep_dataset/data/fep_benchmark_processed/merck_tnks2_fullmap_8b.sdf,../large_fep_dataset/data/fep_benchmark_processed/merck_tnks2_fullmap_protein.pdb,1073,6.9249945,7.2106886,7.8247523,7.174031,7.160479,7.96086,7.5327277,7.4402156,7.2421355,7.758528,7.4229417
1074,merck/tnks2_fullmap,merck/tnks2_fullmap/8e,../large_fep_dataset/data/fep_benchmark_processed/merck_tnks2_fullmap_8e.sdf,../large_fep_dataset/data/fep_benchmark_processed/merck_tnks2_fullmap_protein.pdb,1074,7.5193076,7.0958858,8.062124,7.253102,7.0478354,8.32673,7.651051,7.606482,7.313963,7.4364314,7.531291
1075,merck/tnks2_fullmap,merck/tnks2_fullmap/8a,../large_fep_dataset/data/fep_benchmark_processed/merck_tnks2_fullmap_8a.sdf,../large_fep_dataset/data/fep_benchmark_processed/merck_tnks2_fullmap_protein.pdb,1075,7.643808,6.873167,7.669117,7.1493907,6.571804,7.684542,7.0584736,7.585667,7.466129,7.63543,7.333753
1076,merck/cdk8_5cei_new_helix_loop_extra,merck/cdk8_5cei_new_helix_loop_extra/43,../large_fep_dataset/data/fep_benchmark_processed/merck_cdk8_5cei_new_helix_loop_extra_43.sdf,../large_fep_dataset/data/fep_benchmark_processed/merck_cdk8_5cei_new_helix_loop_extra_protein.pdb,1076,7.7160573,7.768523,7.679687,7.4887643,7.2247987,7.7375836,7.468892,7.446031,7.5115952,7.1218224,7.5163755
1077,merck/cdk8_5cei_new_helix_loop_extra,merck/cdk8_5cei_new_helix_loop_extra/22,../large_fep_dataset/data/fep_benchmark_processed/merck_cdk8_5cei_new_helix_loop_extra_22.sdf,../large_fep_dataset/data/fep_benchmark_processed/merck_cdk8_5cei_new_helix_loop_extra_protein.pdb,1077,7.3062606,6.6726913,6.501751,6.6578193,6.5602293,6.9590273,7.0154796,7.4448013,6.4724016,6.700262,6.8290725
1078,merck/cdk8_5cei_new_helix_loop_extra,merck/cdk8_5cei_new_helix_loop_extra/30,../large_fep_dataset/data/fep_benchmark_processed/merck_cdk8_5cei_new_helix_loop_extra_30.sdf,../large_fep_dataset/data/fep_benchmark_processed/merck_cdk8_5cei_new_helix_loop_extra_protein.pdb,1078,8.0854435,7.6171613,7.5033245,7.006607,7.2734265,8.193895,7.2387533,7.3637958,7.4286737,7.3340297,7.5045114
1079,merck/cdk8_5cei_new_helix_loop_extra,merck/cdk8_5cei_new_helix_loop_extra/21,../large_fep_dataset/data/fep_benchmark_processed/merck_cdk8_5cei_new_helix_loop_extra_21.sdf,../large_fep_dataset/data/fep_benchmark_processed/merck_cdk8_5cei_new_helix_loop_extra_protein.pdb,1079,7.581285,6.798058,6.720752,6.220628,6.487825,6.9671507,6.850449,7.230763,6.945961,6.822275,6.8625145
1080,merck/cdk8_5cei_new_helix_loop_extra,merck/cdk8_5cei_new_helix_loop_extra/24,../large_fep_dataset/data/fep_benchmark_processed/merck_cdk8_5cei_new_helix_loop_extra_24.sdf,../large_fep_dataset/data/fep_benchmark_processed/merck_cdk8_5cei_new_helix_loop_extra_protein.pdb,1080,7.922214,6.8947754,6.693292,6.4170218,6.478675,6.822383,6.80077,6.6291404,6.6341634,6.948979,6.8241415
1081,merck/cdk8_5cei_new_helix_loop_extra,merck/cdk8_5cei_new_helix_loop_extra/38,../large_fep_dataset/data/fep_benchmark_processed/merck_cdk8_5cei_new_helix_loop_extra_38.sdf,../large_fep_dataset/data/fep_benchmark_processed/merck_cdk8_5cei_new_helix_loop_extra_protein.pdb,1081,8.221149,7.902547,7.2825246,7.199866,7.338245,7.6820884,7.949739,7.911326,7.2809114,7.3463726,7.611477
1082,merck/cdk8_5cei_new_helix_loop_extra,merck/cdk8_5cei_new_helix_loop_extra/31,../large_fep_dataset/data/fep_benchmark_processed/merck_cdk8_5cei_new_helix_loop_extra_31.sdf,../large_fep_dataset/data/fep_benchmark_processed/merck_cdk8_5cei_new_helix_loop_extra_protein.pdb,1082,7.883692,7.4787936,7.070079,6.7714534,6.945504,7.5586987,6.9402833,7.039716,7.4591637,7.576664,7.2724047
1083,merck/cdk8_5cei_new_helix_loop_extra,merck/cdk8_5cei_new_helix_loop_extra/41,../large_fep_dataset/data/fep_benchmark_processed/merck_cdk8_5cei_new_helix_loop_extra_41.sdf,../large_fep_dataset/data/fep_benchmark_processed/merck_cdk8_5cei_new_helix_loop_extra_protein.pdb,1083,7.268081,7.5725293,6.8596096,6.8374434,7.1242623,7.086932,6.682428,7.395692,7.2291136,6.6814466,7.0737543
1084,merck/cdk8_5cei_new_helix_loop_extra,merck/cdk8_5cei_new_helix_loop_extra/29,../large_fep_dataset/data/fep_benchmark_processed/merck_cdk8_5cei_new_helix_loop_extra_29.sdf,../large_fep_dataset/data/fep_benchmark_processed/merck_cdk8_5cei_new_helix_loop_extra_protein.pdb,1084,7.7034144,7.01316,7.0659885,6.4818053,6.2188225,7.7073317,7.132189,7.2374926,7.1020865,6.604507,7.02668
1085,merck/cdk8_5cei_new_helix_loop_extra,merck/cdk8_5cei_new_helix_loop_extra/26,../large_fep_dataset/data/fep_benchmark_processed/merck_cdk8_5cei_new_helix_loop_extra_26.sdf,../large_fep_dataset/data/fep_benchmark_processed/merck_cdk8_5cei_new_helix_loop_extra_protein.pdb,1085,7.66434,7.5438714,7.1698227,6.5912285,6.431112,7.3077493,6.972732,7.261972,7.6525292,7.089818,7.168518
1086,merck/cdk8_5cei_new_helix_loop_extra,merck/cdk8_5cei_new_helix_loop_extra/20,../large_fep_dataset/data/fep_benchmark_processed/merck_cdk8_5cei_new_helix_loop_extra_20.sdf,../large_fep_dataset/data/fep_benchmark_processed/merck_cdk8_5cei_new_helix_loop_extra_protein.pdb,1086,7.646375,7.483861,7.3744802,6.828922,7.0935173,7.64562,6.769951,6.6076536,7.204834,7.499638,7.2154856
1087,merck/cdk8_5cei_new_helix_loop_extra,merck/cdk8_5cei_new_helix_loop_extra/35,../large_fep_dataset/data/fep_benchmark_processed/merck_cdk8_5cei_new_helix_loop_extra_35.sdf,../large_fep_dataset/data/fep_benchmark_processed/merck_cdk8_5cei_new_helix_loop_extra_protein.pdb,1087,7.9000463,7.4424605,7.064716,6.801806,6.7936597,7.5483627,6.9109187,7.004007,7.193188,6.877779,7.153694
1088,merck/cdk8_5cei_new_helix_loop_extra,merck/cdk8_5cei_new_helix_loop_extra/40,../large_fep_dataset/data/fep_benchmark_processed/merck_cdk8_5cei_new_helix_loop_extra_40.sdf,../large_fep_dataset/data/fep_benchmark_processed/merck_cdk8_5cei_new_helix_loop_extra_protein.pdb,1088,7.79582,7.3223996,6.842346,6.8383584,6.967615,7.022723,7.237184,7.262296,6.930935,6.9088407,7.1128526
1089,merck/cdk8_5cei_new_helix_loop_extra,merck/cdk8_5cei_new_helix_loop_extra/19,../large_fep_dataset/data/fep_benchmark_processed/merck_cdk8_5cei_new_helix_loop_extra_19.sdf,../large_fep_dataset/data/fep_benchmark_processed/merck_cdk8_5cei_new_helix_loop_extra_protein.pdb,1089,7.681021,7.036291,7.000689,6.543385,6.5843205,7.276171,6.7672772,6.8487244,7.0487413,7.1200256,6.9906645
1090,merck/cdk8_5cei_new_helix_loop_extra,merck/cdk8_5cei_new_helix_loop_extra/33,../large_fep_dataset/data/fep_benchmark_processed/merck_cdk8_5cei_new_helix_loop_extra_33.sdf,../large_fep_dataset/data/fep_benchmark_processed/merck_cdk8_5cei_new_helix_loop_extra_protein.pdb,1090,7.978038,7.453305,7.33616,7.138288,7.31106,7.5748215,6.9714055,7.305837,7.363006,6.7413354,7.3173246
1091,merck/cdk8_5cei_new_helix_loop_extra,merck/cdk8_5cei_new_helix_loop_extra/27,../large_fep_dataset/data/fep_benchmark_processed/merck_cdk8_5cei_new_helix_loop_extra_27.sdf,../large_fep_dataset/data/fep_benchmark_processed/merck_cdk8_5cei_new_helix_loop_extra_protein.pdb,1091,7.439032,6.9188643,6.787605,6.6197824,6.5443025,6.6787434,6.2596164,6.5212674,6.5270824,6.954068,6.7250376
1092,merck/cdk8_5cei_new_helix_loop_extra,merck/cdk8_5cei_new_helix_loop_extra/13,../large_fep_dataset/data/fep_benchmark_processed/merck_cdk8_5cei_new_helix_loop_extra_13.sdf,../large_fep_dataset/data/fep_benchmark_processed/merck_cdk8_5cei_new_helix_loop_extra_protein.pdb,1092,7.463927,7.7702518,7.589447,7.0737,7.563374,7.7349396,6.822491,6.7045674,6.7157564,7.703895,7.3142347
1093,merck/cdk8_5cei_new_helix_loop_extra,merck/cdk8_5cei_new_helix_loop_extra/39,../large_fep_dataset/data/fep_benchmark_processed/merck_cdk8_5cei_new_helix_loop_extra_39.sdf,../large_fep_dataset/data/fep_benchmark_processed/merck_cdk8_5cei_new_helix_loop_extra_protein.pdb,1093,7.674612,7.6309004,6.895787,6.806631,6.9409704,7.4858656,7.177016,6.6543765,6.898472,7.3382998,7.150294
1094,merck/cdk8_5cei_new_helix_loop_extra,merck/cdk8_5cei_new_helix_loop_extra/32,../large_fep_dataset/data/fep_benchmark_processed/merck_cdk8_5cei_new_helix_loop_extra_32.sdf,../large_fep_dataset/data/fep_benchmark_processed/merck_cdk8_5cei_new_helix_loop_extra_protein.pdb,1094,7.483146,7.05093,6.673069,6.4827223,6.310238,6.300117,6.5928164,6.47918,7.0764685,6.6680455,6.7116737
1095,merck/cdk8_5cei_new_helix_loop_extra,merck/cdk8_5cei_new_helix_loop_extra/37,../large_fep_dataset/data/fep_benchmark_processed/merck_cdk8_5cei_new_helix_loop_extra_37.sdf,../large_fep_dataset/data/fep_benchmark_processed/merck_cdk8_5cei_new_helix_loop_extra_protein.pdb,1095,7.9162416,7.47698,7.0989394,6.922982,7.0394626,7.5588956,7.226424,7.2932563,7.667838,7.2694006,7.347042
1096,merck/cdk8_5cei_new_helix_loop_extra,merck/cdk8_5cei_new_helix_loop_extra/23,../large_fep_dataset/data/fep_benchmark_processed/merck_cdk8_5cei_new_helix_loop_extra_23.sdf,../large_fep_dataset/data/fep_benchmark_processed/merck_cdk8_5cei_new_helix_loop_extra_protein.pdb,1096,7.445354,6.6281233,6.547475,6.4098387,5.9670706,6.5397778,6.4546804,6.7822347,6.775918,6.7887654,6.633924
1097,merck/cdk8_5cei_new_helix_loop_extra,merck/cdk8_5cei_new_helix_loop_extra/15,../large_fep_dataset/data/fep_benchmark_processed/merck_cdk8_5cei_new_helix_loop_extra_15.sdf,../large_fep_dataset/data/fep_benchmark_processed/merck_cdk8_5cei_new_helix_loop_extra_protein.pdb,1097,7.051854,6.4330487,6.1630073,6.4626713,6.3399706,6.368483,6.0993023,6.3738112,6.5618663,6.64903,6.450305
1098,merck/cdk8_5cei_new_helix_loop_extra,merck/cdk8_5cei_new_helix_loop_extra/34,../large_fep_dataset/data/fep_benchmark_processed/merck_cdk8_5cei_new_helix_loop_extra_34.sdf,../large_fep_dataset/data/fep_benchmark_processed/merck_cdk8_5cei_new_helix_loop_extra_protein.pdb,1098,7.775587,7.3238473,7.3629794,7.156394,6.6434927,7.7776256,7.3921003,7.765627,7.0502963,7.036692,7.3284636
1099,merck/cdk8_5cei_new_helix_loop_extra,merck/cdk8_5cei_new_helix_loop_extra/25,../large_fep_dataset/data/fep_benchmark_processed/merck_cdk8_5cei_new_helix_loop_extra_25.sdf,../large_fep_dataset/data/fep_benchmark_processed/merck_cdk8_5cei_new_helix_loop_extra_protein.pdb,1099,7.3832192,7.457038,6.93342,6.255966,6.0160127,7.20777,6.488974,6.5471177,6.8576665,6.949541,6.8096733
1100,merck/cdk8_5cei_new_helix_loop_extra,merck/cdk8_5cei_new_helix_loop_extra/14,../large_fep_dataset/data/fep_benchmark_processed/merck_cdk8_5cei_new_helix_loop_extra_14.sdf,../large_fep_dataset/data/fep_benchmark_processed/merck_cdk8_5cei_new_helix_loop_extra_protein.pdb,1100,6.5199513,6.505476,6.43757,6.123763,6.4699826,5.5088396,5.7761493,5.9268074,6.291748,6.458095,6.2018385
1101,merck/cdk8_5cei_new_helix_loop_extra,merck/cdk8_5cei_new_helix_loop_extra/36,../large_fep_dataset/data/fep_benchmark_processed/merck_cdk8_5cei_new_helix_loop_extra_36.sdf,../large_fep_dataset/data/fep_benchmark_processed/merck_cdk8_5cei_new_helix_loop_extra_protein.pdb,1101,7.918866,7.540044,7.4283633,6.899573,6.461026,7.315931,6.8227057,7.2991953,6.6914983,7.3717003,7.17489
1102,merck/cdk8_5cei_new_helix_loop_extra,merck/cdk8_5cei_new_helix_loop_extra/18 flipped,../large_fep_dataset/data/fep_benchmark_processed/merck_cdk8_5cei_new_helix_loop_extra_18_flipped.sdf,../large_fep_dataset/data/fep_benchmark_processed/merck_cdk8_5cei_new_helix_loop_extra_protein.pdb,1102,7.2930717,6.8431945,6.742526,6.725367,6.575224,6.8188524,6.6322627,6.122912,7.4519267,7.0058885,6.8211226
1103,merck/cdk8_5cei_new_helix_loop_extra,merck/cdk8_5cei_new_helix_loop_extra/16 flipped,../large_fep_dataset/data/fep_benchmark_processed/merck_cdk8_5cei_new_helix_loop_extra_16_flipped.sdf,../large_fep_dataset/data/fep_benchmark_processed/merck_cdk8_5cei_new_helix_loop_extra_protein.pdb,1103,6.368085,6.4316516,6.417778,6.0005813,6.22079,6.513926,6.3043866,6.067423,6.5018687,6.736154,6.3562646
1104,merck/cdk8_5cei_new_helix_loop_extra,merck/cdk8_5cei_new_helix_loop_extra/17 flipped,../large_fep_dataset/data/fep_benchmark_processed/merck_cdk8_5cei_new_helix_loop_extra_17_flipped.sdf,../large_fep_dataset/data/fep_benchmark_processed/merck_cdk8_5cei_new_helix_loop_extra_protein.pdb,1104,7.118847,6.7195005,6.849512,6.326985,6.5206113,6.951875,6.3693767,6.2376175,6.809483,7.3388896,6.724269
1105,merck/cdk8_5cei_new_helix_loop_extra,merck/cdk8_5cei_new_helix_loop_extra/44 flipped,../large_fep_dataset/data/fep_benchmark_processed/merck_cdk8_5cei_new_helix_loop_extra_44_flipped.sdf,../large_fep_dataset/data/fep_benchmark_processed/merck_cdk8_5cei_new_helix_loop_extra_protein.pdb,1105,7.3478093,7.0691805,7.035233,6.982813,6.3057704,7.213841,6.368467,6.3891964,7.491078,6.8818617,6.908525
1106,merck/cdk8_5cei_new_helix_loop_extra,merck/cdk8_5cei_new_helix_loop_extra/45 flipped,../large_fep_dataset/data/fep_benchmark_processed/merck_cdk8_5cei_new_helix_loop_extra_45_flipped.sdf,../large_fep_dataset/data/fep_benchmark_processed/merck_cdk8_5cei_new_helix_loop_extra_protein.pdb,1106,7.3190804,7.563957,7.045539,7.33274,6.3978715,7.0999904,6.987572,6.767693,7.2956395,7.174833,7.0984917
1107,merck/cdk8_5cei_new_helix_loop_extra,merck/cdk8_5cei_new_helix_loop_extra/42 flipped,../large_fep_dataset/data/fep_benchmark_processed/merck_cdk8_5cei_new_helix_loop_extra_42_flipped.sdf,../large_fep_dataset/data/fep_benchmark_processed/merck_cdk8_5cei_new_helix_loop_extra_protein.pdb,1107,7.674105,7.368067,7.317115,7.094697,6.880286,8.04196,6.890548,6.7327704,7.9386544,7.013834,7.295203
1108,waterset/urokinase,"waterset/urokinase/10302 (1GJ7, no water pose)","../large_fep_dataset/data/fep_benchmark_processed/waterset_urokinase_10302_(1GJ7,_no_water_pose).sdf",../large_fep_dataset/data/fep_benchmark_processed/waterset_urokinase_protein.pdb,1108,7.639865,6.7499576,6.848088,7.011846,6.65681,7.699904,6.7734365,6.356557,7.4604692,7.044386,7.024132
1109,waterset/urokinase,waterset/urokinase/11417 (no water pose),../large_fep_dataset/data/fep_benchmark_processed/waterset_urokinase_11417_(no_water_pose).sdf,../large_fep_dataset/data/fep_benchmark_processed/waterset_urokinase_protein.pdb,1109,7.6025596,6.9292397,6.9343095,7.0248957,6.6285605,7.711452,6.847081,6.502941,7.243835,7.0200915,7.044496
1110,waterset/urokinase,waterset/urokinase/7806 (no water pose),../large_fep_dataset/data/fep_benchmark_processed/waterset_urokinase_7806_(no_water_pose).sdf,../large_fep_dataset/data/fep_benchmark_processed/waterset_urokinase_protein.pdb,1110,7.09328,6.5138845,6.2812595,6.548008,6.145306,6.7546554,5.655899,6.176621,6.748496,6.0997972,6.4017205
1111,waterset/urokinase,waterset/urokinase/8696 (no water pose),../large_fep_dataset/data/fep_benchmark_processed/waterset_urokinase_8696_(no_water_pose).sdf,../large_fep_dataset/data/fep_benchmark_processed/waterset_urokinase_protein.pdb,1111,7.802275,7.0466633,6.942633,7.229287,6.5396256,7.542214,6.2940407,6.599925,7.322804,6.9871254,7.0306597
1112,waterset/scyt_dehyd,waterset/scyt_dehyd/3d,../large_fep_dataset/data/fep_benchmark_processed/waterset_scyt_dehyd_3d.sdf,../large_fep_dataset/data/fep_benchmark_processed/waterset_scyt_dehyd_protein.pdb,1112,7.284692,7.2954755,7.3795934,6.4649787,6.7316985,6.5965095,7.611061,7.0827403,6.813842,7.2536674,7.051426
1113,waterset/scyt_dehyd,waterset/scyt_dehyd/8d,../large_fep_dataset/data/fep_benchmark_processed/waterset_scyt_dehyd_8d.sdf,../large_fep_dataset/data/fep_benchmark_processed/waterset_scyt_dehyd_protein.pdb,1113,6.709301,7.4941435,7.1971393,7.0148106,7.4010205,6.7071056,8.026358,7.611055,7.121553,7.5371137,7.2819605
1114,waterset/scyt_dehyd,waterset/scyt_dehyd/2d,../large_fep_dataset/data/fep_benchmark_processed/waterset_scyt_dehyd_2d.sdf,../large_fep_dataset/data/fep_benchmark_processed/waterset_scyt_dehyd_protein.pdb,1114,7.6159964,7.8166504,7.762505,6.743241,7.708579,6.700127,8.106177,7.562213,7.163448,7.833029,7.501197
1115,waterset/scyt_dehyd,waterset/scyt_dehyd/4d,../large_fep_dataset/data/fep_benchmark_processed/waterset_scyt_dehyd_4d.sdf,../large_fep_dataset/data/fep_benchmark_processed/waterset_scyt_dehyd_protein.pdb,1115,7.7936196,7.323498,8.486873,7.5157466,7.6322,7.605149,7.740897,7.959383,7.767015,7.1486154,7.697299
1116,waterset/scyt_dehyd,waterset/scyt_dehyd/5d,../large_fep_dataset/data/fep_benchmark_processed/waterset_scyt_dehyd_5d.sdf,../large_fep_dataset/data/fep_benchmark_processed/waterset_scyt_dehyd_protein.pdb,1116,6.9375453,7.0488963,7.3866167,7.414889,7.102483,7.2663198,7.7578106,7.527327,7.1493425,7.241965,7.28332
1117,waterset/scyt_dehyd,waterset/scyt_dehyd/6d,../large_fep_dataset/data/fep_benchmark_processed/waterset_scyt_dehyd_6d.sdf,../large_fep_dataset/data/fep_benchmark_processed/waterset_scyt_dehyd_protein.pdb,1117,7.833231,7.8029823,7.7101192,7.3017254,7.4987726,6.934003,8.082421,7.3999295,7.292823,7.6592636,7.5515265
1118,waterset/scyt_dehyd,waterset/scyt_dehyd/7d,../large_fep_dataset/data/fep_benchmark_processed/waterset_scyt_dehyd_7d.sdf,../large_fep_dataset/data/fep_benchmark_processed/waterset_scyt_dehyd_protein.pdb,1118,8.027779,7.621445,8.178654,8.106883,7.3975606,7.8374453,7.9300437,8.448716,8.459191,7.6570215,7.9664736
1119,waterset/brd41_ASH106,waterset/brd41_ASH106/cmpd 5 (1-Butenyl),../large_fep_dataset/data/fep_benchmark_processed/waterset_brd41_ASH106_cmpd_5_(1-Butenyl).sdf,../large_fep_dataset/data/fep_benchmark_processed/waterset_brd41_ASH106_protein.pdb,1119,5.6534157,5.7631197,6.14497,5.9690933,5.99233,5.9811983,5.674064,5.8965797,5.916458,5.692155,5.8683386
1120,waterset/brd41_ASH106,waterset/brd41_ASH106/cmpd 2 (methyl),../large_fep_dataset/data/fep_benchmark_processed/waterset_brd41_ASH106_cmpd_2_(methyl).sdf,../large_fep_dataset/data/fep_benchmark_processed/waterset_brd41_ASH106_protein.pdb,1120,5.825916,5.6911716,6.0311413,6.3342443,6.4184766,6.261032,5.837569,5.991193,5.9957733,6.0177836,6.04043
1121,waterset/brd41_ASH106,waterset/brd41_ASH106/cmpd 3 (Allyl),../large_fep_dataset/data/fep_benchmark_processed/waterset_brd41_ASH106_cmpd_3_(Allyl).sdf,../large_fep_dataset/data/fep_benchmark_processed/waterset_brd41_ASH106_protein.pdb,1121,5.632932,5.6814957,5.921574,5.928825,6.092823,6.2091303,5.4113507,5.8756127,5.962593,5.4066176,5.8122954
1122,waterset/brd41_ASH106,waterset/brd41_ASH106/cmpd 9 (methoxyethyl),../large_fep_dataset/data/fep_benchmark_processed/waterset_brd41_ASH106_cmpd_9_(methoxyethyl).sdf,../large_fep_dataset/data/fep_benchmark_processed/waterset_brd41_ASH106_protein.pdb,1122,5.5669155,5.876863,6.0463343,5.896013,6.264264,6.1763096,6.1295247,5.779878,6.007028,5.35747,5.91006
1123,waterset/brd41_ASH106,waterset/brd41_ASH106/cmpd 6 (ethyl),../large_fep_dataset/data/fep_benchmark_processed/waterset_brd41_ASH106_cmpd_6_(ethyl).sdf,../large_fep_dataset/data/fep_benchmark_processed/waterset_brd41_ASH106_protein.pdb,1123,5.665687,5.6797175,5.716882,5.804453,5.9720383,6.147976,5.384012,5.935476,5.547079,5.6424437,5.749576
1124,waterset/brd41_ASH106,waterset/brd41_ASH106/cmpd 8 (n-Butyl),../large_fep_dataset/data/fep_benchmark_processed/waterset_brd41_ASH106_cmpd_8_(n-Butyl).sdf,../large_fep_dataset/data/fep_benchmark_processed/waterset_brd41_ASH106_protein.pdb,1124,6.146507,5.9284873,6.476266,6.343579,6.196141,6.0956955,5.7456727,6.256448,5.978449,5.87699,6.1044235
1125,waterset/brd41_ASH106,waterset/brd41_ASH106/cmpd 7 (n-propyl),../large_fep_dataset/data/fep_benchmark_processed/waterset_brd41_ASH106_cmpd_7_(n-propyl).sdf,../large_fep_dataset/data/fep_benchmark_processed/waterset_brd41_ASH106_protein.pdb,1125,6.1732054,6.108377,6.071044,6.1685276,6.368577,6.1782746,5.7366977,6.318251,5.692567,5.7238393,6.0539365
1126,waterset/brd41_ASH106,waterset/brd41_ASH106/cmpd 4 (Crotyl),../large_fep_dataset/data/fep_benchmark_processed/waterset_brd41_ASH106_cmpd_4_(Crotyl).sdf,../large_fep_dataset/data/fep_benchmark_processed/waterset_brd41_ASH106_protein.pdb,1126,5.756622,5.7628007,6.5151486,6.038765,6.2854943,6.160815,5.85075,6.0035663,6.246115,5.7557745,6.0375853
1127,waterset/hsp90_woodhead,waterset/hsp90_woodhead/4,../large_fep_dataset/data/fep_benchmark_processed/waterset_hsp90_woodhead_4.sdf,../large_fep_dataset/data/fep_benchmark_processed/waterset_hsp90_woodhead_protein.pdb,1127,7.331965,6.6810446,7.4563546,7.44426,7.41567,7.2224984,6.520585,6.604342,7.175293,6.8858047,7.0737815
1128,waterset/hsp90_woodhead,waterset/hsp90_woodhead/1,../large_fep_dataset/data/fep_benchmark_processed/waterset_hsp90_woodhead_1.sdf,../large_fep_dataset/data/fep_benchmark_processed/waterset_hsp90_woodhead_protein.pdb,1128,6.9984345,7.6219997,7.895259,7.5326905,7.0912127,7.5568075,7.5939484,8.32359,7.839363,7.387507,7.584081
1129,waterset/hsp90_woodhead,waterset/hsp90_woodhead/3,../large_fep_dataset/data/fep_benchmark_processed/waterset_hsp90_woodhead_3.sdf,../large_fep_dataset/data/fep_benchmark_processed/waterset_hsp90_woodhead_protein.pdb,1129,7.6005,7.5204287,7.6171346,7.8039727,7.204302,7.4863634,7.0996175,6.44115,6.978326,7.2155857,7.2967377
1130,waterset/hsp90_woodhead,waterset/hsp90_woodhead/2,../large_fep_dataset/data/fep_benchmark_processed/waterset_hsp90_woodhead_2.sdf,../large_fep_dataset/data/fep_benchmark_processed/waterset_hsp90_woodhead_protein.pdb,1130,6.2837677,6.0056243,7.1833706,5.764462,5.725194,6.049713,5.619143,6.192871,6.628651,6.1044726,6.155727
1131,waterset/throm_nozob_hip75,waterset/throm_nozob_hip75/2d pose 2,../large_fep_dataset/data/fep_benchmark_processed/waterset_throm_nozob_hip75_2d_pose_2.sdf,../large_fep_dataset/data/fep_benchmark_processed/waterset_throm_nozob_hip75_protein.pdb,1131,5.483372,6.023032,5.109693,5.8621264,5.0733113,4.7541876,5.458658,5.325941,5.4988537,5.7913365,5.4380517
1132,waterset/throm_nozob_hip75,waterset/throm_nozob_hip75/2c pose 2,../large_fep_dataset/data/fep_benchmark_processed/waterset_throm_nozob_hip75_2c_pose_2.sdf,../large_fep_dataset/data/fep_benchmark_processed/waterset_throm_nozob_hip75_protein.pdb,1132,5.492206,5.972884,6.193514,5.2924066,5.3095036,5.574643,5.5397196,5.614307,5.29952,6.1253858,5.6414084
1133,waterset/throm_nozob_hip75,waterset/throm_nozob_hip75/7b,../large_fep_dataset/data/fep_benchmark_processed/waterset_throm_nozob_hip75_7b.sdf,../large_fep_dataset/data/fep_benchmark_processed/waterset_throm_nozob_hip75_protein.pdb,1133,5.684242,6.1472635,5.7452145,5.492971,5.561101,6.197576,5.940646,5.889113,5.7537847,6.403438,5.881535
1134,waterset/throm_nozob_hip75,waterset/throm_nozob_hip75/7c pose 1,../large_fep_dataset/data/fep_benchmark_processed/waterset_throm_nozob_hip75_7c_pose_1.sdf,../large_fep_dataset/data/fep_benchmark_processed/waterset_throm_nozob_hip75_protein.pdb,1134,5.5026917,5.557894,5.3328047,5.1746206,5.1002307,5.016748,5.422954,5.127005,5.6358504,6.377227,5.424803
1135,waterset/throm_nozob_hip75,waterset/throm_nozob_hip75/7f,../large_fep_dataset/data/fep_benchmark_processed/waterset_throm_nozob_hip75_7f.sdf,../large_fep_dataset/data/fep_benchmark_processed/waterset_throm_nozob_hip75_protein.pdb,1135,5.1985097,5.862514,5.1224575,5.3457723,4.9936256,5.3871856,6.107406,6.0747476,5.532914,5.9653063,5.559044
1136,waterset/throm_nozob_hip75,waterset/throm_nozob_hip75/2b pose 1,../large_fep_dataset/data/fep_benchmark_processed/waterset_throm_nozob_hip75_2b_pose_1.sdf,../large_fep_dataset/data/fep_benchmark_processed/waterset_throm_nozob_hip75_protein.pdb,1136,5.450468,5.8435483,5.8762493,5.0496917,5.1612372,5.395367,5.402585,6.1542945,5.410089,6.805204,5.654873
1137,waterset/throm_nozob_hip75,waterset/throm_nozob_hip75/1a pose 2,../large_fep_dataset/data/fep_benchmark_processed/waterset_throm_nozob_hip75_1a_pose_2.sdf,../large_fep_dataset/data/fep_benchmark_processed/waterset_throm_nozob_hip75_protein.pdb,1137,5.8652754,6.05788,5.595001,5.116014,5.5159845,5.4701557,5.2979436,5.5028267,5.90583,6.220997,5.6547904
1138,waterset/throm_nozob_hip75,waterset/throm_nozob_hip75/7e pose 1,../large_fep_dataset/data/fep_benchmark_processed/waterset_throm_nozob_hip75_7e_pose_1.sdf,../large_fep_dataset/data/fep_benchmark_processed/waterset_throm_nozob_hip75_protein.pdb,1138,4.7213793,5.5627165,5.6097755,4.933689,5.15961,5.502355,5.702246,5.449891,5.272366,6.020743,5.3934774
1139,waterset/throm_nozob_hip75,waterset/throm_nozob_hip75/6a pose 1,../large_fep_dataset/data/fep_benchmark_processed/waterset_throm_nozob_hip75_6a_pose_1.sdf,../large_fep_dataset/data/fep_benchmark_processed/waterset_throm_nozob_hip75_protein.pdb,1139,7.5305285,6.9099283,6.7220306,6.5805206,6.227807,7.2506514,6.9581466,6.629699,7.2623324,7.7827325,6.985438
1140,waterset/throm_nozob_hip75,waterset/throm_nozob_hip75/5,../large_fep_dataset/data/fep_benchmark_processed/waterset_throm_nozob_hip75_5.sdf,../large_fep_dataset/data/fep_benchmark_processed/waterset_throm_nozob_hip75_protein.pdb,1140,4.7533283,5.4020643,5.389139,4.715134,5.1769166,4.7874374,4.690976,5.1753354,5.666498,6.016228,5.1773057
1141,waterset/throm_nozob_hip75,waterset/throm_nozob_hip75/1c pose 2,../large_fep_dataset/data/fep_benchmark_processed/waterset_throm_nozob_hip75_1c_pose_2.sdf,../large_fep_dataset/data/fep_benchmark_processed/waterset_throm_nozob_hip75_protein.pdb,1141,6.555022,5.9094834,5.4833713,5.3788643,5.488562,6.111834,5.903406,5.9275956,5.875933,6.5239177,5.915799
1142,waterset/throm_nozob_hip75,waterset/throm_nozob_hip75/2a pose 2,../large_fep_dataset/data/fep_benchmark_processed/waterset_throm_nozob_hip75_2a_pose_2.sdf,../large_fep_dataset/data/fep_benchmark_processed/waterset_throm_nozob_hip75_protein.pdb,1142,5.322125,6.296908,5.642188,5.7652197,5.4377384,5.1089478,5.4354887,5.8398895,6.4150586,6.2179294,5.7481494
1143,waterset/throm_nozob_hip75,waterset/throm_nozob_hip75/7a pose 2,../large_fep_dataset/data/fep_benchmark_processed/waterset_throm_nozob_hip75_7a_pose_2.sdf,../large_fep_dataset/data/fep_benchmark_processed/waterset_throm_nozob_hip75_protein.pdb,1143,6.1735964,6.424564,5.902431,5.450025,5.536193,5.7114506,6.009017,5.497,5.878232,6.32857,5.891108
1144,waterset/throm_nozob_hip75,waterset/throm_nozob_hip75/3b pose 1,../large_fep_dataset/data/fep_benchmark_processed/waterset_throm_nozob_hip75_3b_pose_1.sdf,../large_fep_dataset/data/fep_benchmark_processed/waterset_throm_nozob_hip75_protein.pdb,1144,5.771858,6.6864305,5.75419,5.800639,5.48346,5.5507574,6.0365133,5.832913,6.065864,6.6569285,5.963956
1145,waterset/throm_nozob_hip75,waterset/throm_nozob_hip75/6d pose 2,../large_fep_dataset/data/fep_benchmark_processed/waterset_throm_nozob_hip75_6d_pose_2.sdf,../large_fep_dataset/data/fep_benchmark_processed/waterset_throm_nozob_hip75_protein.pdb,1145,7.260759,6.346517,6.699081,5.8232307,5.970504,6.2240725,6.3656807,6.200824,6.4738708,7.0060234,6.437056
1146,waterset/throm_nozob_hip75,waterset/throm_nozob_hip75/6c pose 1,../large_fep_dataset/data/fep_benchmark_processed/waterset_throm_nozob_hip75_6c_pose_1.sdf,../large_fep_dataset/data/fep_benchmark_processed/waterset_throm_nozob_hip75_protein.pdb,1146,7.598264,6.7594585,6.6291494,6.312219,5.7332244,6.8465533,6.0280395,6.5904007,6.9130154,7.2318516,6.6642175
1147,waterset/throm_nozob_hip75,waterset/throm_nozob_hip75/3a xtal pose,../large_fep_dataset/data/fep_benchmark_processed/waterset_throm_nozob_hip75_3a_xtal_pose.sdf,../large_fep_dataset/data/fep_benchmark_processed/waterset_throm_nozob_hip75_protein.pdb,1147,5.242382,6.2835116,5.5289106,5.1910806,5.2846127,5.3051324,4.818812,5.4763346,5.665906,6.2552705,5.5051956
1148,waterset/throm_nozob_hip75,waterset/throm_nozob_hip75/1b pose 2,../large_fep_dataset/data/fep_benchmark_processed/waterset_throm_nozob_hip75_1b_pose_2.sdf,../large_fep_dataset/data/fep_benchmark_processed/waterset_throm_nozob_hip75_protein.pdb,1148,5.884623,5.4843082,5.4714985,5.1620274,5.1002154,5.895019,5.528303,5.7769804,5.3909144,6.3987584,5.609265
1149,waterset/throm_nozob_hip75,waterset/throm_nozob_hip75/6b pose 2,../large_fep_dataset/data/fep_benchmark_processed/waterset_throm_nozob_hip75_6b_pose_2.sdf,../large_fep_dataset/data/fep_benchmark_processed/waterset_throm_nozob_hip75_protein.pdb,1149,6.530462,6.074282,6.0593443,5.6962447,5.572124,6.0865226,6.2516084,6.331431,6.368711,7.0817223,6.2052455
1150,waterset/throm_nozob_hip75,waterset/throm_nozob_hip75/6e pose 1,../large_fep_dataset/data/fep_benchmark_processed/waterset_throm_nozob_hip75_6e_pose_1.sdf,../large_fep_dataset/data/fep_benchmark_processed/waterset_throm_nozob_hip75_protein.pdb,1150,7.563941,7.1227584,6.9930077,6.5211234,6.1482778,7.1656103,6.717361,6.4635735,7.4485464,7.9877687,7.0131974
1151,waterset/throm_nozob_hip75,waterset/throm_nozob_hip75/1d pose 2,../large_fep_dataset/data/fep_benchmark_processed/waterset_throm_nozob_hip75_1d_pose_2.sdf,../large_fep_dataset/data/fep_benchmark_processed/waterset_throm_nozob_hip75_protein.pdb,1151,6.4037447,6.3175225,6.097767,5.4854984,5.488058,6.509641,5.9077854,6.380125,5.9476843,6.50984,6.104767
1152,waterset/taf12,waterset/taf12/cmpd 5 (1-Butenyl),../large_fep_dataset/data/fep_benchmark_processed/waterset_taf12_cmpd_5_(1-Butenyl).sdf,../large_fep_dataset/data/fep_benchmark_processed/waterset_taf12_protein.pdb,1152,6.452212,6.6568995,6.907696,6.5949674,7.829253,6.7616587,6.5146027,6.6205344,6.5368543,6.8493967,6.7724075
1153,waterset/taf12,waterset/taf12/cmpd 2 (methyl),../large_fep_dataset/data/fep_benchmark_processed/waterset_taf12_cmpd_2_(methyl).sdf,../large_fep_dataset/data/fep_benchmark_processed/waterset_taf12_protein.pdb,1153,6.2389207,5.7452693,6.4570904,6.1311226,6.7263293,6.119526,6.024853,5.8253813,5.7714667,6.896194,6.1936154
1154,waterset/taf12,waterset/taf12/cmpd 3 (Allyl),../large_fep_dataset/data/fep_benchmark_processed/waterset_taf12_cmpd_3_(Allyl).sdf,../large_fep_dataset/data/fep_benchmark_processed/waterset_taf12_protein.pdb,1154,6.4264903,6.198215,6.469949,5.9251814,7.8163815,6.477805,5.921405,6.3144417,6.126942,6.6329646,6.430978
1155,waterset/taf12,waterset/taf12/cmpd 9 (methoxyethyl),../large_fep_dataset/data/fep_benchmark_processed/waterset_taf12_cmpd_9_(methoxyethyl).sdf,../large_fep_dataset/data/fep_benchmark_processed/waterset_taf12_protein.pdb,1155,6.6135173,6.1829658,6.58206,5.9478164,6.95521,6.7950325,6.1332016,6.1515136,6.4501286,6.5734634,6.438491
1156,waterset/taf12,waterset/taf12/cmpd 6 (ethyl),../large_fep_dataset/data/fep_benchmark_processed/waterset_taf12_cmpd_6_(ethyl).sdf,../large_fep_dataset/data/fep_benchmark_processed/waterset_taf12_protein.pdb,1156,6.24689,6.124405,6.530904,6.055234,7.433874,6.114818,6.112495,6.031057,5.867584,6.442969,6.296023
1157,waterset/taf12,waterset/taf12/cmpd 8 (n-Butyl),../large_fep_dataset/data/fep_benchmark_processed/waterset_taf12_cmpd_8_(n-Butyl).sdf,../large_fep_dataset/data/fep_benchmark_processed/waterset_taf12_protein.pdb,1157,6.5019937,6.5831637,6.7913537,6.376695,7.5484962,6.6881886,6.2252917,6.235976,6.479243,6.622047,6.605245
1158,waterset/taf12,waterset/taf12/cmpd 7 (n-propyl),../large_fep_dataset/data/fep_benchmark_processed/waterset_taf12_cmpd_7_(n-propyl).sdf,../large_fep_dataset/data/fep_benchmark_processed/waterset_taf12_protein.pdb,1158,6.5547595,6.6341987,6.580504,6.258472,7.624009,6.9018025,6.282991,6.3477993,6.457642,6.437595,6.6079764
1159,waterset/taf12,waterset/taf12/cmpd 4 (Crotyl),../large_fep_dataset/data/fep_benchmark_processed/waterset_taf12_cmpd_4_(Crotyl).sdf,../large_fep_dataset/data/fep_benchmark_processed/waterset_taf12_protein.pdb,1159,6.8367505,6.2609563,6.9113874,6.381159,7.7633085,6.657619,6.121567,6.437582,6.6015987,6.897115,6.686905
1160,waterset/chk1,waterset/chk1/21 (Xtal),../large_fep_dataset/data/fep_benchmark_processed/waterset_chk1_21_(Xtal).sdf,../large_fep_dataset/data/fep_benchmark_processed/waterset_chk1_protein.pdb,1160,9.251532,8.3860655,8.549982,7.957593,7.771507,9.319396,8.525822,7.848214,8.38187,8.574194,8.456618
1161,waterset/chk1,waterset/chk1/22,../large_fep_dataset/data/fep_benchmark_processed/waterset_chk1_22.sdf,../large_fep_dataset/data/fep_benchmark_processed/waterset_chk1_protein.pdb,1161,8.820319,8.791991,8.456438,8.273424,7.6835704,8.9782295,8.765184,8.611861,8.618545,9.041594,8.604116
1162,waterset/chk1,waterset/chk1/24 pose 2,../large_fep_dataset/data/fep_benchmark_processed/waterset_chk1_24_pose_2.sdf,../large_fep_dataset/data/fep_benchmark_processed/waterset_chk1_protein.pdb,1162,8.188369,7.8455434,8.5727005,8.132571,7.4705544,8.3369465,7.604798,7.6739016,7.9637885,8.063445,7.9852614
1163,waterset/chk1,waterset/chk1/14 docked,../large_fep_dataset/data/fep_benchmark_processed/waterset_chk1_14_docked.sdf,../large_fep_dataset/data/fep_benchmark_processed/waterset_chk1_protein.pdb,1163,8.830695,8.036844,8.858705,8.046031,7.861338,8.259898,7.9363985,7.995298,7.72411,8.482774,8.20321
1164,waterset/chk1,waterset/chk1/18 docked,../large_fep_dataset/data/fep_benchmark_processed/waterset_chk1_18_docked.sdf,../large_fep_dataset/data/fep_benchmark_processed/waterset_chk1_protein.pdb,1164,7.685866,7.399898,8.124354,6.894293,7.27374,8.389903,7.023992,7.3004184,6.8458924,7.6685247,7.460688
1165,waterset/chk1,waterset/chk1/13 docked,../large_fep_dataset/data/fep_benchmark_processed/waterset_chk1_13_docked.sdf,../large_fep_dataset/data/fep_benchmark_processed/waterset_chk1_protein.pdb,1165,7.9675894,8.04634,7.4827,7.401732,6.730448,8.079023,7.058294,7.2371945,7.058147,7.5986547,7.466012
1166,waterset/chk1,waterset/chk1/20,../large_fep_dataset/data/fep_benchmark_processed/waterset_chk1_20.sdf,../large_fep_dataset/data/fep_benchmark_processed/waterset_chk1_protein.pdb,1166,7.194735,6.8187375,7.448474,6.593727,6.2626233,7.103127,6.43475,6.9311237,7.01981,6.771541,6.8578653
1167,waterset/chk1,waterset/chk1/12 docked,../large_fep_dataset/data/fep_benchmark_processed/waterset_chk1_12_docked.sdf,../large_fep_dataset/data/fep_benchmark_processed/waterset_chk1_protein.pdb,1167,8.321487,8.230417,7.7605963,7.299077,6.934015,8.51302,7.2652636,7.7507286,7.650083,8.002879,7.772756
1168,waterset/chk1,waterset/chk1/16 docked,../large_fep_dataset/data/fep_benchmark_processed/waterset_chk1_16_docked.sdf,../large_fep_dataset/data/fep_benchmark_processed/waterset_chk1_protein.pdb,1168,7.918951,7.9766254,8.413009,7.3953657,7.5735807,8.638515,7.4241734,7.813372,7.73656,8.055708,7.894587
1169,waterset/chk1,waterset/chk1/19,../large_fep_dataset/data/fep_benchmark_processed/waterset_chk1_19.sdf,../large_fep_dataset/data/fep_benchmark_processed/waterset_chk1_protein.pdb,1169,7.8333917,7.7359037,8.146668,6.919937,7.657356,8.270742,7.3880267,7.367189,6.987979,7.618387,7.5925584
1170,waterset/chk1,waterset/chk1/17 torsion adjust,../large_fep_dataset/data/fep_benchmark_processed/waterset_chk1_17_torsion_adjust.sdf,../large_fep_dataset/data/fep_benchmark_processed/waterset_chk1_protein.pdb,1170,7.8129883,7.9819922,8.486887,7.5129113,7.4083295,8.795674,7.3538733,7.77069,8.187331,7.7830467,7.909372
1171,waterset/chk1,waterset/chk1/15 docked,../large_fep_dataset/data/fep_benchmark_processed/waterset_chk1_15_docked.sdf,../large_fep_dataset/data/fep_benchmark_processed/waterset_chk1_protein.pdb,1171,8.579496,7.8333855,8.554096,7.502483,7.848561,8.206034,7.348613,7.3074417,7.6466384,7.9741488,7.88009
1172,waterset/chk1,waterset/chk1/11 docked,../large_fep_dataset/data/fep_benchmark_processed/waterset_chk1_11_docked.sdf,../large_fep_dataset/data/fep_benchmark_processed/waterset_chk1_protein.pdb,1172,8.421232,8.103385,8.558362,7.913891,7.6342993,8.808919,7.2934294,7.9153223,8.097346,8.255736,8.100192
1173,waterset/hsp90_kung,waterset/hsp90_kung/cmpd 16,../large_fep_dataset/data/fep_benchmark_processed/waterset_hsp90_kung_cmpd_16.sdf,../large_fep_dataset/data/fep_benchmark_processed/waterset_hsp90_kung_protein.pdb,1173,7.3518863,7.8283243,7.19392,6.8411202,7.7479653,7.533272,8.208361,7.6940455,7.82947,7.7417173,7.5970078
1174,waterset/hsp90_kung,waterset/hsp90_kung/cmpd 9,../large_fep_dataset/data/fep_benchmark_processed/waterset_hsp90_kung_cmpd_9.sdf,../large_fep_dataset/data/fep_benchmark_processed/waterset_hsp90_kung_protein.pdb,1174,7.042499,6.896509,7.1376023,7.2339945,6.9705443,7.1993303,7.346727,7.8064394,8.014854,7.48952,7.313802
1175,waterset/hsp90_kung,waterset/hsp90_kung/cmpd 13,../large_fep_dataset/data/fep_benchmark_processed/waterset_hsp90_kung_cmpd_13.sdf,../large_fep_dataset/data/fep_benchmark_processed/waterset_hsp90_kung_protein.pdb,1175,8.073407,7.9392366,7.8065414,6.9166074,8.361153,7.9820747,8.305234,8.360397,8.176481,7.8048787,7.9726014
1176,waterset/hsp90_kung,waterset/hsp90_kung/cmpd 14,../large_fep_dataset/data/fep_benchmark_processed/waterset_hsp90_kung_cmpd_14.sdf,../large_fep_dataset/data/fep_benchmark_processed/waterset_hsp90_kung_protein.pdb,1176,6.749678,7.0605245,6.895525,7.093264,7.173639,7.109578,6.6661453,7.2624063,7.693138,7.4380474,7.1141944
1177,waterset/hsp90_kung,waterset/hsp90_kung/cmpd 15,../large_fep_dataset/data/fep_benchmark_processed/waterset_hsp90_kung_cmpd_15.sdf,../large_fep_dataset/data/fep_benchmark_processed/waterset_hsp90_kung_protein.pdb,1177,6.858691,6.89941,7.099079,7.127374,6.962409,7.4716167,7.476636,7.147997,8.048119,7.8100104,7.2901344
1178,waterset/hsp90_kung,waterset/hsp90_kung/cmpd 7,../large_fep_dataset/data/fep_benchmark_processed/waterset_hsp90_kung_cmpd_7.sdf,../large_fep_dataset/data/fep_benchmark_processed/waterset_hsp90_kung_protein.pdb,1178,6.9623675,6.9889393,7.3849206,6.611088,7.337153,7.0464,6.52546,7.1249595,7.409982,6.531089,6.9922357
1179,waterset/hsp90_kung,waterset/hsp90_kung/cmpd 17,../large_fep_dataset/data/fep_benchmark_processed/waterset_hsp90_kung_cmpd_17.sdf,../large_fep_dataset/data/fep_benchmark_processed/waterset_hsp90_kung_protein.pdb,1179,6.75658,7.609947,7.8009043,7.369979,7.112929,7.728185,8.352507,7.3666487,7.7070956,7.6658173,7.5470595
1180,waterset/hsp90_kung,waterset/hsp90_kung/cmpd 11,../large_fep_dataset/data/fep_benchmark_processed/waterset_hsp90_kung_cmpd_11.sdf,../large_fep_dataset/data/fep_benchmark_processed/waterset_hsp90_kung_protein.pdb,1180,7.293037,7.542612,7.3806896,6.7339506,7.2579513,7.2275443,7.5942082,7.531966,7.9867883,7.2792244,7.3827972
1181,waterset/hsp90_kung,waterset/hsp90_kung/cmpd 12,../large_fep_dataset/data/fep_benchmark_processed/waterset_hsp90_kung_cmpd_12.sdf,../large_fep_dataset/data/fep_benchmark_processed/waterset_hsp90_kung_protein.pdb,1181,7.657064,7.1927896,7.1347275,6.632414,7.518037,7.208866,7.516134,7.6501665,8.045608,7.445694,7.4001493
1182,waterset/hsp90_kung,waterset/hsp90_kung/cmpd 10,../large_fep_dataset/data/fep_benchmark_processed/waterset_hsp90_kung_cmpd_10.sdf,../large_fep_dataset/data/fep_benchmark_processed/waterset_hsp90_kung_protein.pdb,1182,8.16498,6.675939,7.2913895,7.122593,6.659815,7.541891,7.297492,8.161934,7.3257074,7.3143854,7.3556128
1183,waterset/hsp90_kung,waterset/hsp90_kung/cmpd 8,../large_fep_dataset/data/fep_benchmark_processed/waterset_hsp90_kung_cmpd_8.sdf,../large_fep_dataset/data/fep_benchmark_processed/waterset_hsp90_kung_protein.pdb,1183,6.766639,6.778369,6.2888117,7.2716327,7.158451,7.002722,6.5113735,6.606505,7.056087,6.9515305,6.839212
